timestamp,anchor,mac,rssi,true_x,true_y
1785929713915,ANCHOR_01,52:06:26:03:01:DA,-91,3.200,2.000
1785929713933,ANCHOR_02,52:06:26:03:01:DA,-86,3.200,2.000
1785929713934,ANCHOR_03,52:06:26:03:01:DA,-90,3.200,2.000
1785929716000,ANCHOR_02,52:06:26:03:01:DA,-87,3.200,2.000
1785929716018,ANCHOR_01,52:06:26:03:01:DA,-91,3.200,2.000
1785929716018,ANCHOR_03,52:06:26:03:01:DA,-89,3.200,2.000
1785929716368,ANCHOR_02,52:06:26:03:01:DA,-86,3.200,2.000
1785929716417,ANCHOR_01,52:06:26:03:01:DA,-91,3.200,2.000
1785929716452,ANCHOR_03,52:06:26:03:01:DA,-89,3.200,2.000
1785929716525,ANCHOR_01,52:06:26:03:01:DA,-91,3.200,2.000
1785929716615,ANCHOR_03,52:06:26:03:01:DA,-89,3.200,2.000
1785929716676,ANCHOR_02,52:06:26:03:01:DA,-87,3.200,2.000
1785929716779,ANCHOR_02,52:06:26:03:01:DA,-87,3.200,2.000
1785929716911,ANCHOR_03,52:06:26:03:01:DA,-88,3.200,2.000
1785929716940,ANCHOR_03,52:06:26:03:01:DA,-89,3.200,1.900
1785929717031,ANCHOR_01,52:06:26:03:01:DA,-91,3.200,2.000
1785929717246,ANCHOR_02,52:06:26:03:01:DA,-88,3.200,1.986
1785929717444,ANCHOR_03,52:06:26:03:01:DA,-90,3.200,1.986
1785929717473,ANCHOR_01,52:06:26:03:01:DA,-90,3.200,1.426
1785929717633,ANCHOR_01,52:06:26:03:01:DA,-91,3.200,1.986
1785929717730,ANCHOR_01,52:06:26:03:01:DA,-91,3.200,1.900
1785929717775,ANCHOR_02,52:06:26:03:01:DA,-87,3.200,1.900
1785929717822,ANCHOR_01,52:06:26:03:01:DA,-91,3.200,1.719
1785929717826,ANCHOR_01,52:06:26:03:01:DA,-90,2.828,1.409
1785929717870,ANCHOR_03,52:06:26:03:01:DA,-90,3.200,1.719
1785929717899,ANCHOR_02,52:06:26:03:01:DA,-85,3.200,1.719
1785929717940,ANCHOR_02,52:06:26:03:01:DA,-85,3.200,1.527
1785929717975,ANCHOR_03,52:06:26:03:01:DA,-90,3.200,1.527
1785929718011,ANCHOR_01,52:06:26:03:01:DA,-91,3.200,1.527
1785929718003,ANCHOR_02,52:06:26:03:01:DA,-90,1.959,1.409
1785929718041,ANCHOR_02,52:06:26:03:01:DA,-86,3.200,1.426
1785929718093,ANCHOR_03,52:06:26:03:01:DA,-91,3.200,1.426
1785929718132,ANCHOR_03,52:06:26:03:01:DA,-91,3.200,1.409
1785929718163,ANCHOR_02,52:06:26:03:01:DA,-86,3.200,1.409
1785929718228,ANCHOR_01,52:06:26:03:01:DA,-91,3.200,1.409
1785929718277,ANCHOR_02,52:06:26:03:01:DA,-86,3.200,1.409
1785929718304,ANCHOR_01,52:06:26:03:01:DA,-90,3.200,1.409
1785929718319,ANCHOR_03,52:06:26:03:01:DA,-91,3.200,1.409
1785929718336,ANCHOR_03,52:06:26:03:01:DA,-91,3.200,1.409
1785929718367,ANCHOR_02,52:06:26:03:01:DA,-86,3.200,1.409
1785929718444,ANCHOR_01,52:06:26:03:01:DA,-91,3.200,1.409
1785929718478,ANCHOR_03,52:06:26:03:01:DA,-91,3.170,1.409
1785929718531,ANCHOR_02,52:06:26:03:01:DA,-85,3.170,1.409
1785929718565,ANCHOR_01,52:06:26:03:01:DA,-90,3.170,1.409
1785929718596,ANCHOR_03,52:06:26:03:01:DA,-91,3.043,1.409
1785929718616,ANCHOR_01,52:06:26:03:01:DA,-89,3.043,1.409
1785929718639,ANCHOR_02,52:06:26:03:01:DA,-85,3.043,1.409
1785929719428,ANCHOR_03,52:06:26:03:01:DA,-90,2.828,1.409
1785929720492,ANCHOR_02,52:06:26:03:01:DA,-87,2.828,1.409
1785929720839,ANCHOR_03,52:06:26:03:01:DA,-91,2.534,1.409
1785929721653,ANCHOR_02,52:06:26:03:01:DA,-88,2.534,1.409
1785929722480,ANCHOR_01,52:06:26:03:01:DA,-87,2.534,1.409
1785929723074,ANCHOR_01,52:06:26:03:01:DA,-87,2.251,1.409
1785929723704,ANCHOR_03,52:06:26:03:01:DA,-91,2.251,1.409
1785929723998,ANCHOR_02,52:06:26:03:01:DA,-89,2.251,1.409
1785929724558,ANCHOR_01,52:06:26:03:01:DA,-86,2.056,1.409
1785929724659,ANCHOR_02,52:06:26:03:01:DA,-89,2.056,1.409
1785929724742,ANCHOR_03,52:06:26:03:01:DA,-91,2.056,1.409
1785929725405,ANCHOR_01,52:06:26:03:01:DA,-86,1.959,1.409
1785929726196,ANCHOR_03,52:06:26:03:01:DA,-90,1.959,1.409
1785929726261,ANCHOR_02,52:06:26:03:01:DA,-89,1.946,1.409
1785929726546,ANCHOR_03,52:06:26:03:01:DA,-91,1.946,1.409
1785929726576,ANCHOR_01,52:06:26:03:01:DA,-86,1.946,1.409
1785929726683,ANCHOR_01,52:06:26:03:01:DA,-86,1.946,1.409
1785929726717,ANCHOR_02,52:06:26:03:01:DA,-90,1.946,1.409
1785929726837,ANCHOR_01,52:06:26:03:01:DA,-84,1.946,1.409
1785929726837,ANCHOR_03,52:06:26:03:01:DA,-91,1.946,1.409
1785929727010,ANCHOR_03,52:06:26:03:01:DA,-91,1.946,1.409
1785929727119,ANCHOR_02,52:06:26:03:01:DA,-91,1.946,1.409
1785929727168,ANCHOR_01,52:06:26:03:01:DA,-87,1.946,1.409
1785929727213,ANCHOR_03,52:06:26:03:01:DA,-91,1.946,1.409
1785929727306,ANCHOR_02,52:06:26:03:01:DA,-89,1.946,1.409
1785929727312,ANCHOR_01,52:06:26:03:01:DA,-86,1.946,1.409
1785929727362,ANCHOR_03,52:06:26:03:01:DA,-90,1.946,1.409
1785929727436,ANCHOR_02,52:06:26:03:01:DA,-88,1.946,1.409
1785929727619,ANCHOR_01,52:06:26:03:01:DA,-85,1.947,1.409
1785929727754,ANCHOR_02,52:06:26:03:01:DA,-89,1.947,1.409
1785929727754,ANCHOR_03,52:06:26:03:01:DA,-91,1.947,1.409
1785929727771,ANCHOR_01,52:06:26:03:01:DA,-85,2.012,1.409
1785929727918,ANCHOR_02,52:06:26:03:01:DA,-90,2.012,1.409
1785929727928,ANCHOR_03,52:06:26:03:01:DA,-90,2.012,1.409
1785929728039,ANCHOR_03,52:06:26:03:01:DA,-92,3.941,1.409
1785929728040,ANCHOR_02,52:06:26:03:01:DA,-89,2.173,1.409
1785929728074,ANCHOR_01,52:06:26:03:01:DA,-87,2.173,1.409
1785929728310,ANCHOR_01,52:06:26:03:01:DA,-87,2.436,1.409
1785929728310,ANCHOR_03,52:06:26:03:01:DA,-91,2.173,1.409
1785929728377,ANCHOR_03,52:06:26:03:01:DA,-89,2.436,1.409
1785929728395,ANCHOR_02,52:06:26:03:01:DA,-89,2.436,1.409
1785929728401,ANCHOR_03,52:06:26:03:01:DA,-90,2.756,1.409
1785929728460,ANCHOR_02,52:06:26:03:01:DA,-87,2.756,1.409
1785929728463,ANCHOR_01,52:06:26:03:01:DA,-89,2.756,1.409
1785929728672,ANCHOR_03,52:06:26:03:01:DA,-90,3.087,1.409
1785929729087,ANCHOR_01,52:06:26:03:01:DA,-90,3.087,1.409
1785929729437,ANCHOR_02,52:06:26:03:01:DA,-86,3.087,1.409
1785929730274,ANCHOR_02,52:06:26:03:01:DA,-84,3.403,1.409
1785929730848,ANCHOR_03,52:06:26:03:01:DA,-92,3.403,1.409
1785929731023,ANCHOR_01,52:06:26:03:01:DA,-91,3.403,1.409
1785929733060,ANCHOR_03,52:06:26:03:01:DA,-91,3.678,1.409
1785929733932,ANCHOR_01,52:06:26:03:01:DA,-92,3.678,1.409
1785929734134,ANCHOR_02,52:06:26:03:01:DA,-83,3.678,1.409
1785929734138,ANCHOR_02,52:06:26:03:01:DA,-83,3.858,1.409
1785929734214,ANCHOR_01,52:06:26:03:01:DA,-93,3.858,1.409
1785929735594,ANCHOR_03,52:06:26:03:01:DA,-91,3.858,1.409
1785929735877,ANCHOR_02,52:06:26:03:01:DA,-82,3.941,1.409
1785929735891,ANCHOR_01,52:06:26:03:01:DA,-92,3.941,1.409
1785929736226,ANCHOR_03,52:06:26:03:01:DA,-92,3.945,1.409
1785929736253,ANCHOR_01,52:06:26:03:01:DA,-92,3.945,1.409
1785929736349,ANCHOR_02,52:06:26:03:01:DA,-82,3.945,1.409
1785929736414,ANCHOR_02,52:06:26:03:01:DA,-81,3.945,1.409
1785929736410,ANCHOR_01,52:06:26:03:01:DA,-92,3.945,1.409
1785929736542,ANCHOR_03,52:06:26:03:01:DA,-91,3.945,1.409
1785929736584,ANCHOR_02,52:06:26:03:01:DA,-82,3.945,1.409
1785929736586,ANCHOR_01,52:06:26:03:01:DA,-92,3.945,1.409
1785929736747,ANCHOR_03,52:06:26:03:01:DA,-91,3.945,1.409
1785929736870,ANCHOR_02,52:06:26:03:01:DA,-82,3.945,1.409
1785929736912,ANCHOR_03,52:06:26:03:01:DA,-91,3.945,1.409
1785929736936,ANCHOR_01,52:06:26:03:01:DA,-92,3.945,1.409
1785929736997,ANCHOR_01,52:06:26:03:01:DA,-92,3.945,1.409
1785929737015,ANCHOR_03,52:06:26:03:01:DA,-91,3.945,1.409
1785929737064,ANCHOR_02,52:06:26:03:01:DA,-82,3.945,1.409
1785929737137,ANCHOR_02,52:06:26:03:01:DA,-82,3.945,1.409
1785929737295,ANCHOR_03,52:06:26:03:01:DA,-92,3.945,1.409
1785929737264,ANCHOR_01,52:06:26:03:01:DA,-92,3.945,1.409
1785929737418,ANCHOR_03,52:06:26:03:01:DA,-91,3.945,1.409
1785929737462,ANCHOR_01,52:06:26:03:01:DA,-93,3.945,1.409
1785929737543,ANCHOR_02,52:06:26:03:01:DA,-81,3.945,1.409
1785929737636,ANCHOR_03,52:06:26:03:01:DA,-91,3.951,1.409
1785929737655,ANCHOR_02,52:06:26:03:01:DA,-82,3.951,1.409
1785929737714,ANCHOR_01,52:06:26:03:01:DA,-91,3.951,1.409
1785929737727,ANCHOR_01,52:06:26:03:01:DA,-92,4.032,1.409
1785929737900,ANCHOR_03,52:06:26:03:01:DA,-92,4.032,1.409
1785929737978,ANCHOR_02,52:06:26:03:01:DA,-82,4.032,1.409
1785929738032,ANCHOR_02,52:06:26:03:01:DA,-81,4.210,1.409
1785929738101,ANCHOR_01,52:06:26:03:01:DA,-93,4.210,1.409
1785929738100,ANCHOR_03,52:06:26:03:01:DA,-92,4.210,1.409
1785929738180,ANCHOR_03,52:06:26:03:01:DA,-92,4.486,1.409
1785929738182,ANCHOR_01,52:06:26:03:01:DA,-93,4.486,1.409
1785929738319,ANCHOR_02,52:06:26:03:01:DA,-80,4.486,1.409
1785929738604,ANCHOR_01,52:06:26:03:01:DA,-95,4.800,1.409
1785929740776,ANCHOR_03,52:06:26:03:01:DA,-93,4.800,1.409
1785929740896,ANCHOR_02,52:06:26:03:01:DA,-80,4.900,1.409
1785929740874,ANCHOR_02,52:06:26:03:01:DA,-80,4.800,1.409
1785929742324,ANCHOR_03,52:06:26:03:01:DA,-93,4.900,1.409
1785929743509,ANCHOR_01,52:06:26:03:01:DA,-94,4.900,1.409
1785929743566,ANCHOR_01,52:06:26:03:01:DA,-94,4.900,1.409
1785929743645,ANCHOR_02,52:06:26:03:01:DA,-82,4.900,1.409
1785929743751,ANCHOR_03,52:06:26:03:01:DA,-93,4.900,1.409
1785929743825,ANCHOR_03,52:06:26:03:01:DA,-92,4.900,1.409
1785929743876,ANCHOR_01,52:06:26:03:01:DA,-94,4.900,1.409
1785929743943,ANCHOR_02,52:06:26:03:01:DA,-80,4.900,1.409
1785929745100,ANCHOR_01,52:06:26:03:01:DA,-94,4.900,1.409
1785929745316,ANCHOR_03,52:06:26:03:01:DA,-94,4.900,1.409
1785929745332,ANCHOR_02,52:06:26:03:01:DA,-80,4.900,1.409
1785929745633,ANCHOR_03,52:06:26:03:01:DA,-93,4.900,1.409
1785929745635,ANCHOR_01,52:06:26:03:01:DA,-95,4.900,1.409
1785929745685,ANCHOR_02,52:06:26:03:01:DA,-80,4.900,1.409
1785929745723,ANCHOR_01,52:06:26:03:01:DA,-94,4.900,1.409
1785929745782,ANCHOR_03,52:06:26:03:01:DA,-93,4.900,1.409
1785929745886,ANCHOR_02,52:06:26:03:01:DA,-81,4.900,1.409
1785929746039,ANCHOR_03,52:06:26:03:01:DA,-92,4.900,1.409
1785929746064,ANCHOR_01,52:06:26:03:01:DA,-95,4.900,1.409
1785929746166,ANCHOR_02,52:06:26:03:01:DA,-80,4.900,1.409
1785929746217,ANCHOR_01,52:06:26:03:01:DA,-93,4.899,1.409
1785929746332,ANCHOR_02,52:06:26:03:01:DA,-80,4.899,1.409
1785929746356,ANCHOR_03,52:06:26:03:01:DA,-93,4.899,1.409
1785929746441,ANCHOR_02,52:06:26:03:01:DA,-80,4.843,1.409
1785929746500,ANCHOR_03,52:06:26:03:01:DA,-93,4.843,1.409
1785929746504,ANCHOR_01,52:06:26:03:01:DA,-95,4.689,1.409
1785929746544,ANCHOR_01,52:06:26:03:01:DA,-95,4.843,1.409
1785929747048,ANCHOR_02,52:06:26:03:01:DA,-80,4.689,1.409
1785929747088,ANCHOR_03,52:06:26:03:01:DA,-93,4.689,1.409
1785929747282,ANCHOR_03,52:06:26:03:01:DA,-91,4.435,1.409
1785929747409,ANCHOR_01,52:06:26:03:01:DA,-93,4.435,1.409
1785929747412,ANCHOR_02,52:06:26:03:01:DA,-80,4.435,1.409
1785929747584,ANCHOR_03,52:06:26:03:01:DA,-92,4.135,1.409
1785929747588,ANCHOR_02,52:06:26:03:01:DA,-82,4.135,1.409
1785929747639,ANCHOR_01,52:06:26:03:01:DA,-92,3.823,1.409
1785929747637,ANCHOR_01,52:06:26:03:01:DA,-93,4.135,1.409
1785929747701,ANCHOR_03,52:06:26:03:01:DA,-91,3.823,1.409
1785929747707,ANCHOR_02,52:06:26:03:01:DA,-83,3.823,1.409
1785929747713,ANCHOR_02,52:06:26:03:01:DA,-83,3.518,1.409
1785929747765,ANCHOR_01,52:06:26:03:01:DA,-91,3.518,1.409
1785929748115,ANCHOR_03,52:06:26:03:01:DA,-92,3.518,1.409
1785929750326,ANCHOR_03,52:06:26:03:01:DA,-90,3.213,1.409
1785929750379,ANCHOR_01,52:06:26:03:01:DA,-90,3.213,1.409
1785929752920,ANCHOR_02,52:06:26:03:01:DA,-86,3.213,1.409
1785929753068,ANCHOR_02,52:06:26:03:01:DA,-86,2.911,1.409
1785929753247,ANCHOR_01,52:06:26:03:01:DA,-90,2.911,1.409
1785929753288,ANCHOR_03,52:06:26:03:01:DA,-91,2.911,1.409
1785929753316,ANCHOR_02,52:06:26:03:01:DA,-88,2.608,1.409
1785929753474,ANCHOR_01,52:06:26:03:01:DA,-88,2.608,1.409
1785929754529,ANCHOR_03,52:06:26:03:01:DA,-91,2.608,1.409
1785929754778,ANCHOR_02,52:06:26:03:01:DA,-88,2.289,1.409
1785929754804,ANCHOR_03,52:06:26:03:01:DA,-91,2.289,1.409
1785929755059,ANCHOR_01,52:06:26:03:01:DA,-88,2.289,1.409
1785929755180,ANCHOR_03,52:06:26:03:01:DA,-91,1.981,1.409
1785929755182,ANCHOR_02,52:06:26:03:01:DA,-89,1.981,1.409
1785929755282,ANCHOR_01,52:06:26:03:01:DA,-85,1.981,1.409
1785929755318,ANCHOR_03,52:06:26:03:01:DA,-91,1.658,1.409
1785929755426,ANCHOR_01,52:06:26:03:01:DA,-85,1.658,1.409
1785929755512,ANCHOR_02,52:06:26:03:01:DA,-91,1.658,1.409
1785929755644,ANCHOR_01,52:06:26:03:01:DA,-83,1.342,1.409
1785929755693,ANCHOR_02,52:06:26:03:01:DA,-90,1.342,1.409
1785929755780,ANCHOR_03,52:06:26:03:01:DA,-91,1.342,1.409
1785929755835,ANCHOR_01,52:06:26:03:01:DA,-82,1.027,1.409
1785929755861,ANCHOR_03,52:06:26:03:01:DA,-92,1.027,1.409
1785929755965,ANCHOR_02,52:06:26:03:01:DA,-92,1.027,1.409
1785929755966,ANCHOR_03,52:06:26:03:01:DA,-92,0.711,1.409
1785929756064,ANCHOR_02,52:06:26:03:01:DA,-93,0.711,1.409
1785929756073,ANCHOR_01,52:06:26:03:01:DA,-82,0.711,1.409
1785929756295,ANCHOR_01,52:06:26:03:01:DA,-80,0.410,1.409
1785929756442,ANCHOR_03,52:06:26:03:01:DA,-91,0.410,1.409
1785929756492,ANCHOR_02,52:06:26:03:01:DA,-94,0.410,1.409
1785929756622,ANCHOR_02,52:06:26:03:01:DA,-95,0.142,1.409
1785929756729,ANCHOR_01,52:06:26:03:01:DA,-81,0.142,1.409
1785929756735,ANCHOR_03,52:06:26:03:01:DA,-100,0.142,1.409
1785929756944,ANCHOR_03,52:06:26:03:01:DA,-100,0.100,1.409
1785929756999,ANCHOR_01,52:06:26:03:01:DA,-81,0.100,1.409
1785929757003,ANCHOR_02,52:06:26:03:01:DA,-94,0.100,1.409
1785929757065,ANCHOR_01,52:06:26:03:01:DA,-80,0.100,1.409
1785929757118,ANCHOR_03,52:06:26:03:01:DA,-101,0.100,1.409
1785929757123,ANCHOR_02,52:06:26:03:01:DA,-95,0.100,1.409
1785929757229,ANCHOR_02,52:06:26:03:01:DA,-94,0.100,1.365
1785929757339,ANCHOR_01,52:06:26:03:01:DA,-80,0.100,1.365
1785929757343,ANCHOR_03,52:06:26:03:01:DA,-101,0.100,1.365
1785929757361,ANCHOR_01,52:06:26:03:01:DA,-78,0.100,1.228
1785929757743,ANCHOR_03,52:06:26:03:01:DA,-100,0.100,1.228
1785929759874,ANCHOR_02,52:06:26:03:01:DA,-94,0.100,1.228
1785929759973,ANCHOR_01,52:06:26:03:01:DA,-76,0.100,0.982
1785929760022,ANCHOR_02,52:06:26:03:01:DA,-95,0.100,0.982
1785929762791,ANCHOR_03,52:06:26:03:01:DA,-94,0.100,0.982
1785929763200,ANCHOR_01,52:06:26:03:01:DA,-73,0.100,0.675
1785929763235,ANCHOR_03,52:06:26:03:01:DA,-94,0.100,0.675
1785929764454,ANCHOR_02,52:06:26:03:01:DA,-95,0.100,0.675
1785929764737,ANCHOR_03,52:06:26:03:01:DA,-95,0.100,0.369
1785929764753,ANCHOR_02,52:06:26:03:01:DA,-95,0.100,0.369
1785929765010,ANCHOR_01,52:06:26:03:01:DA,-69,0.100,0.369
1785929765132,ANCHOR_02,52:06:26:03:01:DA,-93,0.100,0.100
1785929765225,ANCHOR_01,52:06:26:03:01:DA,-69,0.100,0.100
1785929765377,ANCHOR_03,52:06:26:03:01:DA,-95,0.100,0.100
1785929765404,ANCHOR_02,52:06:26:03:01:DA,-94,0.100,0.100
1785929765692,ANCHOR_03,52:06:26:03:01:DA,-96,0.100,0.100
1785929765763,ANCHOR_01,52:06:26:03:01:DA,-68,0.100,0.100
1785929765762,ANCHOR_01,52:06:26:03:01:DA,-70,0.100,0.100
1785929765997,ANCHOR_02,52:06:26:03:01:DA,-94,0.100,0.100
1785929766020,ANCHOR_03,52:06:26:03:01:DA,-95,0.100,0.100
1785929766115,ANCHOR_01,52:06:26:03:01:DA,-68,0.100,0.100
1785929766231,ANCHOR_02,52:06:26:03:01:DA,-95,0.100,0.100
1785929766295,ANCHOR_03,52:06:26:03:01:DA,-96,0.100,0.100
1785929766304,ANCHOR_03,52:06:26:03:01:DA,-96,0.100,0.100
1785929766357,ANCHOR_01,52:06:26:03:01:DA,-69,0.100,0.100
1785929766366,ANCHOR_02,52:06:26:03:01:DA,-94,0.100,0.100
1785929766607,ANCHOR_02,52:06:26:03:01:DA,-93,0.100,0.100
1785929766717,ANCHOR_01,52:06:26:03:01:DA,-69,0.100,0.100
1785929766803,ANCHOR_03,52:06:26:03:01:DA,-95,0.100,0.100
1785929766897,ANCHOR_01,52:06:26:03:01:DA,-69,0.145,0.100
1785929766986,ANCHOR_03,52:06:26:03:01:DA,-95,0.145,0.100
1785929767199,ANCHOR_02,52:06:26:03:01:DA,-94,0.145,0.100
1785929767353,ANCHOR_03,52:06:26:03:01:DA,-95,0.290,0.100
1785929767375,ANCHOR_01,52:06:26:03:01:DA,-69,0.290,0.100
1785929767512,ANCHOR_02,52:06:26:03:01:DA,-94,0.290,0.100
1785929767519,ANCHOR_03,52:06:26:03:01:DA,-94,0.545,0.100
1785929767550,ANCHOR_01,52:06:26:03:01:DA,-72,0.545,0.100
1785929767550,ANCHOR_02,52:06:26:03:01:DA,-93,0.545,0.100
1785929767614,ANCHOR_02,52:06:26:03:01:DA,-92,0.849,0.100
1785929767616,ANCHOR_01,52:06:26:03:01:DA,-75,0.849,0.100
1785929767617,ANCHOR_03,52:06:26:03:01:DA,-94,0.849,0.100
1785929767663,ANCHOR_03,52:06:26:03:01:DA,-93,1.161,0.100
1785929767662,ANCHOR_02,52:06:26:03:01:DA,-91,1.161,0.100
1785929767666,ANCHOR_01,52:06:26:03:01:DA,-78,1.161,0.100
1785929767979,ANCHOR_03,52:06:26:03:01:DA,-95,1.482,0.100
1785929769512,ANCHOR_01,52:06:26:03:01:DA,-81,1.482,0.100
1785929769575,ANCHOR_02,52:06:26:03:01:DA,-90,1.482,0.100
1785929770600,ANCHOR_02,52:06:26:03:01:DA,-90,1.801,0.100
1785929770612,ANCHOR_01,52:06:26:03:01:DA,-83,1.801,0.100
1785929772604,ANCHOR_03,52:06:26:03:01:DA,-95,1.801,0.100
1785929772941,ANCHOR_02,52:06:26:03:01:DA,-89,2.090,0.100
1785929773036,ANCHOR_03,52:06:26:03:01:DA,-93,2.090,0.100
1785929773096,ANCHOR_01,52:06:26:03:01:DA,-86,2.090,0.100
1785929773140,ANCHOR_01,52:06:26:03:01:DA,-86,2.293,0.100
1785929773201,ANCHOR_02,52:06:26:03:01:DA,-88,2.293,0.100
1785929773337,ANCHOR_03,52:06:26:03:01:DA,-95,2.293,0.100
1785929773396,ANCHOR_01,52:06:26:03:01:DA,-86,2.395,0.100
1785929773461,ANCHOR_03,52:06:26:03:01:DA,-94,2.395,0.100
1785929773459,ANCHOR_02,52:06:26:03:01:DA,-88,2.395,0.100
1785929773496,ANCHOR_03,52:06:26:03:01:DA,-93,2.411,0.100
1785929773518,ANCHOR_01,52:06:26:03:01:DA,-86,2.411,0.100
1785929773549,ANCHOR_02,52:06:26:03:01:DA,-87,2.411,0.100
1785929773600,ANCHOR_03,52:06:26:03:01:DA,-93,2.411,0.100
1785929773632,ANCHOR_02,52:06:26:03:01:DA,-87,2.411,0.100
1785929773689,ANCHOR_01,52:06:26:03:01:DA,-87,2.411,0.100
1785929773712,ANCHOR_02,52:06:26:03:01:DA,-87,2.411,0.100
1785929773888,ANCHOR_03,52:06:26:03:01:DA,-94,2.411,0.100
1785929773966,ANCHOR_01,52:06:26:03:01:DA,-87,2.411,0.100
1785929774038,ANCHOR_03,52:06:26:03:01:DA,-93,2.411,0.100
1785929774038,ANCHOR_01,52:06:26:03:01:DA,-86,2.411,0.100
1785929774096,ANCHOR_02,52:06:26:03:01:DA,-87,2.411,0.100
1785929774141,ANCHOR_01,52:06:26:03:01:DA,-86,2.411,0.100
1785929774152,ANCHOR_03,52:06:26:03:01:DA,-94,2.411,0.100
1785929774281,ANCHOR_02,52:06:26:03:01:DA,-87,2.411,0.100
1785929774286,ANCHOR_03,52:06:26:03:01:DA,-94,2.411,0.100
1785929774373,ANCHOR_02,52:06:26:03:01:DA,-87,2.411,0.100
1785929774421,ANCHOR_01,52:06:26:03:01:DA,-87,2.411,0.100
1785929774428,ANCHOR_01,52:06:26:03:01:DA,-86,2.411,0.100
1785929774437,ANCHOR_03,52:06:26:03:01:DA,-94,2.411,0.100
1785929774508,ANCHOR_02,52:06:26:03:01:DA,-88,2.411,0.100
1785929774555,ANCHOR_01,52:06:26:03:01:DA,-85,2.411,0.100
1785929774556,ANCHOR_03,52:06:26:03:01:DA,-93,2.411,0.100
1785929774561,ANCHOR_02,52:06:26:03:01:DA,-87,2.411,0.100
1785929774608,ANCHOR_02,52:06:26:03:01:DA,-87,2.411,0.100
1785929774616,ANCHOR_03,52:06:26:03:01:DA,-93,2.411,0.100
1785929774647,ANCHOR_01,52:06:26:03:01:DA,-87,2.411,0.100
1785929774874,ANCHOR_01,52:06:26:03:01:DA,-86,2.411,0.100
1785929775114,ANCHOR_03,52:06:26:03:01:DA,-94,2.411,0.100
1785929775269,ANCHOR_02,52:06:26:03:01:DA,-88,2.411,0.100
1785929775312,ANCHOR_02,52:06:26:03:01:DA,-88,2.411,0.100
1785929777598,ANCHOR_03,52:06:26:03:01:DA,-94,2.411,0.100
1785929777646,ANCHOR_01,52:06:26:03:01:DA,-88,2.411,0.100
1785929779669,ANCHOR_02,52:06:26:03:01:DA,-87,2.411,0.100
1785929779717,ANCHOR_03,52:06:26:03:01:DA,-93,2.411,0.100
1785929779844,ANCHOR_01,52:06:26:03:01:DA,-86,2.411,0.100
1785929780002,ANCHOR_03,52:06:26:03:01:DA,-94,2.411,0.100
1785929780036,ANCHOR_02,52:06:26:03:01:DA,-88,2.411,0.100
1785929780090,ANCHOR_01,52:06:26:03:01:DA,-86,2.411,0.100
1785929780235,ANCHOR_02,52:06:26:03:01:DA,-87,2.411,0.100
1785929780307,ANCHOR_01,52:06:26:03:01:DA,-86,2.411,0.100
1785929780356,ANCHOR_03,52:06:26:03:01:DA,-94,2.411,0.100
1785929780360,ANCHOR_01,52:06:26:03:01:DA,-86,2.411,0.100
1785929780392,ANCHOR_02,52:06:26:03:01:DA,-87,2.411,0.100
1785929780441,ANCHOR_01,52:06:26:03:01:DA,-86,2.411,0.100
1785929780441,ANCHOR_03,52:06:26:03:01:DA,-94,2.411,0.100
1785929780482,ANCHOR_03,52:06:26:03:01:DA,-94,2.411,0.100
1785929780523,ANCHOR_02,52:06:26:03:01:DA,-87,2.411,0.100
1785929780672,ANCHOR_02,52:06:26:03:01:DA,-87,2.411,0.100
1785929780678,ANCHOR_01,52:06:26:03:01:DA,-86,2.411,0.100
1785929780836,ANCHOR_03,52:06:26:03:01:DA,-94,2.411,0.100
1785929780850,ANCHOR_03,52:06:26:03:01:DA,-95,2.411,0.100
1785929780898,ANCHOR_01,52:06:26:03:01:DA,-87,2.411,0.100
1785929780930,ANCHOR_02,52:06:26:03:01:DA,-88,2.411,0.100
1785929780962,ANCHOR_01,52:06:26:03:01:DA,-85,2.411,0.100
1785929781010,ANCHOR_03,52:06:26:03:01:DA,-94,2.411,0.100
1785929781014,ANCHOR_01,52:06:26:03:01:DA,-86,2.411,0.100
1785929781155,ANCHOR_02,52:06:26:03:01:DA,-87,2.411,0.100
1785929781160,ANCHOR_03,52:06:26:03:01:DA,-93,2.411,0.100
1785929781200,ANCHOR_02,52:06:26:03:01:DA,-88,2.411,0.100
1785929781263,ANCHOR_02,52:06:26:03:01:DA,-88,2.411,0.101
1785929781346,ANCHOR_01,52:06:26:03:01:DA,-85,2.411,0.101
1785929781364,ANCHOR_01,52:06:26:03:01:DA,-87,2.411,0.100
1785929781370,ANCHOR_03,52:06:26:03:01:DA,-94,2.411,0.100
1785929781372,ANCHOR_03,52:06:26:03:01:DA,-94,2.411,0.163
1785929781407,ANCHOR_02,52:06:26:03:01:DA,-87,2.411,0.163
1785929781484,ANCHOR_01,52:06:26:03:01:DA,-87,2.411,0.163
1785929781488,ANCHOR_02,52:06:26:03:01:DA,-87,2.411,0.100
1785929781522,ANCHOR_03,52:06:26:03:01:DA,-94,2.411,0.101
1785929781527,ANCHOR_03,52:06:26:03:01:DA,-94,2.411,0.333
1785929781791,ANCHOR_01,52:06:26:03:01:DA,-87,2.411,0.904
1785929782048,ANCHOR_03,52:06:26:03:01:DA,-92,2.411,0.904
1785929782241,ANCHOR_02,52:06:26:03:01:DA,-88,2.411,0.904
1785929784545,ANCHOR_01,52:06:26:03:01:DA,-86,2.411,0.333
1785929784750,ANCHOR_02,52:06:26:03:01:DA,-87,2.411,0.333
1785929787011,ANCHOR_01,52:06:26:03:01:DA,-86,2.411,0.594
1785929787123,ANCHOR_02,52:06:26:03:01:DA,-88,2.411,1.228
1785929787152,ANCHOR_03,52:06:26:03:01:DA,-92,2.411,1.228
1785929787226,ANCHOR_01,52:06:26:03:01:DA,-87,2.411,1.228
1785929787339,ANCHOR_02,52:06:26:03:01:DA,-87,2.411,0.594
1785929787417,ANCHOR_03,52:06:26:03:01:DA,-93,2.411,0.594
1785929787460,ANCHOR_01,52:06:26:03:01:DA,-88,2.411,1.541
1785929787500,ANCHOR_02,52:06:26:03:01:DA,-90,2.411,1.541
1785929787546,ANCHOR_03,52:06:26:03:01:DA,-90,2.411,1.541
1785929787581,ANCHOR_03,52:06:26:03:01:DA,-89,2.411,1.849
1785929787601,ANCHOR_01,52:06:26:03:01:DA,-88,2.411,1.849
1785929787649,ANCHOR_02,52:06:26:03:01:DA,-90,2.411,1.849
1785929787687,ANCHOR_01,52:06:26:03:01:DA,-89,2.411,2.166
1785929787832,ANCHOR_02,52:06:26:03:01:DA,-90,2.411,2.166
1785929787876,ANCHOR_03,52:06:26:03:01:DA,-87,2.411,2.166
1785929788002,ANCHOR_03,52:06:26:03:01:DA,-86,2.411,2.493
1785929788034,ANCHOR_01,52:06:26:03:01:DA,-91,2.411,2.493
1785929788073,ANCHOR_02,52:06:26:03:01:DA,-90,2.411,2.493
1785929788126,ANCHOR_03,52:06:26:03:01:DA,-86,2.411,2.797
1785929788133,ANCHOR_01,52:06:26:03:01:DA,-97,2.411,2.797
1785929788163,ANCHOR_02,52:06:26:03:01:DA,-90,2.411,2.797
1785929788199,ANCHOR_01,52:06:26:03:01:DA,-98,2.411,3.066
1785929788270,ANCHOR_03,52:06:26:03:01:DA,-84,2.411,3.066
1785929788300,ANCHOR_02,52:06:26:03:01:DA,-92,2.411,3.066
1785929788373,ANCHOR_01,52:06:26:03:01:DA,-98,2.411,3.255
1785929788411,ANCHOR_02,52:06:26:03:01:DA,-91,2.411,3.255
1785929788454,ANCHOR_03,52:06:26:03:01:DA,-82,2.411,3.255
1785929788501,ANCHOR_02,52:06:26:03:01:DA,-93,2.411,3.338
1785929788549,ANCHOR_03,52:06:26:03:01:DA,-83,2.411,3.338
1785929788598,ANCHOR_01,52:06:26:03:01:DA,-99,2.411,3.338
1785929788603,ANCHOR_02,52:06:26:03:01:DA,-92,2.411,3.345
1785929788632,ANCHOR_01,52:06:26:03:01:DA,-99,2.411,3.345
1785929788720,ANCHOR_03,52:06:26:03:01:DA,-83,2.411,3.345
1785929788724,ANCHOR_02,52:06:26:03:01:DA,-92,2.411,3.345
1785929788737,ANCHOR_03,52:06:26:03:01:DA,-81,2.411,3.345
1785929788957,ANCHOR_01,52:06:26:03:01:DA,-100,2.411,3.345
1785929789297,ANCHOR_02,52:06:26:03:01:DA,-92,2.404,3.345
1785929789502,ANCHOR_01,52:06:26:03:01:DA,-99,2.404,3.345
1785929789544,ANCHOR_03,52:06:26:03:01:DA,-83,2.404,3.345
1785929789733,ANCHOR_02,52:06:26:03:01:DA,-93,2.319,3.345
1785929794472,ANCHOR_01,52:06:26:03:01:DA,-98,2.319,3.345
1785929794512,ANCHOR_03,52:06:26:03:01:DA,-82,2.319,3.345
1785929794607,ANCHOR_03,52:06:26:03:01:DA,-82,2.138,3.345
1785929794613,ANCHOR_01,52:06:26:03:01:DA,-98,2.138,3.345
1785929794668,ANCHOR_02,52:06:26:03:01:DA,-92,2.138,3.345
1785929794768,ANCHOR_01,52:06:26:03:01:DA,-90,1.855,3.345
1785929794880,ANCHOR_03,52:06:26:03:01:DA,-83,1.855,3.345
1785929794945,ANCHOR_02,52:06:26:03:01:DA,-92,1.855,3.345
1785929794974,ANCHOR_02,52:06:26:03:01:DA,-93,1.544,3.345
1785929794979,ANCHOR_03,52:06:26:03:01:DA,-84,1.544,3.345
1785929795005,ANCHOR_01,52:06:26:03:01:DA,-91,1.544,3.345
1785929795053,ANCHOR_03,52:06:26:03:01:DA,-85,1.234,3.345
1785929795098,ANCHOR_02,52:06:26:03:01:DA,-95,1.234,3.345
1785929795138,ANCHOR_01,52:06:26:03:01:DA,-90,1.234,3.345
1785929795272,ANCHOR_02,52:06:26:03:01:DA,-94,0.935,3.345
1785929795339,ANCHOR_01,52:06:26:03:01:DA,-97,0.935,3.345
1785929795384,ANCHOR_03,52:06:26:03:01:DA,-87,0.935,3.345
1785929795456,ANCHOR_03,52:06:26:03:01:DA,-91,0.702,3.345
1785929795491,ANCHOR_01,52:06:26:03:01:DA,-96,0.702,3.345
1785929795519,ANCHOR_02,52:06:26:03:01:DA,-104,0.702,3.345
1785929795567,ANCHOR_03,52:06:26:03:01:DA,-92,0.573,3.345
1785929795631,ANCHOR_01,52:06:26:03:01:DA,-96,0.573,3.345
1785929795636,ANCHOR_02,52:06:26:03:01:DA,-104,0.573,3.345
1785929795770,ANCHOR_01,52:06:26:03:01:DA,-97,0.535,3.345
1785929795811,ANCHOR_02,52:06:26:03:01:DA,-104,0.535,3.345
1785929795886,ANCHOR_03,52:06:26:03:01:DA,-92,0.535,3.345
1785929795910,ANCHOR_03,52:06:26:03:01:DA,-92,0.535,3.345
1785929795921,ANCHOR_01,52:06:26:03:01:DA,-96,0.535,3.345
1785929795963,ANCHOR_02,52:06:26:03:01:DA,-104,0.535,3.345
1785929795990,ANCHOR_02,52:06:26:03:01:DA,-103,0.535,3.345
1785929796057,ANCHOR_01,52:06:26:03:01:DA,-96,0.535,3.345
1785929796071,ANCHOR_01,52:06:26:03:01:DA,-96,0.535,3.345
1785929796075,ANCHOR_03,52:06:26:03:01:DA,-92,0.535,3.345
1785929796141,ANCHOR_03,52:06:26:03:01:DA,-92,0.535,3.345
1785929796159,ANCHOR_02,52:06:26:03:01:DA,-104,0.535,3.345
1785929796228,ANCHOR_02,52:06:26:03:01:DA,-105,0.535,3.345
1785929796408,ANCHOR_03,52:06:26:03:01:DA,-92,0.535,3.345
1785929796664,ANCHOR_01,52:06:26:03:01:DA,-95,0.535,3.345
1785929796868,ANCHOR_01,52:06:26:03:01:DA,-95,0.535,3.345
1785929796918,ANCHOR_03,52:06:26:03:01:DA,-93,0.535,3.345
1785929801437,ANCHOR_02,52:06:26:03:01:DA,-104,0.535,3.345
1785929801480,ANCHOR_01,52:06:26:03:01:DA,-95,0.535,3.369
1785929801583,ANCHOR_03,52:06:26:03:01:DA,-92,0.535,3.369
1785929801646,ANCHOR_02,52:06:26:03:01:DA,-104,0.535,3.369
1785929801649,ANCHOR_01,52:06:26:03:01:DA,-96,0.535,3.487
1785929801846,ANCHOR_03,52:06:26:03:01:DA,-91,0.535,3.487
1785929802020,ANCHOR_02,52:06:26:03:01:DA,-104,0.535,3.487
1785929802028,ANCHOR_03,52:06:26:03:01:DA,-91,0.535,3.709
1785929802032,ANCHOR_02,52:06:26:03:01:DA,-105,0.535,3.709
1785929802071,ANCHOR_01,52:06:26:03:01:DA,-98,0.535,3.709
1785929802138,ANCHOR_01,52:06:26:03:01:DA,-100,0.535,4.002
1785929802146,ANCHOR_03,52:06:26:03:01:DA,-90,0.535,4.002
1785929802203,ANCHOR_02,52:06:26:03:01:DA,-105,0.535,4.306
1785929802202,ANCHOR_02,52:06:26:03:01:DA,-106,0.535,4.002
1785929802303,ANCHOR_01,52:06:26:03:01:DA,-100,0.535,4.306
1785929802369,ANCHOR_03,52:06:26:03:01:DA,-85,0.535,4.306
1785929802421,ANCHOR_01,52:06:26:03:01:DA,-101,0.535,4.607
1785929802488,ANCHOR_02,52:06:26:03:01:DA,-97,0.535,4.607
1785929802501,ANCHOR_03,52:06:26:03:01:DA,-86,0.535,4.607
1785929802555,ANCHOR_01,52:06:26:03:01:DA,-103,0.535,4.900
1785929802584,ANCHOR_03,52:06:26:03:01:DA,-84,0.535,4.900
1785929802654,ANCHOR_02,52:06:26:03:01:DA,-98,0.535,4.900
1785929802721,ANCHOR_01,52:06:26:03:01:DA,-103,0.535,4.900
1785929802875,ANCHOR_02,52:06:26:03:01:DA,-96,0.535,4.900
1785929802908,ANCHOR_03,52:06:26:03:01:DA,-85,0.535,4.900
1785929802914,ANCHOR_03,52:06:26:03:01:DA,-86,0.535,4.900
1785929802946,ANCHOR_01,52:06:26:03:01:DA,-102,0.535,4.900
1785929802977,ANCHOR_02,52:06:26:03:01:DA,-97,0.535,4.900
1785929802983,ANCHOR_02,52:06:26:03:01:DA,-97,0.535,4.900
1785929803096,ANCHOR_03,52:06:26:03:01:DA,-86,0.535,4.900
1785929803099,ANCHOR_01,52:06:26:03:01:DA,-102,0.535,4.900
1785929803111,ANCHOR_03,52:06:26:03:01:DA,-85,0.535,4.900
1785929803110,ANCHOR_01,52:06:26:03:01:DA,-102,0.535,4.900
1785929803147,ANCHOR_02,52:06:26:03:01:DA,-97,0.535,4.900
1785929803171,ANCHOR_01,52:06:26:03:01:DA,-102,0.535,4.900
1785929803214,ANCHOR_03,52:06:26:03:01:DA,-85,0.535,4.900
1785929803430,ANCHOR_02,52:06:26:03:01:DA,-97,0.535,4.900
1785929803659,ANCHOR_02,52:06:26:03:01:DA,-97,0.535,4.900
1785929803856,ANCHOR_03,52:06:26:03:01:DA,-85,0.535,4.900
1785929803863,ANCHOR_01,52:06:26:03:01:DA,-102,0.535,4.900
1785929806159,ANCHOR_02,52:06:26:03:01:DA,-97,0.535,4.900
1785929808350,ANCHOR_03,52:06:26:03:01:DA,-85,0.535,4.900
1785929808359,ANCHOR_01,52:06:26:03:01:DA,-101,0.535,4.900
1785929808443,ANCHOR_01,52:06:26:03:01:DA,-103,0.535,4.900
1785929808502,ANCHOR_02,52:06:26:03:01:DA,-97,0.535,4.900
1785929808548,ANCHOR_03,52:06:26:03:01:DA,-85,0.535,4.900
1785929808722,ANCHOR_03,52:06:26:03:01:DA,-85,0.549,4.900
1785929808763,ANCHOR_02,52:06:26:03:01:DA,-98,0.549,4.900
1785929808791,ANCHOR_01,52:06:26:03:01:DA,-101,0.549,4.900
1785929808883,ANCHOR_03,52:06:26:03:01:DA,-84,0.644,4.900
1785929808898,ANCHOR_01,52:06:26:03:01:DA,-102,0.644,4.900
1785929809009,ANCHOR_02,52:06:26:03:01:DA,-98,0.644,4.900
1785929809039,ANCHOR_02,52:06:26:03:01:DA,-97,0.835,4.900
1785929809052,ANCHOR_03,52:06:26:03:01:DA,-84,0.835,4.900
1785929809049,ANCHOR_01,52:06:26:03:01:DA,-94,0.835,4.900
1785929809155,ANCHOR_01,52:06:26:03:01:DA,-94,1.123,4.900
1785929809280,ANCHOR_03,52:06:26:03:01:DA,-82,1.123,4.900
1785929809315,ANCHOR_02,52:06:26:03:01:DA,-96,1.123,4.900
1785929809406,ANCHOR_02,52:06:26:03:01:DA,-96,1.440,4.900
1785929809419,ANCHOR_03,52:06:26:03:01:DA,-79,1.440,4.900
1785929809477,ANCHOR_01,52:06:26:03:01:DA,-95,1.440,4.900
1785929809510,ANCHOR_01,52:06:26:03:01:DA,-95,1.760,4.900
1785929809574,ANCHOR_03,52:06:26:03:01:DA,-76,1.760,4.900
1785929809662,ANCHOR_02,52:06:26:03:01:DA,-96,1.760,4.900
1785929809787,ANCHOR_02,52:06:26:03:01:DA,-95,2.085,4.900
1785929809812,ANCHOR_01,52:06:26:03:01:DA,-95,2.085,4.900
1785929809837,ANCHOR_03,52:06:26:03:01:DA,-72,2.085,4.900
1785929809869,ANCHOR_01,52:06:26:03:01:DA,-104,2.400,4.900
1785929809900,ANCHOR_02,52:06:26:03:01:DA,-95,2.400,4.900
1785929809936,ANCHOR_03,52:06:26:03:01:DA,-69,2.400,4.900
1785929810055,ANCHOR_02,52:06:26:03:01:DA,-94,2.708,4.900
1785929810061,ANCHOR_01,52:06:26:03:01:DA,-95,2.708,4.900
1785929810060,ANCHOR_03,52:06:26:03:01:DA,-70,2.708,4.900
1785929810069,ANCHOR_01,52:06:26:03:01:DA,-96,3.010,4.900
1785929810116,ANCHOR_03,52:06:26:03:01:DA,-72,3.010,4.900
1785929810173,ANCHOR_02,52:06:26:03:01:DA,-94,3.010,4.900
1785929810232,ANCHOR_01,52:06:26:03:01:DA,-96,3.320,4.900
1785929810450,ANCHOR_03,52:06:26:03:01:DA,-77,3.320,4.900
1785929810715,ANCHOR_02,52:06:26:03:01:DA,-95,3.320,4.900
1785929810913,ANCHOR_01,52:06:26:03:01:DA,-96,3.645,4.900
1785929810926,ANCHOR_02,52:06:26:03:01:DA,-95,3.645,4.900
1785929811132,ANCHOR_03,52:06:26:03:01:DA,-79,3.645,4.900
1785929815523,ANCHOR_03,52:06:26:03:01:DA,-83,3.965,4.900
1785929815617,ANCHOR_02,52:06:26:03:01:DA,-94,3.965,4.900
1785929815644,ANCHOR_01,52:06:26:03:01:DA,-97,3.965,4.900
1785929815724,ANCHOR_02,52:06:26:03:01:DA,-94,4.294,4.900
1785929815888,ANCHOR_01,52:06:26:03:01:DA,-97,4.294,4.900
1785929815951,ANCHOR_03,52:06:26:03:01:DA,-84,4.294,4.900
1785929815984,ANCHOR_02,52:06:26:03:01:DA,-94,4.597,4.900
1785929816037,ANCHOR_03,52:06:26:03:01:DA,-86,4.597,4.900
1785929816076,ANCHOR_01,52:06:26:03:01:DA,-97,4.597,4.900
1785929816111,ANCHOR_03,52:06:26:03:01:DA,-87,4.900,4.900
1785929816185,ANCHOR_02,52:06:26:03:01:DA,-94,4.900,4.900
1785929816195,ANCHOR_01,52:06:26:03:01:DA,-97,4.900,4.900
1785929816194,ANCHOR_01,52:06:26:03:01:DA,-97,4.900,4.900
1785929816292,ANCHOR_03,52:06:26:03:01:DA,-87,4.900,4.900
1785929816328,ANCHOR_02,52:06:26:03:01:DA,-94,4.900,4.900
1785929816396,ANCHOR_03,52:06:26:03:01:DA,-86,4.900,4.900
1785929816452,ANCHOR_02,52:06:26:03:01:DA,-93,4.900,4.900
1785929816483,ANCHOR_01,52:06:26:03:01:DA,-97,4.900,4.900
1785929816561,ANCHOR_03,52:06:26:03:01:DA,-89,4.900,4.900
1785929816607,ANCHOR_01,52:06:26:03:01:DA,-97,4.900,4.900
1785929816639,ANCHOR_02,52:06:26:03:01:DA,-95,4.900,4.900
1785929816773,ANCHOR_02,52:06:26:03:01:DA,-94,4.900,4.900
1785929816832,ANCHOR_03,52:06:26:03:01:DA,-87,4.900,4.900
1785929816891,ANCHOR_01,52:06:26:03:01:DA,-97,4.900,4.900
1785929816877,ANCHOR_01,52:06:26:03:01:DA,-98,4.900,4.900
1785929816924,ANCHOR_03,52:06:26:03:01:DA,-88,4.900,4.900
1785929816952,ANCHOR_02,52:06:26:03:01:DA,-94,4.900,4.900
1785929816981,ANCHOR_02,52:06:26:03:01:DA,-94,4.900,4.900
1785929817048,ANCHOR_01,52:06:26:03:01:DA,-97,4.900,4.900
1785929817051,ANCHOR_03,52:06:26:03:01:DA,-86,4.900,4.900
1785929817123,ANCHOR_02,52:06:26:03:01:DA,-94,4.900,4.900
1785929817133,ANCHOR_03,52:06:26:03:01:DA,-87,4.900,4.900
1785929817133,ANCHOR_01,52:06:26:03:01:DA,-98,4.900,4.900
1785929817178,ANCHOR_02,52:06:26:03:01:DA,-94,4.900,4.900
1785929817220,ANCHOR_03,52:06:26:03:01:DA,-87,4.900,4.900
1785929817436,ANCHOR_01,52:06:26:03:01:DA,-97,4.900,4.900
1785929817697,ANCHOR_01,52:06:26:03:01:DA,-98,4.900,4.900
1785929817909,ANCHOR_03,52:06:26:03:01:DA,-88,4.900,4.900
1785929817908,ANCHOR_02,52:06:26:03:01:DA,-93,4.900,4.900
1785929818093,ANCHOR_02,52:06:26:03:01:DA,-94,4.900,4.887
1785929818140,ANCHOR_03,52:06:26:03:01:DA,-86,4.900,4.887
1785929820507,ANCHOR_01,52:06:26:03:01:DA,-97,4.900,4.887
1785929822759,ANCHOR_03,52:06:26:03:01:DA,-87,4.900,4.788
1785929822805,ANCHOR_01,52:06:26:03:01:DA,-97,4.900,4.788
1785929822877,ANCHOR_02,52:06:26:03:01:DA,-94,4.900,4.788
1785929823108,ANCHOR_01,52:06:26:03:01:DA,-97,4.900,4.594
1785929823213,ANCHOR_03,52:06:26:03:01:DA,-87,4.900,4.594
1785929823219,ANCHOR_02,52:06:26:03:01:DA,-93,4.900,4.594
1785929823322,ANCHOR_02,52:06:26:03:01:DA,-93,4.900,4.300
1785929823328,ANCHOR_03,52:06:26:03:01:DA,-87,4.900,4.300
1785929823330,ANCHOR_01,52:06:26:03:01:DA,-97,4.900,4.300
1785929823397,ANCHOR_01,52:06:26:03:01:DA,-96,4.900,3.990
1785929823428,ANCHOR_03,52:06:26:03:01:DA,-88,4.900,3.990
1785929823465,ANCHOR_02,52:06:26:03:01:DA,-92,4.900,3.990
1785929823594,ANCHOR_02,52:06:26:03:01:DA,-91,4.900,3.672
1785929823601,ANCHOR_01,52:06:26:03:01:DA,-96,4.900,3.672
1785929823657,ANCHOR_03,52:06:26:03:01:DA,-87,4.900,3.672
1785929823725,ANCHOR_01,52:06:26:03:01:DA,-96,4.900,3.357
1785929823804,ANCHOR_03,52:06:26:03:01:DA,-89,4.900,3.357
1785929823864,ANCHOR_02,52:06:26:03:01:DA,-90,4.900,3.357
1785929823897,ANCHOR_02,52:06:26:03:01:DA,-88,4.900,3.048
1785929823948,ANCHOR_01,52:06:26:03:01:DA,-96,4.900,3.048
1785929824063,ANCHOR_03,52:06:26:03:01:DA,-89,4.900,3.048
1785929824134,ANCHOR_03,52:06:26:03:01:DA,-90,4.900,2.743
1785929824169,ANCHOR_01,52:06:26:03:01:DA,-96,4.900,2.743
1785929824249,ANCHOR_02,52:06:26:03:01:DA,-87,4.900,2.743
1785929824284,ANCHOR_03,52:06:26:03:01:DA,-91,4.900,2.435
1785929824355,ANCHOR_02,52:06:26:03:01:DA,-87,4.900,2.435
1785929824375,ANCHOR_01,52:06:26:03:01:DA,-95,4.900,2.435
1785929824431,ANCHOR_03,52:06:26:03:01:DA,-92,4.900,2.123
1785929824434,ANCHOR_01,52:06:26:03:01:DA,-94,4.900,2.123
1785929824502,ANCHOR_02,52:06:26:03:01:DA,-84,4.900,2.123
1785929824512,ANCHOR_02,52:06:26:03:01:DA,-83,4.900,1.801
1785929824517,ANCHOR_01,52:06:26:03:01:DA,-94,4.900,1.801
1785929824549,ANCHOR_03,52:06:26:03:01:DA,-92,4.900,1.801
1785929824580,ANCHOR_02,52:06:26:03:01:DA,-82,4.900,1.499
1785929824740,ANCHOR_01,52:06:26:03:01:DA,-94,4.900,1.499
1785929825061,ANCHOR_03,52:06:26:03:01:DA,-93,4.900,1.499
1785929825237,ANCHOR_02,52:06:26:03:01:DA,-79,4.900,1.179
1785929825281,ANCHOR_03,52:06:26:03:01:DA,-93,4.900,1.179
1785929825477,ANCHOR_01,52:06:26:03:01:DA,-94,4.900,1.179
1785929825495,ANCHOR_02,52:06:26:03:01:DA,-75,4.900,0.870
1785929825561,ANCHOR_03,52:06:26:03:01:DA,-94,4.900,0.870
1785929830222,ANCHOR_01,52:06:26:03:01:DA,-94,4.900,0.870
1785929830278,ANCHOR_01,52:06:26:03:01:DA,-95,4.900,0.568
1785929830496,ANCHOR_02,52:06:26:03:01:DA,-71,4.900,0.568
1785929830582,ANCHOR_03,52:06:26:03:01:DA,-95,4.900,0.568
1785929830594,ANCHOR_01,52:06:26:03:01:DA,-94,4.900,0.247
1785929830659,ANCHOR_02,52:06:26:03:01:DA,-69,4.900,0.247
1785929830662,ANCHOR_03,52:06:26:03:01:DA,-95,4.900,0.247
1785929830677,ANCHOR_02,52:06:26:03:01:DA,-69,4.900,0.100
1785929830813,ANCHOR_01,52:06:26:03:01:DA,-94,4.900,0.100
1785929830857,ANCHOR_03,52:06:26:03:01:DA,-95,4.900,0.100
1785929830898,ANCHOR_01,52:06:26:03:01:DA,-94,4.900,0.100
1785929830945,ANCHOR_01,52:06:26:03:01:DA,-94,4.900,0.100
1785929830983,ANCHOR_02,52:06:26:03:01:DA,-68,4.900,0.100
1785929831030,ANCHOR_03,52:06:26:03:01:DA,-95,4.900,0.100
1785929831084,ANCHOR_02,52:06:26:03:01:DA,-69,4.900,0.100
1785929831247,ANCHOR_03,52:06:26:03:01:DA,-95,4.900,0.100
1785929831251,ANCHOR_02,52:06:26:03:01:DA,-68,4.856,0.100
1785929831348,ANCHOR_01,52:06:26:03:01:DA,-94,4.856,0.100
1785929831368,ANCHOR_03,52:06:26:03:01:DA,-96,4.856,0.100
1785929831425,ANCHOR_02,52:06:26:03:01:DA,-70,4.708,0.100
1785929831484,ANCHOR_01,52:06:26:03:01:DA,-93,4.476,0.100
1785929831521,ANCHOR_02,52:06:26:03:01:DA,-71,4.476,0.100
1785929831571,ANCHOR_03,52:06:26:03:01:DA,-95,4.708,0.100
1785929831725,ANCHOR_01,52:06:26:03:01:DA,-93,4.708,0.100
1785929831771,ANCHOR_03,52:06:26:03:01:DA,-94,4.476,0.100
1785929831815,ANCHOR_02,52:06:26:03:01:DA,-75,4.176,0.100
1785929831910,ANCHOR_03,52:06:26:03:01:DA,-95,4.176,0.100
1785929832023,ANCHOR_01,52:06:26:03:01:DA,-92,4.176,0.100
1785929832023,ANCHOR_02,52:06:26:03:01:DA,-78,3.875,0.100
1785929832063,ANCHOR_03,52:06:26:03:01:DA,-94,3.569,0.100
1785929832064,ANCHOR_02,52:06:26:03:01:DA,-80,3.569,0.100
1785929832087,ANCHOR_02,52:06:26:03:01:DA,-82,3.254,0.100
1785929832091,ANCHOR_01,52:06:26:03:01:DA,-92,3.875,0.100
1785929832164,ANCHOR_03,52:06:26:03:01:DA,-94,3.875,0.100
1785929832635,ANCHOR_01,52:06:26:03:01:DA,-91,3.569,0.100
1785929832795,ANCHOR_03,52:06:26:03:01:DA,-94,2.976,0.100
1785929832847,ANCHOR_01,52:06:26:03:01:DA,-89,2.976,0.100
1785929833017,ANCHOR_02,52:06:26:03:01:DA,-83,2.976,0.100
1785929833068,ANCHOR_03,52:06:26:03:01:DA,-94,3.254,0.100
1785929833128,ANCHOR_01,52:06:26:03:01:DA,-90,3.254,0.100
1785929839311,ANCHOR_02,52:06:26:03:01:DA,-86,2.801,0.100
1785929839391,ANCHOR_03,52:06:26:03:01:DA,-95,2.801,0.100
1785929839640,ANCHOR_01,52:06:26:03:01:DA,-88,2.801,0.100
1785929839743,ANCHOR_02,52:06:26:03:01:DA,-85,2.721,0.100
1785929839747,ANCHOR_03,52:06:26:03:01:DA,-94,2.721,0.100
1785929839760,ANCHOR_01,52:06:26:03:01:DA,-88,2.721,0.100
1785929839802,ANCHOR_02,52:06:26:03:01:DA,-85,2.715,0.100
1785929839842,ANCHOR_03,52:06:26:03:01:DA,-94,2.715,0.100
1785929839939,ANCHOR_01,52:06:26:03:01:DA,-88,2.715,0.100
1785929839979,ANCHOR_02,52:06:26:03:01:DA,-85,2.715,0.100
1785929840024,ANCHOR_01,52:06:26:03:01:DA,-88,2.715,0.100
1785929840121,ANCHOR_03,52:06:26:03:01:DA,-94,2.715,0.100
1785929840148,ANCHOR_01,52:06:26:03:01:DA,-87,2.715,0.100
1785929840155,ANCHOR_03,52:06:26:03:01:DA,-94,2.715,0.100
1785929840281,ANCHOR_02,52:06:26:03:01:DA,-85,2.715,0.100
1785929840352,ANCHOR_03,52:06:26:03:01:DA,-94,2.715,0.100
1785929840400,ANCHOR_02,52:06:26:03:01:DA,-86,2.715,0.100
1785929840447,ANCHOR_01,52:06:26:03:01:DA,-88,2.715,0.100
1785929840509,ANCHOR_03,52:06:26:03:01:DA,-94,2.715,0.100
1785929840572,ANCHOR_01,52:06:26:03:01:DA,-87,2.715,0.100
1785929840578,ANCHOR_02,52:06:26:03:01:DA,-85,2.715,0.100
1785929840659,ANCHOR_01,52:06:26:03:01:DA,-88,2.715,0.100
1785929840664,ANCHOR_03,52:06:26:03:01:DA,-94,2.715,0.100
1785929840770,ANCHOR_02,52:06:26:03:01:DA,-86,2.715,0.100
1785929840839,ANCHOR_01,52:06:26:03:01:DA,-87,2.715,0.100
1785929840932,ANCHOR_03,52:06:26:03:01:DA,-95,2.715,0.100
1785929840971,ANCHOR_02,52:06:26:03:01:DA,-86,2.715,0.100
1785929840977,ANCHOR_01,52:06:26:03:01:DA,-87,2.715,0.100
1785929840981,ANCHOR_02,52:06:26:03:01:DA,-85,2.715,0.100
1785929841080,ANCHOR_03,52:06:26:03:01:DA,-94,2.715,0.100
1785929841112,ANCHOR_01,52:06:26:03:01:DA,-88,2.715,0.100
1785929841120,ANCHOR_02,52:06:26:03:01:DA,-85,2.715,0.100
1785929841124,ANCHOR_03,52:06:26:03:01:DA,-94,2.715,0.100
1785929841232,ANCHOR_03,52:06:26:03:01:DA,-93,2.715,0.100
1785929841687,ANCHOR_02,52:06:26:03:01:DA,-86,2.715,0.100
1785929841817,ANCHOR_01,52:06:26:03:01:DA,-87,2.715,0.100
1785929841856,ANCHOR_03,52:06:26:03:01:DA,-95,2.715,0.100
1785929841996,ANCHOR_02,52:06:26:03:01:DA,-86,2.715,0.100
1785929842074,ANCHOR_01,52:06:26:03:01:DA,-87,2.715,0.100
1785929842125,ANCHOR_01,52:06:26:03:01:DA,-88,2.715,0.100
1785929844596,ANCHOR_02,52:06:26:03:01:DA,-85,2.715,0.100
1785929844661,ANCHOR_03,52:06:26:03:01:DA,-94,2.715,0.100
1785929847233,ANCHOR_01,52:06:26:03:01:DA,-87,2.715,0.100
1785929847244,ANCHOR_02,52:06:26:03:01:DA,-85,2.715,0.100
1785929847290,ANCHOR_03,52:06:26:03:01:DA,-94,2.715,0.100
1785929847338,ANCHOR_01,52:06:26:03:01:DA,-87,2.715,0.100
1785929847380,ANCHOR_03,52:06:26:03:01:DA,-94,2.715,0.100
1785929847413,ANCHOR_02,52:06:26:03:01:DA,-86,2.715,0.100
1785929847514,ANCHOR_03,52:06:26:03:01:DA,-94,2.715,0.100
1785929847572,ANCHOR_01,52:06:26:03:01:DA,-87,2.715,0.100
1785929847618,ANCHOR_02,52:06:26:03:01:DA,-86,2.715,0.100
1785929847659,ANCHOR_02,52:06:26:03:01:DA,-86,2.715,0.100
1785929847763,ANCHOR_03,52:06:26:03:01:DA,-95,2.715,0.100
1785929847802,ANCHOR_01,52:06:26:03:01:DA,-87,2.715,0.100
1785929847926,ANCHOR_03,52:06:26:03:01:DA,-94,2.715,0.100
1785929847972,ANCHOR_01,52:06:26:03:01:DA,-87,2.715,0.100
1785929848076,ANCHOR_02,52:06:26:03:01:DA,-85,2.715,0.100
1785929848148,ANCHOR_01,52:06:26:03:01:DA,-88,2.715,0.100
1785929848148,ANCHOR_02,52:06:26:03:01:DA,-86,2.715,0.100
1785929848156,ANCHOR_03,52:06:26:03:01:DA,-94,2.715,0.100
1785929848161,ANCHOR_03,52:06:26:03:01:DA,-94,2.715,0.100
1785929848234,ANCHOR_02,52:06:26:03:01:DA,-85,2.715,0.100
1785929848241,ANCHOR_01,52:06:26:03:01:DA,-88,2.715,0.100
1785929848338,ANCHOR_02,52:06:26:03:01:DA,-85,2.715,0.100
1785929848404,ANCHOR_01,52:06:26:03:01:DA,-87,2.715,0.100
1785929848486,ANCHOR_03,52:06:26:03:01:DA,-94,2.715,0.100
1785929848488,ANCHOR_03,52:06:26:03:01:DA,-94,2.715,0.100
1785929848652,ANCHOR_02,52:06:26:03:01:DA,-86,2.715,0.100
1785929848652,ANCHOR_01,52:06:26:03:01:DA,-88,2.715,0.100
1785929848713,ANCHOR_03,52:06:26:03:01:DA,-94,2.715,0.100
1785929848697,ANCHOR_02,52:06:26:03:01:DA,-86,2.715,0.100
1785929848698,ANCHOR_01,52:06:26:03:01:DA,-88,2.715,0.100
1785929848756,ANCHOR_02,52:06:26:03:01:DA,-85,2.715,0.100
1785929848834,ANCHOR_03,52:06:26:03:01:DA,-94,2.715,0.100
1785929849232,ANCHOR_01,52:06:26:03:01:DA,-87,2.715,0.100
1785929849389,ANCHOR_02,52:06:26:03:01:DA,-85,2.715,0.100
1785929849464,ANCHOR_03,52:06:26:03:01:DA,-95,2.715,0.100
1785929849539,ANCHOR_01,52:06:26:03:01:DA,-88,2.715,0.100
1785929849671,ANCHOR_03,52:06:26:03:01:DA,-93,2.715,0.100
1785929849756,ANCHOR_02,52:06:26:03:01:DA,-85,2.715,0.100
1785929849773,ANCHOR_01,52:06:26:03:01:DA,-88,2.715,0.100
1785929849852,ANCHOR_01,52:06:26:03:01:DA,-88,2.715,0.100
1785929854739,ANCHOR_03,52:06:26:03:01:DA,-94,2.715,0.100
1785929854768,ANCHOR_02,52:06:26:03:01:DA,-87,2.715,0.100
1785929854837,ANCHOR_01,52:06:26:03:01:DA,-88,2.715,0.100
1785929854840,ANCHOR_02,52:06:26:03:01:DA,-86,2.715,0.100
1785929854918,ANCHOR_03,52:06:26:03:01:DA,-94,2.715,0.100
1785929854983,ANCHOR_01,52:06:26:03:01:DA,-87,2.715,0.100
1785929855046,ANCHOR_03,52:06:26:03:01:DA,-94,2.715,0.100
1785929855125,ANCHOR_02,52:06:26:03:01:DA,-85,2.715,0.100
1785929855143,ANCHOR_01,52:06:26:03:01:DA,-88,2.715,0.100
1785929855180,ANCHOR_02,52:06:26:03:01:DA,-85,2.715,0.100
1785929855336,ANCHOR_02,52:06:26:03:01:DA,-85,2.715,0.100
1785929855336,ANCHOR_03,52:06:26:03:01:DA,-94,2.715,0.100
1785929855517,ANCHOR_01,52:06:26:03:01:DA,-88,2.715,0.100
1785929855542,ANCHOR_02,52:06:26:03:01:DA,-86,2.715,0.100
1785929855542,ANCHOR_03,52:06:26:03:01:DA,-94,2.715,0.100
1785929855627,ANCHOR_01,52:06:26:03:01:DA,-88,2.715,0.100
1785929855717,ANCHOR_03,52:06:26:03:01:DA,-94,2.715,0.100
1785929855756,ANCHOR_03,52:06:26:03:01:DA,-94,2.715,0.100
1785929855760,ANCHOR_01,52:06:26:03:01:DA,-87,2.715,0.100
1785929855875,ANCHOR_02,52:06:26:03:01:DA,-86,2.715,0.100
1785929855876,ANCHOR_01,52:06:26:03:01:DA,-87,2.715,0.100
1785929855919,ANCHOR_02,52:06:26:03:01:DA,-85,2.715,0.100
1785929855943,ANCHOR_03,52:06:26:03:01:DA,-94,2.715,0.100
1785929855985,ANCHOR_02,52:06:26:03:01:DA,-86,2.715,0.100
1785929856015,ANCHOR_03,52:06:26:03:01:DA,-93,2.715,0.100
1785929856169,ANCHOR_02,52:06:26:03:01:DA,-85,2.715,0.100
1785929856163,ANCHOR_01,52:06:26:03:01:DA,-88,2.715,0.100
1785929856172,ANCHOR_03,52:06:26:03:01:DA,-94,2.715,0.100
1785929856221,ANCHOR_01,52:06:26:03:01:DA,-87,2.715,0.100
1785929856223,ANCHOR_03,52:06:26:03:01:DA,-93,2.715,0.100
1785929856279,ANCHOR_02,52:06:26:03:01:DA,-86,2.715,0.100
1785929856320,ANCHOR_01,52:06:26:03:01:DA,-87,2.715,0.100
1785929856747,ANCHOR_03,52:06:26:03:01:DA,-94,2.715,0.100
1785929856925,ANCHOR_02,52:06:26:03:01:DA,-85,2.715,0.100
1785929856958,ANCHOR_01,52:06:26:03:01:DA,-88,2.715,0.100
1785929857012,ANCHOR_03,52:06:26:03:01:DA,-94,2.715,0.100
1785929857151,ANCHOR_01,52:06:26:03:01:DA,-87,2.715,0.100
1785929857207,ANCHOR_02,52:06:26:03:01:DA,-86,2.715,0.100
1785929857214,ANCHOR_01,52:06:26:03:01:DA,-88,2.715,0.100
1785929857302,ANCHOR_03,52:06:26:03:01:DA,-94,2.715,0.100
1785929857546,ANCHOR_02,52:06:26:03:01:DA,-86,2.715,0.100
1785929859793,ANCHOR_03,52:06:26:03:01:DA,-94,2.715,0.100
1785929862150,ANCHOR_01,52:06:26:03:01:DA,-87,2.715,0.100
1785929862256,ANCHOR_02,52:06:26:03:01:DA,-86,2.715,0.100
1785929862256,ANCHOR_03,52:06:26:03:01:DA,-94,2.715,0.100
1785929862329,ANCHOR_02,52:06:26:03:01:DA,-87,2.715,0.100
1785929862422,ANCHOR_01,52:06:26:03:01:DA,-88,2.715,0.100
1785929862487,ANCHOR_01,52:06:26:03:01:DA,-87,2.715,0.100
1785929862570,ANCHOR_03,52:06:26:03:01:DA,-94,2.715,0.100
1785929862587,ANCHOR_02,52:06:26:03:01:DA,-86,2.715,0.100
1785929862614,ANCHOR_01,52:06:26:03:01:DA,-88,2.715,0.100
1785929862747,ANCHOR_02,52:06:26:03:01:DA,-85,2.715,0.100
1785929862791,ANCHOR_03,52:06:26:03:01:DA,-94,2.715,0.100
1785929862893,ANCHOR_02,52:06:26:03:01:DA,-85,2.715,0.100
1785929862929,ANCHOR_01,52:06:26:03:01:DA,-88,2.715,0.100
1785929863004,ANCHOR_03,52:06:26:03:01:DA,-94,2.715,0.100
1785929863030,ANCHOR_03,52:06:26:03:01:DA,-94,2.715,0.100
1785929863068,ANCHOR_02,52:06:26:03:01:DA,-86,2.715,0.100
1785929863131,ANCHOR_01,52:06:26:03:01:DA,-87,2.715,0.100
1785929863175,ANCHOR_01,52:06:26:03:01:DA,-88,2.715,0.100
1785929863182,ANCHOR_03,52:06:26:03:01:DA,-94,2.715,0.100
1785929863217,ANCHOR_02,52:06:26:03:01:DA,-86,2.715,0.100
1785929863310,ANCHOR_02,52:06:26:03:01:DA,-86,2.715,0.100
1785929863328,ANCHOR_01,52:06:26:03:01:DA,-87,2.715,0.100
1785929863393,ANCHOR_03,52:06:26:03:01:DA,-94,2.715,0.100
1785929863396,ANCHOR_01,52:06:26:03:01:DA,-87,2.715,0.100
1785929863505,ANCHOR_02,52:06:26:03:01:DA,-85,2.715,0.100
1785929863648,ANCHOR_03,52:06:26:03:01:DA,-94,2.715,0.100
1785929863694,ANCHOR_03,52:06:26:03:01:DA,-94,2.715,0.100
1785929863695,ANCHOR_01,52:06:26:03:01:DA,-88,2.715,0.100
1785929863710,ANCHOR_02,52:06:26:03:01:DA,-86,2.715,0.100
1785929863806,ANCHOR_01,52:06:26:03:01:DA,-87,2.715,0.100
1785929863828,ANCHOR_03,52:06:26:03:01:DA,-94,2.715,0.100
1785929864313,ANCHOR_02,52:06:26:03:01:DA,-86,2.715,0.100
1785929864665,ANCHOR_02,52:06:26:03:01:DA,-86,2.715,0.100
1785929864676,ANCHOR_01,52:06:26:03:01:DA,-86,2.715,0.100
1785929864679,ANCHOR_03,52:06:26:03:01:DA,-95,2.715,0.100
1785929864813,ANCHOR_01,52:06:26:03:01:DA,-87,2.715,0.100
1785929864913,ANCHOR_03,52:06:26:03:01:DA,-94,2.715,0.100
1785929864916,ANCHOR_02,52:06:26:03:01:DA,-86,2.715,0.100
1785929864990,ANCHOR_02,52:06:26:03:01:DA,-86,2.715,0.100
1785929865279,ANCHOR_03,52:06:26:03:01:DA,-94,2.715,0.100
1785929871087,ANCHOR_01,52:06:26:03:01:DA,-88,2.715,0.100
1785929871217,ANCHOR_02,52:06:26:03:01:DA,-85,2.715,0.100
1785929871218,ANCHOR_03,52:06:26:03:01:DA,-94,2.715,0.100
1785929871286,ANCHOR_01,52:06:26:03:01:DA,-87,2.715,0.100
1785929871339,ANCHOR_03,52:06:26:03:01:DA,-94,2.715,0.100
1785929871395,ANCHOR_01,52:06:26:03:01:DA,-87,2.715,0.100
1785929871451,ANCHOR_02,52:06:26:03:01:DA,-85,2.715,0.100
1785929871464,ANCHOR_01,52:06:26:03:01:DA,-89,2.715,0.100
1785929871564,ANCHOR_03,52:06:26:03:01:DA,-94,2.715,0.100
1785929871720,ANCHOR_02,52:06:26:03:01:DA,-86,2.715,0.100
1785929871781,ANCHOR_03,52:06:26:03:01:DA,-93,2.715,0.100
1785929871837,ANCHOR_01,52:06:26:03:01:DA,-87,2.715,0.100
1785929871879,ANCHOR_02,52:06:26:03:01:DA,-86,2.715,0.100
1785929871956,ANCHOR_01,52:06:26:03:01:DA,-88,2.715,0.100
1785929872040,ANCHOR_03,52:06:26:03:01:DA,-94,2.715,0.100
1785929872066,ANCHOR_02,52:06:26:03:01:DA,-85,2.715,0.100
1785929872109,ANCHOR_02,52:06:26:03:01:DA,-85,2.715,0.100
1785929872180,ANCHOR_03,52:06:26:03:01:DA,-95,2.715,0.100
1785929872192,ANCHOR_01,52:06:26:03:01:DA,-88,2.715,0.100
1785929872239,ANCHOR_03,52:06:26:03:01:DA,-93,2.715,0.100
1785929872310,ANCHOR_02,52:06:26:03:01:DA,-85,2.715,0.100
1785929872353,ANCHOR_01,52:06:26:03:01:DA,-87,2.715,0.100
1785929872436,ANCHOR_01,52:06:26:03:01:DA,-88,2.715,0.100
1785929872515,ANCHOR_02,52:06:26:03:01:DA,-85,2.715,0.100
1785929872538,ANCHOR_01,52:06:26:03:01:DA,-87,2.715,0.100
1785929872538,ANCHOR_03,52:06:26:03:01:DA,-95,2.715,0.100
1785929872630,ANCHOR_02,52:06:26:03:01:DA,-85,2.715,0.100
1785929872674,ANCHOR_03,52:06:26:03:01:DA,-94,2.715,0.100
1785929872730,ANCHOR_01,52:06:26:03:01:DA,-88,2.715,0.100
1785929872736,ANCHOR_02,52:06:26:03:01:DA,-85,2.715,0.100
1785929872786,ANCHOR_03,52:06:26:03:01:DA,-94,2.715,0.100
1785929873193,ANCHOR_02,52:06:26:03:01:DA,-87,2.715,0.100
1785929873404,ANCHOR_03,52:06:26:03:01:DA,-94,2.715,0.100
1785929873467,ANCHOR_01,52:06:26:03:01:DA,-88,2.715,0.100
1785929873514,ANCHOR_01,52:06:26:03:01:DA,-88,2.715,0.100
1785929873693,ANCHOR_02,52:06:26:03:01:DA,-87,2.715,0.100
1785929873736,ANCHOR_03,52:06:26:03:01:DA,-94,2.715,0.100
1785929873764,ANCHOR_02,52:06:26:03:01:DA,-85,2.715,0.100
1785929873861,ANCHOR_03,52:06:26:03:01:DA,-94,2.715,0.100
1785929874118,ANCHOR_01,52:06:26:03:01:DA,-87,2.715,0.100
1785929876708,ANCHOR_01,52:06:26:03:01:DA,-88,2.715,0.100
1785929879181,ANCHOR_03,52:06:26:03:01:DA,-94,2.715,0.100
1785929879240,ANCHOR_02,52:06:26:03:01:DA,-86,2.715,0.100
1785929879300,ANCHOR_01,52:06:26:03:01:DA,-88,2.715,0.100
1785929879302,ANCHOR_02,52:06:26:03:01:DA,-85,2.715,0.100
1785929879359,ANCHOR_03,52:06:26:03:01:DA,-94,2.715,0.100
1785929879399,ANCHOR_01,52:06:26:03:01:DA,-88,2.715,0.100
1785929879515,ANCHOR_03,52:06:26:03:01:DA,-94,2.715,0.100
1785929879519,ANCHOR_02,52:06:26:03:01:DA,-86,2.715,0.100
1785929879563,ANCHOR_01,52:06:26:03:01:DA,-88,2.715,0.100
1785929879679,ANCHOR_03,52:06:26:03:01:DA,-95,2.715,0.100
1785929879762,ANCHOR_02,52:06:26:03:01:DA,-86,2.715,0.100
1785929879806,ANCHOR_03,52:06:26:03:01:DA,-94,2.715,0.100
1785929879849,ANCHOR_02,52:06:26:03:01:DA,-85,2.715,0.100
1785929879852,ANCHOR_01,52:06:26:03:01:DA,-88,2.715,0.100
1785929879929,ANCHOR_02,52:06:26:03:01:DA,-87,2.715,0.100
1785929879954,ANCHOR_01,52:06:26:03:01:DA,-88,2.715,0.100
1785929879983,ANCHOR_03,52:06:26:03:01:DA,-93,2.715,0.100
1785929880047,ANCHOR_01,52:06:26:03:01:DA,-88,2.715,0.100
1785929880080,ANCHOR_03,52:06:26:03:01:DA,-94,2.715,0.100
1785929880136,ANCHOR_02,52:06:26:03:01:DA,-85,2.715,0.100
1785929880167,ANCHOR_02,52:06:26:03:01:DA,-86,2.715,0.100
1785929880194,ANCHOR_01,52:06:26:03:01:DA,-88,2.715,0.100
1785929880242,ANCHOR_03,52:06:26:03:01:DA,-94,2.715,0.100
1785929880301,ANCHOR_02,52:06:26:03:01:DA,-85,2.715,0.100
1785929880345,ANCHOR_03,52:06:26:03:01:DA,-94,2.715,0.100
1785929880384,ANCHOR_01,52:06:26:03:01:DA,-88,2.715,0.100
1785929880452,ANCHOR_02,52:06:26:03:01:DA,-86,2.715,0.100
1785929880452,ANCHOR_01,52:06:26:03:01:DA,-87,2.715,0.100
1785929880523,ANCHOR_03,52:06:26:03:01:DA,-95,2.715,0.100
1785929880569,ANCHOR_03,52:06:26:03:01:DA,-94,2.715,0.100
1785929880587,ANCHOR_02,52:06:26:03:01:DA,-85,2.715,0.100
1785929880894,ANCHOR_01,52:06:26:03:01:DA,-88,2.715,0.100
1785929881171,ANCHOR_03,52:06:26:03:01:DA,-94,2.715,0.100
1785929881233,ANCHOR_02,52:06:26:03:01:DA,-85,2.715,0.100
1785929881235,ANCHOR_01,52:06:26:03:01:DA,-87,2.715,0.100
1785929881345,ANCHOR_02,52:06:26:03:01:DA,-86,2.715,0.100
1785929881453,ANCHOR_01,52:06:26:03:01:DA,-88,2.715,0.100
1785929881533,ANCHOR_03,52:06:26:03:01:DA,-93,2.715,0.100
1785929881606,ANCHOR_01,52:06:26:03:01:DA,-87,2.715,0.100
1785929881724,ANCHOR_03,52:06:26:03:01:DA,-94,2.715,0.100
1785929881779,ANCHOR_02,52:06:26:03:01:DA,-85,2.715,0.100
1785929884204,ANCHOR_02,52:06:26:03:01:DA,-86,2.715,0.100
1785929886651,ANCHOR_03,52:06:26:03:01:DA,-94,2.715,0.100
1785929886682,ANCHOR_02,52:06:26:03:01:DA,-86,2.715,0.100
1785929886679,ANCHOR_01,52:06:26:03:01:DA,-88,2.715,0.100
1785929886698,ANCHOR_01,52:06:26:03:01:DA,-88,2.715,0.100
1785929886762,ANCHOR_03,52:06:26:03:01:DA,-94,2.715,0.100
1785929886800,ANCHOR_02,52:06:26:03:01:DA,-86,2.715,0.100
1785929886855,ANCHOR_02,52:06:26:03:01:DA,-86,2.715,0.100
1785929886901,ANCHOR_03,52:06:26:03:01:DA,-93,2.715,0.100
1785929887041,ANCHOR_03,52:06:26:03:01:DA,-94,2.715,0.100
1785929887091,ANCHOR_01,52:06:26:03:01:DA,-88,2.715,0.100
1785929887118,ANCHOR_01,52:06:26:03:01:DA,-87,2.715,0.100
1785929887155,ANCHOR_01,52:06:26:03:01:DA,-87,2.715,0.100
1785929887178,ANCHOR_02,52:06:26:03:01:DA,-86,2.715,0.100
1785929887215,ANCHOR_01,52:06:26:03:01:DA,-87,2.715,0.100
1785929887237,ANCHOR_03,52:06:26:03:01:DA,-94,2.715,0.100
1785929887292,ANCHOR_02,52:06:26:03:01:DA,-85,2.715,0.100
1785929887353,ANCHOR_03,52:06:26:03:01:DA,-95,2.715,0.100
1785929887358,ANCHOR_01,52:06:26:03:01:DA,-88,2.715,0.100
1785929887474,ANCHOR_02,52:06:26:03:01:DA,-86,2.715,0.100
1785929887495,ANCHOR_02,52:06:26:03:01:DA,-85,2.715,0.100
1785929887549,ANCHOR_03,52:06:26:03:01:DA,-94,2.715,0.100
1785929887556,ANCHOR_01,52:06:26:03:01:DA,-87,2.715,0.100
1785929887642,ANCHOR_03,52:06:26:03:01:DA,-93,2.715,0.100
1785929887673,ANCHOR_02,52:06:26:03:01:DA,-86,2.715,0.100
1785929887700,ANCHOR_02,52:06:26:03:01:DA,-85,2.715,0.100
1785929887818,ANCHOR_03,52:06:26:03:01:DA,-94,2.715,0.100
1785929887893,ANCHOR_02,52:06:26:03:01:DA,-85,2.715,0.100
1785929887927,ANCHOR_01,52:06:26:03:01:DA,-87,2.715,0.100
1785929887969,ANCHOR_03,52:06:26:03:01:DA,-94,2.715,0.100
1785929888045,ANCHOR_01,52:06:26:03:01:DA,-88,2.715,0.100
1785929888290,ANCHOR_03,52:06:26:03:01:DA,-95,2.715,0.100
1785929888585,ANCHOR_02,52:06:26:03:01:DA,-85,2.715,0.100
1785929888581,ANCHOR_01,52:06:26:03:01:DA,-88,2.715,0.100
1785929888630,ANCHOR_01,52:06:26:03:01:DA,-88,2.715,0.100
1785929888757,ANCHOR_03,52:06:26:03:01:DA,-94,2.715,0.100
1785929888831,ANCHOR_01,52:06:26:03:01:DA,-87,2.715,0.100
1785929888882,ANCHOR_02,52:06:26:03:01:DA,-86,2.715,0.100
1785929889007,ANCHOR_03,52:06:26:03:01:DA,-94,2.715,0.100
1785929889117,ANCHOR_01,52:06:26:03:01:DA,-88,2.715,0.100
1785929889168,ANCHOR_03,52:06:26:03:01:DA,-94,2.715,0.100
1785929889234,ANCHOR_02,52:06:26:03:01:DA,-85,2.715,0.100
1785929891632,ANCHOR_02,52:06:26:03:01:DA,-86,2.715,0.100
1785929893942,ANCHOR_01,52:06:26:03:01:DA,-87,2.715,0.100
1785929893963,ANCHOR_03,52:06:26:03:01:DA,-95,2.715,0.100
1785929893999,ANCHOR_03,52:06:26:03:01:DA,-94,2.715,0.100
1785929894065,ANCHOR_01,52:06:26:03:01:DA,-87,2.715,0.100
1785929894096,ANCHOR_02,52:06:26:03:01:DA,-85,2.715,0.100
1785929894113,ANCHOR_01,52:06:26:03:01:DA,-88,2.715,0.100
1785929894180,ANCHOR_03,52:06:26:03:01:DA,-94,2.715,0.100
1785929894303,ANCHOR_02,52:06:26:03:01:DA,-86,2.715,0.100
1785929894362,ANCHOR_02,52:06:26:03:01:DA,-85,2.715,0.100
1785929894416,ANCHOR_01,52:06:26:03:01:DA,-87,2.715,0.100
1785929894452,ANCHOR_03,52:06:26:03:01:DA,-94,2.715,0.100
1785929894494,ANCHOR_01,52:06:26:03:01:DA,-87,2.715,0.100
1785929894547,ANCHOR_03,52:06:26:03:01:DA,-94,2.715,0.100
1785929894583,ANCHOR_02,52:06:26:03:01:DA,-85,2.715,0.100
1785929894642,ANCHOR_01,52:06:26:03:01:DA,-87,2.715,0.100
1785929894701,ANCHOR_03,52:06:26:03:01:DA,-94,2.715,0.100
1785929894707,ANCHOR_02,52:06:26:03:01:DA,-85,2.715,0.100
1785929894827,ANCHOR_03,52:06:26:03:01:DA,-94,2.715,0.100
1785929894879,ANCHOR_02,52:06:26:03:01:DA,-86,2.715,0.100
1785929894895,ANCHOR_02,52:06:26:03:01:DA,-86,2.715,0.100
1785929894895,ANCHOR_01,52:06:26:03:01:DA,-87,2.715,0.100
1785929894994,ANCHOR_01,52:06:26:03:01:DA,-89,2.715,0.100
1785929895053,ANCHOR_03,52:06:26:03:01:DA,-94,2.715,0.100
1785929895062,ANCHOR_03,52:06:26:03:01:DA,-94,2.715,0.100
1785929895187,ANCHOR_01,52:06:26:03:01:DA,-87,2.715,0.100
1785929895332,ANCHOR_02,52:06:26:03:01:DA,-86,2.715,0.100
1785929895334,ANCHOR_01,52:06:26:03:01:DA,-88,2.715,0.100
1785929895336,ANCHOR_03,52:06:26:03:01:DA,-93,2.715,0.100
1785929895400,ANCHOR_02,52:06:26:03:01:DA,-85,2.715,0.100
1785929895586,ANCHOR_03,52:06:26:03:01:DA,-95,2.715,0.100
1785929895896,ANCHOR_01,52:06:26:03:01:DA,-88,2.715,0.100
1785929895937,ANCHOR_02,52:06:26:03:01:DA,-86,2.715,0.100
1785929895941,ANCHOR_01,52:06:26:03:01:DA,-88,2.715,0.100
1785929896038,ANCHOR_03,52:06:26:03:01:DA,-93,2.715,0.100
1785929896180,ANCHOR_03,52:06:26:03:01:DA,-93,2.715,0.100
1785929896178,ANCHOR_02,52:06:26:03:01:DA,-86,2.715,0.100
1785929896377,ANCHOR_02,52:06:26:03:01:DA,-86,2.715,0.100
1785929896540,ANCHOR_01,52:06:26:03:01:DA,-87,2.715,0.100
1785929896548,ANCHOR_02,52:06:26:03:01:DA,-85,2.715,0.100
1785929896651,ANCHOR_03,52:06:26:03:01:DA,-94,2.715,0.100
1785929901240,ANCHOR_01,52:06:26:03:01:DA,-87,2.715,0.100
1785929901304,ANCHOR_01,52:06:26:03:01:DA,-88,2.715,0.100
1785929901367,ANCHOR_03,52:06:26:03:01:DA,-94,2.715,0.100
1785929901404,ANCHOR_02,52:06:26:03:01:DA,-85,2.715,0.100
1785929901467,ANCHOR_01,52:06:26:03:01:DA,-88,2.715,0.100
1785929901561,ANCHOR_03,52:06:26:03:01:DA,-94,2.715,0.100
1785929901593,ANCHOR_02,52:06:26:03:01:DA,-86,2.715,0.100
1785929901715,ANCHOR_03,52:06:26:03:01:DA,-95,2.715,0.100
1785929901748,ANCHOR_02,52:06:26:03:01:DA,-85,2.715,0.100
1785929901848,ANCHOR_02,52:06:26:03:01:DA,-85,2.715,0.100
1785929901827,ANCHOR_01,52:06:26:03:01:DA,-88,2.715,0.100
1785929901872,ANCHOR_03,52:06:26:03:01:DA,-94,2.715,0.100
1785929901911,ANCHOR_01,52:06:26:03:01:DA,-87,2.715,0.100
1785929901918,ANCHOR_02,52:06:26:03:01:DA,-86,2.715,0.100
1785929901938,ANCHOR_03,52:06:26:03:01:DA,-93,2.715,0.100
1785929901971,ANCHOR_01,52:06:26:03:01:DA,-87,2.715,0.100
1785929902015,ANCHOR_01,52:06:26:03:01:DA,-87,2.715,0.100
1785929902068,ANCHOR_03,52:06:26:03:01:DA,-95,2.715,0.100
1785929902127,ANCHOR_02,52:06:26:03:01:DA,-86,2.715,0.100
1785929902184,ANCHOR_02,52:06:26:03:01:DA,-86,2.715,0.100
1785929902252,ANCHOR_01,52:06:26:03:01:DA,-88,2.715,0.100
1785929902324,ANCHOR_02,52:06:26:03:01:DA,-86,2.715,0.100
1785929902409,ANCHOR_03,52:06:26:03:01:DA,-95,2.715,0.100
1785929902415,ANCHOR_03,52:06:26:03:01:DA,-94,2.715,0.100
1785929902529,ANCHOR_01,52:06:26:03:01:DA,-87,2.715,0.100
1785929902638,ANCHOR_01,52:06:26:03:01:DA,-87,2.715,0.100
1785929902671,ANCHOR_02,52:06:26:03:01:DA,-85,2.715,0.100
1785929902715,ANCHOR_03,52:06:26:03:01:DA,-94,2.715,0.100
1785929902765,ANCHOR_03,52:06:26:03:01:DA,-94,2.715,0.100
1785929902904,ANCHOR_02,52:06:26:03:01:DA,-85,2.715,0.100
1785929903275,ANCHOR_01,52:06:26:03:01:DA,-87,2.715,0.100
1785929903275,ANCHOR_01,52:06:26:03:01:DA,-88,2.715,0.100
1785929903314,ANCHOR_02,52:06:26:03:01:DA,-86,2.715,0.100
1785929903368,ANCHOR_03,52:06:26:03:01:DA,-93,2.715,0.100
1785929903483,ANCHOR_03,52:06:26:03:01:DA,-94,2.715,0.100
1785929903515,ANCHOR_01,52:06:26:03:01:DA,-87,2.715,0.100
1785929903680,ANCHOR_02,52:06:26:03:01:DA,-85,2.715,0.100
1785929903774,ANCHOR_01,52:06:26:03:01:DA,-88,2.715,0.100
1785929903805,ANCHOR_02,52:06:26:03:01:DA,-86,2.715,0.100
1785929903971,ANCHOR_03,52:06:26:03:01:DA,-94,2.715,0.100
1785929906322,ANCHOR_03,52:06:26:03:01:DA,-94,2.715,0.100
1785929908628,ANCHOR_01,52:06:26:03:01:DA,-87,2.715,0.100
1785929908649,ANCHOR_02,52:06:26:03:01:DA,-85,2.715,0.100
1785929908717,ANCHOR_03,52:06:26:03:01:DA,-95,2.715,0.100
1785929908756,ANCHOR_02,52:06:26:03:01:DA,-86,2.715,0.100
1785929908885,ANCHOR_01,52:06:26:03:01:DA,-87,2.715,0.100
1785929909009,ANCHOR_01,52:06:26:03:01:DA,-87,2.715,0.100
1785929909015,ANCHOR_03,52:06:26:03:01:DA,-94,2.715,0.100
1785929909108,ANCHOR_02,52:06:26:03:01:DA,-86,2.715,0.100
1785929909133,ANCHOR_02,52:06:26:03:01:DA,-86,2.715,0.100
1785929909206,ANCHOR_01,52:06:26:03:01:DA,-88,2.715,0.100
1785929909197,ANCHOR_03,52:06:26:03:01:DA,-93,2.715,0.100
1785929909221,ANCHOR_02,52:06:26:03:01:DA,-86,2.715,0.100
1785929909279,ANCHOR_03,52:06:26:03:01:DA,-93,2.715,0.100
1785929909317,ANCHOR_01,52:06:26:03:01:DA,-88,2.715,0.100
1785929909318,ANCHOR_01,52:06:26:03:01:DA,-88,2.715,0.100
1785929909352,ANCHOR_02,52:06:26:03:01:DA,-86,2.715,0.100
1785929909388,ANCHOR_03,52:06:26:03:01:DA,-94,2.715,0.100
1785929909413,ANCHOR_01,52:06:26:03:01:DA,-88,2.715,0.100
1785929909479,ANCHOR_03,52:06:26:03:01:DA,-95,2.715,0.100
1785929909496,ANCHOR_02,52:06:26:03:01:DA,-86,2.715,0.100
1785929909544,ANCHOR_01,52:06:26:03:01:DA,-88,2.715,0.100
1785929909643,ANCHOR_02,52:06:26:03:01:DA,-85,2.715,0.100
1785929909693,ANCHOR_03,52:06:26:03:01:DA,-94,2.715,0.100
1785929909743,ANCHOR_03,52:06:26:03:01:DA,-92,2.715,0.100
1785929909837,ANCHOR_02,52:06:26:03:01:DA,-86,2.715,0.100
1785929909918,ANCHOR_01,52:06:26:03:01:DA,-88,2.715,0.100
1785929909973,ANCHOR_02,52:06:26:03:01:DA,-85,2.715,0.100
1785929910002,ANCHOR_03,52:06:26:03:01:DA,-93,2.715,0.100
1785929910049,ANCHOR_01,52:06:26:03:01:DA,-87,2.715,0.100
1785929910220,ANCHOR_03,52:06:26:03:01:DA,-94,2.715,0.100
1785929910521,ANCHOR_01,52:06:26:03:01:DA,-88,2.715,0.100
1785929910561,ANCHOR_02,52:06:26:03:01:DA,-85,2.715,0.100
1785929910611,ANCHOR_03,52:06:26:03:01:DA,-94,2.715,0.100
1785929910654,ANCHOR_02,52:06:26:03:01:DA,-86,2.715,0.100
1785929910806,ANCHOR_01,52:06:26:03:01:DA,-88,2.715,0.100
1785929910807,ANCHOR_03,52:06:26:03:01:DA,-93,2.715,0.100
1785929910994,ANCHOR_01,52:06:26:03:01:DA,-88,2.715,0.100
1785929911065,ANCHOR_02,52:06:26:03:01:DA,-86,2.715,0.100
1785929911106,ANCHOR_03,52:06:26:03:01:DA,-94,2.715,0.100
1785929911225,ANCHOR_01,52:06:26:03:01:DA,-87,2.715,0.100
1785929916037,ANCHOR_02,52:06:26:03:01:DA,-86,2.715,0.100
1785929916094,ANCHOR_02,52:06:26:03:01:DA,-86,2.715,0.100
1785929916184,ANCHOR_01,52:06:26:03:01:DA,-88,2.715,0.100
1785929916189,ANCHOR_03,52:06:26:03:01:DA,-94,2.715,0.100
1785929916300,ANCHOR_01,52:06:26:03:01:DA,-88,2.715,0.100
1785929916430,ANCHOR_03,52:06:26:03:01:DA,-94,2.715,0.100
1785929916460,ANCHOR_02,52:06:26:03:01:DA,-86,2.715,0.100
1785929916562,ANCHOR_02,52:06:26:03:01:DA,-86,2.715,0.100
1785929916680,ANCHOR_01,52:06:26:03:01:DA,-88,2.715,0.100
1785929916708,ANCHOR_03,52:06:26:03:01:DA,-94,2.715,0.100
1785929916736,ANCHOR_03,52:06:26:03:01:DA,-95,2.715,0.100
1785929916737,ANCHOR_01,52:06:26:03:01:DA,-87,2.715,0.100
1785929916800,ANCHOR_03,52:06:26:03:01:DA,-93,2.715,0.100
1785929916794,ANCHOR_02,52:06:26:03:01:DA,-85,2.715,0.100
1785929916807,ANCHOR_01,52:06:26:03:01:DA,-88,2.715,0.100
1785929916809,ANCHOR_03,52:06:26:03:01:DA,-94,2.715,0.100
1785929916836,ANCHOR_02,52:06:26:03:01:DA,-86,2.715,0.100
1785929916891,ANCHOR_01,52:06:26:03:01:DA,-87,2.715,0.100
1785929916918,ANCHOR_02,52:06:26:03:01:DA,-85,2.715,0.100
1785929916936,ANCHOR_03,52:06:26:03:01:DA,-94,2.715,0.100
1785929916983,ANCHOR_01,52:06:26:03:01:DA,-87,2.715,0.100
1785929917045,ANCHOR_02,52:06:26:03:01:DA,-86,2.715,0.100
1785929917106,ANCHOR_01,52:06:26:03:01:DA,-88,2.715,0.100
1785929917119,ANCHOR_02,52:06:26:03:01:DA,-85,2.715,0.100
1785929917251,ANCHOR_01,52:06:26:03:01:DA,-88,2.715,0.100
1785929917311,ANCHOR_03,52:06:26:03:01:DA,-93,2.715,0.100
1785929917398,ANCHOR_02,52:06:26:03:01:DA,-85,2.715,0.100
1785929917452,ANCHOR_03,52:06:26:03:01:DA,-94,2.715,0.100
1785929917525,ANCHOR_03,52:06:26:03:01:DA,-94,2.715,0.100
1785929917642,ANCHOR_02,52:06:26:03:01:DA,-85,2.715,0.100
1785929917948,ANCHOR_01,52:06:26:03:01:DA,-88,2.715,0.100
1785929917971,ANCHOR_03,52:06:26:03:01:DA,-94,2.715,0.100
1785929918045,ANCHOR_02,52:06:26:03:01:DA,-86,2.715,0.100
1785929918070,ANCHOR_01,52:06:26:03:01:DA,-87,2.715,0.100
1785929918243,ANCHOR_03,52:06:26:03:01:DA,-94,2.715,0.100
1785929918292,ANCHOR_02,52:06:26:03:01:DA,-86,2.715,0.100
1785929918445,ANCHOR_01,52:06:26:03:01:DA,-87,2.715,0.100
1785929918534,ANCHOR_02,52:06:26:03:01:DA,-86,2.715,0.100
1785929918577,ANCHOR_01,52:06:26:03:01:DA,-87,2.715,0.100
1785929918661,ANCHOR_03,52:06:26:03:01:DA,-93,2.715,0.100
1785929918697,ANCHOR_02,52:06:26:03:01:DA,-85,2.715,0.100
1785929921091,ANCHOR_03,52:06:26:03:01:DA,-94,2.715,0.100
1785929923478,ANCHOR_01,52:06:26:03:01:DA,-87,2.715,0.100
1785929923522,ANCHOR_02,52:06:26:03:01:DA,-86,2.715,0.100
1785929923573,ANCHOR_01,52:06:26:03:01:DA,-88,2.715,0.100
1785929923675,ANCHOR_03,52:06:26:03:01:DA,-94,2.715,0.100
1785929923795,ANCHOR_01,52:06:26:03:01:DA,-88,2.715,0.100
1785929923833,ANCHOR_03,52:06:26:03:01:DA,-94,2.715,0.100
1785929923934,ANCHOR_02,52:06:26:03:01:DA,-86,2.715,0.100
1785929924002,ANCHOR_03,52:06:26:03:01:DA,-94,2.715,0.100
1785929924021,ANCHOR_01,52:06:26:03:01:DA,-87,2.715,0.100
1785929924020,ANCHOR_02,52:06:26:03:01:DA,-86,2.715,0.100
1785929924076,ANCHOR_02,52:06:26:03:01:DA,-85,2.715,0.100
1785929924101,ANCHOR_03,52:06:26:03:01:DA,-94,2.715,0.100
1785929924164,ANCHOR_01,52:06:26:03:01:DA,-87,2.715,0.100
1785929924167,ANCHOR_03,52:06:26:03:01:DA,-95,2.715,0.100
1785929924216,ANCHOR_01,52:06:26:03:01:DA,-87,2.715,0.100
1785929924254,ANCHOR_02,52:06:26:03:01:DA,-86,2.715,0.100
1785929924258,ANCHOR_03,52:06:26:03:01:DA,-94,2.715,0.100
1785929924299,ANCHOR_02,52:06:26:03:01:DA,-85,2.715,0.100
1785929924343,ANCHOR_01,52:06:26:03:01:DA,-88,2.715,0.100
1785929924347,ANCHOR_03,52:06:26:03:01:DA,-93,2.715,0.100
1785929924418,ANCHOR_02,52:06:26:03:01:DA,-87,2.715,0.100
1785929924446,ANCHOR_01,52:06:26:03:01:DA,-88,2.715,0.100
1785929924489,ANCHOR_02,52:06:26:03:01:DA,-86,2.715,0.100
1785929924618,ANCHOR_03,52:06:26:03:01:DA,-94,2.715,0.100
1785929924662,ANCHOR_01,52:06:26:03:01:DA,-88,2.715,0.100
1785929924740,ANCHOR_03,52:06:26:03:01:DA,-95,2.715,0.100
1785929924785,ANCHOR_01,52:06:26:03:01:DA,-87,2.715,0.100
1785929924843,ANCHOR_02,52:06:26:03:01:DA,-86,2.715,0.100
1785929924979,ANCHOR_02,52:06:26:03:01:DA,-84,2.715,0.100
1785929925250,ANCHOR_03,52:06:26:03:01:DA,-94,2.715,0.100
1785929925305,ANCHOR_01,52:06:26:03:01:DA,-88,2.715,0.100
1785929925367,ANCHOR_01,52:06:26:03:01:DA,-88,2.715,0.100
1785929925432,ANCHOR_02,52:06:26:03:01:DA,-85,2.715,0.100
1785929925635,ANCHOR_03,52:06:26:03:01:DA,-94,2.715,0.100
1785929925639,ANCHOR_01,52:06:26:03:01:DA,-87,2.715,0.100
1785929925892,ANCHOR_02,52:06:26:03:01:DA,-86,2.715,0.100
1785929925967,ANCHOR_03,52:06:26:03:01:DA,-95,2.715,0.100
1785929926008,ANCHOR_02,52:06:26:03:01:DA,-86,2.715,0.100
1785929926051,ANCHOR_03,52:06:26:03:01:DA,-94,2.715,0.100
1785929926056,ANCHOR_01,52:06:26:03:01:DA,-87,2.715,0.100
1785929930697,ANCHOR_03,52:06:26:03:01:DA,-94,2.715,0.100
1785929930698,ANCHOR_02,52:06:26:03:01:DA,-85,2.715,0.100
1785929930731,ANCHOR_01,52:06:26:03:01:DA,-88,2.715,0.100
1785929930912,ANCHOR_02,52:06:26:03:01:DA,-86,2.715,0.100
1785929931046,ANCHOR_01,52:06:26:03:01:DA,-88,2.715,0.100
1785929931099,ANCHOR_03,52:06:26:03:01:DA,-93,2.715,0.100
1785929931135,ANCHOR_02,52:06:26:03:01:DA,-85,2.715,0.100
1785929931184,ANCHOR_03,52:06:26:03:01:DA,-93,2.715,0.100
1785929931207,ANCHOR_01,52:06:26:03:01:DA,-87,2.715,0.100
1785929931254,ANCHOR_01,52:06:26:03:01:DA,-88,2.715,0.100
1785929931269,ANCHOR_03,52:06:26:03:01:DA,-93,2.715,0.100
1785929931296,ANCHOR_02,52:06:26:03:01:DA,-85,2.715,0.100
1785929931309,ANCHOR_02,52:06:26:03:01:DA,-86,2.715,0.100
1785929931376,ANCHOR_01,52:06:26:03:01:DA,-88,2.715,0.100
1785929931381,ANCHOR_03,52:06:26:03:01:DA,-93,2.715,0.100
1785929931445,ANCHOR_01,52:06:26:03:01:DA,-88,2.715,0.100
1785929931455,ANCHOR_03,52:06:26:03:01:DA,-94,2.715,0.100
1785929931521,ANCHOR_02,52:06:26:03:01:DA,-85,2.715,0.100
1785929931538,ANCHOR_02,52:06:26:03:01:DA,-85,2.715,0.100
1785929931552,ANCHOR_03,52:06:26:03:01:DA,-95,2.715,0.100
1785929931650,ANCHOR_01,52:06:26:03:01:DA,-88,2.715,0.100
1785929931663,ANCHOR_01,52:06:26:03:01:DA,-88,2.715,0.100
1785929931731,ANCHOR_03,52:06:26:03:01:DA,-94,2.715,0.100
1785929931795,ANCHOR_02,52:06:26:03:01:DA,-86,2.715,0.100
1785929931880,ANCHOR_02,52:06:26:03:01:DA,-86,2.715,0.100
1785929931921,ANCHOR_01,52:06:26:03:01:DA,-88,2.715,0.100
1785929931971,ANCHOR_03,52:06:26:03:01:DA,-93,2.715,0.100
1785929932068,ANCHOR_03,52:06:26:03:01:DA,-95,2.715,0.100
1785929932189,ANCHOR_02,52:06:26:03:01:DA,-86,2.715,0.100
1785929932492,ANCHOR_01,52:06:26:03:01:DA,-88,2.715,0.100
1785929932550,ANCHOR_01,52:06:26:03:01:DA,-88,2.715,0.100
1785929932605,ANCHOR_03,52:06:26:03:01:DA,-94,2.715,0.100
1785929932710,ANCHOR_02,52:06:26:03:01:DA,-85,2.715,0.100
1785929932823,ANCHOR_03,52:06:26:03:01:DA,-94,2.715,0.100
1785929932861,ANCHOR_01,52:06:26:03:01:DA,-88,2.715,0.100
1785929933070,ANCHOR_02,52:06:26:03:01:DA,-86,2.715,0.100
1785929933135,ANCHOR_01,52:06:26:03:01:DA,-88,2.715,0.100
1785929933165,ANCHOR_02,52:06:26:03:01:DA,-85,2.715,0.100
1785929933195,ANCHOR_03,52:06:26:03:01:DA,-94,2.715,0.100
1785929933241,ANCHOR_03,52:06:26:03:01:DA,-95,2.715,0.100
1785929935580,ANCHOR_02,52:06:26:03:01:DA,-86,2.715,0.100
1785929935643,ANCHOR_01,52:06:26:03:01:DA,-87,2.715,0.100
1785929937977,ANCHOR_01,52:06:26:03:01:DA,-88,2.715,0.100
1785929938009,ANCHOR_02,52:06:26:03:01:DA,-85,2.715,0.100
1785929938144,ANCHOR_03,52:06:26:03:01:DA,-93,2.715,0.100
1785929938328,ANCHOR_02,52:06:26:03:01:DA,-85,2.715,0.100
1785929938358,ANCHOR_03,52:06:26:03:01:DA,-94,2.715,0.100
1785929938401,ANCHOR_01,52:06:26:03:01:DA,-87,2.715,0.100
1785929938442,ANCHOR_03,52:06:26:03:01:DA,-93,2.715,0.100
1785929938481,ANCHOR_01,52:06:26:03:01:DA,-87,2.715,0.100
1785929938519,ANCHOR_02,52:06:26:03:01:DA,-85,2.715,0.100
1785929938521,ANCHOR_01,52:06:26:03:01:DA,-88,2.715,0.100
1785929938563,ANCHOR_03,52:06:26:03:01:DA,-94,2.715,0.100
1785929938607,ANCHOR_02,52:06:26:03:01:DA,-86,2.715,0.100
1785929938634,ANCHOR_01,52:06:26:03:01:DA,-87,2.715,0.100
1785929938708,ANCHOR_03,52:06:26:03:01:DA,-94,2.715,0.100
1785929938727,ANCHOR_02,52:06:26:03:01:DA,-86,2.715,0.100
1785929938744,ANCHOR_02,52:06:26:03:01:DA,-85,2.715,0.100
1785929938762,ANCHOR_01,52:06:26:03:01:DA,-88,2.715,0.100
1785929938770,ANCHOR_03,52:06:26:03:01:DA,-94,2.715,0.100
1785929938844,ANCHOR_03,52:06:26:03:01:DA,-94,2.715,0.100
1785929938863,ANCHOR_01,52:06:26:03:01:DA,-88,2.715,0.100
1785929938898,ANCHOR_02,52:06:26:03:01:DA,-85,2.715,0.100
1785929938968,ANCHOR_02,52:06:26:03:01:DA,-85,2.715,0.100
1785929939033,ANCHOR_03,52:06:26:03:01:DA,-95,2.715,0.100
1785929939101,ANCHOR_01,52:06:26:03:01:DA,-87,2.715,0.100
1785929939150,ANCHOR_01,52:06:26:03:01:DA,-87,2.715,0.100
1785929939211,ANCHOR_02,52:06:26:03:01:DA,-85,2.715,0.100
1785929939317,ANCHOR_03,52:06:26:03:01:DA,-95,2.715,0.100
1785929939378,ANCHOR_03,52:06:26:03:01:DA,-93,2.715,0.100
1785929939719,ANCHOR_02,52:06:26:03:01:DA,-85,2.715,0.100
1785929939864,ANCHOR_01,52:06:26:03:01:DA,-87,2.715,0.100
1785929939868,ANCHOR_03,52:06:26:03:01:DA,-94,2.715,0.100
1785929939914,ANCHOR_01,52:06:26:03:01:DA,-89,2.715,0.100
1785929939996,ANCHOR_02,52:06:26:03:01:DA,-85,2.715,0.100
1785929940088,ANCHOR_03,52:06:26:03:01:DA,-94,2.715,0.100
1785929940272,ANCHOR_02,52:06:26:03:01:DA,-85,2.715,0.100
1785929940368,ANCHOR_01,52:06:26:03:01:DA,-87,2.715,0.100
1785929940369,ANCHOR_02,52:06:26:03:01:DA,-86,2.715,0.100
1785929940406,ANCHOR_03,52:06:26:03:01:DA,-94,2.715,0.100
1785929940455,ANCHOR_01,52:06:26:03:01:DA,-87,2.715,0.100
1785929940517,ANCHOR_02,52:06:26:03:01:DA,-86,2.715,0.100
1785929945067,ANCHOR_01,52:06:26:03:01:DA,-88,2.715,0.100
1785929945151,ANCHOR_03,52:06:26:03:01:DA,-94,2.715,0.100
1785929945242,ANCHOR_02,52:06:26:03:01:DA,-87,2.715,0.100
1785929945411,ANCHOR_01,52:06:26:03:01:DA,-87,2.715,0.100
1785929945594,ANCHOR_03,52:06:26:03:01:DA,-93,2.715,0.100
1785929945624,ANCHOR_02,52:06:26:03:01:DA,-85,2.715,0.100
1785929945679,ANCHOR_03,52:06:26:03:01:DA,-95,2.715,0.100
1785929945733,ANCHOR_01,52:06:26:03:01:DA,-88,2.715,0.100
1785929945768,ANCHOR_03,52:06:26:03:01:DA,-94,2.715,0.100
1785929945803,ANCHOR_02,52:06:26:03:01:DA,-86,2.715,0.100
1785929945874,ANCHOR_01,52:06:26:03:01:DA,-88,2.715,0.100
1785929945873,ANCHOR_01,52:06:26:03:01:DA,-88,2.715,0.100
1785929945902,ANCHOR_03,52:06:26:03:01:DA,-94,2.715,0.100
1785929945937,ANCHOR_02,52:06:26:03:01:DA,-86,2.715,0.100
1785929945980,ANCHOR_02,52:06:26:03:01:DA,-86,2.715,0.100
1785929945979,ANCHOR_01,52:06:26:03:01:DA,-87,2.715,0.100
1785929946001,ANCHOR_03,52:06:26:03:01:DA,-94,2.715,0.100
1785929946030,ANCHOR_01,52:06:26:03:01:DA,-88,2.715,0.100
1785929946061,ANCHOR_02,52:06:26:03:01:DA,-86,2.715,0.100
1785929946106,ANCHOR_03,52:06:26:03:01:DA,-94,2.715,0.100
1785929946266,ANCHOR_02,52:06:26:03:01:DA,-85,2.715,0.100
1785929946249,ANCHOR_01,52:06:26:03:01:DA,-87,2.715,0.100
1785929946282,ANCHOR_03,52:06:26:03:01:DA,-93,2.715,0.100
1785929946344,ANCHOR_02,52:06:26:03:01:DA,-85,2.715,0.100
1785929946433,ANCHOR_03,52:06:26:03:01:DA,-94,2.715,0.100
1785929946442,ANCHOR_01,52:06:26:03:01:DA,-88,2.715,0.100
1785929946506,ANCHOR_01,52:06:26:03:01:DA,-88,2.715,0.100
1785929946599,ANCHOR_03,52:06:26:03:01:DA,-94,2.715,0.100
1785929946645,ANCHOR_02,52:06:26:03:01:DA,-86,2.715,0.100
1785929946985,ANCHOR_02,52:06:26:03:01:DA,-85,2.715,0.100
1785929947110,ANCHOR_01,52:06:26:03:01:DA,-87,2.715,0.100
1785929947174,ANCHOR_03,52:06:26:03:01:DA,-94,2.715,0.100
1785929947217,ANCHOR_02,52:06:26:03:01:DA,-86,2.715,0.100
1785929947294,ANCHOR_01,52:06:26:03:01:DA,-88,2.715,0.100
1785929947392,ANCHOR_03,52:06:26:03:01:DA,-94,2.715,0.100
1785929947626,ANCHOR_03,52:06:26:03:01:DA,-93,2.715,0.100
1785929947723,ANCHOR_02,52:06:26:03:01:DA,-85,2.715,0.100
1785929947745,ANCHOR_01,52:06:26:03:01:DA,-87,2.715,0.100
1785929947816,ANCHOR_02,52:06:26:03:01:DA,-86,2.715,0.100
1785929947855,ANCHOR_01,52:06:26:03:01:DA,-86,2.715,0.100
1785929950004,ANCHOR_03,52:06:26:03:01:DA,-94,2.715,0.100
1785929952279,ANCHOR_02,52:06:26:03:01:DA,-86,2.715,0.100
1785929952363,ANCHOR_03,52:06:26:03:01:DA,-94,2.715,0.100
1785929952404,ANCHOR_01,52:06:26:03:01:DA,-86,2.715,0.100
1785929952638,ANCHOR_01,52:06:26:03:01:DA,-87,2.715,0.100
1785929952830,ANCHOR_03,52:06:26:03:01:DA,-94,2.715,0.100
1785929952830,ANCHOR_02,52:06:26:03:01:DA,-86,2.715,0.100
1785929952892,ANCHOR_03,52:06:26:03:01:DA,-94,2.715,0.100
1785929952925,ANCHOR_01,52:06:26:03:01:DA,-88,2.715,0.100
1785929952988,ANCHOR_02,52:06:26:03:01:DA,-85,2.715,0.100
1785929952996,ANCHOR_03,52:06:26:03:01:DA,-94,2.715,0.100
1785929952998,ANCHOR_02,52:06:26:03:01:DA,-87,2.715,0.100
1785929953075,ANCHOR_01,52:06:26:03:01:DA,-87,2.715,0.100
1785929953133,ANCHOR_02,52:06:26:03:01:DA,-85,2.715,0.100
1785929953167,ANCHOR_03,52:06:26:03:01:DA,-93,2.715,0.100
1785929953170,ANCHOR_01,52:06:26:03:01:DA,-87,2.715,0.100
1785929953174,ANCHOR_01,52:06:26:03:01:DA,-88,2.715,0.100
1785929953184,ANCHOR_03,52:06:26:03:01:DA,-94,2.715,0.100
1785929953226,ANCHOR_02,52:06:26:03:01:DA,-86,2.715,0.100
1785929953272,ANCHOR_03,52:06:26:03:01:DA,-94,2.715,0.100
1785929953336,ANCHOR_01,52:06:26:03:01:DA,-87,2.715,0.100
1785929953361,ANCHOR_02,52:06:26:03:01:DA,-86,2.715,0.100
1785929953429,ANCHOR_02,52:06:26:03:01:DA,-85,2.715,0.100
1785929953486,ANCHOR_03,52:06:26:03:01:DA,-93,2.715,0.100
1785929953494,ANCHOR_01,52:06:26:03:01:DA,-86,2.715,0.100
1785929953587,ANCHOR_03,52:06:26:03:01:DA,-94,2.715,0.100
1785929953645,ANCHOR_02,52:06:26:03:01:DA,-86,2.715,0.100
1785929953708,ANCHOR_01,52:06:26:03:01:DA,-88,2.715,0.100
1785929953772,ANCHOR_02,52:06:26:03:01:DA,-85,2.715,0.100
1785929953825,ANCHOR_01,52:06:26:03:01:DA,-87,2.715,0.100
1785929954149,ANCHOR_03,52:06:26:03:01:DA,-94,2.715,0.100
1785929954253,ANCHOR_03,52:06:26:03:01:DA,-95,2.715,0.100
1785929954324,ANCHOR_01,52:06:26:03:01:DA,-88,2.715,0.100
1785929954400,ANCHOR_02,52:06:26:03:01:DA,-86,2.715,0.100
1785929954471,ANCHOR_01,52:06:26:03:01:DA,-87,2.715,0.100
1785929954579,ANCHOR_02,52:06:26:03:01:DA,-86,2.715,0.100
1785929954827,ANCHOR_03,52:06:26:03:01:DA,-93,2.715,0.100
1785929954850,ANCHOR_02,52:06:26:03:01:DA,-86,2.715,0.100
1785929954914,ANCHOR_01,52:06:26:03:01:DA,-87,2.715,0.100
1785929955006,ANCHOR_03,52:06:26:03:01:DA,-94,2.715,0.100
1785929955109,ANCHOR_02,52:06:26:03:01:DA,-86,2.715,0.100
1785929955156,ANCHOR_01,52:06:26:03:01:DA,-87,2.715,0.100
1785929957271,ANCHOR_03,52:06:26:03:01:DA,-95,2.715,0.100
1785929959626,ANCHOR_02,52:06:26:03:01:DA,-86,2.715,0.100
1785929959649,ANCHOR_03,52:06:26:03:01:DA,-94,2.715,0.100
1785929959830,ANCHOR_01,52:06:26:03:01:DA,-87,2.715,0.100
1785929960036,ANCHOR_01,52:06:26:03:01:DA,-88,2.715,0.100
1785929960043,ANCHOR_02,52:06:26:03:01:DA,-86,2.715,0.100
1785929960095,ANCHOR_03,52:06:26:03:01:DA,-94,2.715,0.100
1785929960135,ANCHOR_03,52:06:26:03:01:DA,-94,2.715,0.100
1785929960156,ANCHOR_02,52:06:26:03:01:DA,-85,2.715,0.100
1785929960195,ANCHOR_01,52:06:26:03:01:DA,-88,2.715,0.100
1785929960301,ANCHOR_01,52:06:26:03:01:DA,-87,2.715,0.100
1785929960303,ANCHOR_03,52:06:26:03:01:DA,-94,2.715,0.100
1785929960314,ANCHOR_02,52:06:26:03:01:DA,-86,2.715,0.100
1785929960317,ANCHOR_03,52:06:26:03:01:DA,-94,2.715,0.100
1785929960386,ANCHOR_02,52:06:26:03:01:DA,-86,2.715,0.100
1785929960413,ANCHOR_01,52:06:26:03:01:DA,-87,2.715,0.100
1785929960451,ANCHOR_02,52:06:26:03:01:DA,-86,2.715,0.100
1785929960456,ANCHOR_03,52:06:26:03:01:DA,-94,2.715,0.100
1785929960500,ANCHOR_01,52:06:26:03:01:DA,-87,2.715,0.100
1785929960555,ANCHOR_01,52:06:26:03:01:DA,-88,2.715,0.100
1785929960555,ANCHOR_03,52:06:26:03:01:DA,-95,2.715,0.100
1785929960622,ANCHOR_02,52:06:26:03:01:DA,-85,2.715,0.100
1785929960661,ANCHOR_03,52:06:26:03:01:DA,-94,2.715,0.100
1785929960690,ANCHOR_01,52:06:26:03:01:DA,-88,2.715,0.100
1785929960779,ANCHOR_02,52:06:26:03:01:DA,-85,2.715,0.100
1785929960827,ANCHOR_02,52:06:26:03:01:DA,-86,2.715,0.100
1785929960891,ANCHOR_01,52:06:26:03:01:DA,-87,2.715,0.100
1785929960997,ANCHOR_03,52:06:26:03:01:DA,-94,2.715,0.100
1785929961029,ANCHOR_03,52:06:26:03:01:DA,-94,2.715,0.100
1785929961333,ANCHOR_02,52:06:26:03:01:DA,-85,2.715,0.100
1785929961471,ANCHOR_01,52:06:26:03:01:DA,-88,2.715,0.100
1785929961495,ANCHOR_01,52:06:26:03:01:DA,-88,2.715,0.100
1785929961580,ANCHOR_02,52:06:26:03:01:DA,-86,2.715,0.100
1785929961652,ANCHOR_03,52:06:26:03:01:DA,-94,2.715,0.100
1785929961762,ANCHOR_02,52:06:26:03:01:DA,-85,2.715,0.100
1785929961992,ANCHOR_01,52:06:26:03:01:DA,-88,2.715,0.100
1785929962039,ANCHOR_03,52:06:26:03:01:DA,-95,2.715,0.100
1785929962089,ANCHOR_01,52:06:26:03:01:DA,-87,2.715,0.100
1785929962096,ANCHOR_03,52:06:26:03:01:DA,-93,2.715,0.100
1785929962286,ANCHOR_02,52:06:26:03:01:DA,-87,2.715,0.100
1785929962385,ANCHOR_01,52:06:26:03:01:DA,-87,2.715,0.100
1785929964455,ANCHOR_03,52:06:26:03:01:DA,-93,2.715,0.100
1785929964520,ANCHOR_02,52:06:26:03:01:DA,-86,2.715,0.100
1785929964732,ANCHOR_01,52:06:26:03:01:DA,-88,2.715,0.100
1785929966808,ANCHOR_02,52:06:26:03:01:DA,-86,2.715,0.100
1785929967185,ANCHOR_03,52:06:26:03:01:DA,-94,2.715,0.100
1785929967187,ANCHOR_03,52:06:26:03:01:DA,-94,2.715,0.100
1785929967245,ANCHOR_02,52:06:26:03:01:DA,-87,2.715,0.100
1785929967279,ANCHOR_02,52:06:26:03:01:DA,-85,2.715,0.100
1785929967320,ANCHOR_01,52:06:26:03:01:DA,-88,2.715,0.100
1785929967355,ANCHOR_01,52:06:26:03:01:DA,-87,2.715,0.100
1785929967417,ANCHOR_03,52:06:26:03:01:DA,-94,2.715,0.100
1785929967442,ANCHOR_02,52:06:26:03:01:DA,-85,2.715,0.100
1785929967470,ANCHOR_02,52:06:26:03:01:DA,-85,2.715,0.100
1785929967576,ANCHOR_03,52:06:26:03:01:DA,-93,2.715,0.100
1785929967603,ANCHOR_01,52:06:26:03:01:DA,-86,2.715,0.100
1785929967622,ANCHOR_01,52:06:26:03:01:DA,-88,2.715,0.100
1785929967641,ANCHOR_03,52:06:26:03:01:DA,-94,2.715,0.100
1785929967641,ANCHOR_03,52:06:26:03:01:DA,-94,2.715,0.100
1785929967670,ANCHOR_02,52:06:26:03:01:DA,-85,2.715,0.100
1785929967691,ANCHOR_01,52:06:26:03:01:DA,-87,2.715,0.100
1785929967739,ANCHOR_02,52:06:26:03:01:DA,-85,2.715,0.100
1785929967822,ANCHOR_01,52:06:26:03:01:DA,-88,2.715,0.100
1785929967826,ANCHOR_03,52:06:26:03:01:DA,-93,2.715,0.100
1785929967887,ANCHOR_02,52:06:26:03:01:DA,-86,2.715,0.100
1785929967945,ANCHOR_01,52:06:26:03:01:DA,-86,2.715,0.100
1785929968032,ANCHOR_03,52:06:26:03:01:DA,-93,2.715,0.100
1785929968072,ANCHOR_01,52:06:26:03:01:DA,-88,2.715,0.100
1785929968161,ANCHOR_03,52:06:26:03:01:DA,-94,2.715,0.100
1785929968249,ANCHOR_03,52:06:26:03:01:DA,-94,2.715,0.100
1785929968586,ANCHOR_02,52:06:26:03:01:DA,-85,2.715,0.100
1785929968710,ANCHOR_01,52:06:26:03:01:DA,-88,2.715,0.100
1785929968754,ANCHOR_02,52:06:26:03:01:DA,-86,2.715,0.100
1785929968810,ANCHOR_01,52:06:26:03:01:DA,-87,2.715,0.100
1785929968902,ANCHOR_02,52:06:26:03:01:DA,-86,2.715,0.100
1785929968997,ANCHOR_03,52:06:26:03:01:DA,-94,2.715,0.100
1785929969223,ANCHOR_03,52:06:26:03:01:DA,-94,2.715,0.100
1785929969264,ANCHOR_01,52:06:26:03:01:DA,-88,2.715,0.100
1785929969313,ANCHOR_02,52:06:26:03:01:DA,-86,2.715,0.100
1785929969339,ANCHOR_01,52:06:26:03:01:DA,-88,2.715,0.100
1785929969368,ANCHOR_03,52:06:26:03:01:DA,-93,2.715,0.100
1785929969412,ANCHOR_02,52:06:26:03:01:DA,-86,2.715,0.100
1785929969497,ANCHOR_03,52:06:26:03:01:DA,-93,2.715,0.100
1785929969577,ANCHOR_01,52:06:26:03:01:DA,-88,2.715,0.100
1785929969618,ANCHOR_02,52:06:26:03:01:DA,-86,2.715,0.100
1785929972032,ANCHOR_02,52:06:26:03:01:DA,-86,2.715,0.100
1785929972111,ANCHOR_01,52:06:26:03:01:DA,-88,2.715,0.100
1785929972117,ANCHOR_03,52:06:26:03:01:DA,-93,2.715,0.100
1785929972160,ANCHOR_01,52:06:26:03:01:DA,-87,2.715,0.100
1785929974757,ANCHOR_03,52:06:26:03:01:DA,-94,2.715,0.100
1785929974870,ANCHOR_02,52:06:26:03:01:DA,-85,2.715,0.100
1785929975289,ANCHOR_01,52:06:26:03:01:DA,-88,2.715,0.100
1785929975394,ANCHOR_03,52:06:26:03:01:DA,-94,2.715,0.100
1785929975602,ANCHOR_02,52:06:26:03:01:DA,-86,2.715,0.100
1785929975682,ANCHOR_02,52:06:26:03:01:DA,-86,2.715,0.100
1785929975686,ANCHOR_03,52:06:26:03:01:DA,-93,2.715,0.100
1785929975757,ANCHOR_01,52:06:26:03:01:DA,-87,2.715,0.100
1785929975829,ANCHOR_02,52:06:26:03:01:DA,-86,2.715,0.100
1785929975831,ANCHOR_01,52:06:26:03:01:DA,-88,2.715,0.100
1785929975895,ANCHOR_03,52:06:26:03:01:DA,-96,2.715,0.100
1785929975948,ANCHOR_01,52:06:26:03:01:DA,-87,2.715,0.100
1785929976000,ANCHOR_03,52:06:26:03:01:DA,-94,2.715,0.100
1785929975993,ANCHOR_02,52:06:26:03:01:DA,-85,2.715,0.100
1785929976057,ANCHOR_01,52:06:26:03:01:DA,-88,2.715,0.100
1785929976111,ANCHOR_03,52:06:26:03:01:DA,-94,2.715,0.100
1785929976226,ANCHOR_02,52:06:26:03:01:DA,-86,2.715,0.100
1785929976244,ANCHOR_02,52:06:26:03:01:DA,-86,2.715,0.100
1785929976268,ANCHOR_03,52:06:26:03:01:DA,-94,2.715,0.100
1785929976422,ANCHOR_01,52:06:26:03:01:DA,-87,2.715,0.100
1785929976425,ANCHOR_02,52:06:26:03:01:DA,-86,2.715,0.100
1785929976525,ANCHOR_01,52:06:26:03:01:DA,-88,2.715,0.100
1785929976631,ANCHOR_03,52:06:26:03:01:DA,-93,2.715,0.100
1785929976966,ANCHOR_03,52:06:26:03:01:DA,-94,2.715,0.100
1785929977144,ANCHOR_01,52:06:26:03:01:DA,-87,2.715,0.100
1785929977146,ANCHOR_02,52:06:26:03:01:DA,-86,2.715,0.100
1785929977229,ANCHOR_03,52:06:26:03:01:DA,-94,2.715,0.100
1785929977335,ANCHOR_02,52:06:26:03:01:DA,-86,2.715,0.100
1785929977479,ANCHOR_01,52:06:26:03:01:DA,-88,2.715,0.100
1785929977758,ANCHOR_02,52:06:26:03:01:DA,-86,2.715,0.100
1785929977809,ANCHOR_03,52:06:26:03:01:DA,-95,2.715,0.100
1785929977917,ANCHOR_01,52:06:26:03:01:DA,-87,2.715,0.100
1785929978004,ANCHOR_03,52:06:26:03:01:DA,-94,2.715,0.100
1785929978044,ANCHOR_01,52:06:26:03:01:DA,-88,2.715,0.100
1785929978087,ANCHOR_02,52:06:26:03:01:DA,-84,2.715,0.100
1785929978196,ANCHOR_02,52:06:26:03:01:DA,-86,2.715,0.100
1785929978235,ANCHOR_01,52:06:26:03:01:DA,-87,2.715,0.100
1785929978306,ANCHOR_03,52:06:26:03:01:DA,-93,2.715,0.100
1785929978412,ANCHOR_03,52:06:26:03:01:DA,-94,2.715,0.100
1785929981161,ANCHOR_01,52:06:26:03:01:DA,-88,2.715,0.100
1785929981199,ANCHOR_02,52:06:26:03:01:DA,-86,2.715,0.100
1785929981301,ANCHOR_03,52:06:26:03:01:DA,-94,2.715,0.100
1785929990701,ANCHOR_01,52:06:26:03:01:DA,-87,2.715,0.100
1785929991565,ANCHOR_02,52:06:26:03:01:DA,-86,2.715,0.100
1785929995867,ANCHOR_01,52:06:26:03:01:DA,-88,2.715,0.100
1785929996153,ANCHOR_01,52:06:26:03:01:DA,-87,2.715,0.100
1785929996137,ANCHOR_02,52:06:26:03:01:DA,-86,2.715,0.100
1785929996204,ANCHOR_02,52:06:26:03:01:DA,-86,2.715,0.100
1785929996207,ANCHOR_03,52:06:26:03:01:DA,-94,2.715,0.100
1785929996206,ANCHOR_01,52:06:26:03:01:DA,-87,2.715,0.100
1785929996216,ANCHOR_02,52:06:26:03:01:DA,-86,2.715,0.100
1785929996216,ANCHOR_02,52:06:26:03:01:DA,-85,2.715,0.100
1785929996398,ANCHOR_01,52:06:26:03:01:DA,-87,2.715,0.100
1785929996545,ANCHOR_03,52:06:26:03:01:DA,-94,2.715,0.100
1785929996613,ANCHOR_03,52:06:26:03:01:DA,-94,2.715,0.100
1785929996616,ANCHOR_03,52:06:26:03:01:DA,-94,2.715,0.100
1785929996633,ANCHOR_01,52:06:26:03:01:DA,-88,2.715,0.100
1785929996754,ANCHOR_03,52:06:26:03:01:DA,-95,2.715,0.100
1785929996772,ANCHOR_01,52:06:26:03:01:DA,-87,2.715,0.100
1785929996876,ANCHOR_01,52:06:26:03:01:DA,-87,2.715,0.100
1785929996937,ANCHOR_02,52:06:26:03:01:DA,-86,2.715,0.100
1785929996945,ANCHOR_01,52:06:26:03:01:DA,-87,2.715,0.100
1785929997260,ANCHOR_03,52:06:26:03:01:DA,-94,2.715,0.100
1785929997541,ANCHOR_02,52:06:26:03:01:DA,-86,2.715,0.100
1785929997702,ANCHOR_02,52:06:26:03:01:DA,-86,2.715,0.100
1785929997772,ANCHOR_02,52:06:26:03:01:DA,-86,2.715,0.100
1785929997943,ANCHOR_03,52:06:26:03:01:DA,-93,2.715,0.100
1785929998046,ANCHOR_01,52:06:26:03:01:DA,-88,2.715,0.100
1785929998122,ANCHOR_01,52:06:26:03:01:DA,-88,2.715,0.100
1785929998524,ANCHOR_03,52:06:26:03:01:DA,-94,2.715,0.100
1785929998571,ANCHOR_03,52:06:26:03:01:DA,-94,2.715,0.100
1785929998718,ANCHOR_02,52:06:26:03:01:DA,-86,2.715,0.100
1785929998795,ANCHOR_02,52:06:26:03:01:DA,-86,2.715,0.100
1785929998881,ANCHOR_01,52:06:26:03:01:DA,-88,2.715,0.100
1785929998881,ANCHOR_02,52:06:26:03:01:DA,-86,2.715,0.100
1785929999035,ANCHOR_03,52:06:26:03:01:DA,-94,2.715,0.100
1785929999053,ANCHOR_02,52:06:26:03:01:DA,-85,2.715,0.100
1785929999087,ANCHOR_01,52:06:26:03:01:DA,-88,2.715,0.100
1785929999226,ANCHOR_03,52:06:26:03:01:DA,-93,2.715,0.100
1785930002049,ANCHOR_02,52:06:26:03:01:DA,-85,2.715,0.100
1785930002104,ANCHOR_03,52:06:26:03:01:DA,-94,2.715,0.100
1785930002203,ANCHOR_01,52:06:26:03:01:DA,-87,2.715,0.100
1785930002226,ANCHOR_03,52:06:26:03:01:DA,-94,2.715,0.100
1785930015425,ANCHOR_02,52:06:26:03:01:DA,-85,2.715,0.100
1785930016087,ANCHOR_01,52:06:26:03:01:DA,-88,2.715,0.100
1785930016487,ANCHOR_03,52:06:26:03:01:DA,-94,2.715,0.100
1785930016489,ANCHOR_02,52:06:26:03:01:DA,-86,2.715,0.100
1785930016644,ANCHOR_01,52:06:26:03:01:DA,-88,2.715,0.100
1785930016813,ANCHOR_03,52:06:26:03:01:DA,-93,2.715,0.100
1785930016830,ANCHOR_02,52:06:26:03:01:DA,-86,2.715,0.100
1785930017098,ANCHOR_01,52:06:26:03:01:DA,-88,2.715,0.100
1785930017098,ANCHOR_01,52:06:26:03:01:DA,-88,2.715,0.100
1785930017179,ANCHOR_03,52:06:26:03:01:DA,-94,2.715,0.100
1785930017181,ANCHOR_02,52:06:26:03:01:DA,-85,2.715,0.100
1785930017248,ANCHOR_02,52:06:26:03:01:DA,-86,2.715,0.100
1785930017247,ANCHOR_01,52:06:26:03:01:DA,-87,2.715,0.100
1785930017259,ANCHOR_03,52:06:26:03:01:DA,-94,2.715,0.100
1785931278287,ANCHOR_01,52:06:26:03:01:DA,-88,2.715,0.100
1785931278325,ANCHOR_03,52:06:26:03:01:DA,-94,2.715,0.100
1785931278339,ANCHOR_02,52:06:26:03:01:DA,-85,2.715,0.100
1785931278379,ANCHOR_01,52:06:26:03:01:DA,-87,2.715,0.100
1785931278415,ANCHOR_02,52:06:26:03:01:DA,-85,2.715,0.100
1785931278435,ANCHOR_03,52:06:26:03:01:DA,-93,2.715,0.100
1785931278568,ANCHOR_02,52:06:26:03:01:DA,-86,2.715,0.100
1785931278544,ANCHOR_01,52:06:26:03:01:DA,-87,2.715,0.100
1785931278641,ANCHOR_03,52:06:26:03:01:DA,-94,2.715,0.100
1785931278842,ANCHOR_01,52:06:26:03:01:DA,-88,2.715,0.100
1785931278897,ANCHOR_03,52:06:26:03:01:DA,-93,2.715,0.100
1785931279063,ANCHOR_02,52:06:26:03:01:DA,-86,2.715,0.100
1785931279092,ANCHOR_01,52:06:26:03:01:DA,-87,2.715,0.100
1785931279098,ANCHOR_02,52:06:26:03:01:DA,-86,2.715,0.100
1785931279103,ANCHOR_03,52:06:26:03:01:DA,-95,2.715,0.100
1785931279997,ANCHOR_01,52:06:26:03:01:DA,-87,2.715,0.100
1785931280009,ANCHOR_03,52:06:26:03:01:DA,-94,2.715,0.100
1785931280019,ANCHOR_02,52:06:26:03:01:DA,-85,2.715,0.100
1785931280775,ANCHOR_02,52:06:26:03:01:DA,-85,2.715,0.100
1785931280771,ANCHOR_01,52:06:26:03:01:DA,-88,2.715,0.100
1785931280780,ANCHOR_03,52:06:26:03:01:DA,-95,2.715,0.100
1785931318193,ANCHOR_01,52:06:26:03:01:DA,-90,3.200,2.000
1785931318209,ANCHOR_03,52:06:26:03:01:DA,-89,3.200,2.000
1785931318200,ANCHOR_02,52:06:26:03:01:DA,-86,3.200,2.000
1785931320726,ANCHOR_01,52:06:26:03:01:DA,-91,3.200,2.000
1785931320741,ANCHOR_02,52:06:26:03:01:DA,-87,3.200,2.000
1785931320773,ANCHOR_03,52:06:26:03:01:DA,-89,3.200,2.000
1785931321097,ANCHOR_03,52:06:26:03:01:DA,-88,3.200,2.000
1785931321272,ANCHOR_01,52:06:26:03:01:DA,-90,3.200,2.000
1785931321353,ANCHOR_02,52:06:26:03:01:DA,-87,3.200,2.000
1785931321472,ANCHOR_01,52:06:26:03:01:DA,-90,3.200,2.000
1785931321543,ANCHOR_02,52:06:26:03:01:DA,-88,3.200,2.000
1785931321588,ANCHOR_03,52:06:26:03:01:DA,-89,3.200,2.000
1785931321697,ANCHOR_03,52:06:26:03:01:DA,-88,3.200,2.000
1785931321844,ANCHOR_02,52:06:26:03:01:DA,-87,3.200,2.000
1785931321986,ANCHOR_01,52:06:26:03:01:DA,-91,3.200,2.000
1785931322025,ANCHOR_01,52:06:26:03:01:DA,-91,3.200,2.000
1785931322075,ANCHOR_02,52:06:26:03:01:DA,-88,3.200,2.000
1785931322101,ANCHOR_03,52:06:26:03:01:DA,-89,3.200,2.000
1785931322123,ANCHOR_03,52:06:26:03:01:DA,-89,3.200,2.000
1785931322204,ANCHOR_01,52:06:26:03:01:DA,-92,3.200,2.000
1785931322262,ANCHOR_02,52:06:26:03:01:DA,-87,3.200,2.000
1785931322295,ANCHOR_03,52:06:26:03:01:DA,-89,3.200,2.000
1785931322351,ANCHOR_02,52:06:26:03:01:DA,-87,3.200,2.000
1785931322373,ANCHOR_01,52:06:26:03:01:DA,-91,3.200,2.000
1785931322435,ANCHOR_03,52:06:26:03:01:DA,-89,3.200,2.000
1785931322474,ANCHOR_02,52:06:26:03:01:DA,-87,3.200,2.000
1785931322501,ANCHOR_01,52:06:26:03:01:DA,-91,3.200,2.000
1785931322553,ANCHOR_02,52:06:26:03:01:DA,-87,3.200,2.000
1785931322602,ANCHOR_01,52:06:26:03:01:DA,-90,3.200,2.000
1785931322658,ANCHOR_03,52:06:26:03:01:DA,-89,3.200,2.000
1785931322687,ANCHOR_03,52:06:26:03:01:DA,-90,3.200,2.000
1785931322732,ANCHOR_02,52:06:26:03:01:DA,-88,3.200,2.000
1785931322770,ANCHOR_01,52:06:26:03:01:DA,-91,3.200,2.000
1785931322802,ANCHOR_01,52:06:26:03:01:DA,-91,3.200,2.000
1785931322847,ANCHOR_03,52:06:26:03:01:DA,-89,3.200,2.000
1785931322882,ANCHOR_02,52:06:26:03:01:DA,-87,3.200,2.000
1785931322920,ANCHOR_03,52:06:26:03:01:DA,-89,3.200,2.000
1785931322957,ANCHOR_01,52:06:26:03:01:DA,-91,3.200,2.000
1785931322978,ANCHOR_02,52:06:26:03:01:DA,-88,3.200,2.000
1785931323041,ANCHOR_01,52:06:26:03:01:DA,-90,3.200,2.000
1785931323073,ANCHOR_03,52:06:26:03:01:DA,-89,3.200,2.000
1785931323124,ANCHOR_02,52:06:26:03:01:DA,-88,3.200,2.000
1785931323181,ANCHOR_03,52:06:26:03:01:DA,-88,3.200,2.000
1785931323995,ANCHOR_01,52:06:26:03:01:DA,-91,3.200,2.000
1785931324819,ANCHOR_02,52:06:26:03:01:DA,-87,3.200,2.000
1785931325140,ANCHOR_01,52:06:26:03:01:DA,-91,3.200,2.000
1785931328970,ANCHOR_03,52:06:26:03:01:DA,-89,3.200,2.000
1785931329506,ANCHOR_02,52:06:26:03:01:DA,-87,3.200,2.000
1785931329564,ANCHOR_02,52:06:26:03:01:DA,-87,3.200,2.000
1785931330029,ANCHOR_01,52:06:26:03:01:DA,-90,3.200,2.000
1785931333036,ANCHOR_03,52:06:26:03:01:DA,-89,3.200,2.000
1785931333367,ANCHOR_03,52:06:26:03:01:DA,-89,3.200,2.000
1785931333579,ANCHOR_02,52:06:26:03:01:DA,-88,3.200,2.000
1785931333832,ANCHOR_01,52:06:26:03:01:DA,-90,3.200,2.000
1785931333897,ANCHOR_03,52:06:26:03:01:DA,-89,3.200,2.000
1785931333992,ANCHOR_02,52:06:26:03:01:DA,-88,3.200,2.000
1785931334112,ANCHOR_02,52:06:26:03:01:DA,-87,3.200,2.000
1785931334112,ANCHOR_01,52:06:26:03:01:DA,-91,3.200,2.000
1785931334235,ANCHOR_03,52:06:26:03:01:DA,-89,3.200,2.000
1785931334280,ANCHOR_01,52:06:26:03:01:DA,-91,3.200,2.000
1785931334282,ANCHOR_02,52:06:26:03:01:DA,-87,3.200,2.000
1785931334498,ANCHOR_01,52:06:26:03:01:DA,-90,3.200,2.000
1785931334747,ANCHOR_03,52:06:26:03:01:DA,-90,3.200,2.000
1785931334750,ANCHOR_03,52:06:26:03:01:DA,-89,3.200,2.000
1785931334893,ANCHOR_01,52:06:26:03:01:DA,-91,3.200,2.000
1785931334908,ANCHOR_02,52:06:26:03:01:DA,-87,3.200,2.000
1785931335098,ANCHOR_03,52:06:26:03:01:DA,-89,3.200,2.000
1785931335216,ANCHOR_01,52:06:26:03:01:DA,-90,3.200,2.000
1785931335336,ANCHOR_02,52:06:26:03:01:DA,-87,3.200,2.000
1785931335419,ANCHOR_03,52:06:26:03:01:DA,-89,3.200,2.000
1785931335498,ANCHOR_01,52:06:26:03:01:DA,-91,3.200,2.000
1785931335680,ANCHOR_02,52:06:26:03:01:DA,-87,3.200,2.000
1785931335865,ANCHOR_03,52:06:26:03:01:DA,-93,3.200,0.677
1785931335867,ANCHOR_03,52:06:26:03:01:DA,-90,3.200,2.000
1785931335978,ANCHOR_01,52:06:26:03:01:DA,-92,3.200,2.000
1785931336031,ANCHOR_02,52:06:26:03:01:DA,-87,3.200,2.000
1785931336196,ANCHOR_03,52:06:26:03:01:DA,-89,3.200,2.000
1785931336289,ANCHOR_02,52:06:26:03:01:DA,-87,3.200,2.000
1785931336386,ANCHOR_01,52:06:26:03:01:DA,-90,3.200,2.000
1785931336465,ANCHOR_03,52:06:26:03:01:DA,-89,3.200,2.000
1785931336553,ANCHOR_02,52:06:26:03:01:DA,-87,3.200,2.000
1785931336555,ANCHOR_01,52:06:26:03:01:DA,-91,3.200,2.000
1785931336628,ANCHOR_01,52:06:26:03:01:DA,-91,3.200,1.965
1785931336725,ANCHOR_03,52:06:26:03:01:DA,-89,3.200,1.965
1785931336902,ANCHOR_02,52:06:26:03:01:DA,-87,3.200,1.965
1785931336902,ANCHOR_03,52:06:26:03:01:DA,-89,3.200,1.836
1785931336993,ANCHOR_02,52:06:26:03:01:DA,-86,3.200,1.836
1785931337038,ANCHOR_01,52:06:26:03:01:DA,-91,3.200,1.836
1785931337554,ANCHOR_02,52:06:26:03:01:DA,-85,3.200,1.595
1785931337783,ANCHOR_01,52:06:26:03:01:DA,-91,3.200,1.595
1785931338178,ANCHOR_03,52:06:26:03:01:DA,-91,3.200,1.595
1785931338431,ANCHOR_02,52:06:26:03:01:DA,-84,3.200,1.295
1785931339353,ANCHOR_01,52:06:26:03:01:DA,-89,3.200,1.295
1785931342952,ANCHOR_03,52:06:26:03:01:DA,-91,3.200,1.295
1785931343772,ANCHOR_01,52:06:26:03:01:DA,-89,3.200,0.944
1785931349409,ANCHOR_02,52:06:26:03:01:DA,-84,3.200,0.944
1785931349613,ANCHOR_03,52:06:26:03:01:DA,-92,3.200,0.944
1785931349981,ANCHOR_02,52:06:26:03:01:DA,-83,3.200,0.677
1785931349972,ANCHOR_01,52:06:26:03:01:DA,-88,3.200,0.677
1785931350033,ANCHOR_03,52:06:26:03:01:DA,-93,3.200,0.508
1785931350093,ANCHOR_02,52:06:26:03:01:DA,-83,3.200,0.508
1785931350100,ANCHOR_01,52:06:26:03:01:DA,-90,3.200,0.508
1785931350334,ANCHOR_01,52:06:26:03:01:DA,-90,3.200,0.427
1785931350404,ANCHOR_03,52:06:26:03:01:DA,-93,3.200,0.427
1785931350447,ANCHOR_02,52:06:26:03:01:DA,-83,3.200,0.427
1785931350707,ANCHOR_03,52:06:26:03:01:DA,-93,3.200,0.425
1785931350880,ANCHOR_02,52:06:26:03:01:DA,-82,3.200,0.425
1785931350886,ANCHOR_01,52:06:26:03:01:DA,-90,3.200,0.425
1785931350941,ANCHOR_03,52:06:26:03:01:DA,-93,3.200,0.425
1785931351504,ANCHOR_02,52:06:26:03:01:DA,-83,3.200,0.425
1785931351582,ANCHOR_01,52:06:26:03:01:DA,-89,3.200,0.425
1785931351613,ANCHOR_03,52:06:26:03:01:DA,-94,3.200,0.425
1785931352023,ANCHOR_02,52:06:26:03:01:DA,-83,3.200,0.425
1785931352063,ANCHOR_01,52:06:26:03:01:DA,-89,3.200,0.425
1785931352063,ANCHOR_03,52:06:26:03:01:DA,-94,3.200,0.425
1785931352228,ANCHOR_02,52:06:26:03:01:DA,-83,3.200,0.518
1785931352309,ANCHOR_03,52:06:26:03:01:DA,-93,3.200,0.425
1785931352385,ANCHOR_01,52:06:26:03:01:DA,-90,3.200,0.425
1785931352420,ANCHOR_02,52:06:26:03:01:DA,-84,3.200,0.425
1785931352562,ANCHOR_01,52:06:26:03:01:DA,-90,3.200,0.425
1785931352870,ANCHOR_02,52:06:26:03:01:DA,-84,3.200,0.425
1785931352870,ANCHOR_03,52:06:26:03:01:DA,-93,3.200,0.425
1785931352903,ANCHOR_02,52:06:26:03:01:DA,-83,3.200,0.425
1785931352964,ANCHOR_01,52:06:26:03:01:DA,-90,3.200,0.425
1785931352965,ANCHOR_02,52:06:26:03:01:DA,-83,3.200,0.425
1785931353117,ANCHOR_03,52:06:26:03:01:DA,-93,3.200,0.425
1785931353120,ANCHOR_01,52:06:26:03:01:DA,-90,3.200,0.425
1785931353214,ANCHOR_01,52:06:26:03:01:DA,-90,3.200,0.432
1785931353221,ANCHOR_03,52:06:26:03:01:DA,-93,3.200,0.432
1785931353440,ANCHOR_01,52:06:26:03:01:DA,-89,3.200,0.518
1785931353421,ANCHOR_02,52:06:26:03:01:DA,-83,3.200,0.432
1785931354200,ANCHOR_03,52:06:26:03:01:DA,-94,3.200,0.518
1785931354465,ANCHOR_02,52:06:26:03:01:DA,-84,3.200,0.701
1785931354763,ANCHOR_01,52:06:26:03:01:DA,-90,3.200,0.701
1785931355623,ANCHOR_03,52:06:26:03:01:DA,-92,3.200,0.701
1785931358846,ANCHOR_01,52:06:26:03:01:DA,-90,3.200,0.973
1785931359006,ANCHOR_02,52:06:26:03:01:DA,-83,3.200,0.973
1785931359246,ANCHOR_03,52:06:26:03:01:DA,-92,3.200,0.973
1785931363333,ANCHOR_01,52:06:26:03:01:DA,-90,3.200,1.276
1785931363459,ANCHOR_02,52:06:26:03:01:DA,-86,3.200,1.276
1785931363467,ANCHOR_03,52:06:26:03:01:DA,-91,3.200,1.276
1785931363588,ANCHOR_01,52:06:26:03:01:DA,-90,3.200,1.579
1785931363621,ANCHOR_02,52:06:26:03:01:DA,-85,3.200,1.579
1785931363743,ANCHOR_03,52:06:26:03:01:DA,-90,3.200,1.579
1785931363807,ANCHOR_01,52:06:26:03:01:DA,-90,3.200,1.903
1785931363854,ANCHOR_02,52:06:26:03:01:DA,-87,3.200,1.903
1785931363914,ANCHOR_03,52:06:26:03:01:DA,-89,3.200,1.903
1785931363996,ANCHOR_02,52:06:26:03:01:DA,-88,3.200,2.198
1785931364029,ANCHOR_01,52:06:26:03:01:DA,-91,3.200,2.198
1785931364101,ANCHOR_03,52:06:26:03:01:DA,-88,3.200,2.198
1785931364104,ANCHOR_03,52:06:26:03:01:DA,-87,3.200,2.428
1785931364318,ANCHOR_02,52:06:26:03:01:DA,-88,3.200,2.428
1785931364356,ANCHOR_01,52:06:26:03:01:DA,-92,3.200,2.428
1785931364363,ANCHOR_03,52:06:26:03:01:DA,-87,3.200,2.556
1785931364419,ANCHOR_02,52:06:26:03:01:DA,-88,3.200,2.556
1785931364545,ANCHOR_01,52:06:26:03:01:DA,-92,3.200,2.556
1785931364609,ANCHOR_02,52:06:26:03:01:DA,-89,3.200,2.615
1785931364777,ANCHOR_01,52:06:26:03:01:DA,-91,3.200,2.615
1785931364777,ANCHOR_03,52:06:26:03:01:DA,-86,3.200,2.615
1785931364790,ANCHOR_02,52:06:26:03:01:DA,-90,3.200,2.757
1785931364850,ANCHOR_03,52:06:26:03:01:DA,-86,3.200,2.757
1785931364883,ANCHOR_01,52:06:26:03:01:DA,-92,3.200,2.990
1785931364889,ANCHOR_02,52:06:26:03:01:DA,-90,3.200,2.990
1785931364969,ANCHOR_03,52:06:26:03:01:DA,-85,3.200,2.990
1785931364977,ANCHOR_02,52:06:26:03:01:DA,-91,3.200,3.239
1785931365220,ANCHOR_03,52:06:26:03:01:DA,-84,3.200,3.239
1785931365242,ANCHOR_01,52:06:26:03:01:DA,-92,3.200,3.239
1785931365257,ANCHOR_02,52:06:26:03:01:DA,-91,3.200,3.386
1785931365300,ANCHOR_01,52:06:26:03:01:DA,-93,3.200,3.386
1785931365374,ANCHOR_03,52:06:26:03:01:DA,-83,3.200,3.386
1785931365382,ANCHOR_01,52:06:26:03:01:DA,-94,3.200,3.436
1785931365892,ANCHOR_03,52:06:26:03:01:DA,-83,3.200,3.436
1785931366075,ANCHOR_02,52:06:26:03:01:DA,-92,3.200,3.436
1785931366075,ANCHOR_01,52:06:26:03:01:DA,-93,3.200,3.436
1785931368417,ANCHOR_03,52:06:26:03:01:DA,-82,3.200,3.436
1785931368475,ANCHOR_02,52:06:26:03:01:DA,-92,3.200,3.436
1785931368631,ANCHOR_02,52:06:26:03:01:DA,-92,3.200,3.436
1785931370502,ANCHOR_03,52:06:26:03:01:DA,-83,3.200,3.436
1785931370793,ANCHOR_01,52:06:26:03:01:DA,-93,3.200,3.436
1785931370892,ANCHOR_02,52:06:26:03:01:DA,-91,3.200,3.436
1785931370915,ANCHOR_03,52:06:26:03:01:DA,-82,3.200,3.436
1785931371005,ANCHOR_01,52:06:26:03:01:DA,-94,3.200,3.436
1785931371009,ANCHOR_01,52:06:26:03:01:DA,-94,3.200,3.436
1785931371043,ANCHOR_02,52:06:26:03:01:DA,-92,3.200,3.436
1785931371131,ANCHOR_03,52:06:26:03:01:DA,-82,3.200,3.436
1785931371131,ANCHOR_01,52:06:26:03:01:DA,-94,3.190,3.436
1785931371140,ANCHOR_03,52:06:26:03:01:DA,-83,3.190,3.436
1785931371226,ANCHOR_02,52:06:26:03:01:DA,-91,3.190,3.436
1785931371242,ANCHOR_03,52:06:26:03:01:DA,-82,3.098,3.436
1785931371319,ANCHOR_01,52:06:26:03:01:DA,-93,3.098,3.436
1785931371375,ANCHOR_02,52:06:26:03:01:DA,-91,3.098,3.436
1785931371439,ANCHOR_03,52:06:26:03:01:DA,-82,2.893,3.436
1785931371479,ANCHOR_02,52:06:26:03:01:DA,-92,2.893,3.436
1785931371548,ANCHOR_01,52:06:26:03:01:DA,-92,2.893,3.436
1785931371600,ANCHOR_02,52:06:26:03:01:DA,-92,2.622,3.436
1785931371665,ANCHOR_03,52:06:26:03:01:DA,-81,2.622,3.436
1785931371697,ANCHOR_01,52:06:26:03:01:DA,-99,2.622,3.436
1785931371735,ANCHOR_01,52:06:26:03:01:DA,-98,2.394,3.436
1785931371805,ANCHOR_03,52:06:26:03:01:DA,-82,2.394,3.436
1785931371809,ANCHOR_02,52:06:26:03:01:DA,-93,2.394,3.436
1785931371870,ANCHOR_01,52:06:26:03:01:DA,-98,2.270,3.436
1785931371870,ANCHOR_02,52:06:26:03:01:DA,-92,2.270,3.436
1785931371875,ANCHOR_03,52:06:26:03:01:DA,-81,2.270,3.436
1785931371974,ANCHOR_01,52:06:26:03:01:DA,-99,2.246,3.436
1785931371955,ANCHOR_02,52:06:26:03:01:DA,-93,2.246,3.436
1785931372002,ANCHOR_03,52:06:26:03:01:DA,-82,2.246,3.436
1785931372116,ANCHOR_03,52:06:26:03:01:DA,-81,2.246,3.436
1785931372139,ANCHOR_02,52:06:26:03:01:DA,-92,2.246,3.436
1785931372178,ANCHOR_01,52:06:26:03:01:DA,-100,2.246,3.436
1785931372211,ANCHOR_03,52:06:26:03:01:DA,-82,2.246,3.436
1785931372242,ANCHOR_01,52:06:26:03:01:DA,-99,2.246,3.436
1785931372278,ANCHOR_02,52:06:26:03:01:DA,-93,2.246,3.436
1785931372667,ANCHOR_02,52:06:26:03:01:DA,-94,2.246,3.436
1785931372761,ANCHOR_03,52:06:26:03:01:DA,-82,2.246,3.436
1785931372825,ANCHOR_01,52:06:26:03:01:DA,-99,2.246,3.436
1785931372886,ANCHOR_02,52:06:26:03:01:DA,-93,2.246,3.436
1785931372885,ANCHOR_03,52:06:26:03:01:DA,-81,2.246,3.436
1785931373055,ANCHOR_01,52:06:26:03:01:DA,-98,2.246,3.436
1785931376848,ANCHOR_03,52:06:26:03:01:DA,-81,2.246,3.436
1785931376934,ANCHOR_01,52:06:26:03:01:DA,-99,2.246,3.436
1785931376994,ANCHOR_02,52:06:26:03:01:DA,-92,2.246,3.436
1785931377004,ANCHOR_02,52:06:26:03:01:DA,-92,2.246,3.436
1785931377192,ANCHOR_03,52:06:26:03:01:DA,-81,2.246,3.436
1785931377201,ANCHOR_01,52:06:26:03:01:DA,-99,2.246,3.436
1785931377264,ANCHOR_01,52:06:26:03:01:DA,-99,2.246,3.436
1785931377338,ANCHOR_02,52:06:26:03:01:DA,-92,2.246,3.436
1785931377349,ANCHOR_03,52:06:26:03:01:DA,-82,2.246,3.436
1785931377398,ANCHOR_03,52:06:26:03:01:DA,-81,2.246,3.436
1785931377447,ANCHOR_02,52:06:26:03:01:DA,-92,2.246,3.436
1785931377455,ANCHOR_02,52:06:26:03:01:DA,-92,2.246,3.436
1785931377506,ANCHOR_01,52:06:26:03:01:DA,-99,2.246,3.436
1785931377550,ANCHOR_03,52:06:26:03:01:DA,-82,2.246,3.436
1785931377651,ANCHOR_02,52:06:26:03:01:DA,-92,2.246,3.436
1785931377654,ANCHOR_01,52:06:26:03:01:DA,-101,2.246,3.436
1785931377712,ANCHOR_01,52:06:26:03:01:DA,-98,2.246,3.436
1785931377820,ANCHOR_02,52:06:26:03:01:DA,-92,2.246,3.436
1785931377876,ANCHOR_03,52:06:26:03:01:DA,-81,2.246,3.436
1785931377901,ANCHOR_03,52:06:26:03:01:DA,-82,2.246,3.436
1785931377934,ANCHOR_01,52:06:26:03:01:DA,-99,2.246,3.436
1785931377943,ANCHOR_02,52:06:26:03:01:DA,-92,2.246,3.436
1785931378048,ANCHOR_03,52:06:26:03:01:DA,-82,2.246,3.436
1785931378052,ANCHOR_01,52:06:26:03:01:DA,-99,2.246,3.436
1785931378086,ANCHOR_03,52:06:26:03:01:DA,-82,2.246,3.436
1785931378086,ANCHOR_02,52:06:26:03:01:DA,-92,2.246,3.436
1785931378115,ANCHOR_01,52:06:26:03:01:DA,-99,2.246,3.436
1785931378188,ANCHOR_03,52:06:26:03:01:DA,-81,2.246,3.436
1785931378293,ANCHOR_02,52:06:26:03:01:DA,-92,2.246,3.436
1785931378341,ANCHOR_01,52:06:26:03:01:DA,-98,2.246,3.436
1785931378383,ANCHOR_03,52:06:26:03:01:DA,-82,2.246,3.436
1785931378416,ANCHOR_01,52:06:26:03:01:DA,-99,2.246,3.436
1785931378422,ANCHOR_01,52:06:26:03:01:DA,-99,2.246,3.436
1785931378482,ANCHOR_02,52:06:26:03:01:DA,-93,2.246,3.436
1785931379017,ANCHOR_03,52:06:26:03:01:DA,-82,2.246,3.436
1785931379072,ANCHOR_02,52:06:26:03:01:DA,-92,2.246,3.436
1785931379111,ANCHOR_01,52:06:26:03:01:DA,-99,2.246,3.436
1785931379151,ANCHOR_03,52:06:26:03:01:DA,-82,2.246,3.436
1785931379195,ANCHOR_02,52:06:26:03:01:DA,-92,2.246,3.436
1785931379367,ANCHOR_03,52:06:26:03:01:DA,-81,2.246,3.436
1785931379497,ANCHOR_01,52:06:26:03:01:DA,-99,2.246,3.436
1785931382686,ANCHOR_02,52:06:26:03:01:DA,-92,2.246,3.436
1785931382714,ANCHOR_02,52:06:26:03:01:DA,-92,2.246,3.436
1785931382737,ANCHOR_03,52:06:26:03:01:DA,-81,2.246,3.436
1785931382795,ANCHOR_01,52:06:26:03:01:DA,-99,2.246,3.436
1785931382842,ANCHOR_02,52:06:26:03:01:DA,-92,2.246,3.436
1785931382878,ANCHOR_03,52:06:26:03:01:DA,-82,2.246,3.436
1785931382925,ANCHOR_02,52:06:26:03:01:DA,-92,2.246,3.436
1785931382952,ANCHOR_01,52:06:26:03:01:DA,-99,2.246,3.436
1785931382987,ANCHOR_02,52:06:26:03:01:DA,-94,2.246,3.436
1785931382996,ANCHOR_03,52:06:26:03:01:DA,-82,2.246,3.436
1785931382995,ANCHOR_01,52:06:26:03:01:DA,-99,2.246,3.436
1785931383067,ANCHOR_03,52:06:26:03:01:DA,-81,2.246,3.436
1785931383068,ANCHOR_01,52:06:26:03:01:DA,-99,2.246,3.436
1785931383068,ANCHOR_01,52:06:26:03:01:DA,-99,2.246,3.436
1785931383120,ANCHOR_02,52:06:26:03:01:DA,-92,2.246,3.436
1785931383177,ANCHOR_03,52:06:26:03:01:DA,-81,2.246,3.436
1785931383182,ANCHOR_01,52:06:26:03:01:DA,-99,2.246,3.436
1785931383224,ANCHOR_03,52:06:26:03:01:DA,-81,2.246,3.436
1785931383235,ANCHOR_02,52:06:26:03:01:DA,-92,2.246,3.436
1785931383239,ANCHOR_02,52:06:26:03:01:DA,-92,2.246,3.436
1785931383278,ANCHOR_03,52:06:26:03:01:DA,-81,2.246,3.436
1785931383280,ANCHOR_01,52:06:26:03:01:DA,-99,2.246,3.436
1785931383294,ANCHOR_02,52:06:26:03:01:DA,-93,2.246,3.436
1785931383280,ANCHOR_03,52:06:26:03:01:DA,-82,2.246,3.436
1785931383327,ANCHOR_01,52:06:26:03:01:DA,-99,2.246,3.436
1785931383353,ANCHOR_03,52:06:26:03:01:DA,-82,2.246,3.436
1785931383380,ANCHOR_01,52:06:26:03:01:DA,-98,2.246,3.436
1785931383429,ANCHOR_02,52:06:26:03:01:DA,-93,2.246,3.436
1785931383465,ANCHOR_02,52:06:26:03:01:DA,-92,2.246,3.436
1785931383477,ANCHOR_03,52:06:26:03:01:DA,-82,2.246,3.436
1785931383515,ANCHOR_01,52:06:26:03:01:DA,-99,2.246,3.436
1785931383526,ANCHOR_03,52:06:26:03:01:DA,-82,2.246,3.436
1785931383541,ANCHOR_02,52:06:26:03:01:DA,-93,2.246,3.436
1785931383872,ANCHOR_01,52:06:26:03:01:DA,-99,2.246,3.436
1785931383899,ANCHOR_03,52:06:26:03:01:DA,-81,2.246,3.436
1785931383919,ANCHOR_01,52:06:26:03:01:DA,-100,2.246,3.436
1785931383951,ANCHOR_02,52:06:26:03:01:DA,-93,2.246,3.436
1785931384004,ANCHOR_02,52:06:26:03:01:DA,-93,2.246,3.436
1785931384074,ANCHOR_01,52:06:26:03:01:DA,-100,2.246,3.436
1785931384129,ANCHOR_03,52:06:26:03:01:DA,-81,2.246,3.436
1785931385392,ANCHOR_01,52:06:26:03:01:DA,-99,2.246,3.436
1785931385427,ANCHOR_02,52:06:26:03:01:DA,-93,2.246,3.436
1785931385456,ANCHOR_03,52:06:26:03:01:DA,-82,2.246,3.436
1785931386854,ANCHOR_01,52:06:26:03:01:DA,-99,2.246,3.436
1785931386918,ANCHOR_02,52:06:26:03:01:DA,-92,2.246,3.436
1785931386967,ANCHOR_03,52:06:26:03:01:DA,-82,2.246,3.436
1785931386991,ANCHOR_03,52:06:26:03:01:DA,-82,2.246,3.436
1785931387030,ANCHOR_02,52:06:26:03:01:DA,-92,2.246,3.436
1785931387076,ANCHOR_01,52:06:26:03:01:DA,-98,2.246,3.436
1785931387079,ANCHOR_01,52:06:26:03:01:DA,-99,2.246,3.436
1785931387129,ANCHOR_03,52:06:26:03:01:DA,-82,2.246,3.436
1785931387135,ANCHOR_02,52:06:26:03:01:DA,-93,2.246,3.436
1785931387138,ANCHOR_03,52:06:26:03:01:DA,-81,2.246,3.436
1785931387160,ANCHOR_02,52:06:26:03:01:DA,-93,2.246,3.436
1785931387204,ANCHOR_01,52:06:26:03:01:DA,-99,2.246,3.436
1785931387287,ANCHOR_02,52:06:26:03:01:DA,-92,2.246,3.436
1785931387292,ANCHOR_03,52:06:26:03:01:DA,-81,2.246,3.436
1785931387326,ANCHOR_01,52:06:26:03:01:DA,-100,2.246,3.436
1785931387368,ANCHOR_03,52:06:26:03:01:DA,-81,2.246,3.436
1785931387393,ANCHOR_02,52:06:26:03:01:DA,-93,2.246,3.436
1785931387409,ANCHOR_01,52:06:26:03:01:DA,-99,2.246,3.436
1785931387416,ANCHOR_01,52:06:26:03:01:DA,-99,2.246,3.436
1785931387433,ANCHOR_02,52:06:26:03:01:DA,-92,2.246,3.436
1785931387456,ANCHOR_03,52:06:26:03:01:DA,-82,2.246,3.436
1785931387466,ANCHOR_02,52:06:26:03:01:DA,-93,2.246,3.436
1785931387501,ANCHOR_03,52:06:26:03:01:DA,-81,2.246,3.436
1785931387551,ANCHOR_01,52:06:26:03:01:DA,-99,2.246,3.436
1785931387576,ANCHOR_01,52:06:26:03:01:DA,-99,2.246,3.436
1785931387614,ANCHOR_03,52:06:26:03:01:DA,-81,2.246,3.436
1785931387610,ANCHOR_02,52:06:26:03:01:DA,-93,2.246,3.436
1785931387667,ANCHOR_03,52:06:26:03:01:DA,-83,2.246,3.436
1785931387665,ANCHOR_02,52:06:26:03:01:DA,-93,2.246,3.436
1785931387688,ANCHOR_01,52:06:26:03:01:DA,-99,2.246,3.436
1785931388018,ANCHOR_01,52:06:26:03:01:DA,-98,2.246,3.436
1785931388030,ANCHOR_03,52:06:26:03:01:DA,-81,2.246,3.436
1785931388034,ANCHOR_02,52:06:26:03:01:DA,-93,2.246,3.436
1785931388068,ANCHOR_03,52:06:26:03:01:DA,-82,2.246,3.436
1785931388139,ANCHOR_01,52:06:26:03:01:DA,-99,2.246,3.436
1785931388227,ANCHOR_02,52:06:26:03:01:DA,-93,2.246,3.436
1785931388270,ANCHOR_01,52:06:26:03:01:DA,-99,2.274,3.436
1785931390335,ANCHOR_02,52:06:26:03:01:DA,-92,2.274,3.436
1785931390377,ANCHOR_03,52:06:26:03:01:DA,-82,2.274,3.436
1785931390418,ANCHOR_01,52:06:26:03:01:DA,-100,2.398,3.436
1785931391864,ANCHOR_02,52:06:26:03:01:DA,-93,2.398,3.436
1785931391905,ANCHOR_03,52:06:26:03:01:DA,-81,2.398,3.436
1785931391968,ANCHOR_02,52:06:26:03:01:DA,-93,2.614,3.436
1785931391987,ANCHOR_03,52:06:26:03:01:DA,-82,2.614,3.436
1785931392036,ANCHOR_01,52:06:26:03:01:DA,-99,2.614,3.436
1785931392056,ANCHOR_03,52:06:26:03:01:DA,-81,2.926,3.436
1785931392108,ANCHOR_02,52:06:26:03:01:DA,-92,2.926,3.436
1785931392115,ANCHOR_01,52:06:26:03:01:DA,-92,2.926,3.436
1785931392116,ANCHOR_01,52:06:26:03:01:DA,-93,3.227,3.436
1785931392141,ANCHOR_01,52:06:26:03:01:DA,-92,3.559,3.436
1785931392162,ANCHOR_02,52:06:26:03:01:DA,-92,3.227,3.436
1785931392225,ANCHOR_03,52:06:26:03:01:DA,-83,3.227,3.436
1785931392243,ANCHOR_02,52:06:26:03:01:DA,-92,3.559,3.436
1785931392281,ANCHOR_03,52:06:26:03:01:DA,-83,3.559,3.436
1785931392280,ANCHOR_03,52:06:26:03:01:DA,-85,3.886,3.436
1785931392347,ANCHOR_02,52:06:26:03:01:DA,-91,3.886,3.436
1785931392347,ANCHOR_01,52:06:26:03:01:DA,-95,3.886,3.436
1785931392366,ANCHOR_03,52:06:26:03:01:DA,-86,4.214,3.436
1785931392365,ANCHOR_02,52:06:26:03:01:DA,-91,4.214,3.436
1785931392383,ANCHOR_01,52:06:26:03:01:DA,-94,4.214,3.436
1785931392407,ANCHOR_02,52:06:26:03:01:DA,-90,4.502,3.436
1785931392455,ANCHOR_03,52:06:26:03:01:DA,-86,4.502,3.436
1785931392462,ANCHOR_01,52:06:26:03:01:DA,-96,4.502,3.436
1785931392499,ANCHOR_01,52:06:26:03:01:DA,-95,4.679,3.436
1785931392527,ANCHOR_03,52:06:26:03:01:DA,-87,4.679,3.436
1785931392548,ANCHOR_02,52:06:26:03:01:DA,-91,4.761,3.436
1785931392596,ANCHOR_03,52:06:26:03:01:DA,-88,4.761,3.436
1785931392615,ANCHOR_01,52:06:26:03:01:DA,-97,4.761,3.436
1785931392621,ANCHOR_01,52:06:26:03:01:DA,-96,4.764,3.436
1785931392956,ANCHOR_03,52:06:26:03:01:DA,-88,4.764,3.436
1785931392959,ANCHOR_02,52:06:26:03:01:DA,-90,4.764,3.436
1785931392990,ANCHOR_01,52:06:26:03:01:DA,-96,4.764,3.436
1785931393010,ANCHOR_03,52:06:26:03:01:DA,-88,4.764,3.436
1785931393071,ANCHOR_02,52:06:26:03:01:DA,-91,4.764,3.436
1785931393156,ANCHOR_01,52:06:26:03:01:DA,-95,4.764,3.436
1785931393214,ANCHOR_02,52:06:26:03:01:DA,-90,4.764,3.436
1785931393215,ANCHOR_03,52:06:26:03:01:DA,-88,4.764,3.436
1785931393244,ANCHOR_03,52:06:26:03:01:DA,-88,4.764,3.436
1785931393267,ANCHOR_02,52:06:26:03:01:DA,-90,4.747,3.436
1785931394510,ANCHOR_01,52:06:26:03:01:DA,-97,4.764,3.436
1785931394549,ANCHOR_03,52:06:26:03:01:DA,-87,4.639,3.436
1785931395596,ANCHOR_02,52:06:26:03:01:DA,-90,4.764,3.436
1785931395608,ANCHOR_01,52:06:26:03:01:DA,-96,4.747,3.436
1785931395673,ANCHOR_03,52:06:26:03:01:DA,-89,4.747,3.436
1785931395739,ANCHOR_02,52:06:26:03:01:DA,-90,4.429,3.436
1785931395763,ANCHOR_03,52:06:26:03:01:DA,-87,4.429,3.436
1785931395807,ANCHOR_01,52:06:26:03:01:DA,-96,4.429,3.436
1785931395823,ANCHOR_01,52:06:26:03:01:DA,-96,4.639,3.436
1785931395841,ANCHOR_02,52:06:26:03:01:DA,-89,4.639,3.436
1785931395903,ANCHOR_02,52:06:26:03:01:DA,-91,4.144,3.436
1785931395916,ANCHOR_02,52:06:26:03:01:DA,-91,3.817,3.436
1785931395921,ANCHOR_01,52:06:26:03:01:DA,-95,4.144,3.436
1785931395954,ANCHOR_03,52:06:26:03:01:DA,-86,4.144,3.436
1785931396010,ANCHOR_03,52:06:26:03:01:DA,-85,3.817,3.436
1785931396010,ANCHOR_01,52:06:26:03:01:DA,-95,3.817,3.436
1785931396068,ANCHOR_01,52:06:26:03:01:DA,-94,3.419,3.436
1785931396067,ANCHOR_02,52:06:26:03:01:DA,-91,3.419,3.436
1785931396070,ANCHOR_01,52:06:26:03:01:DA,-94,3.575,3.436
1785931396101,ANCHOR_02,52:06:26:03:01:DA,-92,3.575,3.436
1785931396121,ANCHOR_03,52:06:26:03:01:DA,-84,3.575,3.436
1785931396146,ANCHOR_03,52:06:26:03:01:DA,-84,3.419,3.436
1785931396169,ANCHOR_01,52:06:26:03:01:DA,-94,3.370,3.436
1785931396198,ANCHOR_02,52:06:26:03:01:DA,-92,3.370,3.436
1785931396212,ANCHOR_03,52:06:26:03:01:DA,-83,3.370,3.436
1785931396252,ANCHOR_01,52:06:26:03:01:DA,-93,3.370,3.436
1785931396263,ANCHOR_02,52:06:26:03:01:DA,-90,3.370,3.436
1785931396266,ANCHOR_01,52:06:26:03:01:DA,-93,3.370,3.436
1785931396294,ANCHOR_03,52:06:26:03:01:DA,-83,3.370,3.436
1785931396316,ANCHOR_03,52:06:26:03:01:DA,-83,3.370,3.436
1785931396350,ANCHOR_02,52:06:26:03:01:DA,-91,3.370,3.436
1785931396583,ANCHOR_01,52:06:26:03:01:DA,-94,3.370,3.436
1785931396623,ANCHOR_02,52:06:26:03:01:DA,-91,3.370,3.436
1785931396661,ANCHOR_02,52:06:26:03:01:DA,-91,3.370,3.436
1785931396688,ANCHOR_02,52:06:26:03:01:DA,-92,3.370,3.436
1785931396730,ANCHOR_02,52:06:26:03:01:DA,-91,3.370,3.436
1785931396831,ANCHOR_03,52:06:26:03:01:DA,-83,3.370,3.436
1785931396873,ANCHOR_03,52:06:26:03:01:DA,-83,3.370,3.436
1785931396877,ANCHOR_03,52:06:26:03:01:DA,-82,3.370,3.436
1785931396920,ANCHOR_01,52:06:26:03:01:DA,-94,3.370,3.436
1785931398268,ANCHOR_01,52:06:26:03:01:DA,-94,3.370,3.435
1785931398349,ANCHOR_03,52:06:26:03:01:DA,-83,3.370,3.436
1785931399266,ANCHOR_01,52:06:26:03:01:DA,-93,3.370,3.436
1785931399284,ANCHOR_01,52:06:26:03:01:DA,-93,3.370,3.197
1785931399351,ANCHOR_02,52:06:26:03:01:DA,-91,3.370,3.197
1785931399393,ANCHOR_03,52:06:26:03:01:DA,-82,3.370,3.436
1785931399432,ANCHOR_01,52:06:26:03:01:DA,-93,3.370,2.931
1785931399469,ANCHOR_01,52:06:26:03:01:DA,-94,3.370,3.436
1785931399531,ANCHOR_01,52:06:26:03:01:DA,-92,3.370,2.620
1785931399549,ANCHOR_02,52:06:26:03:01:DA,-91,3.370,3.436
1785931399585,ANCHOR_02,52:06:26:03:01:DA,-87,3.370,2.287
1785931399619,ANCHOR_01,52:06:26:03:01:DA,-93,3.370,3.436
1785931399647,ANCHOR_01,52:06:26:03:01:DA,-91,3.370,1.984
1785931399673,ANCHOR_02,52:06:26:03:01:DA,-91,3.370,3.435
1785931399702,ANCHOR_02,52:06:26:03:01:DA,-85,3.370,1.677
1785931399727,ANCHOR_03,52:06:26:03:01:DA,-83,3.370,3.435
1785931399750,ANCHOR_02,52:06:26:03:01:DA,-90,3.370,3.367
1785931399754,ANCHOR_03,52:06:26:03:01:DA,-84,3.370,3.367
1785931399768,ANCHOR_02,52:06:26:03:01:DA,-84,3.370,1.334
1785931399833,ANCHOR_03,52:06:26:03:01:DA,-91,3.370,1.334
1785931399849,ANCHOR_01,52:06:26:03:01:DA,-94,3.370,3.367
1785931399848,ANCHOR_01,52:06:26:03:01:DA,-91,3.370,1.334
1785931399876,ANCHOR_01,52:06:26:03:01:DA,-91,3.370,1.314
1785931399881,ANCHOR_03,52:06:26:03:01:DA,-84,3.370,3.197
1785931399917,ANCHOR_02,52:06:26:03:01:DA,-90,3.370,2.931
1785931399962,ANCHOR_01,52:06:26:03:01:DA,-91,3.370,1.314
1785931399962,ANCHOR_02,52:06:26:03:01:DA,-84,3.370,1.314
1785931400014,ANCHOR_03,52:06:26:03:01:DA,-84,3.370,2.931
1785931400053,ANCHOR_03,52:06:26:03:01:DA,-86,3.370,2.620
1785931400053,ANCHOR_03,52:06:26:03:01:DA,-92,3.370,1.314
1785931400293,ANCHOR_02,52:06:26:03:01:DA,-84,3.370,1.314
1785931400332,ANCHOR_02,52:06:26:03:01:DA,-89,3.370,2.620
1785931400347,ANCHOR_03,52:06:26:03:01:DA,-89,3.370,2.287
1785931400389,ANCHOR_01,52:06:26:03:01:DA,-92,3.370,2.287
1785931400411,ANCHOR_03,52:06:26:03:01:DA,-89,3.370,1.984
1785931400495,ANCHOR_02,52:06:26:03:01:DA,-86,3.370,1.984
1785931400519,ANCHOR_01,52:06:26:03:01:DA,-91,3.370,1.677
1785931400534,ANCHOR_03,52:06:26:03:01:DA,-90,3.370,1.677
1785931400578,ANCHOR_02,52:06:26:03:01:DA,-86,3.370,1.454
1785931401925,ANCHOR_01,52:06:26:03:01:DA,-91,3.370,1.454
1785931401989,ANCHOR_03,52:06:26:03:01:DA,-92,3.370,1.314
1785931402923,ANCHOR_02,52:06:26:03:01:DA,-84,3.370,1.314
1785931402983,ANCHOR_03,52:06:26:03:01:DA,-92,3.370,1.314
1785931403035,ANCHOR_01,52:06:26:03:01:DA,-90,3.370,1.314
1785931403078,ANCHOR_02,52:06:26:03:01:DA,-84,3.370,1.314
1785931403098,ANCHOR_03,52:06:26:03:01:DA,-90,3.370,1.314
1785931403123,ANCHOR_01,52:06:26:03:01:DA,-89,3.370,1.314
1785931403131,ANCHOR_03,52:06:26:03:01:DA,-91,3.370,1.314
1785931403153,ANCHOR_01,52:06:26:03:01:DA,-90,3.370,1.314
1785931403199,ANCHOR_02,52:06:26:03:01:DA,-84,3.370,1.314
1785931403217,ANCHOR_03,52:06:26:03:01:DA,-93,3.380,1.314
1785931403275,ANCHOR_03,52:06:26:03:01:DA,-92,3.850,1.314
1785931403312,ANCHOR_02,52:06:26:03:01:DA,-84,3.380,1.314
1785931403324,ANCHOR_01,52:06:26:03:01:DA,-91,3.380,1.314
1785931403333,ANCHOR_02,52:06:26:03:01:DA,-83,3.472,1.314
1785931403354,ANCHOR_01,52:06:26:03:01:DA,-92,3.472,1.314
1785931403411,ANCHOR_03,52:06:26:03:01:DA,-91,3.472,1.314
1785931403413,ANCHOR_02,52:06:26:03:01:DA,-83,3.682,1.314
1785931403416,ANCHOR_03,52:06:26:03:01:DA,-91,3.682,1.314
1785931403431,ANCHOR_01,52:06:26:03:01:DA,-92,3.910,1.314
1785931403457,ANCHOR_01,52:06:26:03:01:DA,-91,3.682,1.314
1785931403503,ANCHOR_01,52:06:26:03:01:DA,-92,3.850,1.314
1785931403502,ANCHOR_02,52:06:26:03:01:DA,-82,3.850,1.314
1785931403536,ANCHOR_02,52:06:26:03:01:DA,-82,3.910,1.314
1785931403562,ANCHOR_03,52:06:26:03:01:DA,-92,3.910,1.314
1785931403596,ANCHOR_01,52:06:26:03:01:DA,-93,3.910,1.314
1785931403615,ANCHOR_03,52:06:26:03:01:DA,-92,3.910,1.314
1785931403676,ANCHOR_02,52:06:26:03:01:DA,-83,3.910,1.314
1785931403698,ANCHOR_02,52:06:26:03:01:DA,-81,3.910,1.314
1785931403742,ANCHOR_03,52:06:26:03:01:DA,-92,3.910,1.314
1785931403961,ANCHOR_01,52:06:26:03:01:DA,-92,3.910,1.314
1785931403997,ANCHOR_01,52:06:26:03:01:DA,-92,3.910,1.314
1785931404027,ANCHOR_03,52:06:26:03:01:DA,-92,3.910,1.314
1785931404066,ANCHOR_02,52:06:26:03:01:DA,-82,3.910,1.314
1785931404080,ANCHOR_01,52:06:26:03:01:DA,-93,3.910,1.314
1785931404168,ANCHOR_02,52:06:26:03:01:DA,-81,3.910,1.314
1785931404203,ANCHOR_03,52:06:26:03:01:DA,-92,3.910,1.314
1785931404220,ANCHOR_02,52:06:26:03:01:DA,-82,3.910,1.314
1785931404231,ANCHOR_03,52:06:26:03:01:DA,-91,3.910,1.314
1785931405639,ANCHOR_01,52:06:26:03:01:DA,-91,3.910,1.314
1785931405662,ANCHOR_03,52:06:26:03:01:DA,-92,3.910,1.314
1785931406586,ANCHOR_02,52:06:26:03:01:DA,-82,3.910,1.314
1785931406681,ANCHOR_01,52:06:26:03:01:DA,-93,3.910,1.314
1785931406712,ANCHOR_02,52:06:26:03:01:DA,-82,3.910,1.314
1785931406756,ANCHOR_01,52:06:26:03:01:DA,-92,3.910,1.314
1785931406777,ANCHOR_03,52:06:26:03:01:DA,-92,3.910,1.314
1785931406806,ANCHOR_03,52:06:26:03:01:DA,-92,3.910,1.314
1785931406828,ANCHOR_02,52:06:26:03:01:DA,-81,3.910,1.314
1785931406842,ANCHOR_01,52:06:26:03:01:DA,-92,3.910,1.314
1785931406907,ANCHOR_03,52:06:26:03:01:DA,-92,3.910,1.314
1785931406926,ANCHOR_02,52:06:26:03:01:DA,-82,3.910,1.314
1785931406982,ANCHOR_01,52:06:26:03:01:DA,-92,3.910,1.314
1785931407007,ANCHOR_02,52:06:26:03:01:DA,-83,3.910,1.314
1785931407038,ANCHOR_03,52:06:26:03:01:DA,-91,3.910,1.314
1785931407040,ANCHOR_01,52:06:26:03:01:DA,-91,3.910,1.314
1785931407076,ANCHOR_03,52:06:26:03:01:DA,-91,3.910,1.314
1785931407097,ANCHOR_01,52:06:26:03:01:DA,-91,3.910,1.314
1785931407141,ANCHOR_02,52:06:26:03:01:DA,-82,3.910,1.314
1785931407149,ANCHOR_01,52:06:26:03:01:DA,-93,3.910,1.314
1785931407150,ANCHOR_02,52:06:26:03:01:DA,-82,3.910,1.314
1785931407179,ANCHOR_03,52:06:26:03:01:DA,-92,3.910,1.314
1785931407221,ANCHOR_02,52:06:26:03:01:DA,-82,3.910,1.314
1785931407253,ANCHOR_01,52:06:26:03:01:DA,-92,3.910,1.314
1785931407257,ANCHOR_03,52:06:26:03:01:DA,-92,3.910,1.314
1785931407273,ANCHOR_01,52:06:26:03:01:DA,-91,3.910,1.314
1785931407323,ANCHOR_03,52:06:26:03:01:DA,-92,3.910,1.314
1785931407332,ANCHOR_02,52:06:26:03:01:DA,-83,3.910,1.440
1785931407423,ANCHOR_02,52:06:26:03:01:DA,-82,3.910,1.314
1785931407444,ANCHOR_03,52:06:26:03:01:DA,-92,3.910,1.332
1785931407489,ANCHOR_01,52:06:26:03:01:DA,-91,3.910,1.332
1785931407728,ANCHOR_02,52:06:26:03:01:DA,-82,3.910,1.332
1785931407760,ANCHOR_01,52:06:26:03:01:DA,-92,3.910,1.440
1785931407808,ANCHOR_03,52:06:26:03:01:DA,-92,3.910,1.440
1785931407814,ANCHOR_03,52:06:26:03:01:DA,-90,3.910,1.650
1785931407881,ANCHOR_02,52:06:26:03:01:DA,-84,3.910,1.650
1785931407942,ANCHOR_01,52:06:26:03:01:DA,-92,3.910,1.650
1785931407945,ANCHOR_02,52:06:26:03:01:DA,-85,3.910,1.958
1785931407963,ANCHOR_03,52:06:26:03:01:DA,-89,3.910,1.958
1785931407998,ANCHOR_01,52:06:26:03:01:DA,-92,3.910,1.958
1785931409490,ANCHOR_02,52:06:26:03:01:DA,-85,3.910,2.214
1785931409623,ANCHOR_03,52:06:26:03:01:DA,-89,3.910,2.214
1785931410681,ANCHOR_01,52:06:26:03:01:DA,-93,3.910,2.214
1785931410772,ANCHOR_01,52:06:26:03:01:DA,-93,3.910,2.363
1785931410805,ANCHOR_02,52:06:26:03:01:DA,-86,3.910,2.363
1785931410841,ANCHOR_03,52:06:26:03:01:DA,-89,3.910,2.363
1785931410881,ANCHOR_03,52:06:26:03:01:DA,-88,3.910,2.407
1785931410887,ANCHOR_01,52:06:26:03:01:DA,-93,3.910,2.407
1785931410906,ANCHOR_02,52:06:26:03:01:DA,-88,3.910,2.407
1785931410931,ANCHOR_03,52:06:26:03:01:DA,-88,3.910,2.407
1785931410958,ANCHOR_02,52:06:26:03:01:DA,-87,3.910,2.407
1785931410968,ANCHOR_01,52:06:26:03:01:DA,-94,3.910,2.407
1785931411001,ANCHOR_02,52:06:26:03:01:DA,-88,3.910,2.407
1785931411080,ANCHOR_03,52:06:26:03:01:DA,-89,3.910,2.407
1785931411085,ANCHOR_01,52:06:26:03:01:DA,-93,3.910,2.407
1785931411087,ANCHOR_03,52:06:26:03:01:DA,-89,3.886,2.407
1785931411123,ANCHOR_02,52:06:26:03:01:DA,-88,3.886,2.407
1785931411124,ANCHOR_01,52:06:26:03:01:DA,-93,3.886,2.407
1785931411154,ANCHOR_03,52:06:26:03:01:DA,-88,3.770,2.407
1785931411167,ANCHOR_02,52:06:26:03:01:DA,-87,3.770,2.407
1785931411187,ANCHOR_01,52:06:26:03:01:DA,-92,3.770,2.407
1785931411203,ANCHOR_02,52:06:26:03:01:DA,-88,3.556,2.407
1785931411238,ANCHOR_03,52:06:26:03:01:DA,-88,3.556,2.407
1785931411262,ANCHOR_01,52:06:26:03:01:DA,-92,3.556,2.407
1785931411283,ANCHOR_03,52:06:26:03:01:DA,-87,3.258,2.407
1785931411291,ANCHOR_01,52:06:26:03:01:DA,-92,3.258,2.407
1785931411341,ANCHOR_02,52:06:26:03:01:DA,-89,3.258,2.407
1785931411363,ANCHOR_02,52:06:26:03:01:DA,-89,2.953,2.407
1785931411368,ANCHOR_01,52:06:26:03:01:DA,-92,2.953,2.407
1785931411463,ANCHOR_03,52:06:26:03:01:DA,-87,2.953,2.407
1785931411480,ANCHOR_02,52:06:26:03:01:DA,-90,2.648,2.407
1785931411549,ANCHOR_03,52:06:26:03:01:DA,-87,2.648,2.407
1785931411798,ANCHOR_01,52:06:26:03:01:DA,-90,2.648,2.407
1785931411828,ANCHOR_03,52:06:26:03:01:DA,-87,2.453,2.407
1785931411886,ANCHOR_02,52:06:26:03:01:DA,-91,2.453,2.407
1785931411893,ANCHOR_01,52:06:26:03:01:DA,-90,2.453,2.407
1785931411961,ANCHOR_01,52:06:26:03:01:DA,-90,2.349,2.407
1785931411997,ANCHOR_02,52:06:26:03:01:DA,-91,2.349,2.407
1785931412025,ANCHOR_03,52:06:26:03:01:DA,-87,2.349,2.407
1785931412054,ANCHOR_03,52:06:26:03:01:DA,-87,2.333,2.407
1785931412074,ANCHOR_02,52:06:26:03:01:DA,-89,2.333,2.407
1785931412455,ANCHOR_01,52:06:26:03:01:DA,-89,2.333,2.407
1785931414652,ANCHOR_01,52:06:26:03:01:DA,-89,2.333,2.407
1785931414749,ANCHOR_02,52:06:26:03:01:DA,-91,2.333,2.407
1785931414775,ANCHOR_03,52:06:26:03:01:DA,-87,2.333,2.407
1785931414805,ANCHOR_01,52:06:26:03:01:DA,-90,2.350,2.407
1785931414871,ANCHOR_02,52:06:26:03:01:DA,-90,2.350,2.407
1785931414919,ANCHOR_01,52:06:26:03:01:DA,-90,2.459,2.407
1785931414918,ANCHOR_03,52:06:26:03:01:DA,-86,2.350,2.407
1785931414937,ANCHOR_02,52:06:26:03:01:DA,-89,2.459,2.407
1785931414940,ANCHOR_03,52:06:26:03:01:DA,-87,2.459,2.407
1785931414980,ANCHOR_01,52:06:26:03:01:DA,-90,2.611,2.407
1785931415003,ANCHOR_02,52:06:26:03:01:DA,-90,2.611,2.407
1785931415044,ANCHOR_03,52:06:26:03:01:DA,-87,2.611,2.407
1785931415076,ANCHOR_02,52:06:26:03:01:DA,-90,2.673,2.407
1785931415077,ANCHOR_01,52:06:26:03:01:DA,-90,2.673,2.407
1785931415098,ANCHOR_03,52:06:26:03:01:DA,-88,2.673,2.407
1785931415103,ANCHOR_02,52:06:26:03:01:DA,-90,2.675,2.407
1785931415125,ANCHOR_03,52:06:26:03:01:DA,-87,2.675,2.407
1785931415149,ANCHOR_01,52:06:26:03:01:DA,-91,2.675,2.407
1785931415176,ANCHOR_01,52:06:26:03:01:DA,-90,2.675,2.407
1785931415227,ANCHOR_03,52:06:26:03:01:DA,-86,2.675,2.407
1785931415239,ANCHOR_03,52:06:26:03:01:DA,-88,2.675,2.407
1785931415276,ANCHOR_02,52:06:26:03:01:DA,-90,2.675,2.407
1785931415310,ANCHOR_01,52:06:26:03:01:DA,-91,2.675,2.407
1785931415329,ANCHOR_03,52:06:26:03:01:DA,-87,2.675,2.407
1785931415360,ANCHOR_02,52:06:26:03:01:DA,-90,2.675,2.407
1785931415383,ANCHOR_01,52:06:26:03:01:DA,-91,2.675,2.407
1785931415437,ANCHOR_01,52:06:26:03:01:DA,-91,2.675,2.407
1785931415455,ANCHOR_02,52:06:26:03:01:DA,-90,2.675,2.407
1785931415527,ANCHOR_03,52:06:26:03:01:DA,-88,2.675,2.407
1785931415770,ANCHOR_02,52:06:26:03:01:DA,-90,2.675,2.407
1785931415796,ANCHOR_01,52:06:26:03:01:DA,-90,2.675,2.407
1785931415851,ANCHOR_03,52:06:26:03:01:DA,-87,2.675,2.407
1785931415857,ANCHOR_02,52:06:26:03:01:DA,-89,2.675,2.407
1785931415917,ANCHOR_03,52:06:26:03:01:DA,-87,2.675,2.407
1785931415988,ANCHOR_01,52:06:26:03:01:DA,-91,2.675,2.407
1785931416002,ANCHOR_02,52:06:26:03:01:DA,-91,2.675,2.381
1785931416035,ANCHOR_03,52:06:26:03:01:DA,-87,2.675,2.381
1785931416058,ANCHOR_01,52:06:26:03:01:DA,-90,2.675,2.381
1785931416385,ANCHOR_02,52:06:26:03:01:DA,-89,2.675,2.254
1785931418571,ANCHOR_03,52:06:26:03:01:DA,-87,2.675,2.254
1785931418706,ANCHOR_01,52:06:26:03:01:DA,-90,2.675,2.254
1785931418740,ANCHOR_02,52:06:26:03:01:DA,-88,2.675,2.038
1785931418777,ANCHOR_03,52:06:26:03:01:DA,-88,2.675,2.038
1785931418845,ANCHOR_01,52:06:26:03:01:DA,-89,2.675,2.038
1785931418900,ANCHOR_01,52:06:26:03:01:DA,-90,2.675,1.742
1785931418959,ANCHOR_02,52:06:26:03:01:DA,-89,2.675,1.742
1785931418982,ANCHOR_03,52:06:26:03:01:DA,-89,2.675,1.742
1785931418994,ANCHOR_02,52:06:26:03:01:DA,-87,2.675,1.418
1785931419011,ANCHOR_03,52:06:26:03:01:DA,-91,2.675,1.418
1785931419015,ANCHOR_01,52:06:26:03:01:DA,-89,2.675,1.418
1785931419046,ANCHOR_02,52:06:26:03:01:DA,-86,2.675,1.101
1785931419078,ANCHOR_03,52:06:26:03:01:DA,-91,2.675,1.101
1785931419086,ANCHOR_01,52:06:26:03:01:DA,-87,2.675,1.101
1785931419101,ANCHOR_01,52:06:26:03:01:DA,-87,2.675,0.850
1785931419133,ANCHOR_03,52:06:26:03:01:DA,-93,2.675,0.850
1785931419142,ANCHOR_02,52:06:26:03:01:DA,-87,2.675,0.850
1785931419186,ANCHOR_03,52:06:26:03:01:DA,-92,2.675,0.686
1785931419207,ANCHOR_01,52:06:26:03:01:DA,-88,2.675,0.686
1785931419203,ANCHOR_02,52:06:26:03:01:DA,-86,2.675,0.686
1785931419235,ANCHOR_03,52:06:26:03:01:DA,-93,2.675,0.619
1785931419237,ANCHOR_01,52:06:26:03:01:DA,-88,2.675,0.619
1785931419267,ANCHOR_02,52:06:26:03:01:DA,-87,2.675,0.619
1785931419278,ANCHOR_02,52:06:26:03:01:DA,-86,2.675,0.617
1785931419328,ANCHOR_01,52:06:26:03:01:DA,-87,2.675,0.617
1785931419338,ANCHOR_03,52:06:26:03:01:DA,-92,2.675,0.617
1785931419345,ANCHOR_01,52:06:26:03:01:DA,-88,2.675,0.617
1785931419438,ANCHOR_03,52:06:26:03:01:DA,-93,2.675,0.617
1785931419439,ANCHOR_02,52:06:26:03:01:DA,-87,2.675,0.617
1785931419504,ANCHOR_02,52:06:26:03:01:DA,-87,2.675,0.617
1785931419720,ANCHOR_03,52:06:26:03:01:DA,-93,2.675,0.617
1785931419769,ANCHOR_01,52:06:26:03:01:DA,-88,2.675,0.617
1785931419845,ANCHOR_01,52:06:26:03:01:DA,-87,2.675,0.617
1785931419864,ANCHOR_02,52:06:26:03:01:DA,-85,2.675,0.617
1785931419907,ANCHOR_01,52:06:26:03:01:DA,-86,2.675,0.617
1785931419982,ANCHOR_03,52:06:26:03:01:DA,-92,2.675,0.617
1785931420016,ANCHOR_03,52:06:26:03:01:DA,-93,2.675,0.617
1785931420057,ANCHOR_02,52:06:26:03:01:DA,-85,2.675,0.617
1785931420086,ANCHOR_02,52:06:26:03:01:DA,-86,2.675,0.617
1785931420147,ANCHOR_03,52:06:26:03:01:DA,-93,2.675,0.617
1785931420411,ANCHOR_01,52:06:26:03:01:DA,-88,2.675,0.617
1785931422643,ANCHOR_01,52:06:26:03:01:DA,-87,2.675,0.617
1785931422659,ANCHOR_02,52:06:26:03:01:DA,-85,2.675,0.617
1785931422704,ANCHOR_03,52:06:26:03:01:DA,-93,2.675,0.617
1785931422749,ANCHOR_02,52:06:26:03:01:DA,-86,2.675,0.617
1785931422795,ANCHOR_01,52:06:26:03:01:DA,-87,2.675,0.617
1785931422849,ANCHOR_03,52:06:26:03:01:DA,-93,2.675,0.617
1785931422852,ANCHOR_02,52:06:26:03:01:DA,-86,2.675,0.617
1785931422897,ANCHOR_03,52:06:26:03:01:DA,-93,2.675,0.617
1785931422917,ANCHOR_01,52:06:26:03:01:DA,-86,2.675,0.617
1785931422920,ANCHOR_03,52:06:26:03:01:DA,-93,2.675,0.617
1785931422932,ANCHOR_02,52:06:26:03:01:DA,-85,2.675,0.617
1785931422954,ANCHOR_01,52:06:26:03:01:DA,-87,2.675,0.617
1785931422975,ANCHOR_01,52:06:26:03:01:DA,-88,2.675,0.617
1785931422991,ANCHOR_02,52:06:26:03:01:DA,-86,2.675,0.617
1785931423025,ANCHOR_03,52:06:26:03:01:DA,-93,2.675,0.617
1785931423019,ANCHOR_03,52:06:26:03:01:DA,-93,2.675,0.617
1785931423043,ANCHOR_02,52:06:26:03:01:DA,-85,2.675,0.617
1785931423068,ANCHOR_01,52:06:26:03:01:DA,-87,2.675,0.617
1785931423107,ANCHOR_02,52:06:26:03:01:DA,-87,2.675,0.617
1785931423116,ANCHOR_03,52:06:26:03:01:DA,-93,2.675,0.617
1785931423124,ANCHOR_01,52:06:26:03:01:DA,-87,2.675,0.617
1785931423153,ANCHOR_03,52:06:26:03:01:DA,-93,2.675,0.617
1785931423170,ANCHOR_02,52:06:26:03:01:DA,-86,2.675,0.617
1785931423204,ANCHOR_01,52:06:26:03:01:DA,-87,2.675,0.617
1785931423240,ANCHOR_01,52:06:26:03:01:DA,-88,2.675,0.617
1785931423266,ANCHOR_02,52:06:26:03:01:DA,-86,2.675,0.617
1785931423303,ANCHOR_03,52:06:26:03:01:DA,-93,2.675,0.617
1785931423338,ANCHOR_01,52:06:26:03:01:DA,-87,2.675,0.617
1785931423366,ANCHOR_02,52:06:26:03:01:DA,-85,2.675,0.617
1785931423591,ANCHOR_03,52:06:26:03:01:DA,-93,2.675,0.617
1785931423610,ANCHOR_02,52:06:26:03:01:DA,-86,2.675,0.617
1785931423672,ANCHOR_03,52:06:26:03:01:DA,-93,2.675,0.617
1785931423739,ANCHOR_01,52:06:26:03:01:DA,-87,2.675,0.617
1785931423756,ANCHOR_01,52:06:26:03:01:DA,-87,2.675,0.617
1785931423837,ANCHOR_03,52:06:26:03:01:DA,-92,2.675,0.617
1785931423871,ANCHOR_02,52:06:26:03:01:DA,-86,2.675,0.617
1785931423907,ANCHOR_02,52:06:26:03:01:DA,-87,2.675,0.617
1785931423915,ANCHOR_01,52:06:26:03:01:DA,-88,2.675,0.617
1785931423997,ANCHOR_03,52:06:26:03:01:DA,-92,2.675,0.617
1785931424229,ANCHOR_01,52:06:26:03:01:DA,-88,2.675,0.617
1785931427272,ANCHOR_02,52:06:26:03:01:DA,-87,2.675,0.617
1785931427367,ANCHOR_03,52:06:26:03:01:DA,-93,2.675,0.617
1785931427460,ANCHOR_01,52:06:26:03:01:DA,-88,2.675,0.617
1785931427494,ANCHOR_03,52:06:26:03:01:DA,-93,2.675,0.617
1785931427552,ANCHOR_02,52:06:26:03:01:DA,-85,2.675,0.617
1785931427605,ANCHOR_01,52:06:26:03:01:DA,-88,2.675,0.617
1785931427655,ANCHOR_02,52:06:26:03:01:DA,-86,2.675,0.617
1785931427683,ANCHOR_03,52:06:26:03:01:DA,-93,2.675,0.617
1785931427695,ANCHOR_02,52:06:26:03:01:DA,-85,2.675,0.617
1785931427788,ANCHOR_03,52:06:26:03:01:DA,-92,2.675,0.617
1785931427813,ANCHOR_01,52:06:26:03:01:DA,-88,2.675,0.617
1785931427814,ANCHOR_02,52:06:26:03:01:DA,-86,2.675,0.617
1785931427835,ANCHOR_01,52:06:26:03:01:DA,-88,2.675,0.617
1785931427922,ANCHOR_03,52:06:26:03:01:DA,-93,2.675,0.617
1785931427929,ANCHOR_03,52:06:26:03:01:DA,-93,2.675,0.617
1785931428006,ANCHOR_02,52:06:26:03:01:DA,-87,2.675,0.617
1785931428014,ANCHOR_01,52:06:26:03:01:DA,-87,2.675,0.617
1785931428050,ANCHOR_01,52:06:26:03:01:DA,-87,2.675,0.617
1785931428079,ANCHOR_02,52:06:26:03:01:DA,-86,2.675,0.617
1785931428078,ANCHOR_03,52:06:26:03:01:DA,-93,2.675,0.617
1785931428203,ANCHOR_03,52:06:26:03:01:DA,-92,2.675,0.617
1785931428206,ANCHOR_01,52:06:26:03:01:DA,-87,2.675,0.617
1785931428240,ANCHOR_02,52:06:26:03:01:DA,-87,2.675,0.617
1785931428319,ANCHOR_01,52:06:26:03:01:DA,-88,2.675,0.617
1785931428342,ANCHOR_02,52:06:26:03:01:DA,-86,2.675,0.617
1785931428344,ANCHOR_03,52:06:26:03:01:DA,-93,2.675,0.617
1785931428433,ANCHOR_01,52:06:26:03:01:DA,-87,2.675,0.617
1785931428520,ANCHOR_03,52:06:26:03:01:DA,-92,2.675,0.617
1785931428581,ANCHOR_02,52:06:26:03:01:DA,-86,2.675,0.617
1785931428937,ANCHOR_02,52:06:26:03:01:DA,-86,2.675,0.617
1785931428959,ANCHOR_01,52:06:26:03:01:DA,-88,2.675,0.617
1785931429033,ANCHOR_03,52:06:26:03:01:DA,-93,2.675,0.617
1785931429034,ANCHOR_01,52:06:26:03:01:DA,-87,2.675,0.617
1785931429071,ANCHOR_03,52:06:26:03:01:DA,-93,2.675,0.617
1785931429201,ANCHOR_02,52:06:26:03:01:DA,-86,2.675,0.617
1785931429220,ANCHOR_02,52:06:26:03:01:DA,-86,2.675,0.617
1785931429250,ANCHOR_01,52:06:26:03:01:DA,-87,2.675,0.617
1785931429279,ANCHOR_03,52:06:26:03:01:DA,-93,2.675,0.617
1785931429402,ANCHOR_02,52:06:26:03:01:DA,-86,2.675,0.617
1785931429965,ANCHOR_01,52:06:26:03:01:DA,-88,2.675,0.617
1785931432093,ANCHOR_03,52:06:26:03:01:DA,-94,2.675,0.617
1785931432230,ANCHOR_01,52:06:26:03:01:DA,-88,2.675,0.617
1785931434680,ANCHOR_02,52:06:26:03:01:DA,-86,2.675,0.617
1785931434900,ANCHOR_03,52:06:26:03:01:DA,-93,2.675,0.617
1785931434930,ANCHOR_03,52:06:26:03:01:DA,-93,2.675,0.617
1785931434992,ANCHOR_01,52:06:26:03:01:DA,-87,2.675,0.617
1785931435073,ANCHOR_02,52:06:26:03:01:DA,-86,2.675,0.617
1785931435078,ANCHOR_01,52:06:26:03:01:DA,-88,2.675,0.617
1785931435157,ANCHOR_02,52:06:26:03:01:DA,-86,2.675,0.617
1785931435156,ANCHOR_03,52:06:26:03:01:DA,-92,2.675,0.617
1785931435317,ANCHOR_03,52:06:26:03:01:DA,-92,2.675,0.617
1785931435332,ANCHOR_01,52:06:26:03:01:DA,-87,2.675,0.617
1785931435387,ANCHOR_02,52:06:26:03:01:DA,-86,2.675,0.617
1785931435400,ANCHOR_02,52:06:26:03:01:DA,-86,2.675,0.617
1785931435439,ANCHOR_03,52:06:26:03:01:DA,-93,2.675,0.617
1785931435462,ANCHOR_01,52:06:26:03:01:DA,-87,2.675,0.617
1785931435465,ANCHOR_01,52:06:26:03:01:DA,-88,2.675,0.617
1785931435490,ANCHOR_03,52:06:26:03:01:DA,-93,2.675,0.617
1785931435508,ANCHOR_02,52:06:26:03:01:DA,-86,2.675,0.617
1785931435548,ANCHOR_01,52:06:26:03:01:DA,-88,2.675,0.617
1785931435572,ANCHOR_03,52:06:26:03:01:DA,-92,2.675,0.617
1785931435633,ANCHOR_02,52:06:26:03:01:DA,-85,2.675,0.617
1785931435685,ANCHOR_01,52:06:26:03:01:DA,-87,2.675,0.617
1785931435712,ANCHOR_02,52:06:26:03:01:DA,-86,2.675,0.617
1785931435782,ANCHOR_03,52:06:26:03:01:DA,-93,2.675,0.617
1785931435808,ANCHOR_02,52:06:26:03:01:DA,-85,2.675,0.617
1785931435891,ANCHOR_01,52:06:26:03:01:DA,-88,2.675,0.617
1785931435942,ANCHOR_03,52:06:26:03:01:DA,-92,2.675,0.617
1785931436069,ANCHOR_02,52:06:26:03:01:DA,-86,2.675,0.617
1785931436129,ANCHOR_02,52:06:26:03:01:DA,-86,2.675,0.617
1785931436523,ANCHOR_01,52:06:26:03:01:DA,-88,2.675,0.617
1785931436552,ANCHOR_03,52:06:26:03:01:DA,-92,2.675,0.617
1785931436622,ANCHOR_01,52:06:26:03:01:DA,-88,2.675,0.617
1785931436654,ANCHOR_03,52:06:26:03:01:DA,-93,2.675,0.617
1785931436689,ANCHOR_02,52:06:26:03:01:DA,-86,2.675,0.617
1785931436898,ANCHOR_01,52:06:26:03:01:DA,-87,2.675,0.617
1785931436903,ANCHOR_02,52:06:26:03:01:DA,-86,2.675,0.617
1785931436998,ANCHOR_01,52:06:26:03:01:DA,-87,2.675,0.617
1785931437001,ANCHOR_03,52:06:26:03:01:DA,-93,2.675,0.617
1785931437163,ANCHOR_03,52:06:26:03:01:DA,-93,2.675,0.617
1785931437254,ANCHOR_01,52:06:26:03:01:DA,-89,2.675,0.617
1785931437364,ANCHOR_02,52:06:26:03:01:DA,-86,2.675,0.617
1785931437493,ANCHOR_03,52:06:26:03:01:DA,-93,2.675,0.617
1785931437517,ANCHOR_02,52:06:26:03:01:DA,-87,2.675,0.617
1785931437779,ANCHOR_03,52:06:26:03:01:DA,-93,2.675,0.617
1785931442209,ANCHOR_01,52:06:26:03:01:DA,-88,2.675,0.617
1785931442240,ANCHOR_03,52:06:26:03:01:DA,-93,2.675,0.617
1785931442293,ANCHOR_02,52:06:26:03:01:DA,-86,2.675,0.617
1785931442309,ANCHOR_01,52:06:26:03:01:DA,-88,2.675,0.617
1785931442303,ANCHOR_01,52:06:26:03:01:DA,-88,2.675,0.617
1785931442359,ANCHOR_03,52:06:26:03:01:DA,-93,2.675,0.617
1785931442403,ANCHOR_02,52:06:26:03:01:DA,-86,2.675,0.617
1785931442414,ANCHOR_01,52:06:26:03:01:DA,-88,2.675,0.617
1785931442448,ANCHOR_02,52:06:26:03:01:DA,-86,2.675,0.617
1785931442485,ANCHOR_01,52:06:26:03:01:DA,-88,2.675,0.617
1785931442551,ANCHOR_01,52:06:26:03:01:DA,-87,2.675,0.617
1785931442583,ANCHOR_01,52:06:26:03:01:DA,-88,2.675,0.617
1785931442598,ANCHOR_02,52:06:26:03:01:DA,-86,2.675,0.617
1785931442633,ANCHOR_02,52:06:26:03:01:DA,-87,2.675,0.617
1785931442689,ANCHOR_03,52:06:26:03:01:DA,-93,2.675,0.617
1785931442694,ANCHOR_03,52:06:26:03:01:DA,-94,2.675,0.617
1785931442720,ANCHOR_03,52:06:26:03:01:DA,-93,2.675,0.617
1785931442753,ANCHOR_02,52:06:26:03:01:DA,-86,2.675,0.617
1785931442784,ANCHOR_01,52:06:26:03:01:DA,-87,2.675,0.617
1785931442824,ANCHOR_02,52:06:26:03:01:DA,-85,2.675,0.617
1785931442889,ANCHOR_03,52:06:26:03:01:DA,-93,2.675,0.617
1785931442965,ANCHOR_01,52:06:26:03:01:DA,-89,2.675,0.617
1785931443056,ANCHOR_02,52:06:26:03:01:DA,-86,2.675,0.617
1785931443086,ANCHOR_03,52:06:26:03:01:DA,-93,2.675,0.617
1785931443477,ANCHOR_03,52:06:26:03:01:DA,-93,2.675,0.617
1785931443539,ANCHOR_01,52:06:26:03:01:DA,-87,2.675,0.617
1785931443592,ANCHOR_01,52:06:26:03:01:DA,-87,2.675,0.617
1785931443654,ANCHOR_03,52:06:26:03:01:DA,-93,2.675,0.617
1785931443720,ANCHOR_02,52:06:26:03:01:DA,-86,2.675,0.617
1785931443966,ANCHOR_03,52:06:26:03:01:DA,-92,2.675,0.617
1785931443967,ANCHOR_02,52:06:26:03:01:DA,-86,2.675,0.617
1785931444029,ANCHOR_03,52:06:26:03:01:DA,-93,2.675,0.617
1785931444081,ANCHOR_01,52:06:26:03:01:DA,-88,2.675,0.617
1785931444267,ANCHOR_02,52:06:26:03:01:DA,-86,2.675,0.617
1785931444315,ANCHOR_01,52:06:26:03:01:DA,-88,2.675,0.617
1785931444546,ANCHOR_01,52:06:26:03:01:DA,-89,2.675,0.617
1785931444603,ANCHOR_02,52:06:26:03:01:DA,-86,2.675,0.617
1785931444676,ANCHOR_03,52:06:26:03:01:DA,-94,2.675,0.617
1785931444893,ANCHOR_02,52:06:26:03:01:DA,-86,2.675,0.617
1785931448514,ANCHOR_01,52:06:26:03:01:DA,-87,2.675,0.617
1785931448547,ANCHOR_03,52:06:26:03:01:DA,-93,2.675,0.617
1785931448657,ANCHOR_02,52:06:26:03:01:DA,-87,2.675,0.617
1785931448659,ANCHOR_03,52:06:26:03:01:DA,-93,2.675,0.617
1785931448684,ANCHOR_01,52:06:26:03:01:DA,-88,2.675,0.617
1785931448688,ANCHOR_01,52:06:26:03:01:DA,-88,2.675,0.617
1785931448686,ANCHOR_01,52:06:26:03:01:DA,-87,2.675,0.617
1785931448734,ANCHOR_03,52:06:26:03:01:DA,-92,2.675,0.617
1785931448809,ANCHOR_02,52:06:26:03:01:DA,-86,2.675,0.617
1785931448876,ANCHOR_03,52:06:26:03:01:DA,-93,2.675,0.617
1785931448894,ANCHOR_01,52:06:26:03:01:DA,-87,2.675,0.617
1785931448898,ANCHOR_03,52:06:26:03:01:DA,-93,2.675,0.617
1785931448924,ANCHOR_02,52:06:26:03:01:DA,-86,2.675,0.617
1785931448961,ANCHOR_02,52:06:26:03:01:DA,-86,2.675,0.617
1785931449006,ANCHOR_03,52:06:26:03:01:DA,-93,2.675,0.617
1785931449060,ANCHOR_03,52:06:26:03:01:DA,-93,2.675,0.617
1785931449050,ANCHOR_01,52:06:26:03:01:DA,-87,2.675,0.617
1785931449081,ANCHOR_03,52:06:26:03:01:DA,-92,2.675,0.617
1785931449090,ANCHOR_01,52:06:26:03:01:DA,-87,2.675,0.617
1785931449100,ANCHOR_03,52:06:26:03:01:DA,-93,2.675,0.617
1785931449179,ANCHOR_02,52:06:26:03:01:DA,-86,2.675,0.617
1785931449181,ANCHOR_01,52:06:26:03:01:DA,-88,2.675,0.617
1785931449234,ANCHOR_01,52:06:26:03:01:DA,-87,2.675,0.617
1785931449312,ANCHOR_03,52:06:26:03:01:DA,-93,2.675,0.617
1785931449344,ANCHOR_02,52:06:26:03:01:DA,-86,2.675,0.617
1785931449608,ANCHOR_02,52:06:26:03:01:DA,-86,2.675,0.617
1785931449670,ANCHOR_01,52:06:26:03:01:DA,-87,2.675,0.617
1785931449720,ANCHOR_02,52:06:26:03:01:DA,-85,2.675,0.617
1785931449786,ANCHOR_03,52:06:26:03:01:DA,-93,2.675,0.617
1785931449853,ANCHOR_01,52:06:26:03:01:DA,-88,2.675,0.617
1785931449994,ANCHOR_03,52:06:26:03:01:DA,-93,2.675,0.617
1785931450018,ANCHOR_03,52:06:26:03:01:DA,-92,2.675,0.617
1785931450091,ANCHOR_02,52:06:26:03:01:DA,-87,2.675,0.617
1785931450185,ANCHOR_01,52:06:26:03:01:DA,-88,2.675,0.617
1785931450252,ANCHOR_02,52:06:26:03:01:DA,-86,2.675,0.617
1785931450364,ANCHOR_01,52:06:26:03:01:DA,-88,2.675,0.617
1785931450429,ANCHOR_03,52:06:26:03:01:DA,-93,2.675,0.617
1785931450502,ANCHOR_03,52:06:26:03:01:DA,-93,2.675,0.617
1785931450638,ANCHOR_01,52:06:26:03:01:DA,-88,2.675,0.617
1785931454710,ANCHOR_02,52:06:26:03:01:DA,-86,2.675,0.617
1785931454767,ANCHOR_02,52:06:26:03:01:DA,-86,2.675,0.617
1785931454832,ANCHOR_02,52:06:26:03:01:DA,-86,2.675,0.617
1785931454904,ANCHOR_01,52:06:26:03:01:DA,-88,2.675,0.617
1785931454926,ANCHOR_02,52:06:26:03:01:DA,-86,2.675,0.617
1785931454938,ANCHOR_01,52:06:26:03:01:DA,-88,2.675,0.617
1785931454972,ANCHOR_03,52:06:26:03:01:DA,-93,2.675,0.617
1785931455034,ANCHOR_02,52:06:26:03:01:DA,-86,2.675,0.617
1785931455086,ANCHOR_03,52:06:26:03:01:DA,-93,2.675,0.617
1785931455119,ANCHOR_01,52:06:26:03:01:DA,-88,2.675,0.617
1785931455168,ANCHOR_02,52:06:26:03:01:DA,-87,2.675,0.617
1785931455229,ANCHOR_01,52:06:26:03:01:DA,-88,2.675,0.617
1785931455241,ANCHOR_03,52:06:26:03:01:DA,-93,2.675,0.617
1785931455237,ANCHOR_02,52:06:26:03:01:DA,-86,2.675,0.617
1785931455310,ANCHOR_02,52:06:26:03:01:DA,-86,2.675,0.617
1785931455315,ANCHOR_02,52:06:26:03:01:DA,-87,2.675,0.617
1785931455345,ANCHOR_03,52:06:26:03:01:DA,-93,2.675,0.617
1785931455381,ANCHOR_01,52:06:26:03:01:DA,-88,2.675,0.617
1785931455387,ANCHOR_02,52:06:26:03:01:DA,-85,2.675,0.617
1785931455492,ANCHOR_01,52:06:26:03:01:DA,-88,2.675,0.617
1785931455539,ANCHOR_03,52:06:26:03:01:DA,-92,2.675,0.617
1785931455575,ANCHOR_01,52:06:26:03:01:DA,-88,2.675,0.617
1785931455668,ANCHOR_01,52:06:26:03:01:DA,-88,2.675,0.617
1785931455682,ANCHOR_02,52:06:26:03:01:DA,-86,2.675,0.617
1785931455764,ANCHOR_03,52:06:26:03:01:DA,-92,2.675,0.617
1785931456055,ANCHOR_02,52:06:26:03:01:DA,-86,2.675,0.617
1785931456079,ANCHOR_03,52:06:26:03:01:DA,-93,2.675,0.617
1785931456158,ANCHOR_01,52:06:26:03:01:DA,-87,2.675,0.617
1785931456211,ANCHOR_02,52:06:26:03:01:DA,-85,2.675,0.617
1785931456247,ANCHOR_01,52:06:26:03:01:DA,-87,2.675,0.617
1785931456376,ANCHOR_03,52:06:26:03:01:DA,-92,2.675,0.617
1785931456402,ANCHOR_03,52:06:26:03:01:DA,-93,2.675,0.617
1785931456434,ANCHOR_03,52:06:26:03:01:DA,-93,2.675,0.617
1785931456465,ANCHOR_01,52:06:26:03:01:DA,-87,2.675,0.617
1785931456555,ANCHOR_01,52:06:26:03:01:DA,-87,2.675,0.617
1785931456672,ANCHOR_02,52:06:26:03:01:DA,-86,2.675,0.617
1785931456782,ANCHOR_03,52:06:26:03:01:DA,-93,2.675,0.617
1785931456850,ANCHOR_02,52:06:26:03:01:DA,-86,2.675,0.617
1785931456908,ANCHOR_03,52:06:26:03:01:DA,-93,2.675,0.617
1785931456946,ANCHOR_03,52:06:26:03:01:DA,-93,2.675,0.617
1785931456983,ANCHOR_01,52:06:26:03:01:DA,-87,2.675,0.617
1785931457020,ANCHOR_02,52:06:26:03:01:DA,-85,2.675,0.617
1785931458410,ANCHOR_02,52:06:26:03:01:DA,-86,2.675,0.617
1785931459718,ANCHOR_03,52:06:26:03:01:DA,-93,2.675,0.617
1785931459716,ANCHOR_01,52:06:26:03:01:DA,-88,2.675,0.617
1785931459737,ANCHOR_02,52:06:26:03:01:DA,-86,2.675,0.617
1785931459740,ANCHOR_01,52:06:26:03:01:DA,-88,2.675,0.617
1785931459752,ANCHOR_02,52:06:26:03:01:DA,-86,2.675,0.617
1785931459789,ANCHOR_03,52:06:26:03:01:DA,-93,2.675,0.617
1785931459845,ANCHOR_02,52:06:26:03:01:DA,-85,2.675,0.617
1785931459840,ANCHOR_01,52:06:26:03:01:DA,-88,2.675,0.617
1785931459877,ANCHOR_03,52:06:26:03:01:DA,-93,2.675,0.617
1785931459889,ANCHOR_01,52:06:26:03:01:DA,-87,2.675,0.617
1785931459890,ANCHOR_02,52:06:26:03:01:DA,-86,2.675,0.617
1785931459922,ANCHOR_03,52:06:26:03:01:DA,-93,2.675,0.617
1785931459933,ANCHOR_01,52:06:26:03:01:DA,-87,2.675,0.617
1785931459962,ANCHOR_01,52:06:26:03:01:DA,-88,2.675,0.617
1785931459964,ANCHOR_01,52:06:26:03:01:DA,-87,2.675,0.617
1785931459982,ANCHOR_03,52:06:26:03:01:DA,-93,2.675,0.617
1785931460006,ANCHOR_02,52:06:26:03:01:DA,-85,2.675,0.617
1785931460039,ANCHOR_03,52:06:26:03:01:DA,-93,2.675,0.617
1785931460089,ANCHOR_01,52:06:26:03:01:DA,-87,2.675,0.617
1785931460089,ANCHOR_02,52:06:26:03:01:DA,-86,2.675,0.617
1785931460125,ANCHOR_03,52:06:26:03:01:DA,-92,2.675,0.617
1785931460192,ANCHOR_01,52:06:26:03:01:DA,-87,2.675,0.617
1785931460207,ANCHOR_02,52:06:26:03:01:DA,-86,2.675,0.617
1785931460249,ANCHOR_01,52:06:26:03:01:DA,-87,2.675,0.617
1785931460486,ANCHOR_03,52:06:26:03:01:DA,-92,2.675,0.617
1785931460490,ANCHOR_02,52:06:26:03:01:DA,-86,2.675,0.617
1785931460582,ANCHOR_02,52:06:26:03:01:DA,-87,2.675,0.617
1785931460603,ANCHOR_03,52:06:26:03:01:DA,-93,2.675,0.617
1785931460625,ANCHOR_01,52:06:26:03:01:DA,-87,2.675,0.617
1785931460700,ANCHOR_02,52:06:26:03:01:DA,-87,2.675,0.617
1785931460733,ANCHOR_03,52:06:26:03:01:DA,-93,2.675,0.617
1785931460754,ANCHOR_01,52:06:26:03:01:DA,-87,2.675,0.617
1785931460780,ANCHOR_02,52:06:26:03:01:DA,-87,2.675,0.617
1785931460871,ANCHOR_03,52:06:26:03:01:DA,-94,2.675,0.617
1785931460960,ANCHOR_02,52:06:26:03:01:DA,-86,2.675,0.617
1785931461036,ANCHOR_01,52:06:26:03:01:DA,-88,2.675,0.617
1785931461098,ANCHOR_03,52:06:26:03:01:DA,-93,2.675,0.617
1785931461102,ANCHOR_01,52:06:26:03:01:DA,-88,2.675,0.617
1785931461153,ANCHOR_02,52:06:26:03:01:DA,-86,2.675,0.617
1785931461226,ANCHOR_03,52:06:26:03:01:DA,-93,2.675,0.617
1785931462495,ANCHOR_03,52:06:26:03:01:DA,-94,2.675,0.617
1785931463743,ANCHOR_01,52:06:26:03:01:DA,-88,2.675,0.617
1785931463740,ANCHOR_02,52:06:26:03:01:DA,-85,2.675,0.617
1785931463817,ANCHOR_03,52:06:26:03:01:DA,-93,2.675,0.617
1785931463849,ANCHOR_02,52:06:26:03:01:DA,-86,2.675,0.617
1785931463867,ANCHOR_01,52:06:26:03:01:DA,-87,2.675,0.617
1785931463900,ANCHOR_03,52:06:26:03:01:DA,-93,2.675,0.617
1785931463931,ANCHOR_01,52:06:26:03:01:DA,-88,2.675,0.617
1785931463933,ANCHOR_02,52:06:26:03:01:DA,-86,2.675,0.617
1785931463957,ANCHOR_01,52:06:26:03:01:DA,-87,2.675,0.617
1785931463967,ANCHOR_03,52:06:26:03:01:DA,-93,2.675,0.617
1785931463990,ANCHOR_02,52:06:26:03:01:DA,-85,2.675,0.617
1785931463990,ANCHOR_01,52:06:26:03:01:DA,-87,2.675,0.617
1785931464017,ANCHOR_02,52:06:26:03:01:DA,-87,2.675,0.617
1785931464020,ANCHOR_03,52:06:26:03:01:DA,-93,2.675,0.617
1785931464068,ANCHOR_01,52:06:26:03:01:DA,-88,2.675,0.617
1785931464076,ANCHOR_02,52:06:26:03:01:DA,-85,2.675,0.617
1785931464131,ANCHOR_01,52:06:26:03:01:DA,-88,2.675,0.617
1785931464171,ANCHOR_03,52:06:26:03:01:DA,-92,2.675,0.617
1785931464217,ANCHOR_02,52:06:26:03:01:DA,-86,2.675,0.617
1785931464276,ANCHOR_03,52:06:26:03:01:DA,-92,2.675,0.617
1785931464325,ANCHOR_01,52:06:26:03:01:DA,-87,2.675,0.617
1785931464468,ANCHOR_01,52:06:26:03:01:DA,-88,2.675,0.617
1785931464502,ANCHOR_02,52:06:26:03:01:DA,-86,2.675,0.617
1785931464563,ANCHOR_03,52:06:26:03:01:DA,-93,2.675,0.617
1785931464599,ANCHOR_02,52:06:26:03:01:DA,-85,2.675,0.617
1785931464623,ANCHOR_03,52:06:26:03:01:DA,-92,2.675,0.617
1785931464671,ANCHOR_01,52:06:26:03:01:DA,-87,2.675,0.617
1785931464710,ANCHOR_03,52:06:26:03:01:DA,-92,2.675,0.617
1785931464724,ANCHOR_02,52:06:26:03:01:DA,-86,2.675,0.617
1785931464751,ANCHOR_01,52:06:26:03:01:DA,-87,2.675,0.617
1785931464853,ANCHOR_02,52:06:26:03:01:DA,-86,2.675,0.617
1785931464911,ANCHOR_03,52:06:26:03:01:DA,-92,2.675,0.617
1785931464985,ANCHOR_01,52:06:26:03:01:DA,-87,2.675,0.617
1785931465025,ANCHOR_01,52:06:26:03:01:DA,-87,2.675,0.617
1785931465071,ANCHOR_02,52:06:26:03:01:DA,-86,2.675,0.617
1785931465076,ANCHOR_03,52:06:26:03:01:DA,-93,2.675,0.617
1785931465105,ANCHOR_01,52:06:26:03:01:DA,-88,2.675,0.617
1785931465165,ANCHOR_03,52:06:26:03:01:DA,-93,2.675,0.617
1785931466752,ANCHOR_02,52:06:26:03:01:DA,-86,2.675,0.617
1785931466840,ANCHOR_03,52:06:26:03:01:DA,-93,2.675,0.617
1785931469065,ANCHOR_01,52:06:26:03:01:DA,-87,2.675,0.617
1785931469143,ANCHOR_02,52:06:26:03:01:DA,-86,2.675,0.617
1785931469202,ANCHOR_02,52:06:26:03:01:DA,-87,2.675,0.617
1785931469214,ANCHOR_03,52:06:26:03:01:DA,-93,2.675,0.617
1785931469266,ANCHOR_01,52:06:26:03:01:DA,-88,2.675,0.617
1785931469313,ANCHOR_03,52:06:26:03:01:DA,-93,2.675,0.617
1785931469380,ANCHOR_01,52:06:26:03:01:DA,-87,2.675,0.617
1785931469416,ANCHOR_02,52:06:26:03:01:DA,-86,2.675,0.617
1785931469425,ANCHOR_02,52:06:26:03:01:DA,-86,2.675,0.617
1785931469465,ANCHOR_03,52:06:26:03:01:DA,-93,2.675,0.617
1785931469536,ANCHOR_01,52:06:26:03:01:DA,-87,2.675,0.617
1785931469539,ANCHOR_01,52:06:26:03:01:DA,-88,2.675,0.617
1785931469606,ANCHOR_03,52:06:26:03:01:DA,-93,2.675,0.617
1785931469636,ANCHOR_02,52:06:26:03:01:DA,-85,2.675,0.617
1785931469634,ANCHOR_02,52:06:26:03:01:DA,-86,2.675,0.617
1785931469647,ANCHOR_03,52:06:26:03:01:DA,-93,2.675,0.617
1785931469697,ANCHOR_01,52:06:26:03:01:DA,-88,2.675,0.617
1785931469794,ANCHOR_01,52:06:26:03:01:DA,-87,2.675,0.617
1785931469818,ANCHOR_03,52:06:26:03:01:DA,-92,2.675,0.617
1785931469842,ANCHOR_02,52:06:26:03:01:DA,-87,2.675,0.617
1785931469885,ANCHOR_03,52:06:26:03:01:DA,-93,2.675,0.617
1785931469983,ANCHOR_02,52:06:26:03:01:DA,-86,2.675,0.617
1785931470133,ANCHOR_01,52:06:26:03:01:DA,-88,2.675,0.617
1785931470359,ANCHOR_03,52:06:26:03:01:DA,-93,2.675,0.617
1785931470424,ANCHOR_02,52:06:26:03:01:DA,-87,2.675,0.617
1785931470475,ANCHOR_01,52:06:26:03:01:DA,-88,2.675,0.617
1785931470530,ANCHOR_02,52:06:26:03:01:DA,-85,2.675,0.617
1785931470610,ANCHOR_01,52:06:26:03:01:DA,-88,2.675,0.617
1785931470699,ANCHOR_03,52:06:26:03:01:DA,-93,2.675,0.617
1785931470778,ANCHOR_01,52:06:26:03:01:DA,-88,2.675,0.617
1785931470826,ANCHOR_02,52:06:26:03:01:DA,-86,2.675,0.617
1785931470874,ANCHOR_03,52:06:26:03:01:DA,-93,2.675,0.617
1785931471082,ANCHOR_01,52:06:26:03:01:DA,-88,2.675,0.617
1785931471258,ANCHOR_03,52:06:26:03:01:DA,-92,2.675,0.617
1785931471394,ANCHOR_02,52:06:26:03:01:DA,-87,2.675,0.617
1785931471482,ANCHOR_02,52:06:26:03:01:DA,-86,2.675,0.617
1785931471578,ANCHOR_01,52:06:26:03:01:DA,-88,2.675,0.617
1785931471671,ANCHOR_03,52:06:26:03:01:DA,-93,2.675,0.617
1785931471680,ANCHOR_01,52:06:26:03:01:DA,-88,2.675,0.617
1785931471725,ANCHOR_02,52:06:26:03:01:DA,-87,2.675,0.617
1785931474080,ANCHOR_03,52:06:26:03:01:DA,-93,2.675,0.617
1785931476040,ANCHOR_03,52:06:26:03:01:DA,-93,2.675,0.617
1785931476075,ANCHOR_01,52:06:26:03:01:DA,-87,2.675,0.617
1785931476148,ANCHOR_02,52:06:26:03:01:DA,-86,2.675,0.617
1785931476210,ANCHOR_01,52:06:26:03:01:DA,-87,2.675,0.617
1785931476224,ANCHOR_03,52:06:26:03:01:DA,-93,2.675,0.617
1785931476313,ANCHOR_02,52:06:26:03:01:DA,-86,2.675,0.617
1785931476342,ANCHOR_03,52:06:26:03:01:DA,-94,2.675,0.617
1785931476375,ANCHOR_01,52:06:26:03:01:DA,-89,2.675,0.617
1785931476407,ANCHOR_02,52:06:26:03:01:DA,-86,2.675,0.617
1785931476442,ANCHOR_03,52:06:26:03:01:DA,-93,2.675,0.617
1785931476464,ANCHOR_02,52:06:26:03:01:DA,-86,2.675,0.617
1785931476506,ANCHOR_01,52:06:26:03:01:DA,-88,2.675,0.617
1785931476527,ANCHOR_02,52:06:26:03:01:DA,-86,2.675,0.617
1785931476557,ANCHOR_03,52:06:26:03:01:DA,-92,2.675,0.617
1785931476609,ANCHOR_02,52:06:26:03:01:DA,-86,2.675,0.617
1785931476652,ANCHOR_01,52:06:26:03:01:DA,-88,2.675,0.617
1785931476697,ANCHOR_03,52:06:26:03:01:DA,-92,2.675,0.617
1785931476725,ANCHOR_01,52:06:26:03:01:DA,-88,2.675,0.617
1785931476775,ANCHOR_03,52:06:26:03:01:DA,-93,2.675,0.617
1785931476827,ANCHOR_02,52:06:26:03:01:DA,-86,2.675,0.617
1785931476951,ANCHOR_01,52:06:26:03:01:DA,-87,2.675,0.617
1785931477032,ANCHOR_02,52:06:26:03:01:DA,-87,2.675,0.617
1785931477303,ANCHOR_03,52:06:26:03:01:DA,-93,2.675,0.617
1785931477398,ANCHOR_02,52:06:26:03:01:DA,-87,2.675,0.617
1785931477403,ANCHOR_01,52:06:26:03:01:DA,-88,2.675,0.617
1785931477445,ANCHOR_03,52:06:26:03:01:DA,-92,2.675,0.617
1785931477519,ANCHOR_02,52:06:26:03:01:DA,-86,2.675,0.617
1785931477607,ANCHOR_01,52:06:26:03:01:DA,-87,2.675,0.617
1785931477605,ANCHOR_03,52:06:26:03:01:DA,-93,2.675,0.617
1785931477681,ANCHOR_03,52:06:26:03:01:DA,-93,2.675,0.617
1785931477754,ANCHOR_02,52:06:26:03:01:DA,-86,2.675,0.617
1785931477916,ANCHOR_01,52:06:26:03:01:DA,-88,2.675,0.617
1785931478103,ANCHOR_01,52:06:26:03:01:DA,-88,2.675,0.617
1785931478120,ANCHOR_02,52:06:26:03:01:DA,-85,2.675,0.617
1785931478200,ANCHOR_03,52:06:26:03:01:DA,-93,2.675,0.617
1785931478305,ANCHOR_02,52:06:26:03:01:DA,-86,2.675,0.617
1785931478342,ANCHOR_03,52:06:26:03:01:DA,-92,2.675,0.617
1785931478395,ANCHOR_01,52:06:26:03:01:DA,-87,2.675,0.617
1785931478472,ANCHOR_02,52:06:26:03:01:DA,-85,2.675,0.617
1785931478458,ANCHOR_03,52:06:26:03:01:DA,-93,2.675,0.617
1785931482370,ANCHOR_01,52:06:26:03:01:DA,-88,2.675,0.617
1785931482428,ANCHOR_01,52:06:26:03:01:DA,-88,2.675,0.617
1785931482486,ANCHOR_03,52:06:26:03:01:DA,-92,2.675,0.617
1785931482518,ANCHOR_02,52:06:26:03:01:DA,-86,2.675,0.617
1785931482634,ANCHOR_02,52:06:26:03:01:DA,-86,2.675,0.617
1785931482641,ANCHOR_01,52:06:26:03:01:DA,-88,2.675,0.617
1785931482669,ANCHOR_03,52:06:26:03:01:DA,-94,2.675,0.617
1785931482690,ANCHOR_03,52:06:26:03:01:DA,-94,2.675,0.617
1785931482716,ANCHOR_02,52:06:26:03:01:DA,-86,2.675,0.617
1785931482744,ANCHOR_01,52:06:26:03:01:DA,-87,2.675,0.617
1785931482798,ANCHOR_01,52:06:26:03:01:DA,-88,2.675,0.617
1785931482809,ANCHOR_02,52:06:26:03:01:DA,-86,2.675,0.617
1785931482817,ANCHOR_03,52:06:26:03:01:DA,-93,2.675,0.617
1785931482863,ANCHOR_02,52:06:26:03:01:DA,-86,2.675,0.617
1785931482862,ANCHOR_03,52:06:26:03:01:DA,-92,2.675,0.617
1785931482907,ANCHOR_01,52:06:26:03:01:DA,-87,2.675,0.617
1785931482968,ANCHOR_02,52:06:26:03:01:DA,-87,2.675,0.617
1785931482972,ANCHOR_03,52:06:26:03:01:DA,-94,2.675,0.617
1785931483002,ANCHOR_01,52:06:26:03:01:DA,-87,2.675,0.617
1785931483038,ANCHOR_01,52:06:26:03:01:DA,-87,2.675,0.617
1785931483139,ANCHOR_02,52:06:26:03:01:DA,-87,2.675,0.617
1785931483217,ANCHOR_03,52:06:26:03:01:DA,-93,2.675,0.617
1785931483427,ANCHOR_02,52:06:26:03:01:DA,-86,2.675,0.617
1785931483489,ANCHOR_03,52:06:26:03:01:DA,-93,2.675,0.617
1785931483509,ANCHOR_01,52:06:26:03:01:DA,-86,2.675,0.617
1785931483556,ANCHOR_01,52:06:26:03:01:DA,-87,2.675,0.617
1785931483600,ANCHOR_02,52:06:26:03:01:DA,-85,2.675,0.617
1785931483680,ANCHOR_03,52:06:26:03:01:DA,-93,2.675,0.617
1785931483714,ANCHOR_01,52:06:26:03:01:DA,-88,2.675,0.617
1785931483804,ANCHOR_02,52:06:26:03:01:DA,-86,2.675,0.617
1785931483803,ANCHOR_03,52:06:26:03:01:DA,-93,2.675,0.617
1785931483958,ANCHOR_03,52:06:26:03:01:DA,-93,2.675,0.617
1785931484050,ANCHOR_02,52:06:26:03:01:DA,-86,2.675,0.617
1785931484106,ANCHOR_01,52:06:26:03:01:DA,-87,2.675,0.617
1785931484158,ANCHOR_02,52:06:26:03:01:DA,-86,2.675,0.617
1785931484252,ANCHOR_01,52:06:26:03:01:DA,-89,2.675,0.617
1785931484259,ANCHOR_03,52:06:26:03:01:DA,-93,2.675,0.617
1785931484324,ANCHOR_01,52:06:26:03:01:DA,-88,2.675,0.617
1785931484382,ANCHOR_02,52:06:26:03:01:DA,-86,2.675,0.617
1785931484394,ANCHOR_03,52:06:26:03:01:DA,-93,2.675,0.617
1785931486044,ANCHOR_01,52:06:26:03:01:DA,-88,2.675,0.617
1785931487720,ANCHOR_02,52:06:26:03:01:DA,-86,2.675,0.617
1785931487749,ANCHOR_03,52:06:26:03:01:DA,-93,2.675,0.617
1785931487806,ANCHOR_01,52:06:26:03:01:DA,-88,2.675,0.617
1785931487842,ANCHOR_02,52:06:26:03:01:DA,-86,2.675,0.617
1785931487915,ANCHOR_03,52:06:26:03:01:DA,-92,2.675,0.617
1785931487938,ANCHOR_02,52:06:26:03:01:DA,-86,2.675,0.617
1785931487973,ANCHOR_01,52:06:26:03:01:DA,-87,2.675,0.617
1785931488013,ANCHOR_03,52:06:26:03:01:DA,-93,2.675,0.617
1785931488085,ANCHOR_01,52:06:26:03:01:DA,-87,2.675,0.617
1785931488092,ANCHOR_03,52:06:26:03:01:DA,-93,2.675,0.617
1785931488129,ANCHOR_02,52:06:26:03:01:DA,-86,2.675,0.617
1785931488174,ANCHOR_03,52:06:26:03:01:DA,-94,2.675,0.617
1785931488222,ANCHOR_02,52:06:26:03:01:DA,-86,2.675,0.617
1785931488244,ANCHOR_01,52:06:26:03:01:DA,-87,2.675,0.617
1785931488264,ANCHOR_01,52:06:26:03:01:DA,-88,2.675,0.617
1785931488262,ANCHOR_02,52:06:26:03:01:DA,-86,2.675,0.617
1785931488272,ANCHOR_03,52:06:26:03:01:DA,-92,2.675,0.617
1785931488324,ANCHOR_01,52:06:26:03:01:DA,-88,2.675,0.617
1785931488327,ANCHOR_02,52:06:26:03:01:DA,-87,2.675,0.617
1785931488372,ANCHOR_03,52:06:26:03:01:DA,-93,2.675,0.617
1785931488456,ANCHOR_03,52:06:26:03:01:DA,-93,2.675,0.617
1785931488536,ANCHOR_02,52:06:26:03:01:DA,-86,2.675,0.617
1785931488820,ANCHOR_01,52:06:26:03:01:DA,-87,2.675,0.617
1785931488917,ANCHOR_02,52:06:26:03:01:DA,-86,2.675,0.617
1785931488922,ANCHOR_03,52:06:26:03:01:DA,-93,2.675,0.617
1785931488955,ANCHOR_01,52:06:26:03:01:DA,-87,2.675,0.617
1785931489027,ANCHOR_03,52:06:26:03:01:DA,-92,2.675,0.617
1785931489134,ANCHOR_01,52:06:26:03:01:DA,-87,2.675,0.617
1785931489137,ANCHOR_02,52:06:26:03:01:DA,-86,2.675,0.617
1785931489211,ANCHOR_02,52:06:26:03:01:DA,-86,2.675,0.617
1785931489209,ANCHOR_01,52:06:26:03:01:DA,-87,2.675,0.617
1785931489338,ANCHOR_03,52:06:26:03:01:DA,-92,2.675,0.617
1785931489466,ANCHOR_02,52:06:26:03:01:DA,-85,2.675,0.617
1785931489516,ANCHOR_03,52:06:26:03:01:DA,-92,2.675,0.617
1785931489612,ANCHOR_01,52:06:26:03:01:DA,-88,2.675,0.617
1785931489703,ANCHOR_02,52:06:26:03:01:DA,-87,2.675,0.617
1785931489738,ANCHOR_03,52:06:26:03:01:DA,-94,2.675,0.617
1785931489768,ANCHOR_03,52:06:26:03:01:DA,-92,2.675,0.617
1785931489982,ANCHOR_01,52:06:26:03:01:DA,-87,2.675,0.617
1785931490039,ANCHOR_02,52:06:26:03:01:DA,-86,2.675,0.617
1785931491854,ANCHOR_01,52:06:26:03:01:DA,-87,2.675,0.617
1785931491894,ANCHOR_01,52:06:26:03:01:DA,-88,2.675,0.617
1785931493226,ANCHOR_02,52:06:26:03:01:DA,-86,2.675,0.617
1785931493270,ANCHOR_03,52:06:26:03:01:DA,-93,2.675,0.617
1785931493301,ANCHOR_02,52:06:26:03:01:DA,-87,2.675,0.617
1785931493342,ANCHOR_03,52:06:26:03:01:DA,-92,2.675,0.617
1785931493349,ANCHOR_01,52:06:26:03:01:DA,-87,2.675,0.617
1785931493381,ANCHOR_01,52:06:26:03:01:DA,-87,2.675,0.617
1785931493420,ANCHOR_02,52:06:26:03:01:DA,-86,2.675,0.617
1785931493424,ANCHOR_03,52:06:26:03:01:DA,-92,2.675,0.617
1785931566589,ANCHOR_01,52:06:26:03:01:DA,-88,2.675,0.617
1785931566592,ANCHOR_02,52:06:26:03:01:DA,-86,2.675,0.617
1785931566595,ANCHOR_03,52:06:26:03:01:DA,-92,2.675,0.617
1785931566813,ANCHOR_01,52:06:26:03:01:DA,-88,2.675,0.617
1785931566855,ANCHOR_03,52:06:26:03:01:DA,-92,2.675,0.617
1785931566892,ANCHOR_02,52:06:26:03:01:DA,-86,2.675,0.617
1785931566913,ANCHOR_02,52:06:26:03:01:DA,-86,2.675,0.617
1785931566910,ANCHOR_01,52:06:26:03:01:DA,-87,2.675,0.617
1785931566921,ANCHOR_03,52:06:26:03:01:DA,-93,2.675,0.617
1785931821968,ANCHOR_01,52:06:26:03:01:DA,-96,2.500,7.500
1785931823793,ANCHOR_02,52:06:26:03:01:DA,-91,2.500,7.500
1785931823828,ANCHOR_04,52:06:26:03:01:DA,-91,2.500,7.500
1785931823868,ANCHOR_03,52:06:26:03:01:DA,-86,2.500,7.500
1785931828256,ANCHOR_12,52:06:26:03:01:DA,-104,2.500,7.500
1785931833070,ANCHOR_05,52:06:26:03:01:DA,-99,2.500,7.500
1785931835169,ANCHOR_06,52:06:26:03:01:DA,-105,2.500,7.500
1785931835198,ANCHOR_09,52:06:26:03:01:DA,-94,2.500,7.500
1785931835231,ANCHOR_07,52:06:26:03:01:DA,-110,2.500,7.500
1785931835239,ANCHOR_10,52:06:26:03:01:DA,-110,2.500,7.500
1785931835244,ANCHOR_11,52:06:26:03:01:DA,-103,2.500,7.500
1785931835251,ANCHOR_08,52:06:26:03:01:DA,-99,2.500,7.500
1785931835513,ANCHOR_03,52:06:26:03:01:DA,-87,2.500,7.500
1785931835716,ANCHOR_04,52:06:26:03:01:DA,-91,2.500,7.500
1785931835867,ANCHOR_05,52:06:26:03:01:DA,-98,2.500,7.500
1785931835900,ANCHOR_01,52:06:26:03:01:DA,-97,2.500,7.500
1785931836004,ANCHOR_07,52:06:26:03:01:DA,-110,2.500,7.500
1785931836107,ANCHOR_12,52:06:26:03:01:DA,-105,2.500,7.500
1785931836180,ANCHOR_11,52:06:26:03:01:DA,-103,2.500,7.500
1785931836241,ANCHOR_02,52:06:26:03:01:DA,-91,2.500,7.500
1785931836289,ANCHOR_06,52:06:26:03:01:DA,-105,2.500,7.500
1785931836313,ANCHOR_09,52:06:26:03:01:DA,-94,2.500,7.500
1785931836325,ANCHOR_10,52:06:26:03:01:DA,-110,2.500,7.500
1785931836332,ANCHOR_08,52:06:26:03:01:DA,-99,2.500,7.500
1785931836918,ANCHOR_03,52:06:26:03:01:DA,-86,2.500,7.500
1785931836955,ANCHOR_02,52:06:26:03:01:DA,-90,2.500,7.500
1785931836965,ANCHOR_04,52:06:26:03:01:DA,-91,2.500,7.500
1785931837114,ANCHOR_07,52:06:26:03:01:DA,-109,2.500,7.500
1785931837174,ANCHOR_01,52:06:26:03:01:DA,-97,2.500,7.500
1785931837038,ANCHOR_05,52:06:26:03:01:DA,-99,2.500,7.500
1785931837209,ANCHOR_06,52:06:26:03:01:DA,-104,2.500,7.500
1785931837636,ANCHOR_08,52:06:26:03:01:DA,-99,2.500,7.500
1785931838241,ANCHOR_11,52:06:26:03:01:DA,-102,2.500,7.500
1785931838523,ANCHOR_10,52:06:26:03:01:DA,-110,2.500,7.500
1785931839531,ANCHOR_09,52:06:26:03:01:DA,-93,2.500,7.500
1785931839152,ANCHOR_12,52:06:26:03:01:DA,-106,2.500,7.500
1785931840284,ANCHOR_03,52:06:26:03:01:DA,-87,2.500,7.500
1785931840291,ANCHOR_03,52:06:26:03:01:DA,-87,2.500,7.500
1785931840966,ANCHOR_05,52:06:26:03:01:DA,-99,2.500,7.500
1785931841299,ANCHOR_01,52:06:26:03:01:DA,-96,2.500,7.500
1785931841519,ANCHOR_06,52:06:26:03:01:DA,-104,2.500,7.500
1785931842286,ANCHOR_08,52:06:26:03:01:DA,-100,2.500,7.500
1785931842411,ANCHOR_04,52:06:26:03:01:DA,-91,2.500,7.500
1785931842481,ANCHOR_07,52:06:26:03:01:DA,-110,2.500,7.500
1785931842555,ANCHOR_02,52:06:26:03:01:DA,-90,2.500,7.500
1785931842593,ANCHOR_09,52:06:26:03:01:DA,-94,2.500,7.500
1785931842605,ANCHOR_05,52:06:26:03:01:DA,-107,3.778,2.883
1785931842639,ANCHOR_11,52:06:26:03:01:DA,-103,2.500,7.500
1785931842705,ANCHOR_12,52:06:26:03:01:DA,-104,2.500,7.500
1785931842756,ANCHOR_03,52:06:26:03:01:DA,-98,3.535,2.801
1785931842798,ANCHOR_10,52:06:26:03:01:DA,-110,2.500,7.500
1785931842844,ANCHOR_02,52:06:26:03:01:DA,-90,2.500,7.500
1785931853952,ANCHOR_01,52:06:26:03:01:DA,-96,2.500,7.500
1785931854773,ANCHOR_04,52:06:26:03:01:DA,-92,2.500,7.500
1785931855796,ANCHOR_05,52:06:26:03:01:DA,-99,2.500,7.500
1785931855996,ANCHOR_03,52:06:26:03:01:DA,-87,2.500,7.500
1785931856266,ANCHOR_06,52:06:26:03:01:DA,-105,2.500,7.500
1785931856584,ANCHOR_07,52:06:26:03:01:DA,-109,2.500,7.500
1785931857286,ANCHOR_09,52:06:26:03:01:DA,-94,2.500,7.500
1785931857307,ANCHOR_10,52:06:26:03:01:DA,-110,2.500,7.500
1785931859189,ANCHOR_11,52:06:26:03:01:DA,-102,2.500,7.500
1785931860730,ANCHOR_08,52:06:26:03:01:DA,-99,2.500,7.500
1785931860862,ANCHOR_12,52:06:26:03:01:DA,-105,2.500,7.500
1785931861333,ANCHOR_01,52:06:26:03:01:DA,-97,2.500,7.500
1785931861565,ANCHOR_11,52:06:26:03:01:DA,-103,2.500,7.500
1785931861639,ANCHOR_07,52:06:26:03:01:DA,-109,2.500,7.500
1785931861803,ANCHOR_04,52:06:26:03:01:DA,-92,2.500,7.500
1785931861901,ANCHOR_05,52:06:26:03:01:DA,-100,2.500,7.500
1785931862617,ANCHOR_10,52:06:26:03:01:DA,-110,2.500,7.500
1785931863265,ANCHOR_09,52:06:26:03:01:DA,-94,2.500,7.500
1785931864046,ANCHOR_08,52:06:26:03:01:DA,-99,2.500,7.500
1785931865529,ANCHOR_12,52:06:26:03:01:DA,-105,2.500,7.500
1785931866478,ANCHOR_06,52:06:26:03:01:DA,-104,2.500,7.500
1785931866761,ANCHOR_02,52:06:26:03:01:DA,-90,2.500,7.500
1785931866829,ANCHOR_02,52:06:26:03:01:DA,-90,2.500,7.500
1785931867720,ANCHOR_03,52:06:26:03:01:DA,-87,2.500,7.500
1785931868371,ANCHOR_10,52:06:26:03:01:DA,-110,2.500,7.500
1785931868548,ANCHOR_08,52:06:26:03:01:DA,-99,2.500,7.500
1785931868894,ANCHOR_07,52:06:26:03:01:DA,-110,2.500,7.500
1785931869854,ANCHOR_11,52:06:26:03:01:DA,-103,2.500,7.500
1785931871457,ANCHOR_06,52:06:26:03:01:DA,-104,2.500,7.500
1785931872330,ANCHOR_05,52:06:26:03:01:DA,-99,2.500,7.500
1785931872830,ANCHOR_09,52:06:26:03:01:DA,-93,2.500,7.500
1785931873622,ANCHOR_04,52:06:26:03:01:DA,-90,2.500,7.500
1785931873799,ANCHOR_12,52:06:26:03:01:DA,-106,2.500,7.500
1785931874048,ANCHOR_01,52:06:26:03:01:DA,-96,2.500,7.500
1785931874073,ANCHOR_02,52:06:26:03:01:DA,-90,2.500,7.500
1785931874135,ANCHOR_03,52:06:26:03:01:DA,-87,2.500,7.500
1785931874199,ANCHOR_01,52:06:26:03:01:DA,-97,2.500,7.500
1785931874201,ANCHOR_05,52:06:26:03:01:DA,-98,2.500,7.500
1785931874273,ANCHOR_04,52:06:26:03:01:DA,-90,2.500,7.500
1785931874275,ANCHOR_11,52:06:26:03:01:DA,-102,2.500,7.500
1785931875058,ANCHOR_10,52:06:26:03:01:DA,-110,2.500,7.500
1785931875202,ANCHOR_07,52:06:26:03:01:DA,-110,2.500,7.500
1785931875242,ANCHOR_06,52:06:26:03:01:DA,-105,2.500,7.500
1785931875564,ANCHOR_09,52:06:26:03:01:DA,-94,2.500,7.500
1785931876312,ANCHOR_12,52:06:26:03:01:DA,-105,2.500,7.500
1785931876352,ANCHOR_08,52:06:26:03:01:DA,-99,2.500,7.500
1785931876824,ANCHOR_01,52:06:26:03:01:DA,-96,2.500,7.500
1785931877030,ANCHOR_03,52:06:26:03:01:DA,-87,2.500,7.500
1785931877325,ANCHOR_05,52:06:26:03:01:DA,-99,2.500,7.500
1785931877391,ANCHOR_02,52:06:26:03:01:DA,-91,2.500,7.500
1785931877537,ANCHOR_10,52:06:26:03:01:DA,-110,2.500,7.500
1785931877834,ANCHOR_09,52:06:26:03:01:DA,-93,2.500,7.500
1785931877967,ANCHOR_07,52:06:26:03:01:DA,-109,2.500,7.500
1785931877986,ANCHOR_04,52:06:26:03:01:DA,-90,2.500,7.500
1785931878099,ANCHOR_12,52:06:26:03:01:DA,-105,2.500,7.500
1785931878329,ANCHOR_11,52:06:26:03:01:DA,-102,2.500,7.500
1785931878524,ANCHOR_08,52:06:26:03:01:DA,-99,2.500,7.500
1785931878542,ANCHOR_06,52:06:26:03:01:DA,-104,2.500,7.500
1785931878545,ANCHOR_03,52:06:26:03:01:DA,-87,2.500,7.500
1785931878630,ANCHOR_02,52:06:26:03:01:DA,-90,2.500,7.500
1785931878649,ANCHOR_06,52:06:26:03:01:DA,-105,2.500,7.500
1785931878684,ANCHOR_08,52:06:26:03:01:DA,-99,2.500,7.500
1785931878720,ANCHOR_05,52:06:26:03:01:DA,-99,2.500,7.500
1785931878951,ANCHOR_04,52:06:26:03:01:DA,-91,2.500,7.500
1785931879295,ANCHOR_01,52:06:26:03:01:DA,-96,2.500,7.500
1785931879355,ANCHOR_12,52:06:26:03:01:DA,-105,2.500,7.500
1785931880043,ANCHOR_11,52:06:26:03:01:DA,-102,2.500,7.500
1785931880576,ANCHOR_09,52:06:26:03:01:DA,-94,2.500,7.500
1785931880622,ANCHOR_07,52:06:26:03:01:DA,-109,2.500,7.500
1785931881516,ANCHOR_10,52:06:26:03:01:DA,-109,2.500,7.500
1785931881571,ANCHOR_02,52:06:26:03:01:DA,-90,2.500,7.500
1785931881667,ANCHOR_01,52:06:26:03:01:DA,-96,2.500,7.500
1785931881692,ANCHOR_03,52:06:26:03:01:DA,-87,2.500,7.500
1785931882134,ANCHOR_07,52:06:26:03:01:DA,-110,2.500,7.500
1785931882176,ANCHOR_04,52:06:26:03:01:DA,-91,2.500,7.500
1785931884047,ANCHOR_11,52:06:26:03:01:DA,-102,2.500,7.500
1785931884169,ANCHOR_05,52:06:26:03:01:DA,-99,2.500,7.500
1785931884213,ANCHOR_08,52:06:26:03:01:DA,-99,2.500,7.500
1785931884513,ANCHOR_09,52:06:26:03:01:DA,-93,2.500,7.500
1785931884981,ANCHOR_10,52:06:26:03:01:DA,-110,2.500,7.500
1785931885465,ANCHOR_06,52:06:26:03:01:DA,-104,2.500,7.500
1785931885502,ANCHOR_12,52:06:26:03:01:DA,-105,2.500,7.500
1785931885801,ANCHOR_04,52:06:26:03:01:DA,-91,2.500,7.500
1785931885875,ANCHOR_01,52:06:26:03:01:DA,-96,2.500,7.500
1785931885924,ANCHOR_08,52:06:26:03:01:DA,-99,2.500,7.500
1785931885964,ANCHOR_10,52:06:26:03:01:DA,-110,2.500,7.500
1785931886026,ANCHOR_09,52:06:26:03:01:DA,-93,2.500,7.500
1785931886098,ANCHOR_12,52:06:26:03:01:DA,-104,2.500,7.500
1785931886186,ANCHOR_03,52:06:26:03:01:DA,-86,2.500,7.500
1785931886348,ANCHOR_07,52:06:26:03:01:DA,-109,2.500,7.500
1785931886601,ANCHOR_02,52:06:26:03:01:DA,-90,2.500,7.500
1785931886607,ANCHOR_06,52:06:26:03:01:DA,-104,2.500,7.500
1785931887126,ANCHOR_05,52:06:26:03:01:DA,-100,2.500,7.500
1785931887217,ANCHOR_11,52:06:26:03:01:DA,-102,2.500,7.500
1785931887270,ANCHOR_02,52:06:26:03:01:DA,-90,2.500,7.500
1785931887703,ANCHOR_05,52:06:26:03:01:DA,-100,2.500,7.500
1785931887776,ANCHOR_04,52:06:26:03:01:DA,-91,2.500,7.500
1785931887902,ANCHOR_03,52:06:26:03:01:DA,-87,2.500,7.500
1785931888546,ANCHOR_09,52:06:26:03:01:DA,-93,2.500,7.500
1785931888638,ANCHOR_07,52:06:26:03:01:DA,-110,2.500,7.500
1785931888993,ANCHOR_06,52:06:26:03:01:DA,-105,2.500,7.500
1785931889594,ANCHOR_10,52:06:26:03:01:DA,-110,2.500,7.500
1785931890092,ANCHOR_01,52:06:26:03:01:DA,-96,2.500,7.500
1785931891506,ANCHOR_08,52:06:26:03:01:DA,-99,2.500,7.500
1785931891597,ANCHOR_12,52:06:26:03:01:DA,-105,2.500,7.500
1785931892181,ANCHOR_11,52:06:26:03:01:DA,-102,2.500,7.500
1785931892412,ANCHOR_02,52:06:26:03:01:DA,-90,2.500,7.500
1785931892519,ANCHOR_08,52:06:26:03:01:DA,-99,2.500,7.500
1785931893872,ANCHOR_06,52:06:26:03:01:DA,-105,2.500,7.500
1785931894143,ANCHOR_05,52:06:26:03:01:DA,-99,2.500,7.500
1785931894226,ANCHOR_04,52:06:26:03:01:DA,-91,2.500,7.500
1785931894967,ANCHOR_09,52:06:26:03:01:DA,-94,2.500,7.500
1785931895481,ANCHOR_12,52:06:26:03:01:DA,-105,2.500,7.500
1785931895548,ANCHOR_03,52:06:26:03:01:DA,-87,2.500,7.500
1785931895691,ANCHOR_07,52:06:26:03:01:DA,-109,2.500,7.500
1785931895752,ANCHOR_11,52:06:26:03:01:DA,-102,2.500,7.500
1785931895970,ANCHOR_01,52:06:26:03:01:DA,-97,2.500,7.500
1785931896086,ANCHOR_10,52:06:26:03:01:DA,-110,2.500,7.500
1785931896171,ANCHOR_02,52:06:26:03:01:DA,-90,2.500,7.500
1785931896712,ANCHOR_03,52:06:26:03:01:DA,-87,2.500,7.500
1785931896725,ANCHOR_05,52:06:26:03:01:DA,-99,2.500,7.500
1785931897047,ANCHOR_06,52:06:26:03:01:DA,-105,2.500,7.500
1785931897113,ANCHOR_01,52:06:26:03:01:DA,-96,2.500,7.500
1785931898280,ANCHOR_12,52:06:26:03:01:DA,-105,2.500,7.500
1785931898313,ANCHOR_10,52:06:26:03:01:DA,-110,2.500,7.500
1785931898321,ANCHOR_08,52:06:26:03:01:DA,-100,2.500,7.500
1785931898416,ANCHOR_07,52:06:26:03:01:DA,-110,2.500,7.500
1785931898425,ANCHOR_09,52:06:26:03:01:DA,-94,2.500,7.500
1785931898551,ANCHOR_04,52:06:26:03:01:DA,-91,2.500,7.500
1785931898915,ANCHOR_11,52:06:26:03:01:DA,-103,2.500,7.500
1785931899064,ANCHOR_08,52:06:26:03:01:DA,-100,2.500,7.500
1785931899217,ANCHOR_07,52:06:26:03:01:DA,-110,2.500,7.500
1785931899224,ANCHOR_11,52:06:26:03:01:DA,-102,2.500,7.500
1785931899611,ANCHOR_09,52:06:26:03:01:DA,-93,2.500,7.500
1785931900268,ANCHOR_04,52:06:26:03:01:DA,-91,2.500,7.500
1785931900392,ANCHOR_10,52:06:26:03:01:DA,-110,2.500,7.500
1785931900516,ANCHOR_12,52:06:26:03:01:DA,-106,2.500,7.500
1785931900956,ANCHOR_01,52:06:26:03:01:DA,-96,2.500,7.500
1785931901570,ANCHOR_06,52:06:26:03:01:DA,-105,2.500,7.500
1785931901770,ANCHOR_05,52:06:26:03:01:DA,-99,2.500,7.500
1785931901850,ANCHOR_03,52:06:26:03:01:DA,-87,2.500,7.500
1785931901967,ANCHOR_02,52:06:26:03:01:DA,-90,2.500,7.500
1785931902381,ANCHOR_05,52:06:26:03:01:DA,-99,2.500,7.500
1785931902487,ANCHOR_04,52:06:26:03:01:DA,-91,2.500,7.500
1785931902503,ANCHOR_02,52:06:26:03:01:DA,-91,2.500,7.500
1785931902667,ANCHOR_03,52:06:26:03:01:DA,-87,2.500,7.500
1785931903358,ANCHOR_01,52:06:26:03:01:DA,-96,2.500,7.500
1785931903901,ANCHOR_07,52:06:26:03:01:DA,-110,2.500,7.500
1785931904459,ANCHOR_08,52:06:26:03:01:DA,-99,2.500,7.500
1785931903592,ANCHOR_10,52:06:26:03:01:DA,-110,2.500,7.500
1785931904821,ANCHOR_11,52:06:26:03:01:DA,-102,2.500,7.500
1785931904954,ANCHOR_12,52:06:26:03:01:DA,-105,2.500,7.500
1785931905071,ANCHOR_09,52:06:26:03:01:DA,-93,2.500,7.500
1785931905172,ANCHOR_06,52:06:26:03:01:DA,-104,2.500,7.500
1785931905349,ANCHOR_03,52:06:26:03:01:DA,-87,2.500,7.500
1785931905542,ANCHOR_02,52:06:26:03:01:DA,-90,2.500,7.500
1785931905601,ANCHOR_04,52:06:26:03:01:DA,-91,2.500,7.500
1785931905780,ANCHOR_09,52:06:26:03:01:DA,-94,2.500,7.500
1785931905895,ANCHOR_11,52:06:26:03:01:DA,-101,2.500,7.500
1785931906254,ANCHOR_07,52:06:26:03:01:DA,-109,2.500,7.500
1785931906300,ANCHOR_05,52:06:26:03:01:DA,-100,2.500,7.500
1785931906304,ANCHOR_10,52:06:26:03:01:DA,-110,2.500,7.500
1785931906655,ANCHOR_08,52:06:26:03:01:DA,-99,2.500,7.500
1785931906802,ANCHOR_06,52:06:26:03:01:DA,-105,2.500,7.500
1785931907036,ANCHOR_12,52:06:26:03:01:DA,-104,2.500,7.500
1785931907818,ANCHOR_01,52:06:26:03:01:DA,-95,2.500,7.500
1785931908031,ANCHOR_06,52:06:26:03:01:DA,-106,2.500,7.500
1785931908311,ANCHOR_02,52:06:26:03:01:DA,-90,2.500,7.500
1785931908343,ANCHOR_04,52:06:26:03:01:DA,-91,2.500,7.500
1785931908655,ANCHOR_05,52:06:26:03:01:DA,-99,2.500,7.500
1785931908837,ANCHOR_10,52:06:26:03:01:DA,-110,2.500,7.500
1785931908994,ANCHOR_08,52:06:26:03:01:DA,-99,2.500,7.500
1785931909330,ANCHOR_01,52:06:26:03:01:DA,-97,2.500,7.500
1785931909773,ANCHOR_09,52:06:26:03:01:DA,-93,2.500,7.500
1785931909813,ANCHOR_12,52:06:26:03:01:DA,-105,2.500,7.500
1785931909986,ANCHOR_07,52:06:26:03:01:DA,-110,2.500,7.500
1785931910102,ANCHOR_11,52:06:26:03:01:DA,-102,2.500,7.500
1785931910132,ANCHOR_03,52:06:26:03:01:DA,-86,2.500,7.500
1785931910289,ANCHOR_08,52:06:26:03:01:DA,-100,2.500,7.500
1785931910940,ANCHOR_11,52:06:26:03:01:DA,-102,2.500,7.500
1785931911045,ANCHOR_04,52:06:26:03:01:DA,-92,2.500,7.500
1785931911474,ANCHOR_09,52:06:26:03:01:DA,-93,2.500,7.500
1785931911517,ANCHOR_10,52:06:26:03:01:DA,-110,2.500,7.500
1785931911629,ANCHOR_06,52:06:26:03:01:DA,-104,2.500,7.500
1785931911705,ANCHOR_05,52:06:26:03:01:DA,-99,2.500,7.500
1785931911803,ANCHOR_07,52:06:26:03:01:DA,-109,2.500,7.500
1785931911897,ANCHOR_02,52:06:26:03:01:DA,-90,2.500,7.500
1785931911944,ANCHOR_12,52:06:26:03:01:DA,-105,2.500,7.500
1785931913341,ANCHOR_04,52:06:26:03:01:DA,-89,3.396,2.751
1785931913374,ANCHOR_03,52:06:26:03:01:DA,-98,3.396,2.751
1785931913619,ANCHOR_02,52:06:26:03:01:DA,-89,3.396,2.751
1785931914015,ANCHOR_08,52:06:26:03:01:DA,-89,3.396,2.751
1785931914106,ANCHOR_09,52:06:26:03:01:DA,-86,3.396,2.751
1785931914174,ANCHOR_05,52:06:26:03:01:DA,-109,3.396,2.751
1785931914202,ANCHOR_07,52:06:26:03:01:DA,-93,3.396,2.751
1785931914638,ANCHOR_10,52:06:26:03:01:DA,-96,3.396,2.751
1785931914713,ANCHOR_12,52:06:26:03:01:DA,-93,3.396,2.751
1785931914803,ANCHOR_01,52:06:26:03:01:DA,-96,2.337,3.036
1785931915102,ANCHOR_07,52:06:26:03:01:DA,-97,2.337,3.036
1785931915524,ANCHOR_06,52:06:26:03:01:DA,-101,3.396,2.751
1785931915587,ANCHOR_11,52:06:26:03:01:DA,-110,2.337,3.036
1785931915687,ANCHOR_01,52:06:26:03:01:DA,-93,3.396,2.751
1785931916120,ANCHOR_03,52:06:26:03:01:DA,-98,2.337,3.036
1785931916677,ANCHOR_11,52:06:26:03:01:DA,-108,3.396,2.751
1785931917385,ANCHOR_10,52:06:26:03:01:DA,-100,2.337,3.036
1785931917536,ANCHOR_06,52:06:26:03:01:DA,-110,2.337,3.036
1785931917757,ANCHOR_09,52:06:26:03:01:DA,-83,2.337,3.036
1785931918364,ANCHOR_08,52:06:26:03:01:DA,-99,2.337,3.036
1785931918421,ANCHOR_02,52:06:26:03:01:DA,-91,2.337,3.036
1785931918737,ANCHOR_04,52:06:26:03:01:DA,-91,2.337,3.036
1785931919203,ANCHOR_05,52:06:26:03:01:DA,-100,2.337,3.036
1785931919280,ANCHOR_12,52:06:26:03:01:DA,-95,2.337,3.036
1785931919785,ANCHOR_08,52:06:26:03:01:DA,-100,1.624,3.032
1785931919987,ANCHOR_06,52:06:26:03:01:DA,-110,1.624,3.032
1785931920050,ANCHOR_01,52:06:26:03:01:DA,-93,1.624,3.032
1785931920216,ANCHOR_02,52:06:26:03:01:DA,-92,1.624,3.032
1785931920352,ANCHOR_03,52:06:26:03:01:DA,-108,1.624,3.032
1785931920607,ANCHOR_09,52:06:26:03:01:DA,-85,1.624,3.032
1785931920975,ANCHOR_03,52:06:26:03:01:DA,-108,4.540,3.343
1785931921054,ANCHOR_08,52:06:26:03:01:DA,-89,4.540,3.343
1785931921156,ANCHOR_10,52:06:26:03:01:DA,-96,4.540,3.343
1785931921582,ANCHOR_07,52:06:26:03:01:DA,-90,1.624,3.032
1785931921724,ANCHOR_01,52:06:26:03:01:DA,-101,4.540,3.343
1785931921757,ANCHOR_04,52:06:26:03:01:DA,-86,4.540,3.343
1785931921831,ANCHOR_05,52:06:26:03:01:DA,-105,4.540,3.343
1785931921940,ANCHOR_11,52:06:26:03:01:DA,-110,1.624,3.032
1785931922009,ANCHOR_05,52:06:26:03:01:DA,-110,1.624,3.032
1785931922083,ANCHOR_10,52:06:26:03:01:DA,-102,1.624,3.032
1785931922209,ANCHOR_04,52:06:26:03:01:DA,-93,1.624,3.032
1785931922444,ANCHOR_12,52:06:26:03:01:DA,-97,1.624,3.032
1785931922638,ANCHOR_06,52:06:26:03:01:DA,-98,4.540,3.343
1785931922809,ANCHOR_10,52:06:26:03:01:DA,-95,3.204,2.721
1785931922979,ANCHOR_08,52:06:26:03:01:DA,-89,3.204,2.721
1785931923031,ANCHOR_12,52:06:26:03:01:DA,-94,3.204,2.721
1785931923224,ANCHOR_01,52:06:26:03:01:DA,-93,1.876,3.204
1785931923236,ANCHOR_03,52:06:26:03:01:DA,-99,3.204,2.721
1785931923479,ANCHOR_09,52:06:26:03:01:DA,-86,3.204,2.721
1785931923621,ANCHOR_10,52:06:26:03:01:DA,-101,1.876,3.204
1785931923660,ANCHOR_04,52:06:26:03:01:DA,-91,1.876,3.204
1785931923933,ANCHOR_11,52:06:26:03:01:DA,-110,1.876,3.204
1785931923936,ANCHOR_09,52:06:26:03:01:DA,-84,1.876,3.204
1785931923966,ANCHOR_12,52:06:26:03:01:DA,-96,1.876,3.204
1785931925602,ANCHOR_06,52:06:26:03:01:DA,-110,1.876,3.204
1785931926799,ANCHOR_02,52:06:26:03:01:DA,-91,1.876,3.204
1785931926837,ANCHOR_03,52:06:26:03:01:DA,-106,1.876,3.204
1785931926891,ANCHOR_05,52:06:26:03:01:DA,-110,1.876,3.204
1785931927020,ANCHOR_07,52:06:26:03:01:DA,-97,1.876,3.204
1785931927196,ANCHOR_02,52:06:26:03:01:DA,-101,1.546,2.175
1785931927325,ANCHOR_08,52:06:26:03:01:DA,-101,1.876,3.204
1785931927677,ANCHOR_03,52:06:26:03:01:DA,-110,1.546,2.175
1785931927701,ANCHOR_08,52:06:26:03:01:DA,-99,1.546,2.175
1785931928119,ANCHOR_09,52:06:26:03:01:DA,-94,1.546,2.175
1785931928197,ANCHOR_01,52:06:26:03:01:DA,-97,1.514,1.736
1785931928282,ANCHOR_07,52:06:26:03:01:DA,-87,1.546,2.175
1785931928274,ANCHOR_11,52:06:26:03:01:DA,-108,3.204,2.721
1785931928369,ANCHOR_06,52:06:26:03:01:DA,-110,1.546,2.175
1785931928430,ANCHOR_01,52:06:26:03:01:DA,-96,1.546,2.175
1785931930172,ANCHOR_10,52:06:26:03:01:DA,-100,1.546,2.175
1785931931243,ANCHOR_04,52:06:26:03:01:DA,-103,1.514,1.736
1785931931530,ANCHOR_01,52:06:26:03:01:DA,-98,3.204,2.721
1785931931693,ANCHOR_05,52:06:26:03:01:DA,-110,1.546,2.175
1785931932716,ANCHOR_04,52:06:26:03:01:DA,-102,1.546,2.175
1785931934082,ANCHOR_12,52:06:26:03:01:DA,-107,1.546,2.175
1785931934725,ANCHOR_11,52:06:26:03:01:DA,-110,1.546,2.175
1785931934765,ANCHOR_05,52:06:26:03:01:DA,-110,1.514,1.736
1785931934938,ANCHOR_10,52:06:26:03:01:DA,-100,1.514,1.736
1785931934938,ANCHOR_09,52:06:26:03:01:DA,-96,1.514,1.736
1785931934975,ANCHOR_05,52:06:26:03:01:DA,-110,1.514,1.736
1785931935250,ANCHOR_07,52:06:26:03:01:DA,-85,1.514,1.736
1785931935918,ANCHOR_04,52:06:26:03:01:DA,-104,1.514,1.736
1785931936271,ANCHOR_06,52:06:26:03:01:DA,-110,1.514,1.736
1785931936549,ANCHOR_10,52:06:26:03:01:DA,-99,1.514,1.736
1785931936941,ANCHOR_12,52:06:26:03:01:DA,-108,1.514,1.736
1785931937004,ANCHOR_07,52:06:26:03:01:DA,-85,1.514,1.736
1785931937019,ANCHOR_02,52:06:26:03:01:DA,-102,1.514,1.736
1785931937192,ANCHOR_01,52:06:26:03:01:DA,-99,1.514,1.736
1785931937424,ANCHOR_06,52:06:26:03:01:DA,-110,1.514,1.736
1785931937515,ANCHOR_12,52:06:26:03:01:DA,-108,1.514,1.736
1785931937557,ANCHOR_03,52:06:26:03:01:DA,-110,1.514,1.736
1785931937659,ANCHOR_08,52:06:26:03:01:DA,-91,1.514,1.736
1785931937896,ANCHOR_08,52:06:26:03:01:DA,-91,1.514,1.736
1785931938428,ANCHOR_09,52:06:26:03:01:DA,-97,1.514,1.736
1785931938885,ANCHOR_03,52:06:26:03:01:DA,-110,1.514,1.736
1785931938974,ANCHOR_11,52:06:26:03:01:DA,-110,1.514,1.736
1785931939020,ANCHOR_11,52:06:26:03:01:DA,-110,1.514,1.736
1785931939146,ANCHOR_02,52:06:26:03:01:DA,-101,1.514,1.736
1785931939249,ANCHOR_01,52:06:26:03:01:DA,-92,4.040,4.493
1785931939281,ANCHOR_05,52:06:26:03:01:DA,-105,4.040,4.493
1785931939335,ANCHOR_12,52:06:26:03:01:DA,-90,4.040,4.493
1785931940012,ANCHOR_06,52:06:26:03:01:DA,-96,4.040,4.493
1785931940232,ANCHOR_02,52:06:26:03:01:DA,-80,4.040,4.493
1785931940301,ANCHOR_04,52:06:26:03:01:DA,-82,4.040,4.493
1785931940588,ANCHOR_03,52:06:26:03:01:DA,-105,4.040,4.493
1785931940611,ANCHOR_09,52:06:26:03:01:DA,-83,4.040,4.493
1785931940759,ANCHOR_11,52:06:26:03:01:DA,-99,4.040,4.493
1785931940854,ANCHOR_07,52:06:26:03:01:DA,-105,4.040,4.493
1785931940943,ANCHOR_08,52:06:26:03:01:DA,-93,4.040,4.493
1785931941025,ANCHOR_10,52:06:26:03:01:DA,-101,4.040,4.493
1785931941203,ANCHOR_03,52:06:26:03:01:DA,-109,1.520,1.972
1785931941215,ANCHOR_07,52:06:26:03:01:DA,-86,1.520,1.972
1785931941347,ANCHOR_08,52:06:26:03:01:DA,-91,1.520,1.972
1785931941420,ANCHOR_01,52:06:26:03:01:DA,-98,1.520,1.972
1785931942221,ANCHOR_11,52:06:26:03:01:DA,-110,1.520,1.972
1785931942274,ANCHOR_02,52:06:26:03:01:DA,-74,4.641,4.703
1785931942551,ANCHOR_12,52:06:26:03:01:DA,-89,4.641,4.703
1785931943006,ANCHOR_03,52:06:26:03:01:DA,-105,4.641,4.703
1785931943882,ANCHOR_11,52:06:26:03:01:DA,-98,4.641,4.703
1785931944630,ANCHOR_08,52:06:26:03:01:DA,-94,4.641,4.703
1785931944724,ANCHOR_09,52:06:26:03:01:DA,-86,4.641,4.703
1785931944834,ANCHOR_09,52:06:26:03:01:DA,-95,1.520,1.972
1785931945508,ANCHOR_04,52:06:26:03:01:DA,-103,1.520,1.972
1785931945573,ANCHOR_02,52:06:26:03:01:DA,-102,1.520,1.972
1785931946272,ANCHOR_06,52:06:26:03:01:DA,-96,4.641,4.703
1785931946423,ANCHOR_10,52:06:26:03:01:DA,-99,1.520,1.972
1785931946516,ANCHOR_12,52:06:26:03:01:DA,-107,1.520,1.972
1785931947001,ANCHOR_05,52:06:26:03:01:DA,-110,1.520,1.972
1785931947072,ANCHOR_06,52:06:26:03:01:DA,-110,1.520,1.972
1785931947391,ANCHOR_05,52:06:26:03:01:DA,-104,4.641,4.703
1785931947615,ANCHOR_01,52:06:26:03:01:DA,-100,4.641,4.703
1785931947861,ANCHOR_07,52:06:26:03:01:DA,-107,4.641,4.703
1785931948356,ANCHOR_10,52:06:26:03:01:DA,-101,4.641,4.703
1785931949938,ANCHOR_06,52:06:26:03:01:DA,-97,4.327,4.660
1785931950008,ANCHOR_04,52:06:26:03:01:DA,-79,4.327,4.660
1785931950265,ANCHOR_10,52:06:26:03:01:DA,-101,4.327,4.660
1785931950437,ANCHOR_09,52:06:26:03:01:DA,-84,4.327,4.660
1785931951054,ANCHOR_12,52:06:26:03:01:DA,-91,4.327,4.660
1785931951422,ANCHOR_03,52:06:26:03:01:DA,-106,4.680,4.532
1785931951725,ANCHOR_06,52:06:26:03:01:DA,-97,4.680,4.532
1785931951777,ANCHOR_05,52:06:26:03:01:DA,-95,4.680,4.532
1785931952245,ANCHOR_04,52:06:26:03:01:DA,-77,4.680,4.532
1785931952326,ANCHOR_11,52:06:26:03:01:DA,-97,4.680,4.532
1785931952352,ANCHOR_07,52:06:26:03:01:DA,-106,4.680,4.532
1785931952360,ANCHOR_10,52:06:26:03:01:DA,-101,4.680,4.532
1785931952713,ANCHOR_12,52:06:26:03:01:DA,-88,4.680,4.532
1785931952781,ANCHOR_02,52:06:26:03:01:DA,-75,4.680,4.532
1785931952861,ANCHOR_09,52:06:26:03:01:DA,-86,4.680,4.532
1785931952986,ANCHOR_08,52:06:26:03:01:DA,-92,4.680,4.532
1785931953097,ANCHOR_01,52:06:26:03:01:DA,-94,4.680,4.532
1785931953473,ANCHOR_02,52:06:26:03:01:DA,-84,6.032,4.040
1785931953540,ANCHOR_07,52:06:26:03:01:DA,-108,6.032,4.040
1785931953669,ANCHOR_12,52:06:26:03:01:DA,-84,6.032,4.040
1785931953680,ANCHOR_10,52:06:26:03:01:DA,-91,6.032,4.040
1785931953855,ANCHOR_03,52:06:26:03:01:DA,-99,6.032,4.040
1785931954085,ANCHOR_06,52:06:26:03:01:DA,-96,6.032,4.040
1785931954121,ANCHOR_09,52:06:26:03:01:DA,-91,6.032,4.040
1785931954229,ANCHOR_10,52:06:26:03:01:DA,-100,1.514,1.736
1785931954701,ANCHOR_11,52:06:26:03:01:DA,-110,1.514,1.736
1785931954759,ANCHOR_02,52:06:26:03:01:DA,-90,2.707,3.069
1785931954819,ANCHOR_03,52:06:26:03:01:DA,-107,2.707,3.069
1785931955074,ANCHOR_11,52:06:26:03:01:DA,-95,6.032,4.040
1785931955310,ANCHOR_05,52:06:26:03:01:DA,-99,6.032,4.040
1785931955423,ANCHOR_12,52:06:26:03:01:DA,-108,1.514,1.736
1785931955519,ANCHOR_08,52:06:26:03:01:DA,-99,6.032,4.040
1785931955586,ANCHOR_08,52:06:26:03:01:DA,-98,2.707,3.069
1785931955597,ANCHOR_04,52:06:26:03:01:DA,-82,6.032,4.040
1785931956067,ANCHOR_01,52:06:26:03:01:DA,-97,6.032,4.040
1785931956230,ANCHOR_03,52:06:26:03:01:DA,-98,6.605,3.714
1785931956276,ANCHOR_01,52:06:26:03:01:DA,-97,6.605,3.714
1785931956516,ANCHOR_04,52:06:26:03:01:DA,-85,6.605,3.714
1785931956637,ANCHOR_11,52:06:26:03:01:DA,-109,2.707,3.069
1785931956784,ANCHOR_10,52:06:26:03:01:DA,-99,2.707,3.069
1785931957289,ANCHOR_06,52:06:26:03:01:DA,-110,2.707,3.069
1785931958660,ANCHOR_12,52:06:26:03:01:DA,-95,2.707,3.069
1785931958733,ANCHOR_05,52:06:26:03:01:DA,-109,2.707,3.069
1785932062737,ANCHOR_01,52:06:26:03:01:DA,-96,2.500,7.500
1785932062760,ANCHOR_02,52:06:26:03:01:DA,-90,2.500,7.500
1785932062767,ANCHOR_04,52:06:26:03:01:DA,-92,2.500,7.500
1785932062776,ANCHOR_08,52:06:26:03:01:DA,-99,2.500,7.500
1785932062825,ANCHOR_07,52:06:26:03:01:DA,-110,2.500,7.500
1785932062887,ANCHOR_05,52:06:26:03:01:DA,-99,2.500,7.500
1785932062923,ANCHOR_12,52:06:26:03:01:DA,-104,2.500,7.500
1785932062939,ANCHOR_03,52:06:26:03:01:DA,-87,2.500,7.500
1785932062957,ANCHOR_09,52:06:26:03:01:DA,-93,2.500,7.500
1785932062967,ANCHOR_11,52:06:26:03:01:DA,-102,2.500,7.500
1785932062986,ANCHOR_06,52:06:26:03:01:DA,-105,2.500,7.500
1785932063027,ANCHOR_10,52:06:26:03:01:DA,-110,2.500,7.500
1785932064818,ANCHOR_07,52:06:26:03:01:DA,-110,2.500,7.500
1785932064833,ANCHOR_02,52:06:26:03:01:DA,-90,2.500,7.500
1785932064880,ANCHOR_01,52:06:26:03:01:DA,-96,2.500,7.500
1785932064970,ANCHOR_03,52:06:26:03:01:DA,-86,2.500,7.500
1785932065216,ANCHOR_09,52:06:26:03:01:DA,-94,2.500,7.500
1785932065309,ANCHOR_08,52:06:26:03:01:DA,-100,2.500,7.500
1785932065393,ANCHOR_10,52:06:26:03:01:DA,-110,2.500,7.500
1785932065530,ANCHOR_05,52:06:26:03:01:DA,-98,2.500,7.500
1785932065695,ANCHOR_11,52:06:26:03:01:DA,-102,2.500,7.500
1785932065811,ANCHOR_06,52:06:26:03:01:DA,-105,2.500,7.500
1785932065917,ANCHOR_04,52:06:26:03:01:DA,-92,2.500,7.500
1785932065961,ANCHOR_01,52:06:26:03:01:DA,-97,2.500,7.500
1785932066186,ANCHOR_12,52:06:26:03:01:DA,-106,2.500,7.500
1785932066371,ANCHOR_02,52:06:26:03:01:DA,-90,2.500,7.500
1785932066560,ANCHOR_05,52:06:26:03:01:DA,-110,2.500,7.500
1785932066814,ANCHOR_11,52:06:26:03:01:DA,-101,2.500,7.500
1785932066775,ANCHOR_10,52:06:26:03:01:DA,-110,2.500,7.500
1785932067221,ANCHOR_06,52:06:26:03:01:DA,-104,2.500,7.500
1785932067641,ANCHOR_09,52:06:26:03:01:DA,-93,2.500,7.500
1785932067846,ANCHOR_07,52:06:26:03:01:DA,-110,2.500,7.500
1785932067943,ANCHOR_04,52:06:26:03:01:DA,-91,2.500,7.500
1785932067985,ANCHOR_03,52:06:26:03:01:DA,-87,2.500,7.500
1785932068188,ANCHOR_08,52:06:26:03:01:DA,-99,2.500,7.500
1785932068208,ANCHOR_01,52:06:26:03:01:DA,-97,2.500,7.500
1785932068277,ANCHOR_11,52:06:26:03:01:DA,-102,2.500,7.500
1785932068325,ANCHOR_12,52:06:26:03:01:DA,-105,2.500,7.500
1785932068415,ANCHOR_02,52:06:26:03:01:DA,-91,2.500,7.500
1785932068474,ANCHOR_04,52:06:26:03:01:DA,-91,2.500,7.500
1785932068513,ANCHOR_05,52:06:26:03:01:DA,-98,2.500,7.500
1785932068541,ANCHOR_08,52:06:26:03:01:DA,-99,2.500,7.500
1785932068623,ANCHOR_07,52:06:26:03:01:DA,-110,2.500,7.500
1785932068690,ANCHOR_09,52:06:26:03:01:DA,-94,2.500,7.500
1785932068784,ANCHOR_12,52:06:26:03:01:DA,-105,2.500,7.500
1785932068844,ANCHOR_11,52:06:26:03:01:DA,-102,2.500,7.500
1785932079493,ANCHOR_10,52:06:26:03:01:DA,-110,2.500,7.500
1785932082912,ANCHOR_03,52:06:26:03:01:DA,-88,2.500,7.500
1785932083363,ANCHOR_01,52:06:26:03:01:DA,-97,2.500,7.500
1785932084916,ANCHOR_06,52:06:26:03:01:DA,-104,2.500,7.500
1785932085656,ANCHOR_08,52:06:26:03:01:DA,-99,2.500,7.500
1785932086975,ANCHOR_07,52:06:26:03:01:DA,-110,2.500,7.500
1785932087426,ANCHOR_06,52:06:26:03:01:DA,-104,2.500,7.500
1785932088265,ANCHOR_02,52:06:26:03:01:DA,-91,2.500,7.500
1785932089920,ANCHOR_03,52:06:26:03:01:DA,-87,2.500,7.500
1785932089949,ANCHOR_01,52:06:26:03:01:DA,-97,2.500,7.500
1785932092548,ANCHOR_04,52:06:26:03:01:DA,-91,2.500,7.500
1785932092842,ANCHOR_09,52:06:26:03:01:DA,-93,2.500,7.500
1785932094170,ANCHOR_11,52:06:26:03:01:DA,-102,2.500,7.500
1785932094233,ANCHOR_12,52:06:26:03:01:DA,-105,2.500,7.500
1785932096170,ANCHOR_05,52:06:26:03:01:DA,-98,2.500,7.500
1785932098404,ANCHOR_10,52:06:26:03:01:DA,-109,2.500,7.500
1785932098657,ANCHOR_01,52:06:26:03:01:DA,-96,2.500,7.500
1785932098858,ANCHOR_07,52:06:26:03:01:DA,-110,2.500,7.500
1785932099314,ANCHOR_05,52:06:26:03:01:DA,-99,2.500,7.500
1785932099347,ANCHOR_09,52:06:26:03:01:DA,-93,2.500,7.500
1785932099350,ANCHOR_04,52:06:26:03:01:DA,-91,2.500,7.500
1785932100395,ANCHOR_02,52:06:26:03:01:DA,-90,2.500,7.500
1785932100608,ANCHOR_03,52:06:26:03:01:DA,-87,2.500,7.500
1785932101445,ANCHOR_11,52:06:26:03:01:DA,-102,2.500,7.500
1785932102076,ANCHOR_10,52:06:26:03:01:DA,-110,2.500,7.500
1785932102408,ANCHOR_08,52:06:26:03:01:DA,-98,2.500,7.500
1785932102681,ANCHOR_06,52:06:26:03:01:DA,-105,2.500,7.500
1785932103347,ANCHOR_12,52:06:26:03:01:DA,-106,2.500,7.500
1785932103830,ANCHOR_05,52:06:26:03:01:DA,-98,2.500,7.500
1785932104305,ANCHOR_09,52:06:26:03:01:DA,-93,2.500,7.500
1785932104464,ANCHOR_03,52:06:26:03:01:DA,-86,2.500,7.500
1785932104624,ANCHOR_02,52:06:26:03:01:DA,-90,2.500,7.500
1785932104810,ANCHOR_10,52:06:26:03:01:DA,-110,2.500,7.500
1785932105267,ANCHOR_01,52:06:26:03:01:DA,-96,2.500,7.500
1785932106110,ANCHOR_04,52:06:26:03:01:DA,-91,2.500,7.500
1785932106367,ANCHOR_06,52:06:26:03:01:DA,-105,2.500,7.500
1785932107218,ANCHOR_08,52:06:26:03:01:DA,-98,2.500,7.500
1785932109210,ANCHOR_07,52:06:26:03:01:DA,-109,2.500,7.500
1785932109689,ANCHOR_11,52:06:26:03:01:DA,-102,2.500,7.500
1785932111811,ANCHOR_04,52:06:26:03:01:DA,-91,2.500,7.500
1785932111899,ANCHOR_07,52:06:26:03:01:DA,-109,2.500,7.500
1785932112126,ANCHOR_06,52:06:26:03:01:DA,-104,2.500,7.500
1785932113119,ANCHOR_05,52:06:26:03:01:DA,-99,2.500,7.500
1785932113482,ANCHOR_09,52:06:26:03:01:DA,-93,2.500,7.500
1785932115164,ANCHOR_02,52:06:26:03:01:DA,-91,2.500,7.500
1785932115388,ANCHOR_03,52:06:26:03:01:DA,-87,2.500,7.500
1785932115466,ANCHOR_10,52:06:26:03:01:DA,-110,2.500,7.500
1785932115541,ANCHOR_08,52:06:26:03:01:DA,-99,2.500,7.500
1785932116672,ANCHOR_12,52:06:26:03:01:DA,-104,2.500,7.500
1785932118087,ANCHOR_01,52:06:26:03:01:DA,-96,2.500,7.500
1785932119872,ANCHOR_01,52:06:26:03:01:DA,-97,2.500,7.500
1785932119876,ANCHOR_11,52:06:26:03:01:DA,-102,2.500,7.500
1785932120182,ANCHOR_02,52:06:26:03:01:DA,-90,2.500,7.500
1785932120331,ANCHOR_04,52:06:26:03:01:DA,-90,2.500,7.500
1785932120347,ANCHOR_09,52:06:26:03:01:DA,-93,2.500,7.500
1785932120759,ANCHOR_08,52:06:26:03:01:DA,-99,2.500,7.500
1785932120970,ANCHOR_03,52:06:26:03:01:DA,-87,2.500,7.500
1785932121096,ANCHOR_06,52:06:26:03:01:DA,-105,2.500,7.500
1785932121139,ANCHOR_11,52:06:26:03:01:DA,-102,2.500,7.500
1785932121157,ANCHOR_05,52:06:26:03:01:DA,-98,2.500,7.500
1785932121472,ANCHOR_12,52:06:26:03:01:DA,-104,2.500,7.500
1785932121525,ANCHOR_07,52:06:26:03:01:DA,-110,2.500,7.500
1785932122973,ANCHOR_10,52:06:26:03:01:DA,-110,2.500,7.500
1785932123234,ANCHOR_06,52:06:26:03:01:DA,-105,2.500,7.500
1785932123476,ANCHOR_07,52:06:26:03:01:DA,-110,2.500,7.500
1785932124699,ANCHOR_05,52:06:26:03:01:DA,-100,2.500,7.500
1785932125042,ANCHOR_04,52:06:26:03:01:DA,-91,2.500,7.500
1785932125231,ANCHOR_08,52:06:26:03:01:DA,-98,2.500,7.500
1785932125700,ANCHOR_02,52:06:26:03:01:DA,-90,2.500,7.500
1785932127257,ANCHOR_09,52:06:26:03:01:DA,-93,2.500,7.500
1785932127645,ANCHOR_10,52:06:26:03:01:DA,-110,2.500,7.500
1785932127891,ANCHOR_03,52:06:26:03:01:DA,-87,2.500,7.500
1785932128081,ANCHOR_11,52:06:26:03:01:DA,-103,2.500,7.500
1785932128161,ANCHOR_12,52:06:26:03:01:DA,-105,2.500,7.500
1785932128203,ANCHOR_04,52:06:26:03:01:DA,-91,2.500,7.500
1785932128330,ANCHOR_08,52:06:26:03:01:DA,-99,2.500,7.500
1785932128354,ANCHOR_01,52:06:26:03:01:DA,-96,2.500,7.500
1785932128539,ANCHOR_05,52:06:26:03:01:DA,-99,2.500,7.500
1785932128889,ANCHOR_03,52:06:26:03:01:DA,-86,2.500,7.500
1785932128915,ANCHOR_10,52:06:26:03:01:DA,-110,2.500,7.500
1785932128999,ANCHOR_11,52:06:26:03:01:DA,-102,2.500,7.500
1785932129102,ANCHOR_02,52:06:26:03:01:DA,-90,2.500,7.500
1785932129521,ANCHOR_06,52:06:26:03:01:DA,-104,2.500,7.500
1785932129718,ANCHOR_09,52:06:26:03:01:DA,-93,2.500,7.500
1785932129843,ANCHOR_12,52:06:26:03:01:DA,-106,2.500,7.500
1785932130308,ANCHOR_07,52:06:26:03:01:DA,-110,2.500,7.500
1785932130528,ANCHOR_02,52:06:26:03:01:DA,-90,2.500,7.500
1785932130543,ANCHOR_01,52:06:26:03:01:DA,-96,2.500,7.500
1785932130660,ANCHOR_09,52:06:26:03:01:DA,-94,2.500,7.500
1785932130660,ANCHOR_08,52:06:26:03:01:DA,-99,2.500,7.500
1785932130679,ANCHOR_06,52:06:26:03:01:DA,-105,2.500,7.500
1785932130726,ANCHOR_10,52:06:26:03:01:DA,-110,2.500,7.500
1785932130779,ANCHOR_03,52:06:26:03:01:DA,-87,2.500,7.500
1785932130796,ANCHOR_07,52:06:26:03:01:DA,-110,2.500,7.500
1785932131560,ANCHOR_11,52:06:26:03:01:DA,-102,2.500,7.500
1785932132731,ANCHOR_04,52:06:26:03:01:DA,-91,2.500,7.500
1785932132845,ANCHOR_05,52:06:26:03:01:DA,-98,2.500,7.500
1785932133077,ANCHOR_12,52:06:26:03:01:DA,-105,2.500,7.500
1785932133834,ANCHOR_02,52:06:26:03:01:DA,-91,2.500,7.500
1785932133898,ANCHOR_01,52:06:26:03:01:DA,-96,2.500,7.500
1785932135137,ANCHOR_03,52:06:26:03:01:DA,-87,2.500,7.500
1785932136040,ANCHOR_04,52:06:26:03:01:DA,-90,2.500,7.500
1785932136087,ANCHOR_06,52:06:26:03:01:DA,-105,2.500,7.500
1785932137107,ANCHOR_05,52:06:26:03:01:DA,-99,2.500,7.500
1785932137974,ANCHOR_07,52:06:26:03:01:DA,-110,2.500,7.500
1785932138240,ANCHOR_11,52:06:26:03:01:DA,-102,2.500,7.500
1785932138304,ANCHOR_08,52:06:26:03:01:DA,-100,2.500,7.500
1785932138914,ANCHOR_09,52:06:26:03:01:DA,-94,2.500,7.500
1785932139466,ANCHOR_12,52:06:26:03:01:DA,-105,2.500,7.500
1785932139534,ANCHOR_10,52:06:26:03:01:DA,-110,2.500,7.500
1785932139547,ANCHOR_06,52:06:26:03:01:DA,-104,2.500,7.500
1785932139700,ANCHOR_02,52:06:26:03:01:DA,-90,2.500,7.500
1785932139772,ANCHOR_03,52:06:26:03:01:DA,-87,2.500,7.500
1785932139832,ANCHOR_01,52:06:26:03:01:DA,-96,2.500,7.500
1785932139848,ANCHOR_04,52:06:26:03:01:DA,-91,2.500,7.500
1785932140022,ANCHOR_05,52:06:26:03:01:DA,-99,2.500,7.500
1785932140030,ANCHOR_07,52:06:26:03:01:DA,-110,2.500,7.500
1785932140270,ANCHOR_11,52:06:26:03:01:DA,-103,2.500,7.500
1785932140316,ANCHOR_10,52:06:26:03:01:DA,-110,2.500,7.500
1785932140627,ANCHOR_08,52:06:26:03:01:DA,-99,2.500,7.500
1785932140691,ANCHOR_09,52:06:26:03:01:DA,-94,2.500,7.500
1785932140880,ANCHOR_12,52:06:26:03:01:DA,-106,2.500,7.500
1785932141065,ANCHOR_02,52:06:26:03:01:DA,-89,2.500,7.500
1785932141142,ANCHOR_08,52:06:26:03:01:DA,-100,2.500,7.500
1785932141246,ANCHOR_09,52:06:26:03:01:DA,-94,2.500,7.500
1785932141345,ANCHOR_05,52:06:26:03:01:DA,-100,2.500,7.500
1785932141957,ANCHOR_03,52:06:26:03:01:DA,-87,2.500,7.500
1785932142733,ANCHOR_07,52:06:26:03:01:DA,-109,2.500,7.500
1785932142941,ANCHOR_10,52:06:26:03:01:DA,-110,2.500,7.500
1785932143087,ANCHOR_01,52:06:26:03:01:DA,-97,2.500,7.500
1785932143711,ANCHOR_06,52:06:26:03:01:DA,-105,2.500,7.500
1785932144910,ANCHOR_12,52:06:26:03:01:DA,-105,2.500,7.500
1785932145077,ANCHOR_04,52:06:26:03:01:DA,-92,2.500,7.500
1785932145201,ANCHOR_11,52:06:26:03:01:DA,-103,2.500,7.500
1785932145388,ANCHOR_12,52:06:26:03:01:DA,-105,2.500,7.500
1785932145391,ANCHOR_07,52:06:26:03:01:DA,-110,2.500,7.500
1785932146295,ANCHOR_03,52:06:26:03:01:DA,-87,2.500,7.500
1785932146535,ANCHOR_02,52:06:26:03:01:DA,-90,2.500,7.500
1785932146660,ANCHOR_04,52:06:26:03:01:DA,-91,2.500,7.500
1785932146777,ANCHOR_10,52:06:26:03:01:DA,-110,2.500,7.500
1785932147242,ANCHOR_01,52:06:26:03:01:DA,-96,2.500,7.500
1785932147334,ANCHOR_09,52:06:26:03:01:DA,-94,2.500,7.500
1785932148108,ANCHOR_08,52:06:26:03:01:DA,-99,2.500,7.500
1785932148171,ANCHOR_06,52:06:26:03:01:DA,-104,2.500,7.500
1785932149259,ANCHOR_05,52:06:26:03:01:DA,-99,2.500,7.500
1785932149325,ANCHOR_10,52:06:26:03:01:DA,-110,2.500,7.500
1785932149396,ANCHOR_08,52:06:26:03:01:DA,-99,2.500,7.500
1785932149463,ANCHOR_04,52:06:26:03:01:DA,-91,2.500,7.500
1785932149805,ANCHOR_02,52:06:26:03:01:DA,-90,2.500,7.500
1785932149909,ANCHOR_11,52:06:26:03:01:DA,-102,2.500,7.500
1785932150110,ANCHOR_05,52:06:26:03:01:DA,-99,2.500,7.500
1785932150631,ANCHOR_06,52:06:26:03:01:DA,-104,2.500,7.500
1785932150678,ANCHOR_12,52:06:26:03:01:DA,-105,2.500,7.500
1785932150731,ANCHOR_09,52:06:26:03:01:DA,-94,2.500,7.500
1785932151017,ANCHOR_03,52:06:26:03:01:DA,-87,2.500,7.500
1785932151247,ANCHOR_01,52:06:26:03:01:DA,-97,2.500,7.500
1785932151299,ANCHOR_07,52:06:26:03:01:DA,-110,2.500,7.500
1785932151533,ANCHOR_04,52:06:26:03:01:DA,-90,2.500,7.500
1785932151685,ANCHOR_01,52:06:26:03:01:DA,-97,2.500,7.500
1785932151766,ANCHOR_03,52:06:26:03:01:DA,-87,2.500,7.500
1785932151814,ANCHOR_02,52:06:26:03:01:DA,-90,2.500,7.500
1785932151917,ANCHOR_05,52:06:26:03:01:DA,-98,2.500,7.500
1785932152185,ANCHOR_10,52:06:26:03:01:DA,-109,2.500,7.500
1785932152478,ANCHOR_08,52:06:26:03:01:DA,-100,2.500,7.500
1785932152547,ANCHOR_07,52:06:26:03:01:DA,-110,2.500,7.500
1785932152821,ANCHOR_06,52:06:26:03:01:DA,-104,2.500,7.500
1785932152990,ANCHOR_09,52:06:26:03:01:DA,-93,2.500,7.500
1785932153017,ANCHOR_12,52:06:26:03:01:DA,-105,2.500,7.500
1785932153058,ANCHOR_11,52:06:26:03:01:DA,-102,2.500,7.500
1785932153112,ANCHOR_02,52:06:26:03:01:DA,-90,2.500,7.500
1785932153147,ANCHOR_03,52:06:26:03:01:DA,-86,2.500,7.500
1785932153501,ANCHOR_07,52:06:26:03:01:DA,-110,2.500,7.500
1785932153730,ANCHOR_05,52:06:26:03:01:DA,-99,2.500,7.500
1785932153886,ANCHOR_01,52:06:26:03:01:DA,-96,2.500,7.500
1785932153918,ANCHOR_06,52:06:26:03:01:DA,-104,2.500,7.500
1785932154420,ANCHOR_11,52:06:26:03:01:DA,-102,2.500,7.500
1785932154459,ANCHOR_08,52:06:26:03:01:DA,-98,2.500,7.500
1785932154529,ANCHOR_10,52:06:26:03:01:DA,-110,2.500,7.500
1785932154970,ANCHOR_09,52:06:26:03:01:DA,-94,2.500,7.500
1785932155156,ANCHOR_12,52:06:26:03:01:DA,-105,2.500,7.500
1785932155549,ANCHOR_04,52:06:26:03:01:DA,-91,2.500,7.500
1785932155558,ANCHOR_03,52:06:26:03:01:DA,-87,2.500,7.500
1785932155623,ANCHOR_05,52:06:26:03:01:DA,-99,2.500,7.500
1785932155703,ANCHOR_07,52:06:26:03:01:DA,-109,2.500,7.500
1785932156170,ANCHOR_08,52:06:26:03:01:DA,-99,2.500,7.500
1785932156175,ANCHOR_01,52:06:26:03:01:DA,-96,2.500,7.500
1785932156716,ANCHOR_05,52:06:26:03:01:DA,-98,2.500,7.500
1785932157003,ANCHOR_10,52:06:26:03:01:DA,-109,2.500,7.500
1785932157409,ANCHOR_09,52:06:26:03:01:DA,-93,2.500,7.500
1785932157832,ANCHOR_03,52:06:26:03:01:DA,-86,2.500,7.500
1785932158156,ANCHOR_01,52:06:26:03:01:DA,-96,2.500,7.500
1785932158190,ANCHOR_08,52:06:26:03:01:DA,-99,2.500,7.500
1785932158748,ANCHOR_07,52:06:26:03:01:DA,-110,2.500,7.500
1785932159116,ANCHOR_06,52:06:26:03:01:DA,-104,2.500,7.500
1785932160090,ANCHOR_04,52:06:26:03:01:DA,-99,2.500,7.500
1785932160182,ANCHOR_11,52:06:26:03:01:DA,-110,2.500,7.500
1785932160925,ANCHOR_02,52:06:26:03:01:DA,-96,2.500,7.500
1785932161115,ANCHOR_05,52:06:26:03:01:DA,-110,2.500,7.500
1785932162117,ANCHOR_09,52:06:26:03:01:DA,-93,2.500,7.500
1785932162320,ANCHOR_06,52:06:26:03:01:DA,-104,2.500,7.500
1785932162327,ANCHOR_11,52:06:26:03:01:DA,-110,2.500,7.500
1785932162383,ANCHOR_09,52:06:26:03:01:DA,-94,2.500,7.500
1785932162459,ANCHOR_05,52:06:26:03:01:DA,-99,2.500,7.500
1785932162491,ANCHOR_10,52:06:26:03:01:DA,-110,2.500,7.500
1785932162585,ANCHOR_11,52:06:26:03:01:DA,-102,2.500,7.500
1785932162656,ANCHOR_12,52:06:26:03:01:DA,-106,2.500,7.500
1785932162695,ANCHOR_01,52:06:26:03:01:DA,-97,2.500,7.500
1785932162733,ANCHOR_08,52:06:26:03:01:DA,-99,2.500,7.500
1785932163007,ANCHOR_03,52:06:26:03:01:DA,-86,2.500,7.500
1785932163184,ANCHOR_10,52:06:26:03:01:DA,-110,2.500,7.500
1785932163463,ANCHOR_02,52:06:26:03:01:DA,-89,2.500,7.500
1785932163528,ANCHOR_06,52:06:26:03:01:DA,-105,2.500,7.500
1785932164029,ANCHOR_02,52:06:26:03:01:DA,-97,2.500,7.500
1785932164371,ANCHOR_07,52:06:26:03:01:DA,-110,2.500,7.500
1785932164539,ANCHOR_03,52:06:26:03:01:DA,-86,2.500,7.500
1785932164627,ANCHOR_01,52:06:26:03:01:DA,-96,2.500,7.500
1785932164725,ANCHOR_08,52:06:26:03:01:DA,-99,2.500,7.500
1785932164963,ANCHOR_05,52:06:26:03:01:DA,-99,2.500,7.500
1785932165300,ANCHOR_06,52:06:26:03:01:DA,-104,2.500,7.500
1785932165348,ANCHOR_07,52:06:26:03:01:DA,-110,2.500,7.500
1785932165430,ANCHOR_11,52:06:26:03:01:DA,-110,2.500,7.500
1785932165545,ANCHOR_10,52:06:26:03:01:DA,-110,2.500,7.500
1785932165552,ANCHOR_12,52:06:26:03:01:DA,-106,2.500,7.500
1785932166140,ANCHOR_06,52:06:26:03:01:DA,-105,2.500,7.500
1785932166486,ANCHOR_02,52:06:26:03:01:DA,-96,2.500,7.500
1785932166536,ANCHOR_01,52:06:26:03:01:DA,-97,2.500,7.500
1785932166575,ANCHOR_04,52:06:26:03:01:DA,-98,2.500,7.500
1785932166686,ANCHOR_04,52:06:26:03:01:DA,-90,2.500,7.500
1785932166743,ANCHOR_05,52:06:26:03:01:DA,-98,2.500,7.500
1785932166771,ANCHOR_07,52:06:26:03:01:DA,-110,2.500,7.500
1785932167025,ANCHOR_11,52:06:26:03:01:DA,-110,2.500,7.500
1785932167522,ANCHOR_10,52:06:26:03:01:DA,-109,2.500,7.500
1785932167728,ANCHOR_03,52:06:26:03:01:DA,-86,2.500,7.500
1785932167743,ANCHOR_06,52:06:26:03:01:DA,-104,2.500,7.500
1785932167810,ANCHOR_05,52:06:26:03:01:DA,-98,2.500,7.500
1785932168162,ANCHOR_10,52:06:26:03:01:DA,-110,2.500,7.500
1785932168267,ANCHOR_02,52:06:26:03:01:DA,-96,2.500,7.500
1785932169093,ANCHOR_03,52:06:26:03:01:DA,-86,2.500,7.500
1785932169771,ANCHOR_02,52:06:26:03:01:DA,-96,2.500,7.500
1785932170329,ANCHOR_04,52:06:26:03:01:DA,-98,2.500,7.500
1785932170340,ANCHOR_09,52:06:26:03:01:DA,-94,2.500,7.500
1785932170516,ANCHOR_11,52:06:26:03:01:DA,-110,2.500,7.500
1785932170587,ANCHOR_01,52:06:26:03:01:DA,-97,2.500,7.500
1785932170662,ANCHOR_12,52:06:26:03:01:DA,-105,2.500,7.500
1785932170703,ANCHOR_11,52:06:26:03:01:DA,-110,2.500,7.500
1785932170992,ANCHOR_07,52:06:26:03:01:DA,-110,2.500,7.500
1785932171036,ANCHOR_01,52:06:26:03:01:DA,-96,2.500,7.500
1785932171188,ANCHOR_09,52:06:26:03:01:DA,-93,2.500,7.500
1785932171432,ANCHOR_04,52:06:26:03:01:DA,-98,2.500,7.500
1785932172912,ANCHOR_07,52:06:26:03:01:DA,-109,2.500,7.500
1785932173557,ANCHOR_07,52:06:26:03:01:DA,-109,2.500,7.500
1785932174203,ANCHOR_02,52:06:26:03:01:DA,-96,2.500,7.500
1785932174292,ANCHOR_08,52:06:26:03:01:DA,-99,2.500,7.500
1785932174612,ANCHOR_08,52:06:26:03:01:DA,-100,2.500,7.500
1785932174947,ANCHOR_05,52:06:26:03:01:DA,-110,2.500,7.500
1785932175006,ANCHOR_01,52:06:26:03:01:DA,-96,2.500,7.500
1785932175053,ANCHOR_03,52:06:26:03:01:DA,-86,2.500,7.500
1785932175415,ANCHOR_08,52:06:26:03:01:DA,-98,2.500,7.500
1785932175561,ANCHOR_06,52:06:26:03:01:DA,-104,2.500,7.500
1785932175797,ANCHOR_12,52:06:26:03:01:DA,-105,2.500,7.500
1785932175812,ANCHOR_12,52:06:26:03:01:DA,-106,2.500,7.500
1785932175830,ANCHOR_06,52:06:26:03:01:DA,-104,2.500,7.500
1785932175917,ANCHOR_10,52:06:26:03:01:DA,-98,2.500,7.500
1785932175965,ANCHOR_05,52:06:26:03:01:DA,-98,2.500,7.500
1785932176035,ANCHOR_07,52:06:26:03:01:DA,-110,2.500,7.500
1785932176507,ANCHOR_04,52:06:26:03:01:DA,-98,2.500,7.500
1785932176863,ANCHOR_02,52:06:26:03:01:DA,-97,2.500,7.500
1785932176903,ANCHOR_01,52:06:26:03:01:DA,-96,2.500,7.500
1785932177068,ANCHOR_03,52:06:26:03:01:DA,-87,2.500,7.500
1785932177070,ANCHOR_04,52:06:26:03:01:DA,-97,2.500,7.500
1785932177147,ANCHOR_11,52:06:26:03:01:DA,-110,2.500,7.500
1785932177199,ANCHOR_08,52:06:26:03:01:DA,-99,2.500,7.500
1785932177475,ANCHOR_09,52:06:26:03:01:DA,-94,2.500,7.500
1785932177609,ANCHOR_01,52:06:26:03:01:DA,-89,2.500,7.500
1785932177828,ANCHOR_04,52:06:26:03:01:DA,-99,2.500,7.500
1785932178572,ANCHOR_03,52:06:26:03:01:DA,-87,2.500,7.500
1785932179124,ANCHOR_08,52:06:26:03:01:DA,-100,2.500,7.500
1785932179470,ANCHOR_01,52:06:26:03:01:DA,-97,2.500,7.500
1785932180223,ANCHOR_07,52:06:26:03:01:DA,-109,2.500,7.500
1785932181001,ANCHOR_09,52:06:26:03:01:DA,-93,2.500,7.500
1785932181001,ANCHOR_01,52:06:26:03:01:DA,-96,2.500,7.500
1785932181594,ANCHOR_12,52:06:26:03:01:DA,-105,2.500,7.500
1785932181595,ANCHOR_11,52:06:26:03:01:DA,-110,2.500,7.500
1785932181622,ANCHOR_06,52:06:26:03:01:DA,-104,2.500,7.500
1785932183670,ANCHOR_05,52:06:26:03:01:DA,-99,2.500,7.500
1785932183840,ANCHOR_02,52:06:26:03:01:DA,-96,2.500,7.500
1785932183837,ANCHOR_02,52:06:26:03:01:DA,-96,2.500,7.500
1785932184182,ANCHOR_04,52:06:26:03:01:DA,-97,2.500,7.500
1785932184436,ANCHOR_01,52:06:26:03:01:DA,-96,2.500,7.500
1785932185451,ANCHOR_05,52:06:26:03:01:DA,-99,2.500,7.500
1785932185561,ANCHOR_06,52:06:26:03:01:DA,-104,2.500,7.500
1785932185984,ANCHOR_10,52:06:26:03:01:DA,-99,2.500,7.500
1785932186397,ANCHOR_04,52:06:26:03:01:DA,-97,2.500,7.500
1785932186508,ANCHOR_06,52:06:26:03:01:DA,-105,2.500,7.500
1785932186504,ANCHOR_08,52:06:26:03:01:DA,-99,2.500,7.500
1785932186814,ANCHOR_09,52:06:26:03:01:DA,-88,2.500,7.500
1785932186885,ANCHOR_12,52:06:26:03:01:DA,-104,2.500,7.500
1785932187410,ANCHOR_03,52:06:26:03:01:DA,-87,2.500,7.500
1785932189457,ANCHOR_03,52:06:26:03:01:DA,-87,2.500,7.500
1785932189698,ANCHOR_07,52:06:26:03:01:DA,-109,2.500,7.500
1785932189969,ANCHOR_07,52:06:26:03:01:DA,-110,2.500,7.500
1785932190520,ANCHOR_11,52:06:26:03:01:DA,-110,2.500,7.500
1785932190647,ANCHOR_12,52:06:26:03:01:DA,-105,2.500,7.500
1785932191075,ANCHOR_09,52:06:26:03:01:DA,-93,2.500,7.500
1785932191177,ANCHOR_11,52:06:26:03:01:DA,-110,2.500,7.500
1785932191836,ANCHOR_05,52:06:26:03:01:DA,-99,2.500,7.500
1785932192531,ANCHOR_04,52:06:26:03:01:DA,-99,2.500,7.500
1785932192635,ANCHOR_10,52:06:26:03:01:DA,-99,2.500,7.500
1785932192633,ANCHOR_09,52:06:26:03:01:DA,-94,2.500,7.500
1785932192700,ANCHOR_10,52:06:26:03:01:DA,-109,2.500,7.500
1785932192710,ANCHOR_02,52:06:26:03:01:DA,-96,2.500,7.500
1785932192764,ANCHOR_01,52:06:26:03:01:DA,-96,2.500,7.500
1785932192779,ANCHOR_03,52:06:26:03:01:DA,-86,2.500,7.500
1785932192802,ANCHOR_09,52:06:26:03:01:DA,-94,2.500,7.500
1785932192884,ANCHOR_09,52:06:26:03:01:DA,-93,2.500,7.500
1785932193122,ANCHOR_08,52:06:26:03:01:DA,-99,2.500,7.500
1785932193417,ANCHOR_11,52:06:26:03:01:DA,-110,2.500,7.500
1785932193558,ANCHOR_05,52:06:26:03:01:DA,-98,2.500,7.500
1785932193571,ANCHOR_02,52:06:26:03:01:DA,-96,2.500,7.500
1785932193733,ANCHOR_11,52:06:26:03:01:DA,-110,2.500,7.500
1785932193772,ANCHOR_03,52:06:26:03:01:DA,-86,2.500,7.500
1785932194204,ANCHOR_12,52:06:26:03:01:DA,-105,2.500,7.500
1785932194272,ANCHOR_04,52:06:26:03:01:DA,-98,2.500,7.500
1785932194341,ANCHOR_03,52:06:26:03:01:DA,-87,2.500,7.500
1785932194391,ANCHOR_10,52:06:26:03:01:DA,-99,2.500,7.500
1785932194631,ANCHOR_02,52:06:26:03:01:DA,-91,2.500,7.500
1785932194779,ANCHOR_05,52:06:26:03:01:DA,-100,2.500,7.500
1785932195811,ANCHOR_01,52:06:26:03:01:DA,-96,2.500,7.500
1785932195864,ANCHOR_08,52:06:26:03:01:DA,-99,2.500,7.500
1785932195900,ANCHOR_06,52:06:26:03:01:DA,-104,2.500,7.500
1785932195951,ANCHOR_07,52:06:26:03:01:DA,-110,2.500,7.500
1785932196013,ANCHOR_04,52:06:26:03:01:DA,-92,2.500,7.500
1785932196081,ANCHOR_12,52:06:26:03:01:DA,-95,2.500,7.500
1785932196111,ANCHOR_09,52:06:26:03:01:DA,-94,2.500,7.500
1785932196278,ANCHOR_11,52:06:26:03:01:DA,-102,2.500,7.500
1785932196386,ANCHOR_04,52:06:26:03:01:DA,-97,2.500,7.500
1785932196702,ANCHOR_11,52:06:26:03:01:DA,-110,2.500,7.500
1785932196752,ANCHOR_05,52:06:26:03:01:DA,-99,2.500,7.500
1785932196778,ANCHOR_07,52:06:26:03:01:DA,-109,2.500,7.500
1785932196880,ANCHOR_10,52:06:26:03:01:DA,-110,2.500,7.500
1785932196885,ANCHOR_08,52:06:26:03:01:DA,-99,2.500,7.500
1785932197252,ANCHOR_06,52:06:26:03:01:DA,-105,2.500,7.500
1785932198194,ANCHOR_02,52:06:26:03:01:DA,-96,2.500,7.500
1785932198455,ANCHOR_08,52:06:26:03:01:DA,-98,2.500,7.500
1785932198606,ANCHOR_04,52:06:26:03:01:DA,-98,2.500,7.500
1785932198953,ANCHOR_12,52:06:26:03:01:DA,-105,2.500,7.500
1785932199423,ANCHOR_02,52:06:26:03:01:DA,-96,2.500,7.500
1785932199484,ANCHOR_09,52:06:26:03:01:DA,-93,2.500,7.500
1785932199514,ANCHOR_03,52:06:26:03:01:DA,-87,2.500,7.500
1785932201026,ANCHOR_05,52:06:26:03:01:DA,-99,2.500,7.500
1785932201593,ANCHOR_01,52:06:26:03:01:DA,-97,2.500,7.500
1785932202888,ANCHOR_08,52:06:26:03:01:DA,-99,2.500,7.500
1785932203059,ANCHOR_10,52:06:26:03:01:DA,-110,2.500,7.500
1785932203644,ANCHOR_12,52:06:26:03:01:DA,-106,2.500,7.500
1785932203935,ANCHOR_08,52:06:26:03:01:DA,-99,2.500,7.500
1785932204076,ANCHOR_06,52:06:26:03:01:DA,-105,2.500,7.500
1785932204496,ANCHOR_11,52:06:26:03:01:DA,-110,2.500,7.500
1785932204808,ANCHOR_09,52:06:26:03:01:DA,-93,2.500,7.500
1785932205326,ANCHOR_07,52:06:26:03:01:DA,-110,2.500,7.500
1785932205648,ANCHOR_10,52:06:26:03:01:DA,-110,2.500,7.500
1785932205652,ANCHOR_08,52:06:26:03:01:DA,-99,2.500,7.500
1785932205757,ANCHOR_11,52:06:26:03:01:DA,-110,2.500,7.500
1785932205976,ANCHOR_01,52:06:26:03:01:DA,-97,2.500,7.500
1785932206013,ANCHOR_08,52:06:26:03:01:DA,-99,2.500,7.500
1785932206525,ANCHOR_02,52:06:26:03:01:DA,-96,2.500,7.500
1785932206637,ANCHOR_09,52:06:26:03:01:DA,-93,2.500,7.500
1785932207020,ANCHOR_05,52:06:26:03:01:DA,-99,2.500,7.500
1785932207077,ANCHOR_12,52:06:26:03:01:DA,-106,2.500,7.500
1785932207164,ANCHOR_03,52:06:26:03:01:DA,-85,2.500,7.500
1785932207610,ANCHOR_10,52:06:26:03:01:DA,-99,2.500,7.500
1785932208014,ANCHOR_04,52:06:26:03:01:DA,-97,2.500,7.500
1785932208022,ANCHOR_02,52:06:26:03:01:DA,-96,2.500,7.500
1785932208072,ANCHOR_11,52:06:26:03:01:DA,-110,2.500,7.500
1785932208442,ANCHOR_09,52:06:26:03:01:DA,-94,2.500,7.500
1785932208460,ANCHOR_12,52:06:26:03:01:DA,-105,2.500,7.500
1785932208504,ANCHOR_02,52:06:26:03:01:DA,-90,2.500,7.500
1785932208692,ANCHOR_05,52:06:26:03:01:DA,-99,2.500,7.500
1785932208739,ANCHOR_10,52:06:26:03:01:DA,-110,2.500,7.500
1785932208811,ANCHOR_11,52:06:26:03:01:DA,-110,2.500,7.500
1785932209261,ANCHOR_03,52:06:26:03:01:DA,-86,2.500,7.500
1785932209400,ANCHOR_01,52:06:26:03:01:DA,-96,2.500,7.500
1785932209435,ANCHOR_05,52:06:26:03:01:DA,-98,2.500,7.500
1785932209876,ANCHOR_07,52:06:26:03:01:DA,-110,2.500,7.500
1785932210794,ANCHOR_02,52:06:26:03:01:DA,-97,2.500,7.500
1785932210990,ANCHOR_06,52:06:26:03:01:DA,-105,2.500,7.500
1785932211457,ANCHOR_01,52:06:26:03:01:DA,-96,2.500,7.500
1785932211542,ANCHOR_11,52:06:26:03:01:DA,-102,2.500,7.500
1785932211841,ANCHOR_04,52:06:26:03:01:DA,-98,2.500,7.500
1785932212019,ANCHOR_10,52:06:26:03:01:DA,-110,2.500,7.500
1785932212038,ANCHOR_09,52:06:26:03:01:DA,-94,2.500,7.500
1785932212084,ANCHOR_12,52:06:26:03:01:DA,-105,2.500,7.500
1785932212893,ANCHOR_06,52:06:26:03:01:DA,-105,2.500,7.500
1785932213169,ANCHOR_02,52:06:26:03:01:DA,-90,2.500,7.500
1785932213342,ANCHOR_04,52:06:26:03:01:DA,-90,2.500,7.500
1785932213687,ANCHOR_08,52:06:26:03:01:DA,-99,2.500,7.500
1785932214030,ANCHOR_07,52:06:26:03:01:DA,-110,2.500,7.500
1785932214560,ANCHOR_12,52:06:26:03:01:DA,-95,2.500,7.500
1785932215241,ANCHOR_03,52:06:26:03:01:DA,-87,2.500,7.500
1785932215749,ANCHOR_05,52:06:26:03:01:DA,-99,2.500,7.500
1785932216373,ANCHOR_01,52:06:26:03:01:DA,-97,2.500,7.500
1785932216627,ANCHOR_06,52:06:26:03:01:DA,-104,2.500,7.500
1785932217142,ANCHOR_02,52:06:26:03:01:DA,-96,2.500,7.500
1785932217400,ANCHOR_07,52:06:26:03:01:DA,-110,2.500,7.500
1785932217506,ANCHOR_08,52:06:26:03:01:DA,-99,2.500,7.500
1785932217665,ANCHOR_04,52:06:26:03:01:DA,-98,2.500,7.500
1785932217893,ANCHOR_10,52:06:26:03:01:DA,-98,2.500,7.500
1785932220155,ANCHOR_11,52:06:26:03:01:DA,-110,2.500,7.500
1785932220589,ANCHOR_08,52:06:26:03:01:DA,-99,2.500,7.500
1785932221259,ANCHOR_05,52:06:26:03:01:DA,-100,2.500,7.500
1785932221632,ANCHOR_11,52:06:26:03:01:DA,-110,2.500,7.500
1785932221758,ANCHOR_05,52:06:26:03:01:DA,-99,2.500,7.500
1785932221841,ANCHOR_08,52:06:26:03:01:DA,-99,2.500,7.500
1785932222057,ANCHOR_09,52:06:26:03:01:DA,-94,2.500,7.500
1785932222209,ANCHOR_09,52:06:26:03:01:DA,-94,2.500,7.500
1785932222763,ANCHOR_03,52:06:26:03:01:DA,-87,2.500,7.500
1785932222855,ANCHOR_12,52:06:26:03:01:DA,-105,2.500,7.500
1785932224445,ANCHOR_09,52:06:26:03:01:DA,-93,2.500,7.500
1785932224655,ANCHOR_03,52:06:26:03:01:DA,-87,2.500,7.500
1785932224728,ANCHOR_06,52:06:26:03:01:DA,-106,2.500,7.500
1785932225216,ANCHOR_07,52:06:26:03:01:DA,-110,2.500,7.500
1785932225268,ANCHOR_10,52:06:26:03:01:DA,-110,2.500,7.500
1785932225501,ANCHOR_02,52:06:26:03:01:DA,-95,2.500,7.500
1785932225632,ANCHOR_01,52:06:26:03:01:DA,-96,2.500,7.500
1785932225691,ANCHOR_12,52:06:26:03:01:DA,-105,2.500,7.500
1785932225797,ANCHOR_04,52:06:26:03:01:DA,-97,2.500,7.500
1785932226162,ANCHOR_07,52:06:26:03:01:DA,-109,2.500,7.500
1785932226609,ANCHOR_01,52:06:26:03:01:DA,-97,2.500,7.500
1785932226685,ANCHOR_02,52:06:26:03:01:DA,-96,2.500,7.500
1785932226884,ANCHOR_10,52:06:26:03:01:DA,-110,2.500,7.500
1785932227371,ANCHOR_04,52:06:26:03:01:DA,-97,2.500,7.500
1785932227478,ANCHOR_11,52:06:26:03:01:DA,-110,2.500,7.500
1785932227537,ANCHOR_06,52:06:26:03:01:DA,-105,2.500,7.500
1785932227642,ANCHOR_03,52:06:26:03:01:DA,-87,2.500,7.500
1785932227682,ANCHOR_12,52:06:26:03:01:DA,-106,2.500,7.500
1785932227872,ANCHOR_07,52:06:26:03:01:DA,-109,2.500,7.500
1785932227954,ANCHOR_02,52:06:26:03:01:DA,-96,2.500,7.500
1785932228127,ANCHOR_10,52:06:26:03:01:DA,-110,2.500,7.500
1785932228219,ANCHOR_05,52:06:26:03:01:DA,-99,2.500,7.500
1785932228276,ANCHOR_11,52:06:26:03:01:DA,-110,2.500,7.500
1785932228392,ANCHOR_08,52:06:26:03:01:DA,-98,2.500,7.500
1785932228543,ANCHOR_04,52:06:26:03:01:DA,-97,2.500,7.500
1785932228657,ANCHOR_08,52:06:26:03:01:DA,-99,2.500,7.500
1785932228978,ANCHOR_03,52:06:26:03:01:DA,-87,2.500,7.500
1785932229353,ANCHOR_12,52:06:26:03:01:DA,-105,2.500,7.500
1785932229508,ANCHOR_09,52:06:26:03:01:DA,-93,2.500,7.500
1785932229707,ANCHOR_01,52:06:26:03:01:DA,-96,2.500,7.500
1785932229920,ANCHOR_07,52:06:26:03:01:DA,-109,2.500,7.500
1785932230222,ANCHOR_09,52:06:26:03:01:DA,-93,2.500,7.500
1785932230258,ANCHOR_05,52:06:26:03:01:DA,-99,2.500,7.500
1785932230533,ANCHOR_06,52:06:26:03:01:DA,-104,2.500,7.500
1785932230783,ANCHOR_09,52:06:26:03:01:DA,-94,2.500,7.500
1785932231380,ANCHOR_01,52:06:26:03:01:DA,-97,2.500,7.500
1785932231513,ANCHOR_10,52:06:26:03:01:DA,-110,2.500,7.500
1785932231720,ANCHOR_02,52:06:26:03:01:DA,-96,2.500,7.500
1785932232409,ANCHOR_11,52:06:26:03:01:DA,-102,2.500,7.500
1785932232464,ANCHOR_04,52:06:26:03:01:DA,-91,2.500,7.500
1785932232525,ANCHOR_12,52:06:26:03:01:DA,-104,2.500,7.500
1785932233224,ANCHOR_10,52:06:26:03:01:DA,-110,2.500,7.500
1785932234726,ANCHOR_09,52:06:26:03:01:DA,-94,2.500,7.500
1785932235139,ANCHOR_07,52:06:26:03:01:DA,-110,2.500,7.500
1785932235285,ANCHOR_01,52:06:26:03:01:DA,-97,2.500,7.500
1785932237056,ANCHOR_02,52:06:26:03:01:DA,-95,2.500,7.500
1785932237671,ANCHOR_05,52:06:26:03:01:DA,-99,2.500,7.500
1785932237797,ANCHOR_06,52:06:26:03:01:DA,-104,2.500,7.500
1785932238374,ANCHOR_12,52:06:26:03:01:DA,-106,2.500,7.500
1785932238684,ANCHOR_11,52:06:26:03:01:DA,-110,2.500,7.500
1785932239568,ANCHOR_06,52:06:26:03:01:DA,-106,2.500,7.500
1785932239917,ANCHOR_05,52:06:26:03:01:DA,-99,2.500,7.500
1785932240184,ANCHOR_01,52:06:26:03:01:DA,-97,2.500,7.500
1785932240282,ANCHOR_02,52:06:26:03:01:DA,-96,2.500,7.500
1785932240952,ANCHOR_12,52:06:26:03:01:DA,-105,2.500,7.500
1785932241013,ANCHOR_08,52:06:26:03:01:DA,-99,2.500,7.500
1785932241444,ANCHOR_07,52:06:26:03:01:DA,-110,2.500,7.500
1785932241638,ANCHOR_08,52:06:26:03:01:DA,-98,2.500,7.500
1785932241914,ANCHOR_03,52:06:26:03:01:DA,-87,2.500,7.500
1785932242089,ANCHOR_04,52:06:26:03:01:DA,-97,2.500,7.500
1785932242288,ANCHOR_09,52:06:26:03:01:DA,-93,2.500,7.500
1785932242417,ANCHOR_03,52:06:26:03:01:DA,-86,2.500,7.500
1785932242660,ANCHOR_10,52:06:26:03:01:DA,-110,2.500,7.500
1785932242706,ANCHOR_11,52:06:26:03:01:DA,-110,2.500,7.500
1785932242879,ANCHOR_01,52:06:26:03:01:DA,-97,2.500,7.500
1785932243028,ANCHOR_07,52:06:26:03:01:DA,-110,2.500,7.500
1785932243509,ANCHOR_10,52:06:26:03:01:DA,-110,2.500,7.500
1785932243700,ANCHOR_09,52:06:26:03:01:DA,-93,2.500,7.500
1785932244024,ANCHOR_04,52:06:26:03:01:DA,-98,2.500,7.500
1785932244533,ANCHOR_04,52:06:26:03:01:DA,-98,2.500,7.500
1785932244701,ANCHOR_03,52:06:26:03:01:DA,-87,2.500,7.500
1785932244835,ANCHOR_08,52:06:26:03:01:DA,-99,2.500,7.500
1785932245212,ANCHOR_02,52:06:26:03:01:DA,-97,2.500,7.500
1785932245294,ANCHOR_03,52:06:26:03:01:DA,-87,2.500,7.500
1785932245428,ANCHOR_02,52:06:26:03:01:DA,-96,2.500,7.500
1785932245538,ANCHOR_01,52:06:26:03:01:DA,-97,2.500,7.500
1785932245694,ANCHOR_10,52:06:26:03:01:DA,-110,2.500,7.500
1785932246188,ANCHOR_04,52:06:26:03:01:DA,-90,2.500,7.500
1785932246308,ANCHOR_11,52:06:26:03:01:DA,-110,2.500,7.500
1785932246307,ANCHOR_07,52:06:26:03:01:DA,-110,2.500,7.500
1785932246426,ANCHOR_03,52:06:26:03:01:DA,-87,2.500,7.500
1785932246440,ANCHOR_02,52:06:26:03:01:DA,-90,2.500,7.500
1785932246658,ANCHOR_09,52:06:26:03:01:DA,-95,2.500,7.500
1785932246993,ANCHOR_05,52:06:26:03:01:DA,-99,2.500,7.500
1785932247063,ANCHOR_10,52:06:26:03:01:DA,-110,2.500,7.500
1785932247936,ANCHOR_11,52:06:26:03:01:DA,-102,2.500,7.500
1785932248322,ANCHOR_12,52:06:26:03:01:DA,-105,2.500,7.500
1785932248693,ANCHOR_12,52:06:26:03:01:DA,-105,2.500,7.500
1785932248985,ANCHOR_06,52:06:26:03:01:DA,-105,2.500,7.500
1785932249756,ANCHOR_02,52:06:26:03:01:DA,-90,2.500,7.500
1785932250049,ANCHOR_05,52:06:26:03:01:DA,-99,2.500,7.500
1785932250094,ANCHOR_10,52:06:26:03:01:DA,-110,2.500,7.500
1785932250129,ANCHOR_08,52:06:26:03:01:DA,-98,2.500,7.500
1785932250452,ANCHOR_01,52:06:26:03:01:DA,-97,2.500,7.500
1785932250829,ANCHOR_05,52:06:26:03:01:DA,-100,2.500,7.500
1785932251027,ANCHOR_09,52:06:26:03:01:DA,-93,2.500,7.500
1785932251186,ANCHOR_11,52:06:26:03:01:DA,-102,2.500,7.500
1785932251488,ANCHOR_09,52:06:26:03:01:DA,-93,2.500,7.500
1785932251974,ANCHOR_07,52:06:26:03:01:DA,-109,2.500,7.500
1785932252047,ANCHOR_01,52:06:26:03:01:DA,-97,2.500,7.500
1785932252324,ANCHOR_02,52:06:26:03:01:DA,-96,2.500,7.500
1785932252391,ANCHOR_04,52:06:26:03:01:DA,-91,2.500,7.500
1785932252441,ANCHOR_07,52:06:26:03:01:DA,-110,2.500,7.500
1785932252801,ANCHOR_01,52:06:26:03:01:DA,-96,2.500,7.500
1785932253015,ANCHOR_06,52:06:26:03:01:DA,-105,2.500,7.500
1785932253150,ANCHOR_10,52:06:26:03:01:DA,-110,2.500,7.500
1785932253482,ANCHOR_12,52:06:26:03:01:DA,-105,2.500,7.500
1785932253745,ANCHOR_03,52:06:26:03:01:DA,-86,2.500,7.500
1785932254213,ANCHOR_12,52:06:26:03:01:DA,-106,2.500,7.500
1785932254446,ANCHOR_02,52:06:26:03:01:DA,-90,2.500,7.500
1785932254535,ANCHOR_04,52:06:26:03:01:DA,-98,2.500,7.500
1785932254738,ANCHOR_04,52:06:26:03:01:DA,-91,2.500,7.500
1785932255483,ANCHOR_10,52:06:26:03:01:DA,-110,2.500,7.500
1785932255659,ANCHOR_01,52:06:26:03:01:DA,-96,2.500,7.500
1785932255694,ANCHOR_11,52:06:26:03:01:DA,-110,2.500,7.500
1785932255747,ANCHOR_05,52:06:26:03:01:DA,-110,2.500,7.500
1785932255883,ANCHOR_08,52:06:26:03:01:DA,-100,2.500,7.500
1785932256049,ANCHOR_03,52:06:26:03:01:DA,-87,2.500,7.500
1785932256211,ANCHOR_11,52:06:26:03:01:DA,-102,2.500,7.500
1785932256285,ANCHOR_03,52:06:26:03:01:DA,-86,2.500,7.500
1785932256688,ANCHOR_12,52:06:26:03:01:DA,-105,2.500,7.500
1785932256935,ANCHOR_08,52:06:26:03:01:DA,-99,2.500,7.500
1785932257136,ANCHOR_09,52:06:26:03:01:DA,-93,2.500,7.500
1785932257168,ANCHOR_07,52:06:26:03:01:DA,-109,2.500,7.500
1785932257291,ANCHOR_06,52:06:26:03:01:DA,-105,2.500,7.500
1785932257819,ANCHOR_09,52:06:26:03:01:DA,-94,2.500,7.500
1785932258263,ANCHOR_10,52:06:26:03:01:DA,-109,2.500,7.500
1785932258326,ANCHOR_11,52:06:26:03:01:DA,-102,2.500,7.500
1785932258730,ANCHOR_06,52:06:26:03:01:DA,-105,2.500,7.500
1785932258836,ANCHOR_03,52:06:26:03:01:DA,-87,2.500,7.500
1785932259169,ANCHOR_08,52:06:26:03:01:DA,-99,2.500,7.500
1785932259236,ANCHOR_02,52:06:26:03:01:DA,-90,2.500,7.500
1785932259292,ANCHOR_07,52:06:26:03:01:DA,-110,2.500,7.500
1785932259582,ANCHOR_04,52:06:26:03:01:DA,-90,2.500,7.500
1785932259701,ANCHOR_01,52:06:26:03:01:DA,-96,2.500,7.500
1785932259808,ANCHOR_07,52:06:26:03:01:DA,-110,2.500,7.500
1785932260337,ANCHOR_02,52:06:26:03:01:DA,-90,2.500,7.500
1785932260350,ANCHOR_02,52:06:26:03:01:DA,-90,2.500,7.500
1785932260379,ANCHOR_12,52:06:26:03:01:DA,-105,2.500,7.500
1785932260562,ANCHOR_02,52:06:26:03:01:DA,-90,2.500,7.500
1785932260728,ANCHOR_12,52:06:26:03:01:DA,-105,2.500,7.500
1785932260766,ANCHOR_08,52:06:26:03:01:DA,-99,2.500,7.500
1785932260788,ANCHOR_07,52:06:26:03:01:DA,-109,2.500,7.500
1785932260821,ANCHOR_06,52:06:26:03:01:DA,-105,2.500,7.500
1785932260832,ANCHOR_05,52:06:26:03:01:DA,-100,2.500,7.500
1785932260928,ANCHOR_02,52:06:26:03:01:DA,-90,2.500,7.500
1785932261010,ANCHOR_11,52:06:26:03:01:DA,-102,2.500,7.500
1785932261214,ANCHOR_11,52:06:26:03:01:DA,-102,2.500,7.500
1785932261354,ANCHOR_05,52:06:26:03:01:DA,-99,2.500,7.500
1785932261410,ANCHOR_01,52:06:26:03:01:DA,-97,2.500,7.500
1785932261458,ANCHOR_04,52:06:26:03:01:DA,-91,2.500,7.500
1785932261600,ANCHOR_03,52:06:26:03:01:DA,-87,2.500,7.500
1785932261686,ANCHOR_08,52:06:26:03:01:DA,-99,2.500,7.500
1785932261854,ANCHOR_06,52:06:26:03:01:DA,-104,2.500,7.500
1785932261957,ANCHOR_07,52:06:26:03:01:DA,-108,2.500,7.500
1785932262111,ANCHOR_10,52:06:26:03:01:DA,-110,2.500,7.500
1785932262251,ANCHOR_12,52:06:26:03:01:DA,-105,2.500,7.500
1785932262272,ANCHOR_12,52:06:26:03:01:DA,-105,2.500,7.500
1785932262545,ANCHOR_09,52:06:26:03:01:DA,-94,2.500,7.500
1785932262619,ANCHOR_02,52:06:26:03:01:DA,-90,2.500,7.500
1785932262679,ANCHOR_09,52:06:26:03:01:DA,-93,2.500,7.500
1785932263142,ANCHOR_05,52:06:26:03:01:DA,-99,2.500,7.500
1785932263489,ANCHOR_10,52:06:26:03:01:DA,-110,2.500,7.500
1785932263970,ANCHOR_02,52:06:26:03:01:DA,-90,2.500,7.500
1785932264035,ANCHOR_11,52:06:26:03:01:DA,-102,2.500,7.500
1785932264289,ANCHOR_04,52:06:26:03:01:DA,-91,2.500,7.500
1785932264392,ANCHOR_08,52:06:26:03:01:DA,-99,2.500,7.500
1785932264610,ANCHOR_01,52:06:26:03:01:DA,-96,2.500,7.500
1785932264688,ANCHOR_01,52:06:26:03:01:DA,-97,2.500,7.500
1785932265043,ANCHOR_08,52:06:26:03:01:DA,-99,2.500,7.500
1785932265120,ANCHOR_05,52:06:26:03:01:DA,-99,2.500,7.500
1785932265660,ANCHOR_06,52:06:26:03:01:DA,-103,2.500,7.500
1785932265680,ANCHOR_04,52:06:26:03:01:DA,-91,2.500,7.500
1785932265863,ANCHOR_04,52:06:26:03:01:DA,-91,2.500,7.500
1785932267419,ANCHOR_02,52:06:26:03:01:DA,-90,2.500,7.500
1785932267879,ANCHOR_11,52:06:26:03:01:DA,-101,2.500,7.500
1785932269232,ANCHOR_12,52:06:26:03:01:DA,-105,2.500,7.500
1785932269231,ANCHOR_05,52:06:26:03:01:DA,-99,2.500,7.500
1785932269382,ANCHOR_07,52:06:26:03:01:DA,-110,2.500,7.500
1785932269523,ANCHOR_09,52:06:26:03:01:DA,-94,2.500,7.500
1785932269578,ANCHOR_04,52:06:26:03:01:DA,-90,2.500,7.500
1785932270029,ANCHOR_12,52:06:26:03:01:DA,-105,2.500,7.500
1785932270516,ANCHOR_05,52:06:26:03:01:DA,-99,2.500,7.500
1785932270868,ANCHOR_02,52:06:26:03:01:DA,-90,2.500,7.500
1785932271156,ANCHOR_07,52:06:26:03:01:DA,-110,2.500,7.500
1785932271320,ANCHOR_01,52:06:26:03:01:DA,-96,2.500,7.500
1785932271366,ANCHOR_02,52:06:26:03:01:DA,-90,2.500,7.500
1785932271551,ANCHOR_03,52:06:26:03:01:DA,-86,2.500,7.500
1785932271580,ANCHOR_09,52:06:26:03:01:DA,-93,2.500,7.500
1785932271649,ANCHOR_05,52:06:26:03:01:DA,-99,2.500,7.500
1785932271656,ANCHOR_04,52:06:26:03:01:DA,-92,2.500,7.500
1785932271688,ANCHOR_11,52:06:26:03:01:DA,-102,2.500,7.500
1785932271740,ANCHOR_10,52:06:26:03:01:DA,-110,2.500,7.500
1785932271858,ANCHOR_02,52:06:26:03:01:DA,-90,2.500,7.500
1785932271922,ANCHOR_03,52:06:26:03:01:DA,-86,2.500,7.500
1785932272142,ANCHOR_09,52:06:26:03:01:DA,-93,2.500,7.500
1785932272256,ANCHOR_12,52:06:26:03:01:DA,-105,2.500,7.500
1785932272454,ANCHOR_07,52:06:26:03:01:DA,-110,2.500,7.500
1785932272655,ANCHOR_05,52:06:26:03:01:DA,-99,2.500,7.500
1785932272800,ANCHOR_01,52:06:26:03:01:DA,-96,2.500,7.500
1785932273113,ANCHOR_08,52:06:26:03:01:DA,-98,2.500,7.500
1785932273143,ANCHOR_09,52:06:26:03:01:DA,-93,2.500,7.500
1785932273653,ANCHOR_06,52:06:26:03:01:DA,-105,2.500,7.500
1785932273684,ANCHOR_04,52:06:26:03:01:DA,-91,2.500,7.500
1785932273689,ANCHOR_08,52:06:26:03:01:DA,-98,2.500,7.500
1785932274296,ANCHOR_03,52:06:26:03:01:DA,-86,2.500,7.500
1785932274932,ANCHOR_05,52:06:26:03:01:DA,-99,2.500,7.500
1785932275107,ANCHOR_12,52:06:26:03:01:DA,-105,2.500,7.500
1785932276341,ANCHOR_12,52:06:26:03:01:DA,-105,2.500,7.500
1785932276352,ANCHOR_02,52:06:26:03:01:DA,-91,2.500,7.500
1785932276460,ANCHOR_06,52:06:26:03:01:DA,-105,2.500,7.500
1785932277371,ANCHOR_10,52:06:26:03:01:DA,-110,2.500,7.500
1785932277437,ANCHOR_01,52:06:26:03:01:DA,-95,2.500,7.500
1785932277656,ANCHOR_12,52:06:26:03:01:DA,-105,2.500,7.500
1785932277738,ANCHOR_08,52:06:26:03:01:DA,-99,2.500,7.500
1785932278700,ANCHOR_06,52:06:26:03:01:DA,-104,2.500,7.500
1785932278850,ANCHOR_04,52:06:26:03:01:DA,-91,2.500,7.500
1785932278958,ANCHOR_01,52:06:26:03:01:DA,-96,2.500,7.500
1785932279030,ANCHOR_06,52:06:26:03:01:DA,-104,2.500,7.500
1785932279117,ANCHOR_10,52:06:26:03:01:DA,-110,2.500,7.500
1785932279151,ANCHOR_11,52:06:26:03:01:DA,-102,2.500,7.500
1785932279249,ANCHOR_04,52:06:26:03:01:DA,-91,2.500,7.500
1785932279435,ANCHOR_08,52:06:26:03:01:DA,-99,2.500,7.500
1785932280203,ANCHOR_08,52:06:26:03:01:DA,-99,2.500,7.500
1785932280305,ANCHOR_02,52:06:26:03:01:DA,-89,2.500,7.500
1785932280382,ANCHOR_08,52:06:26:03:01:DA,-99,2.500,7.500
1785932280463,ANCHOR_02,52:06:26:03:01:DA,-91,2.500,7.500
1785932280496,ANCHOR_10,52:06:26:03:01:DA,-110,2.500,7.500
1785932280587,ANCHOR_07,52:06:26:03:01:DA,-110,2.500,7.500
1785932280696,ANCHOR_02,52:06:26:03:01:DA,-91,2.500,7.500
1785932280805,ANCHOR_05,52:06:26:03:01:DA,-99,2.500,7.500
1785932281309,ANCHOR_05,52:06:26:03:01:DA,-99,2.500,7.500
1785932281373,ANCHOR_03,52:06:26:03:01:DA,-86,2.500,7.500
1785932281511,ANCHOR_11,52:06:26:03:01:DA,-102,2.500,7.500
1785932281557,ANCHOR_12,52:06:26:03:01:DA,-105,2.500,7.500
1785932281727,ANCHOR_11,52:06:26:03:01:DA,-103,2.500,7.500
1785932281731,ANCHOR_01,52:06:26:03:01:DA,-96,2.500,7.500
1785932281762,ANCHOR_12,52:06:26:03:01:DA,-105,2.500,7.500
1785932281832,ANCHOR_03,52:06:26:03:01:DA,-87,2.500,7.500
1785932282732,ANCHOR_07,52:06:26:03:01:DA,-110,2.500,7.500
1785932282770,ANCHOR_06,52:06:26:03:01:DA,-104,2.500,7.500
1785932282827,ANCHOR_04,52:06:26:03:01:DA,-91,2.500,7.500
1785932283246,ANCHOR_09,52:06:26:03:01:DA,-93,2.500,7.500
1785932283345,ANCHOR_10,52:06:26:03:01:DA,-110,2.500,7.500
1785932283352,ANCHOR_08,52:06:26:03:01:DA,-99,2.500,7.500
1785932283420,ANCHOR_01,52:06:26:03:01:DA,-96,2.500,7.500
1785932284115,ANCHOR_03,52:06:26:03:01:DA,-87,2.500,7.500
1785932284182,ANCHOR_05,52:06:26:03:01:DA,-99,2.500,7.500
1785932284249,ANCHOR_02,52:06:26:03:01:DA,-90,2.500,7.500
1785932284282,ANCHOR_12,52:06:26:03:01:DA,-105,2.500,7.500
1785932284366,ANCHOR_07,52:06:26:03:01:DA,-110,2.500,7.500
1785932284417,ANCHOR_06,52:06:26:03:01:DA,-105,2.500,7.500
1785932284427,ANCHOR_07,52:06:26:03:01:DA,-110,2.500,7.500
1785932284467,ANCHOR_09,52:06:26:03:01:DA,-94,2.500,7.500
1785932284518,ANCHOR_02,52:06:26:03:01:DA,-90,2.500,7.500
1785932284648,ANCHOR_06,52:06:26:03:01:DA,-105,2.500,7.500
1785932285335,ANCHOR_05,52:06:26:03:01:DA,-100,2.500,7.500
1785932285530,ANCHOR_10,52:06:26:03:01:DA,-110,2.500,7.500
1785932285583,ANCHOR_11,52:06:26:03:01:DA,-101,2.500,7.500
1785932285869,ANCHOR_10,52:06:26:03:01:DA,-110,2.500,7.500
1785932286002,ANCHOR_03,52:06:26:03:01:DA,-86,2.500,7.500
1785932286167,ANCHOR_09,52:06:26:03:01:DA,-94,2.500,7.500
1785932286311,ANCHOR_12,52:06:26:03:01:DA,-105,2.500,7.500
1785932287871,ANCHOR_08,52:06:26:03:01:DA,-99,2.500,7.500
1785932287873,ANCHOR_11,52:06:26:03:01:DA,-102,2.500,7.500
1785932287919,ANCHOR_02,52:06:26:03:01:DA,-90,2.500,7.500
1785932287978,ANCHOR_11,52:06:26:03:01:DA,-102,2.500,7.500
1785932288072,ANCHOR_05,52:06:26:03:01:DA,-99,2.500,7.500
1785932288071,ANCHOR_08,52:06:26:03:01:DA,-99,2.500,7.500
1785932288307,ANCHOR_03,52:06:26:03:01:DA,-87,2.500,7.500
1785932288305,ANCHOR_12,52:06:26:03:01:DA,-105,2.500,7.500
1785932288337,ANCHOR_08,52:06:26:03:01:DA,-99,2.500,7.500
1785932288411,ANCHOR_10,52:06:26:03:01:DA,-110,2.500,7.500
1785932288437,ANCHOR_01,52:06:26:03:01:DA,-97,2.500,7.500
1785932289381,ANCHOR_02,52:06:26:03:01:DA,-90,2.500,7.500
1785932289390,ANCHOR_07,52:06:26:03:01:DA,-109,2.500,7.500
1785932289532,ANCHOR_09,52:06:26:03:01:DA,-93,2.500,7.500
1785932289733,ANCHOR_05,52:06:26:03:01:DA,-99,2.500,7.500
1785932290060,ANCHOR_08,52:06:26:03:01:DA,-99,2.500,7.500
1785932290376,ANCHOR_07,52:06:26:03:01:DA,-110,2.500,7.500
1785932290644,ANCHOR_06,52:06:26:03:01:DA,-105,2.500,7.500
1785932290686,ANCHOR_01,52:06:26:03:01:DA,-96,2.500,7.500
1785932290770,ANCHOR_12,52:06:26:03:01:DA,-105,2.500,7.500
1785932291250,ANCHOR_12,52:06:26:03:01:DA,-105,2.500,7.500
1785932291434,ANCHOR_04,52:06:26:03:01:DA,-93,2.500,7.500
1785932291491,ANCHOR_02,52:06:26:03:01:DA,-90,2.500,7.500
1785932291532,ANCHOR_11,52:06:26:03:01:DA,-103,2.500,7.500
1785932291668,ANCHOR_06,52:06:26:03:01:DA,-103,2.500,7.500
1785932291990,ANCHOR_05,52:06:26:03:01:DA,-100,2.500,7.500
1785932292000,ANCHOR_03,52:06:26:03:01:DA,-87,2.500,7.500
1785932292513,ANCHOR_01,52:06:26:03:01:DA,-96,2.500,7.500
1785932293021,ANCHOR_05,52:06:26:03:01:DA,-99,2.500,7.500
1785932293230,ANCHOR_10,52:06:26:03:01:DA,-110,2.500,7.500
1785932293837,ANCHOR_06,52:06:26:03:01:DA,-105,2.500,7.500
1785932294098,ANCHOR_09,52:06:26:03:01:DA,-94,2.500,7.500
1785932294359,ANCHOR_10,52:06:26:03:01:DA,-110,2.500,7.500
1785932294415,ANCHOR_04,52:06:26:03:01:DA,-92,2.500,7.500
1785932295747,ANCHOR_04,52:06:26:03:01:DA,-91,2.500,7.500
1785932295877,ANCHOR_02,52:06:26:03:01:DA,-91,2.500,7.500
1785932295959,ANCHOR_01,52:06:26:03:01:DA,-96,2.500,7.500
1785932295991,ANCHOR_03,52:06:26:03:01:DA,-87,2.500,7.500
1785932296079,ANCHOR_07,52:06:26:03:01:DA,-110,2.500,7.500
1785932296141,ANCHOR_08,52:06:26:03:01:DA,-100,2.500,7.500
1785932296250,ANCHOR_11,52:06:26:03:01:DA,-102,2.500,7.500
1785932296287,ANCHOR_11,52:06:26:03:01:DA,-102,2.500,7.500
1785932296393,ANCHOR_07,52:06:26:03:01:DA,-110,2.500,7.500
1785932296497,ANCHOR_05,52:06:26:03:01:DA,-98,2.500,7.500
1785932296617,ANCHOR_05,52:06:26:03:01:DA,-98,2.500,7.500
1785932296733,ANCHOR_02,52:06:26:03:01:DA,-90,2.500,7.500
1785932296760,ANCHOR_06,52:06:26:03:01:DA,-104,2.500,7.500
1785932296974,ANCHOR_06,52:06:26:03:01:DA,-105,2.500,7.500
1785932297413,ANCHOR_03,52:06:26:03:01:DA,-87,2.500,7.500
1785932297438,ANCHOR_02,52:06:26:03:01:DA,-91,2.500,7.500
1785932297790,ANCHOR_06,52:06:26:03:01:DA,-105,2.500,7.500
1785932297839,ANCHOR_01,52:06:26:03:01:DA,-97,2.500,7.500
1785932298376,ANCHOR_04,52:06:26:03:01:DA,-98,2.500,7.500
1785932298651,ANCHOR_09,52:06:26:03:01:DA,-93,2.500,7.500
1785932298737,ANCHOR_12,52:06:26:03:01:DA,-106,2.500,7.500
1785932298767,ANCHOR_03,52:06:26:03:01:DA,-86,2.500,7.500
1785932298810,ANCHOR_02,52:06:26:03:01:DA,-91,2.500,7.500
1785932298877,ANCHOR_08,52:06:26:03:01:DA,-98,2.500,7.500
1785932298993,ANCHOR_12,52:06:26:03:01:DA,-105,2.500,7.500
1785932299576,ANCHOR_05,52:06:26:03:01:DA,-99,2.500,7.500
1785932299627,ANCHOR_11,52:06:26:03:01:DA,-102,2.500,7.500
1785932299693,ANCHOR_07,52:06:26:03:01:DA,-110,2.500,7.500
1785932300100,ANCHOR_08,52:06:26:03:01:DA,-99,2.500,7.500
1785932300153,ANCHOR_01,52:06:26:03:01:DA,-97,2.500,7.500
1785932300530,ANCHOR_06,52:06:26:03:01:DA,-104,2.500,7.500
1785932301099,ANCHOR_01,52:06:26:03:01:DA,-97,2.500,7.500
1785932301110,ANCHOR_05,52:06:26:03:01:DA,-98,2.500,7.500
1785932301155,ANCHOR_02,52:06:26:03:01:DA,-90,2.500,7.500
1785932301702,ANCHOR_09,52:06:26:03:01:DA,-94,2.500,7.500
1785932302586,ANCHOR_04,52:06:26:03:01:DA,-91,2.500,7.500
1785932303430,ANCHOR_05,52:06:26:03:01:DA,-99,2.500,7.500
1785932303589,ANCHOR_04,52:06:26:03:01:DA,-91,2.500,7.500
1785932303590,ANCHOR_10,52:06:26:03:01:DA,-110,2.500,7.500
1785932303604,ANCHOR_07,52:06:26:03:01:DA,-110,2.500,7.500
1785932305266,ANCHOR_06,52:06:26:03:01:DA,-105,2.500,7.500
1785932305538,ANCHOR_11,52:06:26:03:01:DA,-102,2.500,7.500
1785932306105,ANCHOR_12,52:06:26:03:01:DA,-104,2.500,7.500
1785932306327,ANCHOR_01,52:06:26:03:01:DA,-96,2.500,7.500
1785932306328,ANCHOR_03,52:06:26:03:01:DA,-86,2.500,7.500
1785932306404,ANCHOR_01,52:06:26:03:01:DA,-96,2.500,7.500
1785932306532,ANCHOR_03,52:06:26:03:01:DA,-87,2.500,7.500
1785932307270,ANCHOR_02,52:06:26:03:01:DA,-90,2.500,7.500
1785932307331,ANCHOR_10,52:06:26:03:01:DA,-110,2.500,7.500
1785932307468,ANCHOR_03,52:06:26:03:01:DA,-87,2.500,7.500
1785932307749,ANCHOR_04,52:06:26:03:01:DA,-92,2.500,7.500
1785932308274,ANCHOR_09,52:06:26:03:01:DA,-92,2.500,7.500
1785932308481,ANCHOR_11,52:06:26:03:01:DA,-102,2.500,7.500
1785932308598,ANCHOR_04,52:06:26:03:01:DA,-91,2.500,7.500
1785932308720,ANCHOR_11,52:06:26:03:01:DA,-102,2.500,7.500
1785932309395,ANCHOR_07,52:06:26:03:01:DA,-110,2.500,7.500
1785932309616,ANCHOR_09,52:06:26:03:01:DA,-93,2.500,7.500
1785932309703,ANCHOR_06,52:06:26:03:01:DA,-105,2.500,7.500
1785932309745,ANCHOR_10,52:06:26:03:01:DA,-110,2.500,7.500
1785932310066,ANCHOR_12,52:06:26:03:01:DA,-104,2.500,7.500
1785932310170,ANCHOR_07,52:06:26:03:01:DA,-110,2.500,7.500
1785932310234,ANCHOR_05,52:06:26:03:01:DA,-99,2.500,7.500
1785932310354,ANCHOR_04,52:06:26:03:01:DA,-97,2.500,7.500
1785932310434,ANCHOR_08,52:06:26:03:01:DA,-99,2.500,7.500
1785932310514,ANCHOR_05,52:06:26:03:01:DA,-99,2.500,7.500
1785932310759,ANCHOR_02,52:06:26:03:01:DA,-97,2.500,7.500
1785932310923,ANCHOR_06,52:06:26:03:01:DA,-104,2.500,7.500
1785932311392,ANCHOR_02,52:06:26:03:01:DA,-90,2.500,7.500
1785932311834,ANCHOR_01,52:06:26:03:01:DA,-96,2.500,7.500
1785932312369,ANCHOR_12,52:06:26:03:01:DA,-105,2.500,7.500
1785932313325,ANCHOR_02,52:06:26:03:01:DA,-90,2.500,7.500
1785932313560,ANCHOR_06,52:06:26:03:01:DA,-104,2.500,7.500
1785932314302,ANCHOR_09,52:06:26:03:01:DA,-94,2.500,7.500
1785932314308,ANCHOR_03,52:06:26:03:01:DA,-87,2.500,7.500
1785932314567,ANCHOR_06,52:06:26:03:01:DA,-104,2.500,7.500
1785932314786,ANCHOR_10,52:06:26:03:01:DA,-110,2.500,7.500
1785932314790,ANCHOR_08,52:06:26:03:01:DA,-99,2.500,7.500
1785932314959,ANCHOR_09,52:06:26:03:01:DA,-93,2.500,7.500
1785932315136,ANCHOR_07,52:06:26:03:01:DA,-108,2.500,7.500
1785932315693,ANCHOR_08,52:06:26:03:01:DA,-98,2.500,7.500
1785932316231,ANCHOR_01,52:06:26:03:01:DA,-96,2.500,7.500
1785932316748,ANCHOR_05,52:06:26:03:01:DA,-98,2.500,7.500
1785932316783,ANCHOR_11,52:06:26:03:01:DA,-102,2.500,7.500
1785932317211,ANCHOR_10,52:06:26:03:01:DA,-110,2.500,7.500
1785932317353,ANCHOR_01,52:06:26:03:01:DA,-97,2.500,7.500
1785932317443,ANCHOR_07,52:06:26:03:01:DA,-110,2.500,7.500
1785932317512,ANCHOR_08,52:06:26:03:01:DA,-99,2.500,7.500
1785932317522,ANCHOR_05,52:06:26:03:01:DA,-97,2.500,7.500
1785932317592,ANCHOR_01,52:06:26:03:01:DA,-97,2.500,7.500
1785932318222,ANCHOR_04,52:06:26:03:01:DA,-92,2.500,7.500
1785932318269,ANCHOR_02,52:06:26:03:01:DA,-90,2.500,7.500
1785932318362,ANCHOR_07,52:06:26:03:01:DA,-110,2.500,7.500
1785932318389,ANCHOR_03,52:06:26:03:01:DA,-87,2.500,7.500
1785932318445,ANCHOR_10,52:06:26:03:01:DA,-110,2.500,7.500
1785932318961,ANCHOR_12,52:06:26:03:01:DA,-105,2.500,7.500
1785932319121,ANCHOR_06,52:06:26:03:01:DA,-104,2.500,7.500
1785932319191,ANCHOR_12,52:06:26:03:01:DA,-104,2.500,7.500
1785932319244,ANCHOR_04,52:06:26:03:01:DA,-92,2.500,7.500
1785932319352,ANCHOR_03,52:06:26:03:01:DA,-87,2.500,7.500
1785932319854,ANCHOR_09,52:06:26:03:01:DA,-93,2.500,7.500
1785932320022,ANCHOR_02,52:06:26:03:01:DA,-90,2.500,7.500
1785932320434,ANCHOR_11,52:06:26:03:01:DA,-103,2.500,7.500
1785932320748,ANCHOR_10,52:06:26:03:01:DA,-109,2.500,7.500
1785932320849,ANCHOR_04,52:06:26:03:01:DA,-91,2.500,7.500
1785932320903,ANCHOR_09,52:06:26:03:01:DA,-93,2.500,7.500
1785932321043,ANCHOR_11,52:06:26:03:01:DA,-102,2.500,7.500
1785932322241,ANCHOR_07,52:06:26:03:01:DA,-109,2.500,7.500
1785932322251,ANCHOR_01,52:06:26:03:01:DA,-98,2.500,7.500
1785932322343,ANCHOR_03,52:06:26:03:01:DA,-87,2.500,7.500
1785932322543,ANCHOR_11,52:06:26:03:01:DA,-101,2.500,7.500
1785932322607,ANCHOR_03,52:06:26:03:01:DA,-87,2.500,7.500
1785932323052,ANCHOR_04,52:06:26:03:01:DA,-90,2.500,7.500
1785932323173,ANCHOR_11,52:06:26:03:01:DA,-103,2.500,7.500
1785932323177,ANCHOR_06,52:06:26:03:01:DA,-103,2.500,7.500
1785932323339,ANCHOR_07,52:06:26:03:01:DA,-109,2.500,7.500
1785932323931,ANCHOR_06,52:06:26:03:01:DA,-104,2.500,7.500
1785932323963,ANCHOR_04,52:06:26:03:01:DA,-90,2.500,7.500
1785932324196,ANCHOR_03,52:06:26:03:01:DA,-86,2.500,7.500
1785932324494,ANCHOR_02,52:06:26:03:01:DA,-90,2.500,7.500
1785932324557,ANCHOR_03,52:06:26:03:01:DA,-86,2.500,7.500
1785932324641,ANCHOR_12,52:06:26:03:01:DA,-105,2.500,7.500
1785932324810,ANCHOR_10,52:06:26:03:01:DA,-110,2.500,7.500
1785932325259,ANCHOR_04,52:06:26:03:01:DA,-92,2.500,7.500
1785932325759,ANCHOR_03,52:06:26:03:01:DA,-87,2.500,7.500
1785932325998,ANCHOR_07,52:06:26:03:01:DA,-109,2.500,7.500
1785932326038,ANCHOR_08,52:06:26:03:01:DA,-99,2.500,7.500
1785932326199,ANCHOR_09,52:06:26:03:01:DA,-94,2.500,7.500
1785932326396,ANCHOR_01,52:06:26:03:01:DA,-97,2.500,7.500
1785932326451,ANCHOR_11,52:06:26:03:01:DA,-103,2.500,7.500
1785932326555,ANCHOR_05,52:06:26:03:01:DA,-98,2.500,7.500
1785932326636,ANCHOR_06,52:06:26:03:01:DA,-104,2.500,7.500
1785932326785,ANCHOR_10,52:06:26:03:01:DA,-110,2.500,7.500
1785932326781,ANCHOR_01,52:06:26:03:01:DA,-97,2.500,7.500
1785932326904,ANCHOR_06,52:06:26:03:01:DA,-104,2.500,7.500
1785932326939,ANCHOR_03,52:06:26:03:01:DA,-87,2.500,7.500
1785932326977,ANCHOR_02,52:06:26:03:01:DA,-90,2.500,7.500
1785932327172,ANCHOR_10,52:06:26:03:01:DA,-110,2.500,7.500
1785932327397,ANCHOR_08,52:06:26:03:01:DA,-98,2.500,7.500
1785932327669,ANCHOR_02,52:06:26:03:01:DA,-90,2.500,7.500
1785932327672,ANCHOR_02,52:06:26:03:01:DA,-90,2.500,7.500
1785932327962,ANCHOR_12,52:06:26:03:01:DA,-105,2.500,7.500
1785932328083,ANCHOR_07,52:06:26:03:01:DA,-109,2.500,7.500
1785932328205,ANCHOR_04,52:06:26:03:01:DA,-91,2.500,7.500
1785932328203,ANCHOR_08,52:06:26:03:01:DA,-99,2.500,7.500
1785932328268,ANCHOR_11,52:06:26:03:01:DA,-102,2.500,7.500
1785932328358,ANCHOR_05,52:06:26:03:01:DA,-99,2.500,7.500
1785932328527,ANCHOR_01,52:06:26:03:01:DA,-97,2.500,7.500
1785932328687,ANCHOR_12,52:06:26:03:01:DA,-105,2.500,7.500
1785932329034,ANCHOR_10,52:06:26:03:01:DA,-110,2.500,7.500
1785932329108,ANCHOR_09,52:06:26:03:01:DA,-93,2.500,7.500
1785932329130,ANCHOR_12,52:06:26:03:01:DA,-105,2.500,7.500
1785932329212,ANCHOR_07,52:06:26:03:01:DA,-110,2.500,7.500
1785932329263,ANCHOR_09,52:06:26:03:01:DA,-93,2.500,7.500
1785932329332,ANCHOR_06,52:06:26:03:01:DA,-105,2.500,7.500
1785932329616,ANCHOR_02,52:06:26:03:01:DA,-90,2.500,7.500
1785932329617,ANCHOR_01,52:06:26:03:01:DA,-97,2.500,7.500
1785932329927,ANCHOR_10,52:06:26:03:01:DA,-110,2.500,7.500
1785932330221,ANCHOR_12,52:06:26:03:01:DA,-105,2.500,7.500
1785932330425,ANCHOR_06,52:06:26:03:01:DA,-105,2.500,7.500
1785932330607,ANCHOR_05,52:06:26:03:01:DA,-98,2.500,7.500
1785932331321,ANCHOR_03,52:06:26:03:01:DA,-87,2.500,7.500
1785932331369,ANCHOR_08,52:06:26:03:01:DA,-99,2.500,7.500
1785932331537,ANCHOR_08,52:06:26:03:01:DA,-99,2.500,7.500
1785932331539,ANCHOR_04,52:06:26:03:01:DA,-92,2.500,7.500
1785932331840,ANCHOR_01,52:06:26:03:01:DA,-96,2.500,7.500
1785932331975,ANCHOR_11,52:06:26:03:01:DA,-102,2.500,7.500
1785932332170,ANCHOR_04,52:06:26:03:01:DA,-91,2.500,7.500
1785932332471,ANCHOR_07,52:06:26:03:01:DA,-109,2.500,7.500
1785932333545,ANCHOR_09,52:06:26:03:01:DA,-93,2.500,7.500
1785932333591,ANCHOR_05,52:06:26:03:01:DA,-99,2.500,7.500
1785932333652,ANCHOR_11,52:06:26:03:01:DA,-102,2.500,7.500
1785932333728,ANCHOR_04,52:06:26:03:01:DA,-91,2.500,7.500
1785932333764,ANCHOR_09,52:06:26:03:01:DA,-93,2.500,7.500
1785932334251,ANCHOR_03,52:06:26:03:01:DA,-87,2.500,7.500
1785932334291,ANCHOR_07,52:06:26:03:01:DA,-110,2.500,7.500
1785932334365,ANCHOR_11,52:06:26:03:01:DA,-102,2.500,7.500
1785932334454,ANCHOR_05,52:06:26:03:01:DA,-98,2.500,7.500
1785932334642,ANCHOR_07,52:06:26:03:01:DA,-109,2.500,7.500
1785932335029,ANCHOR_06,52:06:26:03:01:DA,-104,2.500,7.500
1785932336221,ANCHOR_08,52:06:26:03:01:DA,-99,2.500,7.500
1785932336815,ANCHOR_01,52:06:26:03:01:DA,-96,2.500,7.500
1785932337074,ANCHOR_12,52:06:26:03:01:DA,-105,2.500,7.500
1785932337592,ANCHOR_10,52:06:26:03:01:DA,-110,2.500,7.500
1785932337675,ANCHOR_02,52:06:26:03:01:DA,-89,2.500,7.500
1785932337834,ANCHOR_12,52:06:26:03:01:DA,-105,2.500,7.500
1785932338234,ANCHOR_03,52:06:26:03:01:DA,-87,2.500,7.500
1785932338427,ANCHOR_05,52:06:26:03:01:DA,-99,2.500,7.500
1785932338961,ANCHOR_04,52:06:26:03:01:DA,-92,2.500,7.500
1785932339535,ANCHOR_09,52:06:26:03:01:DA,-94,2.500,7.500
1785932339560,ANCHOR_07,52:06:26:03:01:DA,-109,2.500,7.500
1785932339779,ANCHOR_06,52:06:26:03:01:DA,-103,2.500,7.500
1785932339930,ANCHOR_01,52:06:26:03:01:DA,-96,2.500,7.500
1785932340084,ANCHOR_02,52:06:26:03:01:DA,-89,2.500,7.500
1785932340347,ANCHOR_08,52:06:26:03:01:DA,-99,2.500,7.500
1785932340509,ANCHOR_09,52:06:26:03:01:DA,-94,2.500,7.500
1785932340664,ANCHOR_09,52:06:26:03:01:DA,-93,2.500,7.500
1785932340707,ANCHOR_07,52:06:26:03:01:DA,-109,2.500,7.500
1785932340746,ANCHOR_04,52:06:26:03:01:DA,-90,2.500,7.500
1785932341289,ANCHOR_03,52:06:26:03:01:DA,-87,2.500,7.500
1785932341291,ANCHOR_12,52:06:26:03:01:DA,-105,2.500,7.500
1785932341427,ANCHOR_10,52:06:26:03:01:DA,-110,2.500,7.500
1785932341500,ANCHOR_01,52:06:26:03:01:DA,-96,2.500,7.500
1785932341790,ANCHOR_01,52:06:26:03:01:DA,-97,2.500,7.500
1785932341982,ANCHOR_09,52:06:26:03:01:DA,-94,2.500,7.500
1785932342014,ANCHOR_02,52:06:26:03:01:DA,-97,2.500,7.500
1785932342899,ANCHOR_06,52:06:26:03:01:DA,-105,2.500,7.500
1785932343063,ANCHOR_01,52:06:26:03:01:DA,-96,2.500,7.500
1785932343673,ANCHOR_05,52:06:26:03:01:DA,-99,2.500,7.500
1785932343734,ANCHOR_02,52:06:26:03:01:DA,-90,2.500,7.500
1785932343998,ANCHOR_08,52:06:26:03:01:DA,-98,2.500,7.500
1785932344295,ANCHOR_05,52:06:26:03:01:DA,-100,2.500,7.500
1785932344633,ANCHOR_08,52:06:26:03:01:DA,-99,2.500,7.500
1785932344866,ANCHOR_03,52:06:26:03:01:DA,-85,2.500,7.500
1785932345170,ANCHOR_06,52:06:26:03:01:DA,-105,2.500,7.500
1785932345268,ANCHOR_04,52:06:26:03:01:DA,-91,2.500,7.500
1785932345376,ANCHOR_12,52:06:26:03:01:DA,-106,2.500,7.500
1785932345644,ANCHOR_11,52:06:26:03:01:DA,-102,2.500,7.500
1785932345692,ANCHOR_04,52:06:26:03:01:DA,-97,2.500,7.500
1785932345813,ANCHOR_02,52:06:26:03:01:DA,-96,2.500,7.500
1785932346218,ANCHOR_05,52:06:26:03:01:DA,-100,2.500,7.500
1785932350334,ANCHOR_05,52:06:26:03:01:DA,-99,2.500,7.500
1785932350600,ANCHOR_01,52:06:26:03:01:DA,-97,2.500,7.500
1785932351691,ANCHOR_07,52:06:26:03:01:DA,-109,2.500,7.500
1785932351935,ANCHOR_05,52:06:26:03:01:DA,-99,2.500,7.500
1785932353033,ANCHOR_04,52:06:26:03:01:DA,-98,2.500,7.500
1785932353741,ANCHOR_11,52:06:26:03:01:DA,-110,2.500,7.500
1785932353830,ANCHOR_10,52:06:26:03:01:DA,-110,2.500,7.500
1785932354072,ANCHOR_04,52:06:26:03:01:DA,-97,2.500,7.500
1785932354224,ANCHOR_12,52:06:26:03:01:DA,-106,2.500,7.500
1785932354359,ANCHOR_10,52:06:26:03:01:DA,-110,2.500,7.500
1785932354428,ANCHOR_09,52:06:26:03:01:DA,-94,2.500,7.500
1785932354666,ANCHOR_07,52:06:26:03:01:DA,-109,2.500,7.500
1785932355293,ANCHOR_03,52:06:26:03:01:DA,-87,2.500,7.500
1785932355613,ANCHOR_06,52:06:26:03:01:DA,-104,2.500,7.500
1785932355855,ANCHOR_11,52:06:26:03:01:DA,-110,2.500,7.500
1785932355896,ANCHOR_02,52:06:26:03:01:DA,-96,2.500,7.500
1785932356135,ANCHOR_08,52:06:26:03:01:DA,-99,2.500,7.500
1785932356238,ANCHOR_12,52:06:26:03:01:DA,-105,2.500,7.500
1785932356243,ANCHOR_10,52:06:26:03:01:DA,-110,2.500,7.500
1785932356445,ANCHOR_07,52:06:26:03:01:DA,-109,2.500,7.500
1785932356703,ANCHOR_01,52:06:26:03:01:DA,-97,2.500,7.500
1785932357021,ANCHOR_04,52:06:26:03:01:DA,-91,2.500,7.500
1785932357351,ANCHOR_12,52:06:26:03:01:DA,-106,2.500,7.500
1785932357696,ANCHOR_06,52:06:26:03:01:DA,-105,2.500,7.500
1785932357824,ANCHOR_02,52:06:26:03:01:DA,-97,2.500,7.500
1785932357839,ANCHOR_11,52:06:26:03:01:DA,-110,2.500,7.500
1785932357887,ANCHOR_05,52:06:26:03:01:DA,-99,2.500,7.500
1785932357976,ANCHOR_08,52:06:26:03:01:DA,-100,2.500,7.500
1785932357981,ANCHOR_09,52:06:26:03:01:DA,-93,2.500,7.500
1785932358062,ANCHOR_12,52:06:26:03:01:DA,-105,2.500,7.500
1785932358305,ANCHOR_11,52:06:26:03:01:DA,-110,2.500,7.500
1785932358517,ANCHOR_04,52:06:26:03:01:DA,-99,2.500,7.500
1785932358605,ANCHOR_03,52:06:26:03:01:DA,-86,2.500,7.500
1785932358941,ANCHOR_05,52:06:26:03:01:DA,-99,2.500,7.500
1785932359325,ANCHOR_10,52:06:26:03:01:DA,-99,2.500,7.500
1785932359395,ANCHOR_05,52:06:26:03:01:DA,-99,2.500,7.500
1785932359753,ANCHOR_02,52:06:26:03:01:DA,-97,2.500,7.500
1785932359778,ANCHOR_07,52:06:26:03:01:DA,-110,2.500,7.500
1785932359982,ANCHOR_01,52:06:26:03:01:DA,-96,2.500,7.500
1785932360662,ANCHOR_06,52:06:26:03:01:DA,-105,2.500,7.500
1785932361270,ANCHOR_09,52:06:26:03:01:DA,-93,2.500,7.500
1785932361345,ANCHOR_11,52:06:26:03:01:DA,-110,2.500,7.500
1785932361425,ANCHOR_09,52:06:26:03:01:DA,-93,2.500,7.500
1785932361538,ANCHOR_08,52:06:26:03:01:DA,-99,2.500,7.500
1785932361638,ANCHOR_04,52:06:26:03:01:DA,-97,2.500,7.500
1785932361706,ANCHOR_12,52:06:26:03:01:DA,-105,2.500,7.500
1785932362361,ANCHOR_03,52:06:26:03:01:DA,-86,2.500,7.500
1785932362511,ANCHOR_01,52:06:26:03:01:DA,-96,2.500,7.500
1785932362607,ANCHOR_07,52:06:26:03:01:DA,-109,2.500,7.500
1785932362901,ANCHOR_10,52:06:26:03:01:DA,-99,2.500,7.500
1785932363107,ANCHOR_05,52:06:26:03:01:DA,-99,2.500,7.500
1785932363151,ANCHOR_04,52:06:26:03:01:DA,-97,2.500,7.500
1785932363234,ANCHOR_02,52:06:26:03:01:DA,-96,2.500,7.500
1785932364231,ANCHOR_06,52:06:26:03:01:DA,-105,2.500,7.500
1785932364691,ANCHOR_11,52:06:26:03:01:DA,-110,2.500,7.500
1785932365172,ANCHOR_09,52:06:26:03:01:DA,-89,2.500,7.500
1785932365274,ANCHOR_08,52:06:26:03:01:DA,-99,2.500,7.500
1785932365612,ANCHOR_12,52:06:26:03:01:DA,-105,2.500,7.500
1785932366670,ANCHOR_04,52:06:26:03:01:DA,-90,2.500,7.500
1785932367140,ANCHOR_03,52:06:26:03:01:DA,-85,2.500,7.500
1785932367222,ANCHOR_01,52:06:26:03:01:DA,-96,2.500,7.500
1785932367300,ANCHOR_07,52:06:26:03:01:DA,-110,2.500,7.500
1785932367478,ANCHOR_05,52:06:26:03:01:DA,-98,2.500,7.500
1785932367642,ANCHOR_10,52:06:26:03:01:DA,-110,2.500,7.500
1785932367710,ANCHOR_02,52:06:26:03:01:DA,-96,2.500,7.500
1785932368655,ANCHOR_04,52:06:26:03:01:DA,-91,2.500,7.500
1785932368702,ANCHOR_06,52:06:26:03:01:DA,-105,2.500,7.500
1785932368742,ANCHOR_08,52:06:26:03:01:DA,-99,2.500,7.500
1785932368758,ANCHOR_03,52:06:26:03:01:DA,-86,2.500,7.500
1785932368907,ANCHOR_11,52:06:26:03:01:DA,-110,2.500,7.500
1785932369181,ANCHOR_06,52:06:26:03:01:DA,-105,2.500,7.500
1785932369186,ANCHOR_04,52:06:26:03:01:DA,-99,2.500,7.500
1785932369411,ANCHOR_12,52:06:26:03:01:DA,-106,2.500,7.500
1785932369501,ANCHOR_01,52:06:26:03:01:DA,-96,2.500,7.500
1785932369591,ANCHOR_05,52:06:26:03:01:DA,-99,2.500,7.500
1785932369676,ANCHOR_09,52:06:26:03:01:DA,-94,2.500,7.500
1785932369829,ANCHOR_02,52:06:26:03:01:DA,-96,2.500,7.500
1785932370431,ANCHOR_07,52:06:26:03:01:DA,-110,2.500,7.500
1785932370528,ANCHOR_04,52:06:26:03:01:DA,-98,2.500,7.500
1785932370860,ANCHOR_06,52:06:26:03:01:DA,-104,2.500,7.500
1785932371269,ANCHOR_02,52:06:26:03:01:DA,-91,2.500,7.500
1785932371306,ANCHOR_10,52:06:26:03:01:DA,-110,2.500,7.500
1785932371405,ANCHOR_03,52:06:26:03:01:DA,-86,2.500,7.500
1785932372780,ANCHOR_06,52:06:26:03:01:DA,-104,2.500,7.500
1785932373623,ANCHOR_11,52:06:26:03:01:DA,-110,2.500,7.500
1785932373726,ANCHOR_12,52:06:26:03:01:DA,-105,2.500,7.500
1785932373732,ANCHOR_04,52:06:26:03:01:DA,-98,2.500,7.500
1785932373957,ANCHOR_09,52:06:26:03:01:DA,-94,2.500,7.500
1785932373966,ANCHOR_03,52:06:26:03:01:DA,-87,2.500,7.500
1785932374193,ANCHOR_05,52:06:26:03:01:DA,-99,2.500,7.500
1785932374250,ANCHOR_01,52:06:26:03:01:DA,-97,2.500,7.500
1785932374305,ANCHOR_10,52:06:26:03:01:DA,-99,2.500,7.500
1785932374350,ANCHOR_12,52:06:26:03:01:DA,-105,2.500,7.500
1785932374762,ANCHOR_09,52:06:26:03:01:DA,-93,2.500,7.500
1785932374771,ANCHOR_08,52:06:26:03:01:DA,-98,2.500,7.500
1785932374987,ANCHOR_07,52:06:26:03:01:DA,-109,2.500,7.500
1785932375052,ANCHOR_09,52:06:26:03:01:DA,-93,2.500,7.500
1785932375210,ANCHOR_04,52:06:26:03:01:DA,-98,2.500,7.500
1785932375246,ANCHOR_03,52:06:26:03:01:DA,-87,2.500,7.500
1785932375685,ANCHOR_06,52:06:26:03:01:DA,-105,2.500,7.500
1785932376031,ANCHOR_01,52:06:26:03:01:DA,-97,2.500,7.500
1785932376100,ANCHOR_11,52:06:26:03:01:DA,-110,2.500,7.500
1785932376202,ANCHOR_10,52:06:26:03:01:DA,-109,2.500,7.500
1785932376240,ANCHOR_07,52:06:26:03:01:DA,-109,2.500,7.500
1785932376299,ANCHOR_05,52:06:26:03:01:DA,-99,2.500,7.500
1785932376342,ANCHOR_01,52:06:26:03:01:DA,-96,2.500,7.500
1785932376486,ANCHOR_08,52:06:26:03:01:DA,-99,2.500,7.500
1785932376570,ANCHOR_05,52:06:26:03:01:DA,-99,2.500,7.500
1785932376634,ANCHOR_11,52:06:26:03:01:DA,-110,2.500,7.500
1785932376789,ANCHOR_04,52:06:26:03:01:DA,-96,2.500,7.500
1785932376815,ANCHOR_10,52:06:26:03:01:DA,-100,2.500,7.500
1785932376871,ANCHOR_02,52:06:26:03:01:DA,-97,2.500,7.500
1785932376992,ANCHOR_11,52:06:26:03:01:DA,-110,2.500,7.500
1785932377009,ANCHOR_08,52:06:26:03:01:DA,-99,2.500,7.500
1785932377105,ANCHOR_06,52:06:26:03:01:DA,-105,2.500,7.500
1785932377539,ANCHOR_03,52:06:26:03:01:DA,-88,2.500,7.500
1785932377580,ANCHOR_09,52:06:26:03:01:DA,-88,2.500,7.500
1785932378409,ANCHOR_07,52:06:26:03:01:DA,-109,2.500,7.500
1785932378581,ANCHOR_01,52:06:26:03:01:DA,-97,2.500,7.500
1785932378691,ANCHOR_05,52:06:26:03:01:DA,-98,2.500,7.500
1785932379496,ANCHOR_06,52:06:26:03:01:DA,-104,2.500,7.500
1785932380198,ANCHOR_10,52:06:26:03:01:DA,-110,2.500,7.500
1785932380551,ANCHOR_02,52:06:26:03:01:DA,-96,2.500,7.500
1785932380634,ANCHOR_09,52:06:26:03:01:DA,-93,2.500,7.500
1785932380636,ANCHOR_11,52:06:26:03:01:DA,-110,2.500,7.500
1785932380716,ANCHOR_08,52:06:26:03:01:DA,-99,2.500,7.500
1785932380794,ANCHOR_01,52:06:26:03:01:DA,-97,2.500,7.500
1785932381171,ANCHOR_04,52:06:26:03:01:DA,-90,2.500,7.500
1785932381962,ANCHOR_09,52:06:26:03:01:DA,-93,2.500,7.500
1785932382421,ANCHOR_04,52:06:26:03:01:DA,-97,2.500,7.500
1785932382515,ANCHOR_05,52:06:26:03:01:DA,-99,2.500,7.500
1785932382873,ANCHOR_07,52:06:26:03:01:DA,-109,2.500,7.500
1785932383631,ANCHOR_01,52:06:26:03:01:DA,-96,2.500,7.500
1785932385280,ANCHOR_04,52:06:26:03:01:DA,-91,2.500,7.500
1785932385742,ANCHOR_04,52:06:26:03:01:DA,-97,2.500,7.500
1785932385834,ANCHOR_03,52:06:26:03:01:DA,-87,2.500,7.500
1785932386004,ANCHOR_12,52:06:26:03:01:DA,-105,2.500,7.500
1785932386059,ANCHOR_03,52:06:26:03:01:DA,-88,2.500,7.500
1785932386278,ANCHOR_01,52:06:26:03:01:DA,-96,2.500,7.500
1785932386577,ANCHOR_01,52:06:26:03:01:DA,-96,2.500,7.500
1785932386895,ANCHOR_07,52:06:26:03:01:DA,-110,2.500,7.500
1785932387359,ANCHOR_01,52:06:26:03:01:DA,-96,2.500,7.500
1785932387453,ANCHOR_06,52:06:26:03:01:DA,-104,2.500,7.500
1785932387563,ANCHOR_09,52:06:26:03:01:DA,-93,2.500,7.500
1785932387679,ANCHOR_12,52:06:26:03:01:DA,-105,2.500,7.500
1785932387724,ANCHOR_10,52:06:26:03:01:DA,-110,2.500,7.500
1785932388396,ANCHOR_09,52:06:26:03:01:DA,-94,2.500,7.500
1785932388862,ANCHOR_02,52:06:26:03:01:DA,-96,2.500,7.500
1785932389238,ANCHOR_09,52:06:26:03:01:DA,-94,2.500,7.500
1785932389198,ANCHOR_03,52:06:26:03:01:DA,-86,2.500,7.500
1785932389272,ANCHOR_02,52:06:26:03:01:DA,-96,2.500,7.500
1785932389663,ANCHOR_05,52:06:26:03:01:DA,-99,2.500,7.500
1785932390508,ANCHOR_11,52:06:26:03:01:DA,-110,2.500,7.500
1785932390512,ANCHOR_04,52:06:26:03:01:DA,-99,2.500,7.500
1785932390543,ANCHOR_07,52:06:26:03:01:DA,-110,2.500,7.500
1785932390615,ANCHOR_08,52:06:26:03:01:DA,-98,2.500,7.500
1785932390739,ANCHOR_05,52:06:26:03:01:DA,-98,2.500,7.500
1785932390882,ANCHOR_06,52:06:26:03:01:DA,-105,2.500,7.500
1785932390899,ANCHOR_11,52:06:26:03:01:DA,-103,2.500,7.500
1785932391071,ANCHOR_02,52:06:26:03:01:DA,-90,2.500,7.500
1785932391173,ANCHOR_02,52:06:26:03:01:DA,-90,2.500,7.500
1785932391229,ANCHOR_08,52:06:26:03:01:DA,-99,2.500,7.500
1785932391356,ANCHOR_09,52:06:26:03:01:DA,-93,2.500,7.500
1785932391426,ANCHOR_05,52:06:26:03:01:DA,-98,2.500,7.500
1785932391430,ANCHOR_03,52:06:26:03:01:DA,-88,2.500,7.500
1785932391539,ANCHOR_05,52:06:26:03:01:DA,-99,2.500,7.500
1785932391527,ANCHOR_02,52:06:26:03:01:DA,-96,2.500,7.500
1785932391751,ANCHOR_11,52:06:26:03:01:DA,-110,2.500,7.500
1785932391908,ANCHOR_08,52:06:26:03:01:DA,-98,2.500,7.500
1785932391961,ANCHOR_12,52:06:26:03:01:DA,-105,2.500,7.500
1785932392085,ANCHOR_08,52:06:26:03:01:DA,-100,2.500,7.500
1785932392280,ANCHOR_12,52:06:26:03:01:DA,-105,2.500,7.500
1785932392502,ANCHOR_10,52:06:26:03:01:DA,-110,2.500,7.500
1785932393176,ANCHOR_06,52:06:26:03:01:DA,-105,2.500,7.500
1785932393358,ANCHOR_04,52:06:26:03:01:DA,-98,2.500,7.500
1785932393437,ANCHOR_06,52:06:26:03:01:DA,-104,2.500,7.500
1785932393493,ANCHOR_07,52:06:26:03:01:DA,-110,2.500,7.500
1785932393545,ANCHOR_12,52:06:26:03:01:DA,-104,2.500,7.500
1785932393593,ANCHOR_11,52:06:26:03:01:DA,-110,2.500,7.500
1785932393741,ANCHOR_01,52:06:26:03:01:DA,-96,2.500,7.500
1785932393847,ANCHOR_07,52:06:26:03:01:DA,-109,2.500,7.500
1785932394208,ANCHOR_10,52:06:26:03:01:DA,-110,2.500,7.500
1785932394219,ANCHOR_03,52:06:26:03:01:DA,-87,2.500,7.500
1785932394513,ANCHOR_12,52:06:26:03:01:DA,-97,2.500,7.500
1785932394616,ANCHOR_03,52:06:26:03:01:DA,-87,2.500,7.500
1785932394660,ANCHOR_07,52:06:26:03:01:DA,-110,2.500,7.500
1785932394882,ANCHOR_09,52:06:26:03:01:DA,-93,2.500,7.500
1785932395082,ANCHOR_02,52:06:26:03:01:DA,-97,2.500,7.500
1785932395136,ANCHOR_03,52:06:26:03:01:DA,-87,2.500,7.500
1785932395216,ANCHOR_09,52:06:26:03:01:DA,-94,2.500,7.500
1785932395476,ANCHOR_08,52:06:26:03:01:DA,-99,2.500,7.500
1785932396362,ANCHOR_04,52:06:26:03:01:DA,-97,2.500,7.500
1785932397091,ANCHOR_10,52:06:26:03:01:DA,-110,2.500,7.500
1785932397838,ANCHOR_10,52:06:26:03:01:DA,-109,2.500,7.500
1785932397978,ANCHOR_01,52:06:26:03:01:DA,-96,2.500,7.500
1785932398036,ANCHOR_04,52:06:26:03:01:DA,-97,2.500,7.500
1785932398392,ANCHOR_06,52:06:26:03:01:DA,-104,2.500,7.500
1785932398621,ANCHOR_05,52:06:26:03:01:DA,-99,2.500,7.500
1785932398704,ANCHOR_02,52:06:26:03:01:DA,-96,2.500,7.500
1785932398717,ANCHOR_12,52:06:26:03:01:DA,-105,2.500,7.500
1785932398986,ANCHOR_05,52:06:26:03:01:DA,-99,2.500,7.500
1785932399194,ANCHOR_07,52:06:26:03:01:DA,-110,2.500,7.500
1785932399642,ANCHOR_01,52:06:26:03:01:DA,-96,2.500,7.500
1785932399703,ANCHOR_11,52:06:26:03:01:DA,-110,2.500,7.500
1785932399783,ANCHOR_01,52:06:26:03:01:DA,-96,2.500,7.500
1785932400197,ANCHOR_07,52:06:26:03:01:DA,-110,2.500,7.500
1785932400279,ANCHOR_12,52:06:26:03:01:DA,-105,2.500,7.500
1785932400306,ANCHOR_11,52:06:26:03:01:DA,-110,2.500,7.500
1785932400321,ANCHOR_09,52:06:26:03:01:DA,-93,2.500,7.500
1785932400484,ANCHOR_06,52:06:26:03:01:DA,-104,2.500,7.500
1785932400676,ANCHOR_03,52:06:26:03:01:DA,-87,2.500,7.500
1785932401433,ANCHOR_02,52:06:26:03:01:DA,-96,2.500,7.500
1785932402199,ANCHOR_05,52:06:26:03:01:DA,-99,2.500,7.500
1785932402243,ANCHOR_07,52:06:26:03:01:DA,-109,2.500,7.500
1785932402727,ANCHOR_09,52:06:26:03:01:DA,-94,2.500,7.500
1785932403930,ANCHOR_11,52:06:26:03:01:DA,-110,2.500,7.500
1785932403974,ANCHOR_01,52:06:26:03:01:DA,-97,2.500,7.500
1785932404044,ANCHOR_09,52:06:26:03:01:DA,-94,2.500,7.500
1785932404084,ANCHOR_08,52:06:26:03:01:DA,-99,2.500,7.500
1785932404172,ANCHOR_06,52:06:26:03:01:DA,-104,2.500,7.500
1785932404227,ANCHOR_11,52:06:26:03:01:DA,-110,2.500,7.500
1785932404267,ANCHOR_03,52:06:26:03:01:DA,-87,2.500,7.500
1785932404429,ANCHOR_04,52:06:26:03:01:DA,-98,2.500,7.500
1785932404461,ANCHOR_05,52:06:26:03:01:DA,-99,2.500,7.500
1785932405092,ANCHOR_01,52:06:26:03:01:DA,-97,2.500,7.500
1785932406563,ANCHOR_03,52:06:26:03:01:DA,-86,2.500,7.500
1785932406835,ANCHOR_07,52:06:26:03:01:DA,-110,2.500,7.500
1785932407084,ANCHOR_12,52:06:26:03:01:DA,-105,2.500,7.500
1785932407249,ANCHOR_06,52:06:26:03:01:DA,-104,2.500,7.500
1785932407299,ANCHOR_10,52:06:26:03:01:DA,-110,2.500,7.500
1785932407620,ANCHOR_07,52:06:26:03:01:DA,-110,2.500,7.500
1785932408015,ANCHOR_12,52:06:26:03:01:DA,-104,2.500,7.500
1785932408173,ANCHOR_02,52:06:26:03:01:DA,-96,2.500,7.500
1785932408215,ANCHOR_09,52:06:26:03:01:DA,-93,2.500,7.500
1785932408269,ANCHOR_08,52:06:26:03:01:DA,-99,2.500,7.500
1785932408440,ANCHOR_01,52:06:26:03:01:DA,-96,2.500,7.500
1785932408676,ANCHOR_11,52:06:26:03:01:DA,-110,2.500,7.500
1785932408681,ANCHOR_03,52:06:26:03:01:DA,-87,2.500,7.500
1785932408841,ANCHOR_09,52:06:26:03:01:DA,-93,2.500,7.500
1785932408996,ANCHOR_11,52:06:26:03:01:DA,-102,2.500,7.500
1785932410335,ANCHOR_06,52:06:26:03:01:DA,-105,2.500,7.500
1785932410446,ANCHOR_11,52:06:26:03:01:DA,-110,2.500,7.500
1785932410463,ANCHOR_08,52:06:26:03:01:DA,-99,2.500,7.500
1785932410711,ANCHOR_04,52:06:26:03:01:DA,-98,2.500,7.500
1785932410848,ANCHOR_04,52:06:26:03:01:DA,-92,2.500,7.500
1785932411243,ANCHOR_08,52:06:26:03:01:DA,-98,2.500,7.500
1785932411421,ANCHOR_10,52:06:26:03:01:DA,-109,2.500,7.500
1785932411503,ANCHOR_06,52:06:26:03:01:DA,-104,2.500,7.500
1785932412332,ANCHOR_09,52:06:26:03:01:DA,-93,2.500,7.500
1785932412986,ANCHOR_10,52:06:26:03:01:DA,-110,2.500,7.500
1785932413368,ANCHOR_02,52:06:26:03:01:DA,-91,2.500,7.500
1785932413934,ANCHOR_03,52:06:26:03:01:DA,-87,2.500,7.500
1785932413929,ANCHOR_02,52:06:26:03:01:DA,-95,2.500,7.500
1785932414676,ANCHOR_03,52:06:26:03:01:DA,-87,2.500,7.500
1785932414733,ANCHOR_05,52:06:26:03:01:DA,-99,2.500,7.500
1785932414897,ANCHOR_01,52:06:26:03:01:DA,-97,2.500,7.500
1785932415324,ANCHOR_07,52:06:26:03:01:DA,-110,2.500,7.500
1785932415562,ANCHOR_09,52:06:26:03:01:DA,-94,2.500,7.500
1785932415594,ANCHOR_10,52:06:26:03:01:DA,-110,2.500,7.500
1785932415725,ANCHOR_11,52:06:26:03:01:DA,-110,2.500,7.500
1785932415918,ANCHOR_12,52:06:26:03:01:DA,-105,2.500,7.500
1785932416335,ANCHOR_08,52:06:26:03:01:DA,-99,2.500,7.500
1785932416378,ANCHOR_01,52:06:26:03:01:DA,-96,2.500,7.500
1785932416650,ANCHOR_04,52:06:26:03:01:DA,-97,2.500,7.500
1785932416748,ANCHOR_06,52:06:26:03:01:DA,-104,2.500,7.500
1785932417694,ANCHOR_12,52:06:26:03:01:DA,-105,2.500,7.500
1785932418014,ANCHOR_07,52:06:26:03:01:DA,-110,2.500,7.500
1785932418095,ANCHOR_02,52:06:26:03:01:DA,-90,2.500,7.500
1785932418490,ANCHOR_06,52:06:26:03:01:DA,-104,2.500,7.500
1785932418896,ANCHOR_02,52:06:26:03:01:DA,-91,2.500,7.500
1785932418956,ANCHOR_10,52:06:26:03:01:DA,-110,2.500,7.500
1785932419364,ANCHOR_10,52:06:26:03:01:DA,-110,2.500,7.500
1785932419677,ANCHOR_11,52:06:26:03:01:DA,-103,2.500,7.500
1785932420179,ANCHOR_03,52:06:26:03:01:DA,-86,2.500,7.500
1785932420206,ANCHOR_04,52:06:26:03:01:DA,-91,2.500,7.500
1785932420421,ANCHOR_09,52:06:26:03:01:DA,-94,2.500,7.500
1785932421406,ANCHOR_08,52:06:26:03:01:DA,-99,2.500,7.500
1785932422594,ANCHOR_12,52:06:26:03:01:DA,-105,2.500,7.500
1785932422623,ANCHOR_06,52:06:26:03:01:DA,-104,2.500,7.500
1785932422719,ANCHOR_07,52:06:26:03:01:DA,-110,2.500,7.500
1785932422886,ANCHOR_02,52:06:26:03:01:DA,-90,2.500,7.500
1785932423374,ANCHOR_08,52:06:26:03:01:DA,-100,2.397,7.765
1785932423560,ANCHOR_02,52:06:26:03:01:DA,-91,2.397,7.765
1785932424077,ANCHOR_09,52:06:26:03:01:DA,-93,2.500,7.500
1785932424552,ANCHOR_01,52:06:26:03:01:DA,-98,2.500,7.500
1785932425652,ANCHOR_10,52:06:26:03:01:DA,-110,2.500,7.500
1785932426135,ANCHOR_08,52:06:26:03:01:DA,-99,2.500,7.500
1785932426162,ANCHOR_07,52:06:26:03:01:DA,-109,2.500,7.500
1785932426307,ANCHOR_04,52:06:26:03:01:DA,-91,2.500,7.500
1785932426393,ANCHOR_03,52:06:26:03:01:DA,-87,2.500,7.500
1785932426493,ANCHOR_11,52:06:26:03:01:DA,-102,2.500,7.500
1785932426532,ANCHOR_08,52:06:26:03:01:DA,-99,2.500,7.500
1785932426765,ANCHOR_01,52:06:26:03:01:DA,-97,2.500,7.500
1785932426785,ANCHOR_05,52:06:26:03:01:DA,-99,2.500,7.500
1785932426965,ANCHOR_06,52:06:26:03:01:DA,-104,2.500,7.500
1785932428057,ANCHOR_05,52:06:26:03:01:DA,-100,2.500,7.500
1785932428196,ANCHOR_04,52:06:26:03:01:DA,-91,2.500,7.500
1785932428686,ANCHOR_11,52:06:26:03:01:DA,-102,2.500,7.500
1785932428713,ANCHOR_05,52:06:26:03:01:DA,-99,2.500,7.500
1785932428898,ANCHOR_06,52:06:26:03:01:DA,-105,2.500,7.500
1785932429035,ANCHOR_03,52:06:26:03:01:DA,-86,2.500,7.500
1785932429048,ANCHOR_02,52:06:26:03:01:DA,-90,2.500,7.500
1785932430064,ANCHOR_03,52:06:26:03:01:DA,-87,2.500,7.500
1785932430137,ANCHOR_02,52:06:26:03:01:DA,-91,2.500,7.500
1785932430432,ANCHOR_01,52:06:26:03:01:DA,-96,2.500,7.500
1785932430610,ANCHOR_11,52:06:26:03:01:DA,-102,2.500,7.500
1785932430610,ANCHOR_07,52:06:26:03:01:DA,-109,2.500,7.500
1785932430877,ANCHOR_12,52:06:26:03:01:DA,-106,2.500,7.500
1785932430949,ANCHOR_05,52:06:26:03:01:DA,-99,2.500,7.500
1785932431373,ANCHOR_07,52:06:26:03:01:DA,-110,2.500,7.500
1785932431927,ANCHOR_08,52:06:26:03:01:DA,-100,2.500,7.500
1785932431979,ANCHOR_09,52:06:26:03:01:DA,-94,2.500,7.500
1785932432033,ANCHOR_10,52:06:26:03:01:DA,-110,2.500,7.500
1785932432144,ANCHOR_12,52:06:26:03:01:DA,-106,2.500,7.500
1785932432176,ANCHOR_04,52:06:26:03:01:DA,-90,2.500,7.500
1785932432245,ANCHOR_06,52:06:26:03:01:DA,-105,2.500,7.500
1785932432255,ANCHOR_09,52:06:26:03:01:DA,-93,2.500,7.500
1785932432275,ANCHOR_08,52:06:26:03:01:DA,-100,2.500,7.500
1785932432374,ANCHOR_04,52:06:26:03:01:DA,-91,2.500,7.500
1785932432458,ANCHOR_03,52:06:26:03:01:DA,-86,2.500,7.500
1785932432491,ANCHOR_02,52:06:26:03:01:DA,-90,2.500,7.500
1785932432776,ANCHOR_06,52:06:26:03:01:DA,-104,2.500,7.500
1785932433044,ANCHOR_01,52:06:26:03:01:DA,-96,2.500,7.500
1785932433225,ANCHOR_10,52:06:26:03:01:DA,-110,2.500,7.500
1785932433336,ANCHOR_07,52:06:26:03:01:DA,-110,2.500,7.500
1785932433561,ANCHOR_10,52:06:26:03:01:DA,-110,2.500,7.500
1785932433592,ANCHOR_08,52:06:26:03:01:DA,-99,2.500,7.500
1785932434192,ANCHOR_07,52:06:26:03:01:DA,-110,2.500,7.500
1785932434601,ANCHOR_01,52:06:26:03:01:DA,-96,2.500,7.500
1785932434689,ANCHOR_02,52:06:26:03:01:DA,-90,2.500,7.500
1785932434935,ANCHOR_12,52:06:26:03:01:DA,-106,2.500,7.500
1785932435343,ANCHOR_12,52:06:26:03:01:DA,-105,2.500,7.500
1785932435460,ANCHOR_11,52:06:26:03:01:DA,-102,2.500,7.500
1785932435547,ANCHOR_11,52:06:26:03:01:DA,-102,2.500,7.500
1785932435733,ANCHOR_03,52:06:26:03:01:DA,-87,2.500,7.500
1785932435834,ANCHOR_09,52:06:26:03:01:DA,-93,2.500,7.500
1785932436048,ANCHOR_05,52:06:26:03:01:DA,-99,2.500,7.500
1785932436262,ANCHOR_10,52:06:26:03:01:DA,-110,2.500,7.500
1785932436441,ANCHOR_03,52:06:26:03:01:DA,-87,2.500,7.500
1785932436920,ANCHOR_06,52:06:26:03:01:DA,-104,2.500,7.500
1785932436995,ANCHOR_08,52:06:26:03:01:DA,-99,2.500,7.500
1785932437323,ANCHOR_01,52:06:26:03:01:DA,-97,2.500,7.500
1785932437451,ANCHOR_11,52:06:26:03:01:DA,-102,2.500,7.500
1785932437797,ANCHOR_04,52:06:26:03:01:DA,-92,2.500,7.500
1785932437885,ANCHOR_10,52:06:26:03:01:DA,-110,2.500,7.500
1785932437945,ANCHOR_03,52:06:26:03:01:DA,-86,2.500,7.500
1785932438018,ANCHOR_09,52:06:26:03:01:DA,-94,2.500,7.500
1785932439665,ANCHOR_04,52:06:26:03:01:DA,-91,2.500,7.500
1785932439759,ANCHOR_05,52:06:26:03:01:DA,-98,2.500,7.500
1785932439766,ANCHOR_08,52:06:26:03:01:DA,-100,2.500,7.500
1785932439957,ANCHOR_06,52:06:26:03:01:DA,-104,2.500,7.500
1785932440299,ANCHOR_01,52:06:26:03:01:DA,-98,2.500,7.500
1785932440509,ANCHOR_10,52:06:26:03:01:DA,-99,2.492,2.959
1785932440748,ANCHOR_09,52:06:26:03:01:DA,-94,2.500,7.500
1785932440775,ANCHOR_07,52:06:26:03:01:DA,-110,2.500,7.500
1785932441097,ANCHOR_01,52:06:26:03:01:DA,-96,2.523,2.658
1785932441141,ANCHOR_08,52:06:26:03:01:DA,-99,2.500,7.500
1785932441341,ANCHOR_05,52:06:26:03:01:DA,-99,2.500,7.500
1785932441719,ANCHOR_02,52:06:26:03:01:DA,-90,2.500,7.500
1785932441823,ANCHOR_05,52:06:26:03:01:DA,-99,2.500,7.500
1785932441900,ANCHOR_03,52:06:26:03:01:DA,-98,2.600,2.423
1785932441905,ANCHOR_12,52:06:26:03:01:DA,-105,2.500,7.500
1785932442031,ANCHOR_02,52:06:26:03:01:DA,-91,2.500,7.500
1785932442078,ANCHOR_04,52:06:26:03:01:DA,-91,2.500,7.500
1785932442073,ANCHOR_12,52:06:26:03:01:DA,-106,2.500,7.500
1785932442117,ANCHOR_11,52:06:26:03:01:DA,-102,2.500,7.500
1785932442122,ANCHOR_06,52:06:26:03:01:DA,-103,2.500,7.500
1785932442264,ANCHOR_07,52:06:26:03:01:DA,-109,2.500,7.500
1785932442295,ANCHOR_04,52:06:26:03:01:DA,-91,2.500,7.500
1785932442429,ANCHOR_10,52:06:26:03:01:DA,-110,2.500,7.500
1785932442651,ANCHOR_02,52:06:26:03:01:DA,-90,2.500,7.500
1785932442836,ANCHOR_09,52:06:26:03:01:DA,-93,2.500,7.500
1785932442888,ANCHOR_03,52:06:26:03:01:DA,-86,2.500,7.500
1785932443158,ANCHOR_08,52:06:26:03:01:DA,-100,2.500,7.500
1785932443196,ANCHOR_03,52:06:26:03:01:DA,-87,2.500,7.500
1785932443314,ANCHOR_04,52:06:26:03:01:DA,-91,2.500,7.500
1785932443545,ANCHOR_07,52:06:26:03:01:DA,-109,2.500,7.500
1785932443632,ANCHOR_11,52:06:26:03:01:DA,-102,2.500,7.500
1785932443635,ANCHOR_01,52:06:26:03:01:DA,-96,2.500,7.500
1785932443722,ANCHOR_08,52:06:26:03:01:DA,-99,2.500,7.500
1785932444316,ANCHOR_05,52:06:26:03:01:DA,-99,2.500,7.500
1785932444420,ANCHOR_05,52:06:26:03:01:DA,-99,2.500,7.500
1785932444714,ANCHOR_05,52:06:26:03:01:DA,-99,2.500,7.500
1785932444811,ANCHOR_07,52:06:26:03:01:DA,-109,2.500,7.500
1785932444914,ANCHOR_12,52:06:26:03:01:DA,-105,2.500,7.500
1785932444928,ANCHOR_01,52:06:26:03:01:DA,-96,2.500,7.500
1785932445046,ANCHOR_06,52:06:26:03:01:DA,-105,2.500,7.500
1785932445274,ANCHOR_03,52:06:26:03:01:DA,-87,2.500,7.500
1785932445599,ANCHOR_05,52:06:26:03:01:DA,-100,2.500,7.500
1785932445745,ANCHOR_10,52:06:26:03:01:DA,-109,2.500,7.500
1785932447030,ANCHOR_06,52:06:26:03:01:DA,-105,2.500,7.500
1785932447140,ANCHOR_09,52:06:26:03:01:DA,-93,2.500,7.500
1785932449983,ANCHOR_06,52:06:26:03:01:DA,-105,2.500,7.500
1785932450314,ANCHOR_07,52:06:26:03:01:DA,-110,2.500,7.500
1785932451503,ANCHOR_04,52:06:26:03:01:DA,-91,2.641,2.278
1785932451561,ANCHOR_12,52:06:26:03:01:DA,-105,2.500,7.500
1785932452345,ANCHOR_08,52:06:26:03:01:DA,-99,2.500,7.500
1785932452486,ANCHOR_11,52:06:26:03:01:DA,-102,2.500,7.500
1785932452577,ANCHOR_09,52:06:26:03:01:DA,-93,2.500,7.500
1785932452888,ANCHOR_01,52:06:26:03:01:DA,-96,2.500,7.500
1785932453218,ANCHOR_04,52:06:26:03:01:DA,-91,2.500,7.500
1785932453679,ANCHOR_03,52:06:26:03:01:DA,-88,2.500,7.500
1785932453767,ANCHOR_08,52:06:26:03:01:DA,-99,2.500,7.500
1785932453838,ANCHOR_02,52:06:26:03:01:DA,-90,2.500,7.500
1785932454369,ANCHOR_11,52:06:26:03:01:DA,-102,2.500,7.500
1785932454449,ANCHOR_10,52:06:26:03:01:DA,-109,2.500,7.500
1785932454647,ANCHOR_02,52:06:26:03:01:DA,-90,2.500,7.500
1785932454824,ANCHOR_07,52:06:26:03:01:DA,-90,2.641,2.278
1785932454874,ANCHOR_04,52:06:26:03:01:DA,-91,2.500,7.500
1785932455156,ANCHOR_05,52:06:26:03:01:DA,-99,2.500,7.500
1785932455279,ANCHOR_02,52:06:26:03:01:DA,-90,2.500,7.500
1785932455872,ANCHOR_02,52:06:26:03:01:DA,-90,2.500,7.500
1785932456070,ANCHOR_05,52:06:26:03:01:DA,-99,2.500,7.500
1785932456285,ANCHOR_12,52:06:26:03:01:DA,-105,2.500,7.500
1785932456305,ANCHOR_11,52:06:26:03:01:DA,-103,2.500,7.500
1785932456307,ANCHOR_03,52:06:26:03:01:DA,-87,2.500,7.500
1785932456375,ANCHOR_09,52:06:26:03:01:DA,-94,2.500,7.500
1785932456753,ANCHOR_06,52:06:26:03:01:DA,-105,2.500,7.500
1785932457202,ANCHOR_10,52:06:26:03:01:DA,-110,2.500,7.500
1785932457330,ANCHOR_08,52:06:26:03:01:DA,-99,2.500,7.500
1785932458634,ANCHOR_01,52:06:26:03:01:DA,-96,2.500,7.500
1785932458714,ANCHOR_04,52:06:26:03:01:DA,-92,2.500,7.500
1785932458807,ANCHOR_07,52:06:26:03:01:DA,-110,2.500,7.500
1785932458994,ANCHOR_12,52:06:26:03:01:DA,-105,2.500,7.500
1785932459073,ANCHOR_05,52:06:26:03:01:DA,-99,2.500,7.500
1785932459597,ANCHOR_06,52:06:26:03:01:DA,-105,2.500,7.500
1785932459601,ANCHOR_04,52:06:26:03:01:DA,-91,2.500,7.500
1785932460096,ANCHOR_02,52:06:26:03:01:DA,-90,2.500,7.500
1785932460503,ANCHOR_01,52:06:26:03:01:DA,-97,2.500,7.500
1785932461610,ANCHOR_12,52:06:26:03:01:DA,-105,2.500,7.500
1785932462147,ANCHOR_07,52:06:26:03:01:DA,-110,2.500,7.500
1785932462260,ANCHOR_10,52:06:26:03:01:DA,-109,2.500,7.500
1785932462403,ANCHOR_08,52:06:26:03:01:DA,-99,2.500,7.500
1785932462419,ANCHOR_09,52:06:26:03:01:DA,-94,2.500,7.500
1785932463087,ANCHOR_03,52:06:26:03:01:DA,-87,2.500,7.500
1785932463399,ANCHOR_11,52:06:26:03:01:DA,-102,2.500,7.500
1785932463710,ANCHOR_01,52:06:26:03:01:DA,-96,2.500,7.500
1785932463851,ANCHOR_06,52:06:26:03:01:DA,-105,2.500,7.500
1785932464085,ANCHOR_03,52:06:26:03:01:DA,-87,2.500,7.500
1785932464865,ANCHOR_02,52:06:26:03:01:DA,-90,2.500,7.500
1785932465226,ANCHOR_09,52:06:26:03:01:DA,-93,2.500,7.500
1785932465270,ANCHOR_10,52:06:26:03:01:DA,-110,2.500,7.500
1785932465491,ANCHOR_04,52:06:26:03:01:DA,-92,2.500,7.500
1785932465668,ANCHOR_08,52:06:26:03:01:DA,-100,2.500,7.500
1785932466134,ANCHOR_05,52:06:26:03:01:DA,-99,2.500,7.500
1785932466574,ANCHOR_11,52:06:26:03:01:DA,-102,2.500,7.500
1785932466704,ANCHOR_09,52:06:26:03:01:DA,-93,2.500,7.500
1785932466918,ANCHOR_12,52:06:26:03:01:DA,-105,2.500,7.500
1785932467103,ANCHOR_10,52:06:26:03:01:DA,-110,2.500,7.500
1785932467531,ANCHOR_12,52:06:26:03:01:DA,-105,2.500,7.500
1785932467679,ANCHOR_07,52:06:26:03:01:DA,-110,2.500,7.500
1785932467807,ANCHOR_09,52:06:26:03:01:DA,-93,2.500,7.500
1785932468053,ANCHOR_02,52:06:26:03:01:DA,-90,2.500,7.500
1785932468628,ANCHOR_01,52:06:26:03:01:DA,-97,2.500,7.500
1785932468864,ANCHOR_07,52:06:26:03:01:DA,-109,2.500,7.500
1785932468877,ANCHOR_06,52:06:26:03:01:DA,-105,2.500,7.500
1785932469130,ANCHOR_05,52:06:26:03:01:DA,-99,2.500,7.500
1785932469615,ANCHOR_01,52:06:26:03:01:DA,-96,2.500,7.500
1785932469767,ANCHOR_03,52:06:26:03:01:DA,-86,2.500,7.500
1785932469854,ANCHOR_09,52:06:26:03:01:DA,-93,2.500,7.500
1785932469928,ANCHOR_01,52:06:26:03:01:DA,-96,2.500,7.500
1785932469940,ANCHOR_10,52:06:26:03:01:DA,-110,2.500,7.500
1785932470107,ANCHOR_08,52:06:26:03:01:DA,-100,2.500,7.500
1785932470158,ANCHOR_04,52:06:26:03:01:DA,-91,2.500,7.500
1785932470197,ANCHOR_05,52:06:26:03:01:DA,-99,2.500,7.500
1785932470247,ANCHOR_11,52:06:26:03:01:DA,-109,2.668,2.278
1785932470356,ANCHOR_07,52:06:26:03:01:DA,-109,2.500,7.500
1785932470465,ANCHOR_10,52:06:26:03:01:DA,-110,2.500,7.500
1785932470549,ANCHOR_02,52:06:26:03:01:DA,-87,5.446,2.628
1785932470547,ANCHOR_11,52:06:26:03:01:DA,-101,2.500,7.500
1785932470947,ANCHOR_06,52:06:26:03:01:DA,-105,2.500,7.500
1785932470964,ANCHOR_11,52:06:26:03:01:DA,-102,2.500,7.500
1785932471434,ANCHOR_01,52:06:26:03:01:DA,-107,6.226,2.540
1785932471519,ANCHOR_04,52:06:26:03:01:DA,-90,2.500,7.500
1785932471870,ANCHOR_08,52:06:26:03:01:DA,-99,2.500,7.500
1785932471984,ANCHOR_02,52:06:26:03:01:DA,-91,2.500,7.500
1785932471978,ANCHOR_02,52:06:26:03:01:DA,-90,6.409,2.452
1785932472581,ANCHOR_06,52:06:26:03:01:DA,-105,2.500,7.500
1785932472645,ANCHOR_03,52:06:26:03:01:DA,-87,2.500,7.500
1785932472663,ANCHOR_02,52:06:26:03:01:DA,-90,2.500,7.500
1785932473064,ANCHOR_05,52:06:26:03:01:DA,-99,2.500,7.500
1785932473413,ANCHOR_12,52:06:26:03:01:DA,-105,2.500,7.500
1785932473599,ANCHOR_07,52:06:26:03:01:DA,-110,2.500,7.500
1785932473623,ANCHOR_12,52:06:26:03:01:DA,-106,2.500,7.500
1785932473791,ANCHOR_09,52:06:26:03:01:DA,-94,2.500,7.500
1785932473899,ANCHOR_11,52:06:26:03:01:DA,-102,2.500,7.500
1785932475144,ANCHOR_01,52:06:26:03:01:DA,-97,2.500,7.500
1785932475396,ANCHOR_11,52:06:26:03:01:DA,-102,2.500,7.500
1785932475552,ANCHOR_03,52:06:26:03:01:DA,-87,2.500,7.500
1785932475821,ANCHOR_02,52:06:26:03:01:DA,-90,2.500,7.500
1785932476099,ANCHOR_06,52:06:26:03:01:DA,-104,2.500,7.500
1785932476145,ANCHOR_06,52:06:26:03:01:DA,-105,2.500,7.500
1785932476375,ANCHOR_01,52:06:26:03:01:DA,-96,2.500,7.500
1785932477080,ANCHOR_09,52:06:26:03:01:DA,-93,2.500,7.500
1785932479023,ANCHOR_05,52:06:26:03:01:DA,-99,2.500,7.500
1785932479056,ANCHOR_12,52:06:26:03:01:DA,-105,2.500,7.500
1785932480366,ANCHOR_04,52:06:26:03:01:DA,-91,2.500,7.500
1785932480439,ANCHOR_08,52:06:26:03:01:DA,-99,2.500,7.500
1785932481084,ANCHOR_02,52:06:26:03:01:DA,-90,2.500,7.500
1785932481363,ANCHOR_10,52:06:26:03:01:DA,-109,2.500,7.500
1785932482470,ANCHOR_07,52:06:26:03:01:DA,-109,2.500,7.500
1785932482584,ANCHOR_10,52:06:26:03:01:DA,-110,2.500,7.500
1785932482653,ANCHOR_09,52:06:26:03:01:DA,-94,2.500,7.500
1785932482850,ANCHOR_04,52:06:26:03:01:DA,-91,2.500,7.500
1785932483090,ANCHOR_04,52:06:26:03:01:DA,-95,7.592,0.615
1785932483218,ANCHOR_03,52:06:26:03:01:DA,-87,2.500,7.500
1785932483283,ANCHOR_08,52:06:26:03:01:DA,-98,2.500,7.500
1785932483360,ANCHOR_07,52:06:26:03:01:DA,-109,2.500,7.500
1785932483453,ANCHOR_08,52:06:26:03:01:DA,-99,2.500,7.500
1785932483518,ANCHOR_01,52:06:26:03:01:DA,-97,2.500,7.500
1785932484066,ANCHOR_03,52:06:26:03:01:DA,-87,2.500,7.500
1785932484184,ANCHOR_11,52:06:26:03:01:DA,-102,2.500,7.500
1785932484423,ANCHOR_04,52:06:26:03:01:DA,-91,2.500,7.500
1785932484893,ANCHOR_06,52:06:26:03:01:DA,-105,2.500,7.500
1785932485068,ANCHOR_07,52:06:26:03:01:DA,-109,2.500,7.500
1785932485213,ANCHOR_09,52:06:26:03:01:DA,-94,2.500,7.500
1785932485768,ANCHOR_10,52:06:26:03:01:DA,-110,2.500,7.500
1785932486066,ANCHOR_03,52:06:26:03:01:DA,-86,2.500,7.500
1785932486236,ANCHOR_08,52:06:26:03:01:DA,-99,2.500,7.500
1785932486299,ANCHOR_05,52:06:26:03:01:DA,-99,2.500,7.500
1785932486657,ANCHOR_01,52:06:26:03:01:DA,-96,2.500,7.500
1785932486709,ANCHOR_07,52:06:26:03:01:DA,-110,2.500,7.500
1785932486735,ANCHOR_11,52:06:26:03:01:DA,-101,2.500,7.500
1785932486777,ANCHOR_02,52:06:26:03:01:DA,-90,2.500,7.500
1785932486813,ANCHOR_05,52:06:26:03:01:DA,-98,2.500,7.500
1785932486901,ANCHOR_12,52:06:26:03:01:DA,-105,2.500,7.500
1785932486946,ANCHOR_06,52:06:26:03:01:DA,-104,2.500,7.500
1785932487145,ANCHOR_10,52:06:26:03:01:DA,-110,2.500,7.500
1785932487222,ANCHOR_04,52:06:26:03:01:DA,-91,2.500,7.500
1785932487376,ANCHOR_09,52:06:26:03:01:DA,-92,2.500,7.500
1785932487540,ANCHOR_02,52:06:26:03:01:DA,-90,2.500,7.500
1785932487539,ANCHOR_12,52:06:26:03:01:DA,-105,2.500,7.500
1785932487540,ANCHOR_01,52:06:26:03:01:DA,-98,3.620,5.005
1785932487595,ANCHOR_07,52:06:26:03:01:DA,-105,3.620,5.005
1785932487603,ANCHOR_02,52:06:26:03:01:DA,-84,3.548,5.815
1785932487790,ANCHOR_06,52:06:26:03:01:DA,-107,3.620,5.005
1785932487939,ANCHOR_02,52:06:26:03:01:DA,-80,3.620,5.005
1785932487968,ANCHOR_09,52:06:26:03:01:DA,-79,3.620,5.005
1785932488008,ANCHOR_10,52:06:26:03:01:DA,-106,3.548,5.815
1785932488066,ANCHOR_03,52:06:26:03:01:DA,-93,3.548,5.815
1785932488201,ANCHOR_01,52:06:26:03:01:DA,-91,3.548,5.815
1785932488274,ANCHOR_09,52:06:26:03:01:DA,-84,3.548,5.815
1785932488459,ANCHOR_03,52:06:26:03:01:DA,-95,3.620,5.005
1785932488527,ANCHOR_05,52:06:26:03:01:DA,-107,3.548,5.815
1785932488577,ANCHOR_08,52:06:26:03:01:DA,-96,3.620,5.005
1785932488631,ANCHOR_06,52:06:26:03:01:DA,-104,3.548,5.815
1785932489349,ANCHOR_05,52:06:26:03:01:DA,-97,3.620,5.005
1785932489458,ANCHOR_12,52:06:26:03:01:DA,-100,3.548,5.815
1785932489804,ANCHOR_12,52:06:26:03:01:DA,-91,3.620,5.005
1785932489827,ANCHOR_11,52:06:26:03:01:DA,-99,3.620,5.005
1785932490237,ANCHOR_10,52:06:26:03:01:DA,-103,3.620,5.005
1785932490329,ANCHOR_08,52:06:26:03:01:DA,-106,3.548,5.815
1785932490635,ANCHOR_11,52:06:26:03:01:DA,-110,3.548,5.815
1785932490708,ANCHOR_09,52:06:26:03:01:DA,-89,2.641,2.278
1785932491132,ANCHOR_01,52:06:26:03:01:DA,-92,4.255,5.664
1785932491701,ANCHOR_03,52:06:26:03:01:DA,-98,2.641,2.278
1785932491786,ANCHOR_12,52:06:26:03:01:DA,-93,3.269,4.041
1785932492319,ANCHOR_07,52:06:26:03:01:DA,-91,2.641,2.278
1785932494478,ANCHOR_02,52:06:26:03:01:DA,-91,2.641,2.278
1785932494610,ANCHOR_11,52:06:26:03:01:DA,-110,3.269,4.041
1785932494779,ANCHOR_11,52:06:26:03:01:DA,-109,2.641,2.278
1785932495832,ANCHOR_05,52:06:26:03:01:DA,-99,2.641,2.278
1785932495983,ANCHOR_08,52:06:26:03:01:DA,-89,2.641,2.278
1785932496623,ANCHOR_12,52:06:26:03:01:DA,-96,2.641,2.278
1785932496732,ANCHOR_10,52:06:26:03:01:DA,-97,2.641,2.278
1785932496789,ANCHOR_04,52:06:26:03:01:DA,-91,2.641,2.278
1785932497024,ANCHOR_05,52:06:26:03:01:DA,-99,2.641,2.278
1785932497078,ANCHOR_02,52:06:26:03:01:DA,-91,2.641,2.278
1785932497207,ANCHOR_09,52:06:26:03:01:DA,-87,2.641,2.278
1785932497337,ANCHOR_04,52:06:26:03:01:DA,-83,3.620,5.005
1785932497745,ANCHOR_01,52:06:26:03:01:DA,-97,3.620,5.005
1785932497935,ANCHOR_05,52:06:26:03:01:DA,-96,3.620,5.005
1785932498044,ANCHOR_04,52:06:26:03:01:DA,-91,2.641,2.278
1785932498092,ANCHOR_03,52:06:26:03:01:DA,-94,3.620,5.005
1785932498096,ANCHOR_07,52:06:26:03:01:DA,-90,2.641,2.278
1785932498226,ANCHOR_06,52:06:26:03:01:DA,-110,2.641,2.278
1785932498295,ANCHOR_10,52:06:26:03:01:DA,-96,2.641,2.278
1785932498491,ANCHOR_03,52:06:26:03:01:DA,-98,2.641,2.278
1785932498595,ANCHOR_12,52:06:26:03:01:DA,-92,3.620,5.005
1785932498739,ANCHOR_09,52:06:26:03:01:DA,-80,3.620,5.005
1785932498781,ANCHOR_02,52:06:26:03:01:DA,-81,3.620,5.005
1785932499225,ANCHOR_08,52:06:26:03:01:DA,-95,3.620,5.005
1785932499518,ANCHOR_06,52:06:26:03:01:DA,-106,3.620,5.005
1785932499712,ANCHOR_01,52:06:26:03:01:DA,-96,3.117,3.778
1785932499832,ANCHOR_01,52:06:26:03:01:DA,-99,2.641,2.278
1785932500157,ANCHOR_07,52:06:26:03:01:DA,-106,3.620,5.005
1785932500171,ANCHOR_08,52:06:26:03:01:DA,-89,2.641,2.278
1785932500379,ANCHOR_11,52:06:26:03:01:DA,-109,2.641,2.278
1785932500387,ANCHOR_08,52:06:26:03:01:DA,-90,2.523,2.658
1785932500387,ANCHOR_03,52:06:26:03:01:DA,-99,2.523,2.658
1785932500436,ANCHOR_03,52:06:26:03:01:DA,-106,3.117,3.778
1785932501221,ANCHOR_07,52:06:26:03:01:DA,-91,2.523,2.658
1785932501260,ANCHOR_10,52:06:26:03:01:DA,-104,3.620,5.005
1785932501326,ANCHOR_02,52:06:26:03:01:DA,-86,3.117,3.778
1785932501432,ANCHOR_11,52:06:26:03:01:DA,-99,3.620,5.005
1785932501867,ANCHOR_06,52:06:26:03:01:DA,-109,3.117,3.778
1785932502490,ANCHOR_04,52:06:26:03:01:DA,-92,2.523,2.658
1785932502900,ANCHOR_09,52:06:26:03:01:DA,-80,3.117,3.778
1785932502906,ANCHOR_10,52:06:26:03:01:DA,-101,3.117,3.778
1785932502990,ANCHOR_07,52:06:26:03:01:DA,-90,2.636,2.335
1785932502998,ANCHOR_12,52:06:26:03:01:DA,-95,2.636,2.335
1785932503305,ANCHOR_02,52:06:26:03:01:DA,-92,2.641,2.278
1785932503404,ANCHOR_11,52:06:26:03:01:DA,-110,2.636,2.335
1785932503689,ANCHOR_04,52:06:26:03:01:DA,-92,2.636,2.335
1785932503978,ANCHOR_01,52:06:26:03:01:DA,-99,2.636,2.335
1785932503986,ANCHOR_09,52:06:26:03:01:DA,-88,2.641,2.278
1785932504104,ANCHOR_04,52:06:26:03:01:DA,-92,2.641,2.278
1785932504215,ANCHOR_06,52:06:26:03:01:DA,-110,2.636,2.335
1785932504287,ANCHOR_08,52:06:26:03:01:DA,-90,2.641,2.278
1785932504537,ANCHOR_12,52:06:26:03:01:DA,-96,2.641,2.278
1785932504677,ANCHOR_11,52:06:26:03:01:DA,-109,2.641,2.278
1785932504945,ANCHOR_08,52:06:26:03:01:DA,-89,2.641,2.278
1785932505052,ANCHOR_09,52:06:26:03:01:DA,-88,2.641,2.278
1785932505279,ANCHOR_07,52:06:26:03:01:DA,-107,4.779,4.793
1785932505675,ANCHOR_06,52:06:26:03:01:DA,-97,4.779,4.793
1785932505735,ANCHOR_01,52:06:26:03:01:DA,-100,2.641,2.278
1785932505803,ANCHOR_11,52:06:26:03:01:DA,-109,2.641,2.278
1785932505829,ANCHOR_07,52:06:26:03:01:DA,-90,2.641,2.278
1785932505945,ANCHOR_06,52:06:26:03:01:DA,-110,2.641,2.278
1785932506064,ANCHOR_03,52:06:26:03:01:DA,-99,2.641,2.278
1785932506110,ANCHOR_05,52:06:26:03:01:DA,-99,2.641,2.278
1785932506120,ANCHOR_06,52:06:26:03:01:DA,-100,2.641,2.278
1785932506434,ANCHOR_10,52:06:26:03:01:DA,-97,2.641,2.278
1785932506784,ANCHOR_01,52:06:26:03:01:DA,-99,2.641,2.278
1785932507134,ANCHOR_01,52:06:26:03:01:DA,-91,3.535,4.411
1785932507165,ANCHOR_10,52:06:26:03:01:DA,-97,2.641,2.278
1785932507305,ANCHOR_02,52:06:26:03:01:DA,-91,2.641,2.278
1785932507374,ANCHOR_03,52:06:26:03:01:DA,-104,2.970,4.208
1785932507417,ANCHOR_07,52:06:26:03:01:DA,-90,2.641,2.278
1785932507509,ANCHOR_05,52:06:26:03:01:DA,-98,2.641,2.278
1785932507570,ANCHOR_12,52:06:26:03:01:DA,-93,2.970,4.208
1785932507711,ANCHOR_04,52:06:26:03:01:DA,-91,2.641,2.278
1785932507751,ANCHOR_12,52:06:26:03:01:DA,-95,2.641,2.278
1785932507759,ANCHOR_03,52:06:26:03:01:DA,-99,2.641,2.278
1785932507826,ANCHOR_05,52:06:26:03:01:DA,-99,2.641,2.278
1785932508208,ANCHOR_01,52:06:26:03:01:DA,-91,2.641,2.278
1785932508653,ANCHOR_03,52:06:26:03:01:DA,-97,2.594,3.330
1785932508684,ANCHOR_06,52:06:26:03:01:DA,-101,2.641,2.278
1785932508826,ANCHOR_06,52:06:26:03:01:DA,-110,2.468,2.929
1785932508904,ANCHOR_07,52:06:26:03:01:DA,-90,2.641,2.278
1785932509223,ANCHOR_01,52:06:26:03:01:DA,-96,2.477,2.838
1785932509255,ANCHOR_02,52:06:26:03:01:DA,-92,2.641,2.278
1785932510584,ANCHOR_03,52:06:26:03:01:DA,-99,2.641,2.278
1785932510635,ANCHOR_09,52:06:26:03:01:DA,-85,2.480,2.808
1785932510680,ANCHOR_01,52:06:26:03:01:DA,-97,2.480,2.808
1785932510892,ANCHOR_01,52:06:26:03:01:DA,-99,2.641,2.278
1785932510989,ANCHOR_05,52:06:26:03:01:DA,-99,2.641,2.278
1785932511627,ANCHOR_01,52:06:26:03:01:DA,-92,2.641,2.278
1785932511675,ANCHOR_06,52:06:26:03:01:DA,-110,2.641,2.278
1785932511729,ANCHOR_02,52:06:26:03:01:DA,-91,2.480,2.808
1785932511793,ANCHOR_03,52:06:26:03:01:DA,-98,2.480,2.808
1785932511855,ANCHOR_07,52:06:26:03:01:DA,-90,2.641,2.278
1785932511895,ANCHOR_11,52:06:26:03:01:DA,-92,6.409,2.452
1785932511938,ANCHOR_03,52:06:26:03:01:DA,-100,6.409,2.452
1785932512092,ANCHOR_12,52:06:26:03:01:DA,-88,6.409,2.452
1785932512653,ANCHOR_08,52:06:26:03:01:DA,-94,6.409,2.452
1785932512871,ANCHOR_06,52:06:26:03:01:DA,-100,6.409,2.452
1785932512968,ANCHOR_10,52:06:26:03:01:DA,-88,6.409,2.452
1785932513031,ANCHOR_04,52:06:26:03:01:DA,-90,6.409,2.452
1785932513042,ANCHOR_05,52:06:26:03:01:DA,-101,6.409,2.452
1785932513108,ANCHOR_10,52:06:26:03:01:DA,-97,2.641,2.278
1785932513275,ANCHOR_03,52:06:26:03:01:DA,-98,2.641,2.278
1785932513446,ANCHOR_09,52:06:26:03:01:DA,-88,2.641,2.278
1785932513820,ANCHOR_01,52:06:26:03:01:DA,-92,2.641,2.278
1785932513831,ANCHOR_07,52:06:26:03:01:DA,-90,2.641,2.278
1785932514083,ANCHOR_06,52:06:26:03:01:DA,-99,2.641,2.278
1785932514286,ANCHOR_05,52:06:26:03:01:DA,-99,2.641,2.278
1785932514340,ANCHOR_05,52:06:26:03:01:DA,-98,2.641,2.278
1785932514420,ANCHOR_12,52:06:26:03:01:DA,-96,2.641,2.278
1785932515039,ANCHOR_09,52:06:26:03:01:DA,-88,2.641,2.278
1785932515139,ANCHOR_06,52:06:26:03:01:DA,-101,2.641,2.278
1785932515212,ANCHOR_08,52:06:26:03:01:DA,-89,2.641,2.278
1785932515430,ANCHOR_04,52:06:26:03:01:DA,-92,2.641,2.278
1785932515619,ANCHOR_12,52:06:26:03:01:DA,-96,2.641,2.278
1785932515766,ANCHOR_07,52:06:26:03:01:DA,-91,2.641,2.278
1785932516131,ANCHOR_06,52:06:26:03:01:DA,-100,2.641,2.278
1785932517277,ANCHOR_01,52:06:26:03:01:DA,-91,2.641,2.278
1785932517358,ANCHOR_04,52:06:26:03:01:DA,-92,2.641,2.278
1785932517451,ANCHOR_03,52:06:26:03:01:DA,-99,2.641,2.278
1785932517644,ANCHOR_08,52:06:26:03:01:DA,-89,2.641,2.278
1785932517713,ANCHOR_10,52:06:26:03:01:DA,-96,2.641,2.278
1785932517807,ANCHOR_11,52:06:26:03:01:DA,-109,2.641,2.278
1785932517837,ANCHOR_05,52:06:26:03:01:DA,-99,2.641,2.278
1785932517918,ANCHOR_11,52:06:26:03:01:DA,-109,2.641,2.278
1785932518089,ANCHOR_02,52:06:26:03:01:DA,-92,2.641,2.278
1785932518136,ANCHOR_10,52:06:26:03:01:DA,-97,2.641,2.278
1785932518175,ANCHOR_08,52:06:26:03:01:DA,-89,2.641,2.278
1785932518269,ANCHOR_03,52:06:26:03:01:DA,-99,2.641,2.278
1785932518367,ANCHOR_11,52:06:26:03:01:DA,-109,2.641,2.278
1785932518417,ANCHOR_12,52:06:26:03:01:DA,-96,2.641,2.278
1785932518549,ANCHOR_06,52:06:26:03:01:DA,-101,2.668,2.278
1785932518638,ANCHOR_09,52:06:26:03:01:DA,-88,2.641,2.278
1785932518706,ANCHOR_01,52:06:26:03:01:DA,-100,8.615,3.810
1785932518848,ANCHOR_11,52:06:26:03:01:DA,-108,2.668,2.278
1785932518856,ANCHOR_07,52:06:26:03:01:DA,-90,2.641,2.278
1785932519020,ANCHOR_09,52:06:26:03:01:DA,-88,2.668,2.278
1785932519044,ANCHOR_07,52:06:26:03:01:DA,-89,2.668,2.278
1785932519140,ANCHOR_01,52:06:26:03:01:DA,-91,2.641,2.278
1785932519144,ANCHOR_06,52:06:26:03:01:DA,-101,7.592,0.615
1785932519336,ANCHOR_12,52:06:26:03:01:DA,-103,7.566,9.713
1785932519384,ANCHOR_02,52:06:26:03:01:DA,-96,7.592,0.615
1785932519667,ANCHOR_05,52:06:26:03:01:DA,-104,7.592,0.615
1785932519727,ANCHOR_09,52:06:26:03:01:DA,-108,7.592,0.615
1785932520117,ANCHOR_12,52:06:26:03:01:DA,-94,7.592,0.615
1785932520141,ANCHOR_06,52:06:26:03:01:DA,-101,7.323,0.893
1785932520292,ANCHOR_01,52:06:26:03:01:DA,-110,7.182,9.713
1785932520339,ANCHOR_03,52:06:26:03:01:DA,-102,7.592,0.615
1785932520361,ANCHOR_07,52:06:26:03:01:DA,-109,7.592,0.615
1785932520612,ANCHOR_12,52:06:26:03:01:DA,-91,7.323,0.893
1785932520725,ANCHOR_11,52:06:26:03:01:DA,-85,7.592,0.615
1785932520758,ANCHOR_01,52:06:26:03:01:DA,-110,7.592,0.615
1785932520910,ANCHOR_08,52:06:26:03:01:DA,-90,7.592,0.615
1785932521028,ANCHOR_09,52:06:26:03:01:DA,-106,7.323,0.893
1785932521099,ANCHOR_10,52:06:26:03:01:DA,-87,7.592,0.615
1785932521291,ANCHOR_03,52:06:26:03:01:DA,-110,7.323,0.893
1785932521777,ANCHOR_01,52:06:26:03:01:DA,-110,7.323,0.893
1785932524609,ANCHOR_10,52:06:26:03:01:DA,-86,7.323,0.893
1785932524792,ANCHOR_05,52:06:26:03:01:DA,-104,7.323,0.893
1785932526354,ANCHOR_07,52:06:26:03:01:DA,-108,7.323,0.893
1785932526576,ANCHOR_02,52:06:26:03:01:DA,-95,7.323,0.893
1785932526614,ANCHOR_11,52:06:26:03:01:DA,-88,7.323,0.893
1785932527090,ANCHOR_08,52:06:26:03:01:DA,-88,7.323,0.893
1785932527135,ANCHOR_05,52:06:26:03:01:DA,-100,2.668,2.278
1785932528069,ANCHOR_04,52:06:26:03:01:DA,-94,7.323,0.893
1785932528290,ANCHOR_05,52:06:26:03:01:DA,-102,8.828,0.590
1785932528406,ANCHOR_07,52:06:26:03:01:DA,-110,8.828,0.590
1785932528739,ANCHOR_03,52:06:26:03:01:DA,-110,8.828,0.590
1785932528852,ANCHOR_02,52:06:26:03:01:DA,-106,8.828,0.590
1785932528879,ANCHOR_03,52:06:26:03:01:DA,-99,2.668,2.278
1785932529062,ANCHOR_02,52:06:26:03:01:DA,-92,2.668,2.278
1785932529214,ANCHOR_10,52:06:26:03:01:DA,-96,2.668,2.278
1785932529292,ANCHOR_09,52:06:26:03:01:DA,-99,8.828,0.590
1785932529483,ANCHOR_04,52:06:26:03:01:DA,-93,2.668,2.278
1785932529490,ANCHOR_12,52:06:26:03:01:DA,-96,2.668,2.278
1785932529546,ANCHOR_06,52:06:26:03:01:DA,-110,8.828,0.590
1785932529582,ANCHOR_11,52:06:26:03:01:DA,-80,8.828,0.590
1785932529748,ANCHOR_01,52:06:26:03:01:DA,-110,8.828,0.590
1785932529841,ANCHOR_06,52:06:26:03:01:DA,-99,6.561,2.306
1785932530028,ANCHOR_04,52:06:26:03:01:DA,-90,6.561,2.306
1785932530090,ANCHOR_05,52:06:26:03:01:DA,-108,2.730,4.653
1785932530139,ANCHOR_08,52:06:26:03:01:DA,-90,2.668,2.278
1785932530180,ANCHOR_02,52:06:26:03:01:DA,-95,7.498,0.665
1785932530320,ANCHOR_01,52:06:26:03:01:DA,-92,2.668,2.278
1785932530378,ANCHOR_08,52:06:26:03:01:DA,-95,6.561,2.306
1785932530530,ANCHOR_01,52:06:26:03:01:DA,-109,6.561,2.306
1785932530907,ANCHOR_07,52:06:26:03:01:DA,-108,7.498,0.665
1785932531177,ANCHOR_07,52:06:26:03:01:DA,-108,3.737,6.357
1785932531283,ANCHOR_02,52:06:26:03:01:DA,-87,2.513,4.174
1785932532424,ANCHOR_04,52:06:26:03:01:DA,-85,3.737,6.357
1785932532499,ANCHOR_03,52:06:26:03:01:DA,-91,3.737,6.357
1785932533441,ANCHOR_08,52:06:26:03:01:DA,-95,4.255,5.664
1785932533986,ANCHOR_06,52:06:26:03:01:DA,-110,2.338,3.648
1785932534504,ANCHOR_03,52:06:26:03:01:DA,-101,4.255,5.664
1785932534561,ANCHOR_09,52:06:26:03:01:DA,-85,4.255,5.664
1785932534685,ANCHOR_11,52:06:26:03:01:DA,-99,4.255,5.664
1785932534781,ANCHOR_04,52:06:26:03:01:DA,-95,7.542,0.615
1785932534957,ANCHOR_12,52:06:26:03:01:DA,-97,4.255,5.664
1785932535278,ANCHOR_02,52:06:26:03:01:DA,-95,7.542,0.615
1785932535341,ANCHOR_02,52:06:26:03:01:DA,-84,3.737,6.357
1785932535456,ANCHOR_09,52:06:26:03:01:DA,-90,3.737,6.357
1785932535528,ANCHOR_08,52:06:26:03:01:DA,-98,3.737,6.357
1785932536115,ANCHOR_12,52:06:26:03:01:DA,-100,3.737,6.357
1785932536147,ANCHOR_05,52:06:26:03:01:DA,-97,3.737,6.357
1785932537278,ANCHOR_05,52:06:26:03:01:DA,-104,7.542,0.615
1785932537310,ANCHOR_01,52:06:26:03:01:DA,-110,7.542,0.615
1785932537354,ANCHOR_06,52:06:26:03:01:DA,-100,7.542,0.615
1785932537714,ANCHOR_03,52:06:26:03:01:DA,-110,7.542,0.615
1785932537713,ANCHOR_09,52:06:26:03:01:DA,-81,2.277,3.425
1785932537779,ANCHOR_09,52:06:26:03:01:DA,-98,8.778,0.590
1785932538695,ANCHOR_12,52:06:26:03:01:DA,-93,7.542,0.615
1785932538790,ANCHOR_05,52:06:26:03:01:DA,-102,8.778,0.590
1785932538944,ANCHOR_09,52:06:26:03:01:DA,-107,7.542,0.615
1785932539029,ANCHOR_10,52:06:26:03:01:DA,-87,7.542,0.615
1785932539109,ANCHOR_03,52:06:26:03:01:DA,-110,8.708,0.615
1785932539244,ANCHOR_02,52:06:26:03:01:DA,-106,8.708,0.615
1785932539850,ANCHOR_10,52:06:26:03:01:DA,-90,8.778,0.590
1785932540159,ANCHOR_06,52:06:26:03:01:DA,-110,8.708,0.615
1785932540928,ANCHOR_07,52:06:26:03:01:DA,-109,7.542,0.615
1785932540967,ANCHOR_03,52:06:26:03:01:DA,-110,8.778,0.590
1785932541002,ANCHOR_07,52:06:26:03:01:DA,-110,8.778,0.590
1785932541112,ANCHOR_02,52:06:26:03:01:DA,-106,8.778,0.590
1785932541142,ANCHOR_01,52:06:26:03:01:DA,-110,8.778,0.590
1785932541419,ANCHOR_08,52:06:26:03:01:DA,-92,8.708,0.615
1785932541479,ANCHOR_11,52:06:26:03:01:DA,-87,7.542,0.615
1785932541523,ANCHOR_08,52:06:26:03:01:DA,-88,7.542,0.615
1785932541678,ANCHOR_05,52:06:26:03:01:DA,-102,8.708,0.615
1785932541722,ANCHOR_04,52:06:26:03:01:DA,-104,8.778,0.590
1785932541753,ANCHOR_04,52:06:26:03:01:DA,-104,8.708,0.615
1785932541992,ANCHOR_07,52:06:26:03:01:DA,-110,8.708,0.615
1785932542127,ANCHOR_12,52:06:26:03:01:DA,-100,8.708,0.615
1785932542198,ANCHOR_09,52:06:26:03:01:DA,-98,8.708,0.615
1785932542241,ANCHOR_08,52:06:26:03:01:DA,-92,8.778,0.590
1785932542642,ANCHOR_12,52:06:26:03:01:DA,-102,8.778,0.590
1785932542662,ANCHOR_11,52:06:26:03:01:DA,-79,8.778,0.590
1785932542672,ANCHOR_11,52:06:26:03:01:DA,-80,8.708,0.615
1785932542676,ANCHOR_05,52:06:26:03:01:DA,-103,4.779,4.793
1785932542758,ANCHOR_10,52:06:26:03:01:DA,-101,4.779,4.793
1785932542833,ANCHOR_12,52:06:26:03:01:DA,-88,4.779,4.793
1785932542919,ANCHOR_04,52:06:26:03:01:DA,-100,2.125,8.207
1785932543096,ANCHOR_09,52:06:26:03:01:DA,-98,2.125,8.207
1785932543210,ANCHOR_05,52:06:26:03:01:DA,-110,2.125,8.207
1785932543249,ANCHOR_05,52:06:26:03:01:DA,-102,6.286,2.163
1785932543310,ANCHOR_11,52:06:26:03:01:DA,-92,6.286,2.163
1785932543322,ANCHOR_07,52:06:26:03:01:DA,-106,6.286,2.163
1785932543352,ANCHOR_11,52:06:26:03:01:DA,-110,2.125,8.207
1785932543611,ANCHOR_08,52:06:26:03:01:DA,-91,6.286,2.163
1785932543692,ANCHOR_01,52:06:26:03:01:DA,-91,3.904,6.083
1785932543811,ANCHOR_12,52:06:26:03:01:DA,-89,6.286,2.163
1785932543900,ANCHOR_07,52:06:26:03:01:DA,-108,3.904,6.083
1785932544083,ANCHOR_05,52:06:26:03:01:DA,-98,2.277,3.425
1785932544135,ANCHOR_02,52:06:26:03:01:DA,-80,3.904,6.083
1785932544243,ANCHOR_11,52:06:26:03:01:DA,-101,3.904,6.083
1785932544311,ANCHOR_06,52:06:26:03:01:DA,-103,3.904,6.083
1785932544647,ANCHOR_04,52:06:26:03:01:DA,-83,3.904,6.083
1785932544788,ANCHOR_09,52:06:26:03:01:DA,-88,3.904,6.083
1785932544848,ANCHOR_10,52:06:26:03:01:DA,-107,3.904,6.083
1785932544968,ANCHOR_08,52:06:26:03:01:DA,-97,3.904,6.083
1785932545717,ANCHOR_03,52:06:26:03:01:DA,-99,3.904,6.083
1785932546097,ANCHOR_05,52:06:26:03:01:DA,-97,3.904,6.083
1785932546202,ANCHOR_12,52:06:26:03:01:DA,-98,3.904,6.083
1785932548427,ANCHOR_02,52:06:26:03:01:DA,-96,2.770,7.592
1785932550305,ANCHOR_05,52:06:26:03:01:DA,-109,2.770,7.592
1785932550652,ANCHOR_03,52:06:26:03:01:DA,-86,2.770,7.592
1785932551327,ANCHOR_04,52:06:26:03:01:DA,-97,2.770,7.592
1785932551383,ANCHOR_06,52:06:26:03:01:DA,-103,2.770,7.592
1785932551750,ANCHOR_04,52:06:26:03:01:DA,-101,2.046,8.342
1785932551983,ANCHOR_10,52:06:26:03:01:DA,-110,2.770,7.592
1785932552065,ANCHOR_03,52:06:26:03:01:DA,-83,2.046,8.342
1785932552124,ANCHOR_01,52:06:26:03:01:DA,-98,2.046,8.342
1785932552204,ANCHOR_09,52:06:26:03:01:DA,-98,2.046,8.342
1785932552218,ANCHOR_07,52:06:26:03:01:DA,-109,2.770,7.592
1785932552422,ANCHOR_02,52:06:26:03:01:DA,-100,2.046,8.342
1785932552462,ANCHOR_01,52:06:26:03:01:DA,-94,2.277,3.425
1785932552697,ANCHOR_05,52:06:26:03:01:DA,-110,2.046,8.342
1785932553344,ANCHOR_09,52:06:26:03:01:DA,-89,2.770,7.592
1785932553395,ANCHOR_01,52:06:26:03:01:DA,-98,2.770,7.592
1785932553435,ANCHOR_06,52:06:26:03:01:DA,-104,2.046,8.342
1785932553624,ANCHOR_11,52:06:26:03:01:DA,-110,2.770,7.592
1785932553716,ANCHOR_07,52:06:26:03:01:DA,-110,2.046,8.342
1785932553913,ANCHOR_08,52:06:26:03:01:DA,-99,2.770,7.592
1785932554047,ANCHOR_10,52:06:26:03:01:DA,-100,2.046,8.342
1785932554081,ANCHOR_12,52:06:26:03:01:DA,-105,2.770,7.592
1785932554178,ANCHOR_06,52:06:26:03:01:DA,-109,6.731,2.452
1785932554341,ANCHOR_11,52:06:26:03:01:DA,-109,2.606,3.488
1785932554375,ANCHOR_04,52:06:26:03:01:DA,-79,4.403,4.514
1785932554393,ANCHOR_11,52:06:26:03:01:DA,-99,4.403,4.514
1785932554531,ANCHOR_03,52:06:26:03:01:DA,-97,2.606,3.488
1785932554612,ANCHOR_08,52:06:26:03:01:DA,-98,2.606,3.488
1785932554693,ANCHOR_06,52:06:26:03:01:DA,-110,2.606,3.488
1785932554899,ANCHOR_07,52:06:26:03:01:DA,-100,2.606,3.488
1785932554954,ANCHOR_04,52:06:26:03:01:DA,-90,6.731,2.452
1785932555139,ANCHOR_08,52:06:26:03:01:DA,-93,4.403,4.514
1785932555369,ANCHOR_05,52:06:26:03:01:DA,-99,2.606,3.488
1785932555527,ANCHOR_03,52:06:26:03:01:DA,-100,6.731,2.452
1785932555992,ANCHOR_08,52:06:26:03:01:DA,-95,6.731,2.452
1785932556213,ANCHOR_12,52:06:26:03:01:DA,-87,6.731,2.452
1785932556840,ANCHOR_02,52:06:26:03:01:DA,-89,2.606,3.488
1785932556963,ANCHOR_10,52:06:26:03:01:DA,-100,2.606,3.488
1785932557281,ANCHOR_05,52:06:26:03:01:DA,-109,2.480,2.808
1785932557543,ANCHOR_04,52:06:26:03:01:DA,-89,2.606,3.488
1785932557607,ANCHOR_09,52:06:26:03:01:DA,-81,2.606,3.488
1785932558531,ANCHOR_12,52:06:26:03:01:DA,-95,2.606,3.488
1785932558593,ANCHOR_02,52:06:26:03:01:DA,-90,6.731,2.452
1785932558712,ANCHOR_07,52:06:26:03:01:DA,-108,6.731,2.452
1785932559136,ANCHOR_09,52:06:26:03:01:DA,-95,6.731,2.452
1785932559440,ANCHOR_10,52:06:26:03:01:DA,-88,6.731,2.452
1785932559944,ANCHOR_11,52:06:26:03:01:DA,-92,6.731,2.452
1785932560114,ANCHOR_03,52:06:26:03:01:DA,-98,2.480,2.808
1785932560258,ANCHOR_06,52:06:26:03:01:DA,-110,2.480,2.808
1785932560298,ANCHOR_02,52:06:26:03:01:DA,-90,2.480,2.808
1785932560529,ANCHOR_10,52:06:26:03:01:DA,-99,2.480,2.808
1785932561340,ANCHOR_04,52:06:26:03:01:DA,-91,2.480,2.808
1785932561959,ANCHOR_11,52:06:26:03:01:DA,-110,2.480,2.808
1785932561977,ANCHOR_07,52:06:26:03:01:DA,-91,2.480,2.808
1785932562499,ANCHOR_08,52:06:26:03:01:DA,-91,2.480,2.808
1785932562655,ANCHOR_12,52:06:26:03:01:DA,-95,2.480,2.808
1785932562796,ANCHOR_06,52:06:26:03:01:DA,-99,3.580,3.112
1785932562899,ANCHOR_01,52:06:26:03:01:DA,-100,3.580,3.112
1785932563011,ANCHOR_02,52:06:26:03:01:DA,-87,3.580,3.112
1785932563216,ANCHOR_11,52:06:26:03:01:DA,-108,3.580,3.112
1785932563265,ANCHOR_03,52:06:26:03:01:DA,-98,3.580,3.112
1785932563363,ANCHOR_10,52:06:26:03:01:DA,-98,3.580,3.112
1785932563604,ANCHOR_04,52:06:26:03:01:DA,-88,3.580,3.112
1785932563656,ANCHOR_12,52:06:26:03:01:DA,-94,3.580,3.112
1785932563696,ANCHOR_05,52:06:26:03:01:DA,-107,3.580,3.112
1785932563869,ANCHOR_07,52:06:26:03:01:DA,-101,3.580,3.112
1785932563970,ANCHOR_08,52:06:26:03:01:DA,-91,3.580,3.112
1785932564108,ANCHOR_07,52:06:26:03:01:DA,-110,5.083,8.028
1785932564220,ANCHOR_05,52:06:26:03:01:DA,-105,5.083,8.028
1785932564261,ANCHOR_11,52:06:26:03:01:DA,-110,5.083,8.028
1785932564482,ANCHOR_12,52:06:26:03:01:DA,-99,5.083,8.028
1785932564643,ANCHOR_07,52:06:26:03:01:DA,-110,7.566,9.713
1785932564737,ANCHOR_02,52:06:26:03:01:DA,-92,7.483,1.937
1785932564904,ANCHOR_10,52:06:26:03:01:DA,-88,7.483,1.937
1785932564964,ANCHOR_07,52:06:26:03:01:DA,-109,7.483,1.937
1785932565021,ANCHOR_04,52:06:26:03:01:DA,-103,7.566,9.713
1785932565059,ANCHOR_06,52:06:26:03:01:DA,-100,7.483,1.937
1785932565092,ANCHOR_09,52:06:26:03:01:DA,-96,7.483,1.937
1785932565183,ANCHOR_11,52:06:26:03:01:DA,-94,7.483,1.937
1785932565221,ANCHOR_01,52:06:26:03:01:DA,-110,7.483,1.937
1785932565334,ANCHOR_06,52:06:26:03:01:DA,-69,7.566,9.713
1785932565420,ANCHOR_08,52:06:26:03:01:DA,-96,7.483,1.937
1785932565814,ANCHOR_02,52:06:26:03:01:DA,-104,7.566,9.713
1785932566087,ANCHOR_12,52:06:26:03:01:DA,-88,7.483,1.937
1785932566082,ANCHOR_08,52:06:26:03:01:DA,-110,7.566,9.713
1785932566167,ANCHOR_03,52:06:26:03:01:DA,-110,7.483,1.937
1785932566302,ANCHOR_11,52:06:26:03:01:DA,-110,7.566,9.713
1785932566494,ANCHOR_05,52:06:26:03:01:DA,-95,7.566,9.713
1785932567113,ANCHOR_09,52:06:26:03:01:DA,-109,7.566,9.713
1785932568485,ANCHOR_03,52:06:26:03:01:DA,-103,7.566,9.713
1785932568515,ANCHOR_03,52:06:26:03:01:DA,-103,7.525,8.801
1785932569118,ANCHOR_10,52:06:26:03:01:DA,-110,7.566,9.713
1785932569272,ANCHOR_01,52:06:26:03:01:DA,-110,7.566,9.713
1785932569658,ANCHOR_11,52:06:26:03:01:DA,-110,7.525,8.801
1785932569803,ANCHOR_08,52:06:26:03:01:DA,-110,7.525,8.801
1785932569901,ANCHOR_07,52:06:26:03:01:DA,-109,7.555,1.881
1785932570277,ANCHOR_01,52:06:26:03:01:DA,-110,7.555,1.881
1785932570319,ANCHOR_03,52:06:26:03:01:DA,-110,7.555,1.881
1785932570661,ANCHOR_04,52:06:26:03:01:DA,-92,7.555,1.881
1785932570916,ANCHOR_07,52:06:26:03:01:DA,-109,7.007,2.220
1785932570982,ANCHOR_04,52:06:26:03:01:DA,-91,7.007,2.220
1785932571804,ANCHOR_10,52:06:26:03:01:DA,-88,7.007,2.220
1785932572154,ANCHOR_01,52:06:26:03:01:DA,-109,7.007,2.220
1785932572641,ANCHOR_08,52:06:26:03:01:DA,-110,7.573,8.569
1785932572741,ANCHOR_05,52:06:26:03:01:DA,-100,7.007,2.220
1785932573591,ANCHOR_10,52:06:26:03:01:DA,-89,7.555,1.881
1785932573640,ANCHOR_03,52:06:26:03:01:DA,-101,7.007,2.220
1785932573646,ANCHOR_08,52:06:26:03:01:DA,-95,7.007,2.220
1785932573695,ANCHOR_09,52:06:26:03:01:DA,-97,7.555,1.881
1785932573788,ANCHOR_02,52:06:26:03:01:DA,-92,7.007,2.220
1785932573826,ANCHOR_06,52:06:26:03:01:DA,-80,7.573,8.569
1785932573999,ANCHOR_02,52:06:26:03:01:DA,-94,7.555,1.881
1785932574671,ANCHOR_04,52:06:26:03:01:DA,-100,7.573,8.569
1785932574729,ANCHOR_06,52:06:26:03:01:DA,-99,7.555,1.881
1785932574884,ANCHOR_12,52:06:26:03:01:DA,-95,2.274,3.457
1785932574975,ANCHOR_07,52:06:26:03:01:DA,-99,2.274,3.457
1785932575213,ANCHOR_06,52:06:26:03:01:DA,-110,2.274,3.457
1785932575257,ANCHOR_09,52:06:26:03:01:DA,-81,2.274,3.457
1785932575365,ANCHOR_12,52:06:26:03:01:DA,-98,7.595,8.432
1785932575571,ANCHOR_08,52:06:26:03:01:DA,-110,7.595,8.432
1785932575614,ANCHOR_11,52:06:26:03:01:DA,-110,7.595,8.432
1785932575707,ANCHOR_05,52:06:26:03:01:DA,-99,2.274,3.457
1785932575900,ANCHOR_11,52:06:26:03:01:DA,-110,2.274,3.457
1785932575952,ANCHOR_04,52:06:26:03:01:DA,-100,7.595,8.432
1785932576026,ANCHOR_08,52:06:26:03:01:DA,-100,2.274,3.457
1785932576161,ANCHOR_09,52:06:26:03:01:DA,-107,7.595,8.432
1785932576205,ANCHOR_02,52:06:26:03:01:DA,-95,2.277,3.425
1785932576235,ANCHOR_04,52:06:26:03:01:DA,-90,2.277,3.425
1785932576261,ANCHOR_03,52:06:26:03:01:DA,-107,2.277,3.425
1785932576303,ANCHOR_05,52:06:26:03:01:DA,-99,2.277,3.425
1785932576409,ANCHOR_11,52:06:26:03:01:DA,-110,2.277,3.425
1785932576480,ANCHOR_09,52:06:26:03:01:DA,-82,2.277,3.425
1785932576673,ANCHOR_06,52:06:26:03:01:DA,-110,2.277,3.425
1785932576695,ANCHOR_07,52:06:26:03:01:DA,-99,2.277,3.425
1785932577122,ANCHOR_01,52:06:26:03:01:DA,-110,7.591,8.387
1785932577231,ANCHOR_02,52:06:26:03:01:DA,-100,7.591,8.387
1785932577267,ANCHOR_08,52:06:26:03:01:DA,-110,7.591,8.387
1785932577314,ANCHOR_04,52:06:26:03:01:DA,-91,2.274,3.457
1785932577435,ANCHOR_03,52:06:26:03:01:DA,-104,7.591,8.387
1785932577439,ANCHOR_01,52:06:26:03:01:DA,-93,2.277,3.425
1785932577553,ANCHOR_12,52:06:26:03:01:DA,-96,2.277,3.425
1785932577554,ANCHOR_08,52:06:26:03:01:DA,-99,2.277,3.425
1785932577571,ANCHOR_10,52:06:26:03:01:DA,-100,2.277,3.425
1785932577634,ANCHOR_06,52:06:26:03:01:DA,-81,7.591,8.387
1785932577737,ANCHOR_12,52:06:26:03:01:DA,-98,7.591,8.387
1785932577798,ANCHOR_02,52:06:26:03:01:DA,-94,3.870,7.765
1785932577957,ANCHOR_04,52:06:26:03:01:DA,-99,7.591,8.387
1785932578046,ANCHOR_06,52:06:26:03:01:DA,-109,2.513,4.174
1785932578200,ANCHOR_08,52:06:26:03:01:DA,-110,3.870,7.765
1785932578356,ANCHOR_09,52:06:26:03:01:DA,-106,7.591,8.387
1785932578540,ANCHOR_11,52:06:26:03:01:DA,-110,7.591,8.387
1785932578638,ANCHOR_04,52:06:26:03:01:DA,-88,2.513,4.174
1785932578762,ANCHOR_03,52:06:26:03:01:DA,-87,3.870,7.765
1785932578980,ANCHOR_05,52:06:26:03:01:DA,-91,7.591,8.387
1785932579063,ANCHOR_03,52:06:26:03:01:DA,-97,2.513,4.174
1785932579155,ANCHOR_07,52:06:26:03:01:DA,-102,2.513,4.174
1785932579258,ANCHOR_05,52:06:26:03:01:DA,-108,3.870,7.765
1785932579353,ANCHOR_01,52:06:26:03:01:DA,-94,3.870,7.765
1785932579378,ANCHOR_11,52:06:26:03:01:DA,-101,3.870,7.765
1785932579636,ANCHOR_01,52:06:26:03:01:DA,-94,2.513,4.174
1785932579701,ANCHOR_06,52:06:26:03:01:DA,-100,3.870,7.765
1785932580441,ANCHOR_10,52:06:26:03:01:DA,-110,3.870,7.765
1785932580700,ANCHOR_01,52:06:26:03:01:DA,-94,2.277,3.425
1785932580816,ANCHOR_01,52:06:26:03:01:DA,-94,2.277,3.425
1785932582041,ANCHOR_06,52:06:26:03:01:DA,-110,2.277,3.425
1785932582851,ANCHOR_12,52:06:26:03:01:DA,-95,2.277,3.425
1785932583581,ANCHOR_10,52:06:26:03:01:DA,-101,2.277,3.425
1785932583690,ANCHOR_08,52:06:26:03:01:DA,-100,2.277,3.425
1785932583693,ANCHOR_09,52:06:26:03:01:DA,-81,2.277,3.425
1785932583885,ANCHOR_08,52:06:26:03:01:DA,-100,2.277,3.425
1785932584053,ANCHOR_07,52:06:26:03:01:DA,-100,2.277,3.425
1785932584093,ANCHOR_11,52:06:26:03:01:DA,-110,2.277,3.425
1785932584474,ANCHOR_10,52:06:26:03:01:DA,-100,2.277,3.425
1785932584651,ANCHOR_07,52:06:26:03:01:DA,-98,2.277,3.425
1785932584663,ANCHOR_05,52:06:26:03:01:DA,-99,2.277,3.425
1785932584696,ANCHOR_02,52:06:26:03:01:DA,-95,2.277,3.425
1785932584736,ANCHOR_11,52:06:26:03:01:DA,-110,2.277,3.425
1785932584781,ANCHOR_12,52:06:26:03:01:DA,-95,2.277,3.425
1785932585176,ANCHOR_02,52:06:26:03:01:DA,-95,2.277,3.425
1785932585241,ANCHOR_02,52:06:26:03:01:DA,-95,2.277,3.425
1785932585368,ANCHOR_11,52:06:26:03:01:DA,-110,2.277,3.425
1785932585368,ANCHOR_12,52:06:26:03:01:DA,-96,2.277,3.425
1785932585423,ANCHOR_10,52:06:26:03:01:DA,-101,2.277,3.425
1785932585681,ANCHOR_08,52:06:26:03:01:DA,-100,2.277,3.425
1785932585689,ANCHOR_06,52:06:26:03:01:DA,-110,2.277,3.425
1785932585759,ANCHOR_05,52:06:26:03:01:DA,-99,2.277,3.425
1785932586106,ANCHOR_01,52:06:26:03:01:DA,-94,2.277,3.425
1785932586177,ANCHOR_04,52:06:26:03:01:DA,-91,2.277,3.425
1785932586313,ANCHOR_09,52:06:26:03:01:DA,-82,2.277,3.425
1785932586320,ANCHOR_05,52:06:26:03:01:DA,-99,2.277,3.425
1785932586756,ANCHOR_02,52:06:26:03:01:DA,-96,2.277,3.425
1785932587036,ANCHOR_01,52:06:26:03:01:DA,-93,2.277,3.425
1785932587255,ANCHOR_07,52:06:26:03:01:DA,-99,2.277,3.425
1785932587356,ANCHOR_04,52:06:26:03:01:DA,-91,2.277,3.425
1785932587630,ANCHOR_03,52:06:26:03:01:DA,-107,2.277,3.425
1785932587684,ANCHOR_11,52:06:26:03:01:DA,-110,2.277,3.425
1785932588249,ANCHOR_08,52:06:26:03:01:DA,-99,2.277,3.425
1785932588281,ANCHOR_07,52:06:26:03:01:DA,-99,2.277,3.425
1785932589656,ANCHOR_10,52:06:26:03:01:DA,-101,2.277,3.425
1785932590111,ANCHOR_05,52:06:26:03:01:DA,-98,2.277,3.425
1785932590227,ANCHOR_09,52:06:26:03:01:DA,-82,2.277,3.425
1785932590468,ANCHOR_07,52:06:26:03:01:DA,-99,2.277,3.425
1785932590776,ANCHOR_10,52:06:26:03:01:DA,-101,2.277,3.425
1785932590824,ANCHOR_10,52:06:26:03:01:DA,-101,2.277,3.425
1785932590828,ANCHOR_02,52:06:26:03:01:DA,-95,2.277,3.425
1785932590856,ANCHOR_03,52:06:26:03:01:DA,-106,2.277,3.425
1785932590916,ANCHOR_08,52:06:26:03:01:DA,-100,2.277,3.425
1785932591027,ANCHOR_12,52:06:26:03:01:DA,-96,2.277,3.425
1785932591734,ANCHOR_05,52:06:26:03:01:DA,-99,2.277,3.425
1785932591976,ANCHOR_09,52:06:26:03:01:DA,-81,2.277,3.425
1785932592124,ANCHOR_08,52:06:26:03:01:DA,-100,2.277,3.425
1785932592130,ANCHOR_11,52:06:26:03:01:DA,-110,2.277,3.425
1785932592163,ANCHOR_11,52:06:26:03:01:DA,-110,2.277,3.425
1785932592282,ANCHOR_10,52:06:26:03:01:DA,-101,2.277,3.425
1785932592287,ANCHOR_12,52:06:26:03:01:DA,-96,2.277,3.425
1785932592496,ANCHOR_12,52:06:26:03:01:DA,-95,2.277,3.425
1785932592553,ANCHOR_01,52:06:26:03:01:DA,-93,2.277,3.425
1785932592576,ANCHOR_06,52:06:26:03:01:DA,-110,2.277,3.425
1785932592648,ANCHOR_02,52:06:26:03:01:DA,-96,2.277,3.425
1785932593013,ANCHOR_03,52:06:26:03:01:DA,-107,2.277,3.425
1785932593054,ANCHOR_09,52:06:26:03:01:DA,-82,2.277,3.425
1785932593106,ANCHOR_04,52:06:26:03:01:DA,-91,2.277,3.425
1785932593130,ANCHOR_04,52:06:26:03:01:DA,-91,2.277,3.425
1785932593309,ANCHOR_08,52:06:26:03:01:DA,-99,2.277,3.425
1785932593548,ANCHOR_05,52:06:26:03:01:DA,-100,2.277,3.425
1785932593798,ANCHOR_01,52:06:26:03:01:DA,-93,2.277,3.425
1785932593949,ANCHOR_03,52:06:26:03:01:DA,-107,2.277,3.425
1785932594263,ANCHOR_06,52:06:26:03:01:DA,-110,2.277,3.425
1785932594469,ANCHOR_11,52:06:26:03:01:DA,-110,2.277,3.425
1785932594467,ANCHOR_02,52:06:26:03:01:DA,-96,2.277,3.425
1785932594495,ANCHOR_07,52:06:26:03:01:DA,-99,2.277,3.425
1785932594562,ANCHOR_12,52:06:26:03:01:DA,-95,2.277,3.425
1785932595192,ANCHOR_09,52:06:26:03:01:DA,-82,2.277,3.425
1785932595583,ANCHOR_10,52:06:26:03:01:DA,-101,2.277,3.425
1785932595775,ANCHOR_09,52:06:26:03:01:DA,-82,2.277,3.425
1785932596077,ANCHOR_07,52:06:26:03:01:DA,-99,2.277,3.425
1785932596078,ANCHOR_02,52:06:26:03:01:DA,-96,2.277,3.425
1785932596122,ANCHOR_04,52:06:26:03:01:DA,-91,2.277,3.425
1785932596153,ANCHOR_03,52:06:26:03:01:DA,-107,2.277,3.425
1785932596333,ANCHOR_01,52:06:26:03:01:DA,-94,2.277,3.425
1785932596902,ANCHOR_08,52:06:26:03:01:DA,-100,2.277,3.425
1785932597115,ANCHOR_09,52:06:26:03:01:DA,-83,2.277,3.425
1785932597271,ANCHOR_08,52:06:26:03:01:DA,-100,2.277,3.425
1785932597336,ANCHOR_12,52:06:26:03:01:DA,-96,2.277,3.425
1785932597378,ANCHOR_05,52:06:26:03:01:DA,-99,2.277,3.425
1785932597457,ANCHOR_10,52:06:26:03:01:DA,-100,2.277,3.425
1785932597563,ANCHOR_06,52:06:26:03:01:DA,-110,2.277,3.425
1785932597698,ANCHOR_10,52:06:26:03:01:DA,-102,2.277,3.425
1785932597912,ANCHOR_11,52:06:26:03:01:DA,-110,2.277,3.425
1785932597961,ANCHOR_02,52:06:26:03:01:DA,-96,2.277,3.425
1785932598212,ANCHOR_03,52:06:26:03:01:DA,-107,2.277,3.425
1785932598360,ANCHOR_11,52:06:26:03:01:DA,-110,2.277,3.425
1785932598422,ANCHOR_06,52:06:26:03:01:DA,-110,2.277,3.425
1785932598481,ANCHOR_02,52:06:26:03:01:DA,-95,2.277,3.425
1785932598512,ANCHOR_07,52:06:26:03:01:DA,-99,2.277,3.425
1785932598581,ANCHOR_04,52:06:26:03:01:DA,-90,2.277,3.425
1785932598605,ANCHOR_03,52:06:26:03:01:DA,-107,2.277,3.425
1785932598675,ANCHOR_01,52:06:26:03:01:DA,-93,2.277,3.425
1785932598708,ANCHOR_02,52:06:26:03:01:DA,-96,2.277,3.425
1785932598732,ANCHOR_05,52:06:26:03:01:DA,-99,2.277,3.425
1785932598812,ANCHOR_07,52:06:26:03:01:DA,-99,2.277,3.425
1785932598868,ANCHOR_06,52:06:26:03:01:DA,-110,2.277,3.425
1785932598946,ANCHOR_03,52:06:26:03:01:DA,-108,2.277,3.425
1785932599014,ANCHOR_04,52:06:26:03:01:DA,-91,2.277,3.425
1785932599079,ANCHOR_10,52:06:26:03:01:DA,-100,2.277,3.425
1785932599087,ANCHOR_11,52:06:26:03:01:DA,-110,2.277,3.425
1785932599248,ANCHOR_09,52:06:26:03:01:DA,-82,2.277,3.425
1785932599477,ANCHOR_08,52:06:26:03:01:DA,-100,2.277,3.425
1785932599530,ANCHOR_12,52:06:26:03:01:DA,-96,2.277,3.425
1785932599848,ANCHOR_01,52:06:26:03:01:DA,-94,2.277,3.425
1785932600129,ANCHOR_03,52:06:26:03:01:DA,-106,2.277,3.425
1785932600257,ANCHOR_06,52:06:26:03:01:DA,-110,2.277,3.425
1785932600340,ANCHOR_07,52:06:26:03:01:DA,-100,2.277,3.425
1785932600368,ANCHOR_02,52:06:26:03:01:DA,-95,2.277,3.425
1785932600388,ANCHOR_04,52:06:26:03:01:DA,-91,2.277,3.425
1785932600448,ANCHOR_09,52:06:26:03:01:DA,-81,2.277,3.425
1785932600753,ANCHOR_05,52:06:26:03:01:DA,-100,2.277,3.425
1785932600898,ANCHOR_10,52:06:26:03:01:DA,-102,2.277,3.425
1785932601008,ANCHOR_11,52:06:26:03:01:DA,-110,2.277,3.425
1785932601075,ANCHOR_12,52:06:26:03:01:DA,-95,2.277,3.425
1785932601090,ANCHOR_08,52:06:26:03:01:DA,-100,2.277,3.425
1785932601148,ANCHOR_01,52:06:26:03:01:DA,-94,2.277,3.425
1785932601409,ANCHOR_04,52:06:26:03:01:DA,-91,2.277,3.425
1785932601407,ANCHOR_06,52:06:26:03:01:DA,-110,2.277,3.425
1785932601554,ANCHOR_07,52:06:26:03:01:DA,-99,2.277,3.425
1785932601578,ANCHOR_03,52:06:26:03:01:DA,-107,2.277,3.425
1785932601634,ANCHOR_08,52:06:26:03:01:DA,-101,2.277,3.425
1785932601657,ANCHOR_02,52:06:26:03:01:DA,-95,2.277,3.425
1785932601697,ANCHOR_10,52:06:26:03:01:DA,-101,2.277,3.425
1785932601714,ANCHOR_09,52:06:26:03:01:DA,-82,2.277,3.425
1785932601882,ANCHOR_05,52:06:26:03:01:DA,-99,2.277,3.425
1785932602481,ANCHOR_12,52:06:26:03:01:DA,-96,2.277,3.425
1785932602782,ANCHOR_11,52:06:26:03:01:DA,-110,2.277,3.425
1785932602814,ANCHOR_04,52:06:26:03:01:DA,-91,2.277,3.425
1785932602860,ANCHOR_03,52:06:26:03:01:DA,-106,2.277,3.425
1785932602981,ANCHOR_01,52:06:26:03:01:DA,-94,2.277,3.425
1785932603211,ANCHOR_05,52:06:26:03:01:DA,-100,2.277,3.425
1785932603320,ANCHOR_04,52:06:26:03:01:DA,-92,2.277,3.425
1785932603352,ANCHOR_08,52:06:26:03:01:DA,-100,2.277,3.425
1785932603462,ANCHOR_06,52:06:26:03:01:DA,-110,2.277,3.425
1785932603482,ANCHOR_11,52:06:26:03:01:DA,-110,2.277,3.425
1785932603506,ANCHOR_10,52:06:26:03:01:DA,-100,2.277,3.425
1785932603557,ANCHOR_02,52:06:26:03:01:DA,-96,2.277,3.425
1785932603599,ANCHOR_12,52:06:26:03:01:DA,-95,2.277,3.425
1785932603664,ANCHOR_09,52:06:26:03:01:DA,-82,2.277,3.425
1785932603675,ANCHOR_07,52:06:26:03:01:DA,-100,2.277,3.425
1785932603744,ANCHOR_01,52:06:26:03:01:DA,-94,2.277,3.425
1785932603784,ANCHOR_04,52:06:26:03:01:DA,-90,2.277,3.425
1785932603787,ANCHOR_05,52:06:26:03:01:DA,-99,2.277,3.425
1785932603912,ANCHOR_03,52:06:26:03:01:DA,-107,2.277,3.425
1785932603918,ANCHOR_07,52:06:26:03:01:DA,-100,2.277,3.425
1785932603987,ANCHOR_05,52:06:26:03:01:DA,-99,2.277,3.425
1785932604084,ANCHOR_08,52:06:26:03:01:DA,-101,2.277,3.425
1785932604105,ANCHOR_09,52:06:26:03:01:DA,-81,2.277,3.425
1785932604133,ANCHOR_10,52:06:26:03:01:DA,-100,2.277,3.425
1785932604698,ANCHOR_02,52:06:26:03:01:DA,-95,2.277,3.425
1785932604754,ANCHOR_11,52:06:26:03:01:DA,-110,2.277,3.425
1785932604785,ANCHOR_06,52:06:26:03:01:DA,-110,2.277,3.425
1785932605023,ANCHOR_12,52:06:26:03:01:DA,-94,2.277,3.425
1785932605073,ANCHOR_03,52:06:26:03:01:DA,-108,2.277,3.425
1785932605126,ANCHOR_04,52:06:26:03:01:DA,-90,2.277,3.425
1785932605153,ANCHOR_06,52:06:26:03:01:DA,-110,2.277,3.425
1785932605779,ANCHOR_07,52:06:26:03:01:DA,-99,2.277,3.425
1785932605869,ANCHOR_01,52:06:26:03:01:DA,-94,2.277,3.425
1785932606001,ANCHOR_10,52:06:26:03:01:DA,-100,2.277,3.425
1785932606069,ANCHOR_08,52:06:26:03:01:DA,-100,2.277,3.425
1785932606119,ANCHOR_02,52:06:26:03:01:DA,-95,2.277,3.425
1785932606137,ANCHOR_01,52:06:26:03:01:DA,-93,2.277,3.425
1785932606713,ANCHOR_12,52:06:26:03:01:DA,-95,2.277,3.425
1785932606755,ANCHOR_11,52:06:26:03:01:DA,-110,2.277,3.425
1785932606848,ANCHOR_09,52:06:26:03:01:DA,-82,2.277,3.425
1785932607099,ANCHOR_05,52:06:26:03:01:DA,-99,2.277,3.425
1785932607123,ANCHOR_08,52:06:26:03:01:DA,-100,2.277,3.425
1785932607539,ANCHOR_05,52:06:26:03:01:DA,-99,2.277,3.425
1785932607859,ANCHOR_04,52:06:26:03:01:DA,-91,2.277,3.425
1785932607947,ANCHOR_07,52:06:26:03:01:DA,-98,2.277,3.425
1785932608180,ANCHOR_06,52:06:26:03:01:DA,-110,2.277,3.425
1785932608196,ANCHOR_09,52:06:26:03:01:DA,-81,2.277,3.425
1785932608241,ANCHOR_10,52:06:26:03:01:DA,-101,2.277,3.425
1785932608261,ANCHOR_01,52:06:26:03:01:DA,-93,2.277,3.425
1785932608285,ANCHOR_02,52:06:26:03:01:DA,-95,2.277,3.425
1785932608535,ANCHOR_11,52:06:26:03:01:DA,-110,2.277,3.425
1785932608639,ANCHOR_03,52:06:26:03:01:DA,-107,2.277,3.425
1785932609035,ANCHOR_12,52:06:26:03:01:DA,-95,2.277,3.425
1785932609102,ANCHOR_02,52:06:26:03:01:DA,-96,2.277,3.425
1785932609168,ANCHOR_09,52:06:26:03:01:DA,-82,2.277,3.425
1785932609202,ANCHOR_03,52:06:26:03:01:DA,-107,2.277,3.425
1785932609215,ANCHOR_05,52:06:26:03:01:DA,-99,2.277,3.425
1785932609261,ANCHOR_07,52:06:26:03:01:DA,-99,2.277,3.425
1785932609291,ANCHOR_08,52:06:26:03:01:DA,-100,2.277,3.425
1785932609342,ANCHOR_01,52:06:26:03:01:DA,-94,2.277,3.425
1785932609450,ANCHOR_01,52:06:26:03:01:DA,-94,2.277,3.425
1785932609492,ANCHOR_10,52:06:26:03:01:DA,-101,2.277,3.425
1785932609560,ANCHOR_12,52:06:26:03:01:DA,-95,2.277,3.425
1785932609598,ANCHOR_06,52:06:26:03:01:DA,-110,2.277,3.425
1785932609687,ANCHOR_11,52:06:26:03:01:DA,-110,2.277,3.425
1785932609746,ANCHOR_02,52:06:26:03:01:DA,-96,2.277,3.425
1785932609747,ANCHOR_03,52:06:26:03:01:DA,-106,2.277,3.425
1785932609803,ANCHOR_04,52:06:26:03:01:DA,-91,2.277,3.425
1785932609875,ANCHOR_09,52:06:26:03:01:DA,-82,2.277,3.425
1785932609897,ANCHOR_07,52:06:26:03:01:DA,-99,2.277,3.425
1785932610002,ANCHOR_06,52:06:26:03:01:DA,-110,2.277,3.425
1785932610578,ANCHOR_10,52:06:26:03:01:DA,-101,2.277,3.425
1785932610604,ANCHOR_05,52:06:26:03:01:DA,-98,2.277,3.425
1785932610693,ANCHOR_01,52:06:26:03:01:DA,-93,2.277,3.425
1785932610823,ANCHOR_12,52:06:26:03:01:DA,-96,2.277,3.425
1785932611367,ANCHOR_11,52:06:26:03:01:DA,-110,2.277,3.425
1785932611512,ANCHOR_05,52:06:26:03:01:DA,-92,5.904,3.330
1785932611593,ANCHOR_08,52:06:26:03:01:DA,-99,2.277,3.425
1785932611652,ANCHOR_04,52:06:26:03:01:DA,-91,2.277,3.425
1785932611911,ANCHOR_10,52:06:26:03:01:DA,-101,2.277,3.425
1785932611914,ANCHOR_03,52:06:26:03:01:DA,-107,2.277,3.425
1785932612202,ANCHOR_01,52:06:26:03:01:DA,-94,2.277,3.425
1785932612252,ANCHOR_11,52:06:26:03:01:DA,-110,2.277,3.425
1785932612851,ANCHOR_02,52:06:26:03:01:DA,-96,2.277,3.425
1785932613824,ANCHOR_09,52:06:26:03:01:DA,-82,2.277,3.425
1785932613982,ANCHOR_05,52:06:26:03:01:DA,-95,8.539,2.510
1785932614153,ANCHOR_09,52:06:26:03:01:DA,-98,8.539,2.510
1785932790786,ANCHOR_03,52:06:26:03:01:DA,-99,2.398,2.306
1785932790786,ANCHOR_07,52:06:26:03:01:DA,-90,2.398,2.306
1785932790786,ANCHOR_04,52:06:26:03:01:DA,-92,2.398,2.306
1785932790786,ANCHOR_02,52:06:26:03:01:DA,-91,2.398,2.306
1785932790786,ANCHOR_06,52:06:26:03:01:DA,-101,2.398,2.306
1785932790786,ANCHOR_08,52:06:26:03:01:DA,-90,2.398,2.306
1785932790786,ANCHOR_10,52:06:26:03:01:DA,-97,2.398,2.306
1785932790786,ANCHOR_11,52:06:26:03:01:DA,-110,2.398,2.306
1785932790786,ANCHOR_01,52:06:26:03:01:DA,-97,2.398,2.306
1785932790786,ANCHOR_12,52:06:26:03:01:DA,-96,2.398,2.306
1785932790786,ANCHOR_09,52:06:26:03:01:DA,-88,2.398,2.306
1785932790786,ANCHOR_05,52:06:26:03:01:DA,-99,2.398,2.306
1786644978853,ANCHOR_01,52:06:26:03:01:DA,-73,5.000,5.000
1786644978853,ANCHOR_02,52:06:26:03:01:DA,-40,5.000,5.000
1786644978853,ANCHOR_03,52:06:26:03:01:DA,-75,5.000,5.000
1786644978853,ANCHOR_04,52:06:26:03:01:DA,-39,5.000,5.000
1786644978853,ANCHOR_05,52:06:26:03:01:DA,-74,5.000,5.000
1786644978853,ANCHOR_06,52:06:26:03:01:DA,-75,5.000,5.000
1786644978853,ANCHOR_07,52:06:26:03:01:DA,-77,5.000,5.000
1786644978853,ANCHOR_08,52:06:26:03:01:DA,-73,5.000,5.000
1786644978853,ANCHOR_09,52:06:26:03:01:DA,-64,5.000,5.000
1786644978853,ANCHOR_10,52:06:26:03:01:DA,-72,5.000,5.000
1786644978853,ANCHOR_11,52:06:26:03:01:DA,-78,5.000,5.000
1786644978853,ANCHOR_12,52:06:26:03:01:DA,-65,5.000,5.000
1786644978853,ANCHOR_01,EC:G1:00:00:00:01,-65,2.500,7.500
1786644978853,ANCHOR_02,EC:G1:00:00:00:01,-68,2.500,7.500
1786644978853,ANCHOR_03,EC:G1:00:00:00:01,-66,2.500,7.500
1786644978853,ANCHOR_04,EC:G1:00:00:00:01,-68,2.500,7.500
1786644978853,ANCHOR_05,EC:G1:00:00:00:01,-78,2.500,7.500
1786644978853,ANCHOR_06,EC:G1:00:00:00:01,-75,2.500,7.500
1786644978853,ANCHOR_07,EC:G1:00:00:00:01,-79,2.500,7.500
1786644978853,ANCHOR_08,EC:G1:00:00:00:01,-78,2.500,7.500
1786644978853,ANCHOR_09,EC:G1:00:00:00:01,-66,2.500,7.500
1786644978853,ANCHOR_10,EC:G1:00:00:00:01,-78,2.500,7.500
1786644978853,ANCHOR_12,EC:G1:00:00:00:01,-76,2.500,7.500
1786644978853,ANCHOR_01,WC:HR:00:00:00:04,-76,5.000,2.500
1786644978853,ANCHOR_02,WC:HR:00:00:00:04,-65,5.000,2.500
1786644978853,ANCHOR_03,WC:HR:00:00:00:04,-79,5.000,2.500
1786644978853,ANCHOR_04,WC:HR:00:00:00:04,-66,5.000,2.500
1786644978853,ANCHOR_05,WC:HR:00:00:00:04,-76,5.000,2.500
1786644978853,ANCHOR_06,WC:HR:00:00:00:04,-79,5.000,2.500
1786644978853,ANCHOR_07,WC:HR:00:00:00:04,-71,5.000,2.500
1786644978853,ANCHOR_08,WC:HR:00:00:00:04,-63,5.000,2.500
1786644978853,ANCHOR_09,WC:HR:00:00:00:04,-69,5.000,2.500
1786644978853,ANCHOR_10,WC:HR:00:00:00:04,-65,5.000,2.500
1786644978853,ANCHOR_11,WC:HR:00:00:00:04,-75,5.000,2.500
1786644978853,ANCHOR_12,WC:HR:00:00:00:04,-69,5.000,2.500
1786644978853,ANCHOR_01,ST:AF:00:00:00:09,-73,5.000,7.500
1786644978853,ANCHOR_02,ST:AF:00:00:00:09,-66,5.000,7.500
1786644978853,ANCHOR_03,ST:AF:00:00:00:09,-71,5.000,7.500
1786644978853,ANCHOR_04,ST:AF:00:00:00:09,-66,5.000,7.500
1786644978853,ANCHOR_05,ST:AF:00:00:00:09,-73,5.000,7.500
1786644978853,ANCHOR_06,ST:AF:00:00:00:09,-68,5.000,7.500
1786644978853,ANCHOR_08,ST:AF:00:00:00:09,-76,5.000,7.500
1786644978853,ANCHOR_09,ST:AF:00:00:00:09,-69,5.000,7.500
1786644978853,ANCHOR_10,ST:AF:00:00:00:09,-78,5.000,7.500
1786644978853,ANCHOR_12,ST:AF:00:00:00:09,-70,5.000,7.500
1786644978853,ANCHOR_01,PA:TN:00:00:00:11,-68,2.500,7.500
1786644978853,ANCHOR_02,PA:TN:00:00:00:11,-68,2.500,7.500
1786644978853,ANCHOR_03,PA:TN:00:00:00:11,-66,2.500,7.500
1786644978853,ANCHOR_04,PA:TN:00:00:00:11,-69,2.500,7.500
1786644978853,ANCHOR_05,PA:TN:00:00:00:11,-77,2.500,7.500
1786644978853,ANCHOR_06,PA:TN:00:00:00:11,-71,2.500,7.500
1786644978853,ANCHOR_07,PA:TN:00:00:00:11,-78,2.500,7.500
1786644978853,ANCHOR_08,PA:TN:00:00:00:11,-80,2.500,7.500
1786644978853,ANCHOR_09,PA:TN:00:00:00:11,-66,2.500,7.500
1786644978853,ANCHOR_10,PA:TN:00:00:00:11,-80,2.500,7.500
1786644978853,ANCHOR_12,PA:TN:00:00:00:11,-76,2.500,7.500
1786644978853,ANCHOR_01,CA:RT:00:00:00:08,-75,7.500,7.500
1786644978853,ANCHOR_02,CA:RT:00:00:00:08,-71,7.500,7.500
1786644978853,ANCHOR_03,CA:RT:00:00:00:08,-75,7.500,7.500
1786644978853,ANCHOR_04,CA:RT:00:00:00:08,-66,7.500,7.500
1786644978853,ANCHOR_05,CA:RT:00:00:00:08,-71,7.500,7.500
1786644978853,ANCHOR_06,CA:RT:00:00:00:08,-65,7.500,7.500
1786644978853,ANCHOR_08,CA:RT:00:00:00:08,-80,7.500,7.500
1786644978853,ANCHOR_09,CA:RT:00:00:00:08,-73,7.500,7.500
1786644978853,ANCHOR_10,CA:RT:00:00:00:08,-79,7.500,7.500
1786644978853,ANCHOR_11,CA:RT:00:00:00:08,-79,7.500,7.500
1786644978853,ANCHOR_12,CA:RT:00:00:00:08,-65,7.500,7.500
1786644980087,ANCHOR_01,52:06:26:03:01:DA,-72,5.501,5.497
1786644980087,ANCHOR_02,52:06:26:03:01:DA,-50,5.501,5.497
1786644980087,ANCHOR_03,52:06:26:03:01:DA,-74,5.501,5.497
1786644980087,ANCHOR_04,52:06:26:03:01:DA,-45,5.501,5.497
1786644980087,ANCHOR_05,52:06:26:03:01:DA,-71,5.501,5.497
1786644980087,ANCHOR_06,52:06:26:03:01:DA,-73,5.501,5.497
1786644980087,ANCHOR_07,52:06:26:03:01:DA,-79,5.501,5.497
1786644980087,ANCHOR_08,52:06:26:03:01:DA,-73,5.501,5.497
1786644980087,ANCHOR_09,52:06:26:03:01:DA,-67,5.501,5.497
1786644980087,ANCHOR_10,52:06:26:03:01:DA,-74,5.501,5.497
1786644980087,ANCHOR_11,52:06:26:03:01:DA,-78,5.501,5.497
1786644980087,ANCHOR_12,52:06:26:03:01:DA,-64,5.501,5.497
1786644980087,ANCHOR_01,EC:G1:00:00:00:01,-68,2.681,7.680
1786644980087,ANCHOR_02,EC:G1:00:00:00:01,-68,2.681,7.680
1786644980087,ANCHOR_03,EC:G1:00:00:00:01,-64,2.681,7.680
1786644980087,ANCHOR_04,EC:G1:00:00:00:01,-68,2.681,7.680
1786644980087,ANCHOR_05,EC:G1:00:00:00:01,-78,2.681,7.680
1786644980087,ANCHOR_06,EC:G1:00:00:00:01,-75,2.681,7.680
1786644980087,ANCHOR_07,EC:G1:00:00:00:01,-78,2.681,7.680
1786644980087,ANCHOR_08,EC:G1:00:00:00:01,-78,2.681,7.680
1786644980087,ANCHOR_09,EC:G1:00:00:00:01,-66,2.681,7.680
1786644980087,ANCHOR_10,EC:G1:00:00:00:01,-79,2.681,7.680
1786644980087,ANCHOR_01,WC:HR:00:00:00:04,-75,5.526,2.723
1786644980087,ANCHOR_02,WC:HR:00:00:00:04,-67,5.526,2.723
1786644980087,ANCHOR_03,WC:HR:00:00:00:04,-79,5.526,2.723
1786644980087,ANCHOR_04,WC:HR:00:00:00:04,-63,5.526,2.723
1786644980087,ANCHOR_05,WC:HR:00:00:00:04,-73,5.526,2.723
1786644980087,ANCHOR_06,WC:HR:00:00:00:04,-77,5.526,2.723
1786644980087,ANCHOR_07,WC:HR:00:00:00:04,-75,5.526,2.723
1786644980087,ANCHOR_08,WC:HR:00:00:00:04,-65,5.526,2.723
1786644980087,ANCHOR_09,WC:HR:00:00:00:04,-71,5.526,2.723
1786644980087,ANCHOR_10,WC:HR:00:00:00:04,-65,5.526,2.723
1786644980087,ANCHOR_11,WC:HR:00:00:00:04,-74,5.526,2.723
1786644980087,ANCHOR_12,WC:HR:00:00:00:04,-68,5.526,2.723
1786644980087,ANCHOR_01,ST:AF:00:00:00:09,-75,5.476,7.687
1786644980087,ANCHOR_02,ST:AF:00:00:00:09,-68,5.476,7.687
1786644980087,ANCHOR_03,ST:AF:00:00:00:09,-71,5.476,7.687
1786644980087,ANCHOR_04,ST:AF:00:00:00:09,-65,5.476,7.687
1786644980087,ANCHOR_05,ST:AF:00:00:00:09,-72,5.476,7.687
1786644980087,ANCHOR_06,ST:AF:00:00:00:09,-66,5.476,7.687
1786644980087,ANCHOR_08,ST:AF:00:00:00:09,-77,5.476,7.687
1786644980087,ANCHOR_09,ST:AF:00:00:00:09,-70,5.476,7.687
1786644980087,ANCHOR_10,ST:AF:00:00:00:09,-80,5.476,7.687
1786644980087,ANCHOR_12,ST:AF:00:00:00:09,-70,5.476,7.687
1786644980087,ANCHOR_01,PA:TN:00:00:00:11,-68,2.519,7.519
1786644980087,ANCHOR_02,PA:TN:00:00:00:11,-68,2.519,7.519
1786644980087,ANCHOR_03,PA:TN:00:00:00:11,-64,2.519,7.519
1786644980087,ANCHOR_04,PA:TN:00:00:00:11,-69,2.519,7.519
1786644980087,ANCHOR_05,PA:TN:00:00:00:11,-78,2.519,7.519
1786644980087,ANCHOR_06,PA:TN:00:00:00:11,-74,2.519,7.519
1786644980087,ANCHOR_07,PA:TN:00:00:00:11,-79,2.519,7.519
1786644980087,ANCHOR_08,PA:TN:00:00:00:11,-79,2.519,7.519
1786644980087,ANCHOR_09,PA:TN:00:00:00:11,-66,2.519,7.519
1786644980087,ANCHOR_10,PA:TN:00:00:00:11,-78,2.519,7.519
1786644980087,ANCHOR_12,PA:TN:00:00:00:11,-75,2.519,7.519
1786644980087,ANCHOR_01,CA:RT:00:00:00:08,-80,7.632,7.631
1786644980087,ANCHOR_02,CA:RT:00:00:00:08,-72,7.632,7.631
1786644980087,ANCHOR_03,CA:RT:00:00:00:08,-73,7.632,7.631
1786644980087,ANCHOR_04,CA:RT:00:00:00:08,-71,7.632,7.631
1786644980087,ANCHOR_05,CA:RT:00:00:00:08,-68,7.632,7.631
1786644980087,ANCHOR_06,CA:RT:00:00:00:08,-63,7.632,7.631
1786644980087,ANCHOR_08,CA:RT:00:00:00:08,-78,7.632,7.631
1786644980087,ANCHOR_09,CA:RT:00:00:00:08,-74,7.632,7.631
1786644980087,ANCHOR_10,CA:RT:00:00:00:08,-78,7.632,7.631
1786644980087,ANCHOR_11,CA:RT:00:00:00:08,-77,7.632,7.631
1786644980087,ANCHOR_12,CA:RT:00:00:00:08,-68,7.632,7.631
1786644981304,ANCHOR_01,52:06:26:03:01:DA,-77,5.995,5.964
1786644981304,ANCHOR_02,52:06:26:03:01:DA,-60,5.995,5.964
1786644981304,ANCHOR_03,52:06:26:03:01:DA,-75,5.995,5.964
1786644981304,ANCHOR_05,52:06:26:03:01:DA,-70,5.995,5.964
1786644981304,ANCHOR_06,52:06:26:03:01:DA,-71,5.995,5.964
1786644981304,ANCHOR_07,52:06:26:03:01:DA,-79,5.995,5.964
1786644981304,ANCHOR_08,52:06:26:03:01:DA,-75,5.995,5.964
1786644981304,ANCHOR_09,52:06:26:03:01:DA,-69,5.995,5.964
1786644981304,ANCHOR_10,52:06:26:03:01:DA,-76,5.995,5.964
1786644981304,ANCHOR_11,52:06:26:03:01:DA,-78,5.995,5.964
1786644981304,ANCHOR_12,52:06:26:03:01:DA,-61,5.995,5.964
1786644981304,ANCHOR_01,EC:G1:00:00:00:01,-68,2.859,7.852
1786644981304,ANCHOR_02,EC:G1:00:00:00:01,-67,2.859,7.852
1786644981304,ANCHOR_03,EC:G1:00:00:00:01,-63,2.859,7.852
1786644981304,ANCHOR_04,EC:G1:00:00:00:01,-69,2.859,7.852
1786644981304,ANCHOR_05,EC:G1:00:00:00:01,-80,2.859,7.852
1786644981304,ANCHOR_06,EC:G1:00:00:00:01,-73,2.859,7.852
1786644981304,ANCHOR_07,EC:G1:00:00:00:01,-78,2.859,7.852
1786644981304,ANCHOR_08,EC:G1:00:00:00:01,-79,2.859,7.852
1786644981304,ANCHOR_09,EC:G1:00:00:00:01,-68,2.859,7.852
1786644981304,ANCHOR_10,EC:G1:00:00:00:01,-77,2.859,7.852
1786644981304,ANCHOR_12,EC:G1:00:00:00:01,-77,2.859,7.852
1786644981304,ANCHOR_01,WC:HR:00:00:00:04,-76,6.040,2.925
1786644981304,ANCHOR_02,WC:HR:00:00:00:04,-67,6.040,2.925
1786644981304,ANCHOR_03,WC:HR:00:00:00:04,-79,6.040,2.925
1786644981304,ANCHOR_04,WC:HR:00:00:00:04,-64,6.040,2.925
1786644981304,ANCHOR_05,WC:HR:00:00:00:04,-74,6.040,2.925
1786644981304,ANCHOR_06,WC:HR:00:00:00:04,-77,6.040,2.925
1786644981304,ANCHOR_08,WC:HR:00:00:00:04,-67,6.040,2.925
1786644981304,ANCHOR_09,WC:HR:00:00:00:04,-70,6.040,2.925
1786644981304,ANCHOR_10,WC:HR:00:00:00:04,-68,6.040,2.925
1786644981304,ANCHOR_11,WC:HR:00:00:00:04,-74,6.040,2.925
1786644981304,ANCHOR_12,WC:HR:00:00:00:04,-64,6.040,2.925
1786644981304,ANCHOR_01,ST:AF:00:00:00:09,-78,5.945,7.861
1786644981304,ANCHOR_03,ST:AF:00:00:00:09,-71,5.945,7.861
1786644981304,ANCHOR_04,ST:AF:00:00:00:09,-68,5.945,7.861
1786644981304,ANCHOR_05,ST:AF:00:00:00:09,-71,5.945,7.861
1786644981304,ANCHOR_06,ST:AF:00:00:00:09,-66,5.945,7.861
1786644981304,ANCHOR_08,ST:AF:00:00:00:09,-76,5.945,7.861
1786644981304,ANCHOR_09,ST:AF:00:00:00:09,-72,5.945,7.861
1786644981304,ANCHOR_10,ST:AF:00:00:00:09,-77,5.945,7.861
1786644981304,ANCHOR_12,ST:AF:00:00:00:09,-68,5.945,7.861
1786644981304,ANCHOR_01,PA:TN:00:00:00:11,-69,2.538,7.538
1786644981304,ANCHOR_02,PA:TN:00:00:00:11,-70,2.538,7.538
1786644981304,ANCHOR_03,PA:TN:00:00:00:11,-64,2.538,7.538
1786644981304,ANCHOR_04,PA:TN:00:00:00:11,-67,2.538,7.538
1786644981304,ANCHOR_05,PA:TN:00:00:00:11,-77,2.538,7.538
1786644981304,ANCHOR_06,PA:TN:00:00:00:11,-74,2.538,7.538
1786644981304,ANCHOR_08,PA:TN:00:00:00:11,-78,2.538,7.538
1786644981304,ANCHOR_09,PA:TN:00:00:00:11,-65,2.538,7.538
1786644981304,ANCHOR_10,PA:TN:00:00:00:11,-78,2.538,7.538
1786644981304,ANCHOR_12,PA:TN:00:00:00:11,-75,2.538,7.538
1786644981304,ANCHOR_02,CA:RT:00:00:00:08,-72,7.763,7.758
1786644981304,ANCHOR_03,CA:RT:00:00:00:08,-75,7.763,7.758
1786644981304,ANCHOR_04,CA:RT:00:00:00:08,-68,7.763,7.758
1786644981304,ANCHOR_05,CA:RT:00:00:00:08,-68,7.763,7.758
1786644981304,ANCHOR_06,CA:RT:00:00:00:08,-60,7.763,7.758
1786644981304,ANCHOR_08,CA:RT:00:00:00:08,-79,7.763,7.758
1786644981304,ANCHOR_09,CA:RT:00:00:00:08,-78,7.763,7.758
1786644981304,ANCHOR_10,CA:RT:00:00:00:08,-80,7.763,7.758
1786644981304,ANCHOR_11,CA:RT:00:00:00:08,-79,7.763,7.758
1786644981304,ANCHOR_12,CA:RT:00:00:00:08,-67,7.763,7.758
