timestamp,anchor,mac,rssi,name,distance_m,obstacle,obstacle_type
1025407,ANCHOR_01,52:06:26:03:01:DA,-83,MFG_4C000215FDA50693A4E24FB1AFCFC6EB0764782500010002D8,1.0,Yes,WiFi + Concrete Wall
1026387,ANCHOR_01,52:06:26:03:01:DA,-84,MFG_4C000215FDA50693A4E24FB1AFCFC6EB0764782500010002D8,1.0,Yes,WiFi + Concrete Wall
1027417,ANCHOR_01,52:06:26:03:01:DA,-87,MFG_4C000215FDA50693A4E24FB1AFCFC6EB0764782500010002D8,1.0,Yes,WiFi + Concrete Wall
1028397,ANCHOR_01,52:06:26:03:01:DA,-80,MFG_4C000215FDA50693A4E24FB1AFCFC6EB0764782500010002D8,1.0,Yes,WiFi + Concrete Wall
1029427,ANCHOR_01,52:06:26:03:01:DA,-76,MFG_4C000215FDA50693A4E24FB1AFCFC6EB0764782500010002D8,1.0,Yes,WiFi + Concrete Wall
1030407,ANCHOR_01,52:06:26:03:01:DA,-76,MFG_4C000215FDA50693A4E24FB1AFCFC6EB0764782500010002D8,1.0,Yes,WiFi + Concrete Wall
1031417,ANCHOR_01,52:06:26:03:01:DA,-83,MFG_4C000215FDA50693A4E24FB1AFCFC6EB0764782500010002D8,1.0,Yes,WiFi + Concrete Wall
1032427,ANCHOR_01,52:06:26:03:01:DA,-85,MFG_4C000215FDA50693A4E24FB1AFCFC6EB0764782500010002D8,1.0,Yes,WiFi + Concrete Wall
1034417,ANCHOR_01,52:06:26:03:01:DA,-85,MFG_4C000215FDA50693A4E24FB1AFCFC6EB0764782500010002D8,1.0,Yes,WiFi + Concrete Wall
1035427,ANCHOR_01,52:06:26:03:01:DA,-84,MFG_4C000215FDA50693A4E24FB1AFCFC6EB0764782500010002D8,1.0,Yes,WiFi + Concrete Wall
1036427,ANCHOR_01,52:06:26:03:01:DA,-76,MFG_4C000215FDA50693A4E24FB1AFCFC6EB0764782500010002D8,1.0,Yes,WiFi + Concrete Wall
1038437,ANCHOR_01,52:06:26:03:01:DA,-85,MFG_4C000215FDA50693A4E24FB1AFCFC6EB0764782500010002D8,1.0,Yes,WiFi + Concrete Wall
1039477,ANCHOR_01,52:06:26:03:01:DA,-85,MFG_4C000215FDA50693A4E24FB1AFCFC6EB0764782500010002D8,1.0,Yes,WiFi + Concrete Wall
1040467,ANCHOR_01,52:06:26:03:01:DA,-84,MFG_4C000215FDA50693A4E24FB1AFCFC6EB0764782500010002D8,1.0,Yes,WiFi + Concrete Wall
1041457,ANCHOR_01,52:06:26:03:01:DA,-79,MFG_4C000215FDA50693A4E24FB1AFCFC6EB0764782500010002D8,1.0,Yes,WiFi + Concrete Wall
1042467,ANCHOR_01,52:06:26:03:01:DA,-78,MFG_4C000215FDA50693A4E24FB1AFCFC6EB0764782500010002D8,1.0,Yes,WiFi + Concrete Wall
1044467,ANCHOR_01,52:06:26:03:01:DA,-85,MFG_4C000215FDA50693A4E24FB1AFCFC6EB0764782500010002D8,1.0,Yes,WiFi + Concrete Wall
1045507,ANCHOR_01,52:06:26:03:01:DA,-83,MFG_4C000215FDA50693A4E24FB1AFCFC6EB0764782500010002D8,1.0,Yes,WiFi + Concrete Wall
1046487,ANCHOR_01,52:06:26:03:01:DA,-83,MFG_4C000215FDA50693A4E24FB1AFCFC6EB0764782500010002D8,1.0,Yes,WiFi + Concrete Wall
1047517,ANCHOR_01,52:06:26:03:01:DA,-79,MFG_4C000215FDA50693A4E24FB1AFCFC6EB0764782500010002D8,1.0,Yes,WiFi + Concrete Wall
1048507,ANCHOR_01,52:06:26:03:01:DA,-80,MFG_4C000215FDA50693A4E24FB1AFCFC6EB0764782500010002D8,1.0,Yes,WiFi + Concrete Wall
1049507,ANCHOR_01,52:06:26:03:01:DA,-86,MFG_4C000215FDA50693A4E24FB1AFCFC6EB0764782500010002D8,1.0,Yes,WiFi + Concrete Wall
1051517,ANCHOR_01,52:06:26:03:01:DA,-85,MFG_4C000215FDA50693A4E24FB1AFCFC6EB0764782500010002D8,1.0,Yes,WiFi + Concrete Wall
1055547,ANCHOR_01,52:06:26:03:01:DA,-72,MFG_4C000215FDA50693A4E24FB1AFCFC6EB0764782500010002D8,1.0,Yes,WiFi + Concrete Wall
1056577,ANCHOR_01,52:06:26:03:01:DA,-79,MFG_4C000215FDA50693A4E24FB1AFCFC6EB0764782500010002D8,1.0,Yes,WiFi + Concrete Wall
1057567,ANCHOR_01,52:06:26:03:01:DA,-83,MFG_4C000215FDA50693A4E24FB1AFCFC6EB0764782500010002D8,1.0,Yes,WiFi + Concrete Wall
1058567,ANCHOR_01,52:06:26:03:01:DA,-75,MFG_4C000215FDA50693A4E24FB1AFCFC6EB0764782500010002D8,1.0,Yes,WiFi + Concrete Wall
1059567,ANCHOR_01,52:06:26:03:01:DA,-76,MFG_4C000215FDA50693A4E24FB1AFCFC6EB0764782500010002D8,1.0,Yes,WiFi + Concrete Wall
1060587,ANCHOR_01,52:06:26:03:01:DA,-84,MFG_4C000215FDA50693A4E24FB1AFCFC6EB0764782500010002D8,1.0,Yes,WiFi + Concrete Wall
1063597,ANCHOR_01,52:06:26:03:01:DA,-84,MFG_4C000215FDA50693A4E24FB1AFCFC6EB0764782500010002D8,1.0,Yes,WiFi + Concrete Wall
1064617,ANCHOR_01,52:06:26:03:01:DA,-78,MFG_4C000215FDA50693A4E24FB1AFCFC6EB0764782500010002D8,1.0,Yes,WiFi + Concrete Wall
1065587,ANCHOR_01,52:06:26:03:01:DA,-79,MFG_4C000215FDA50693A4E24FB1AFCFC6EB0764782500010002D8,1.0,Yes,WiFi + Concrete Wall
1066587,ANCHOR_01,52:06:26:03:01:DA,-77,MFG_4C000215FDA50693A4E24FB1AFCFC6EB0764782500010002D8,1.0,Yes,WiFi + Concrete Wall
1067597,ANCHOR_01,52:06:26:03:01:DA,-86,MFG_4C000215FDA50693A4E24FB1AFCFC6EB0764782500010002D8,1.0,Yes,WiFi + Concrete Wall
1071637,ANCHOR_01,52:06:26:03:01:DA,-77,MFG_4C000215FDA50693A4E24FB1AFCFC6EB0764782500010002D8,1.0,Yes,WiFi + Concrete Wall
1072627,ANCHOR_01,52:06:26:03:01:DA,-78,MFG_4C000215FDA50693A4E24FB1AFCFC6EB0764782500010002D8,1.0,Yes,WiFi + Concrete Wall
1075657,ANCHOR_01,52:06:26:03:01:DA,-88,MFG_4C000215FDA50693A4E24FB1AFCFC6EB0764782500010002D8,1.0,Yes,WiFi + Concrete Wall
1076677,ANCHOR_01,52:06:26:03:01:DA,-78,MFG_4C000215FDA50693A4E24FB1AFCFC6EB0764782500010002D8,1.0,Yes,WiFi + Concrete Wall
1077657,ANCHOR_01,52:06:26:03:01:DA,-77,MFG_4C000215FDA50693A4E24FB1AFCFC6EB0764782500010002D8,1.0,Yes,WiFi + Concrete Wall
1078687,ANCHOR_01,52:06:26:03:01:DA,-86,MFG_4C000215FDA50693A4E24FB1AFCFC6EB0764782500010002D8,1.0,Yes,WiFi + Concrete Wall
1079677,ANCHOR_01,52:06:26:03:01:DA,-86,MFG_4C000215FDA50693A4E24FB1AFCFC6EB0764782500010002D8,1.0,Yes,WiFi + Concrete Wall
1082697,ANCHOR_01,52:06:26:03:01:DA,-78,MFG_4C000215FDA50693A4E24FB1AFCFC6EB0764782500010002D8,1.0,Yes,WiFi + Concrete Wall
1083687,ANCHOR_01,52:06:26:03:01:DA,-76,MFG_4C000215FDA50693A4E24FB1AFCFC6EB0764782500010002D8,1.0,Yes,WiFi + Concrete Wall
1084717,ANCHOR_01,52:06:26:03:01:DA,-84,MFG_4C000215FDA50693A4E24FB1AFCFC6EB0764782500010002D8,1.0,Yes,WiFi + Concrete Wall
1086727,ANCHOR_01,52:06:26:03:01:DA,-85,MFG_4C000215FDA50693A4E24FB1AFCFC6EB0764782500010002D8,1.0,Yes,WiFi + Concrete Wall
1088717,ANCHOR_01,52:06:26:03:01:DA,-78,MFG_4C000215FDA50693A4E24FB1AFCFC6EB0764782500010002D8,1.0,Yes,WiFi + Concrete Wall
1089717,ANCHOR_01,52:06:26:03:01:DA,-76,MFG_4C000215FDA50693A4E24FB1AFCFC6EB0764782500010002D8,1.0,Yes,WiFi + Concrete Wall
1090727,ANCHOR_01,52:06:26:03:01:DA,-84,MFG_4C000215FDA50693A4E24FB1AFCFC6EB0764782500010002D8,1.0,Yes,WiFi + Concrete Wall
1091727,ANCHOR_01,52:06:26:03:01:DA,-83,MFG_4C000215FDA50693A4E24FB1AFCFC6EB0764782500010002D8,1.0,Yes,WiFi + Concrete Wall
1092757,ANCHOR_01,52:06:26:03:01:DA,-84,MFG_4C000215FDA50693A4E24FB1AFCFC6EB0764782500010002D8,1.0,Yes,WiFi + Concrete Wall
1093747,ANCHOR_01,52:06:26:03:01:DA,-85,MFG_4C000215FDA50693A4E24FB1AFCFC6EB0764782500010002D8,1.0,Yes,WiFi + Concrete Wall
1095737,ANCHOR_01,52:06:26:03:01:DA,-76,MFG_4C000215FDA50693A4E24FB1AFCFC6EB0764782500010002D8,1.0,Yes,WiFi + Concrete Wall
1096747,ANCHOR_01,52:06:26:03:01:DA,-76,MFG_4C000215FDA50693A4E24FB1AFCFC6EB0764782500010002D8,1.0,Yes,WiFi + Concrete Wall
1097747,ANCHOR_01,52:06:26:03:01:DA,-82,MFG_4C000215FDA50693A4E24FB1AFCFC6EB0764782500010002D8,1.0,Yes,WiFi + Concrete Wall
1099767,ANCHOR_01,52:06:26:03:01:DA,-86,MFG_4C000215FDA50693A4E24FB1AFCFC6EB0764782500010002D8,1.0,Yes,WiFi + Concrete Wall
1101767,ANCHOR_01,52:06:26:03:01:DA,-77,MFG_4C000215FDA50693A4E24FB1AFCFC6EB0764782500010002D8,1.0,Yes,WiFi + Concrete Wall
1102767,ANCHOR_01,52:06:26:03:01:DA,-77,MFG_4C000215FDA50693A4E24FB1AFCFC6EB0764782500010002D8,1.0,Yes,WiFi + Concrete Wall
1103797,ANCHOR_01,52:06:26:03:01:DA,-82,MFG_4C000215FDA50693A4E24FB1AFCFC6EB0764782500010002D8,1.0,Yes,WiFi + Concrete Wall
1104777,ANCHOR_01,52:06:26:03:01:DA,-82,MFG_4C000215FDA50693A4E24FB1AFCFC6EB0764782500010002D8,1.0,Yes,WiFi + Concrete Wall
1106797,ANCHOR_01,52:06:26:03:01:DA,-95,MFG_4C000215FDA50693A4E24FB1AFCFC6EB0764782500010002D8,1.0,Yes,WiFi + Concrete Wall
1107807,ANCHOR_01,52:06:26:03:01:DA,-75,MFG_4C000215FDA50693A4E24FB1AFCFC6EB0764782500010002D8,1.0,Yes,WiFi + Concrete Wall
1109807,ANCHOR_01,52:06:26:03:01:DA,-82,MFG_4C000215FDA50693A4E24FB1AFCFC6EB0764782500010002D8,1.0,Yes,WiFi + Concrete Wall
1111827,ANCHOR_01,52:06:26:03:01:DA,-89,MFG_4C000215FDA50693A4E24FB1AFCFC6EB0764782500010002D8,1.0,Yes,WiFi + Concrete Wall
1113827,ANCHOR_01,52:06:26:03:01:DA,-75,MFG_4C000215FDA50693A4E24FB1AFCFC6EB0764782500010002D8,1.0,Yes,WiFi + Concrete Wall
1116847,ANCHOR_01,52:06:26:03:01:DA,-82,MFG_4C000215FDA50693A4E24FB1AFCFC6EB0764782500010002D8,1.0,Yes,WiFi + Concrete Wall
1117867,ANCHOR_01,52:06:26:03:01:DA,-80,MFG_4C000215FDA50693A4E24FB1AFCFC6EB0764782500010002D8,1.0,Yes,WiFi + Concrete Wall
1118857,ANCHOR_01,52:06:26:03:01:DA,-78,MFG_4C000215FDA50693A4E24FB1AFCFC6EB0764782500010002D8,1.0,Yes,WiFi + Concrete Wall
1119877,ANCHOR_01,52:06:26:03:01:DA,-77,MFG_4C000215FDA50693A4E24FB1AFCFC6EB0764782500010002D8,1.0,Yes,WiFi + Concrete Wall
1120867,ANCHOR_01,52:06:26:03:01:DA,-77,MFG_4C000215FDA50693A4E24FB1AFCFC6EB0764782500010002D8,1.0,Yes,WiFi + Concrete Wall
1121887,ANCHOR_01,52:06:26:03:01:DA,-86,MFG_4C000215FDA50693A4E24FB1AFCFC6EB0764782500010002D8,1.0,Yes,WiFi + Concrete Wall
1122867,ANCHOR_01,52:06:26:03:01:DA,-82,MFG_4C000215FDA50693A4E24FB1AFCFC6EB0764782500010002D8,1.0,Yes,WiFi + Concrete Wall
1123887,ANCHOR_01,52:06:26:03:01:DA,-82,MFG_4C000215FDA50693A4E24FB1AFCFC6EB0764782500010002D8,1.0,Yes,WiFi + Concrete Wall
1124877,ANCHOR_01,52:06:26:03:01:DA,-87,MFG_4C000215FDA50693A4E24FB1AFCFC6EB0764782500010002D8,1.0,Yes,WiFi + Concrete Wall
1126877,ANCHOR_01,52:06:26:03:01:DA,-78,MFG_4C000215FDA50693A4E24FB1AFCFC6EB0764782500010002D8,1.0,Yes,WiFi + Concrete Wall
1127887,ANCHOR_01,52:06:26:03:01:DA,-76,MFG_4C000215FDA50693A4E24FB1AFCFC6EB0764782500010002D8,1.0,Yes,WiFi + Concrete Wall
1128907,ANCHOR_01,52:06:26:03:01:DA,-83,MFG_4C000215FDA50693A4E24FB1AFCFC6EB0764782500010002D8,1.0,Yes,WiFi + Concrete Wall
1129887,ANCHOR_01,52:06:26:03:01:DA,-88,MFG_4C000215FDA50693A4E24FB1AFCFC6EB0764782500010002D8,1.0,Yes,WiFi + Concrete Wall
1132927,ANCHOR_01,52:06:26:03:01:DA,-79,MFG_4C000215FDA50693A4E24FB1AFCFC6EB0764782500010002D8,1.0,Yes,WiFi + Concrete Wall
1134927,ANCHOR_01,52:06:26:03:01:DA,-88,MFG_4C000215FDA50693A4E24FB1AFCFC6EB0764782500010002D8,1.0,Yes,WiFi + Concrete Wall
1135927,ANCHOR_01,52:06:26:03:01:DA,-88,MFG_4C000215FDA50693A4E24FB1AFCFC6EB0764782500010002D8,1.0,Yes,WiFi + Concrete Wall
1136937,ANCHOR_01,52:06:26:03:01:DA,-86,MFG_4C000215FDA50693A4E24FB1AFCFC6EB0764782500010002D8,1.0,Yes,WiFi + Concrete Wall
1137937,ANCHOR_01,52:06:26:03:01:DA,-85,MFG_4C000215FDA50693A4E24FB1AFCFC6EB0764782500010002D8,1.0,Yes,WiFi + Concrete Wall
1138937,ANCHOR_01,52:06:26:03:01:DA,-77,MFG_4C000215FDA50693A4E24FB1AFCFC6EB0764782500010002D8,1.0,Yes,WiFi + Concrete Wall
1139977,ANCHOR_01,52:06:26:03:01:DA,-87,MFG_4C000215FDA50693A4E24FB1AFCFC6EB0764782500010002D8,1.0,Yes,WiFi + Concrete Wall
1142967,ANCHOR_01,52:06:26:03:01:DA,-87,MFG_4C000215FDA50693A4E24FB1AFCFC6EB0764782500010002D8,1.0,Yes,WiFi + Concrete Wall
1143987,ANCHOR_01,52:06:26:03:01:DA,-77,MFG_4C000215FDA50693A4E24FB1AFCFC6EB0764782500010002D8,1.0,Yes,WiFi + Concrete Wall
1144977,ANCHOR_01,52:06:26:03:01:DA,-77,MFG_4C000215FDA50693A4E24FB1AFCFC6EB0764782500010002D8,1.0,Yes,WiFi + Concrete Wall
1145987,ANCHOR_01,52:06:26:03:01:DA,-89,MFG_4C000215FDA50693A4E24FB1AFCFC6EB0764782500010002D8,1.0,Yes,WiFi + Concrete Wall
1148017,ANCHOR_01,52:06:26:03:01:DA,-85,MFG_4C000215FDA50693A4E24FB1AFCFC6EB0764782500010002D8,1.0,Yes,WiFi + Concrete Wall
1148997,ANCHOR_01,52:06:26:03:01:DA,-86,MFG_4C000215FDA50693A4E24FB1AFCFC6EB0764782500010002D8,1.0,Yes,WiFi + Concrete Wall
1151007,ANCHOR_01,52:06:26:03:01:DA,-76,MFG_4C000215FDA50693A4E24FB1AFCFC6EB0764782500010002D8,1.0,Yes,WiFi + Concrete Wall
1152037,ANCHOR_01,52:06:26:03:01:DA,-88,MFG_4C000215FDA50693A4E24FB1AFCFC6EB0764782500010002D8,1.0,Yes,WiFi + Concrete Wall
1153027,ANCHOR_01,52:06:26:03:01:DA,-86,MFG_4C000215FDA50693A4E24FB1AFCFC6EB0764782500010002D8,1.0,Yes,WiFi + Concrete Wall
1154027,ANCHOR_01,52:06:26:03:01:DA,-86,MFG_4C000215FDA50693A4E24FB1AFCFC6EB0764782500010002D8,1.0,Yes,WiFi + Concrete Wall
1155017,ANCHOR_01,52:06:26:03:01:DA,-86,MFG_4C000215FDA50693A4E24FB1AFCFC6EB0764782500010002D8,1.0,Yes,WiFi + Concrete Wall
1156047,ANCHOR_01,52:06:26:03:01:DA,-76,MFG_4C000215FDA50693A4E24FB1AFCFC6EB0764782500010002D8,1.0,Yes,WiFi + Concrete Wall
1157037,ANCHOR_01,52:06:26:03:01:DA,-77,MFG_4C000215FDA50693A4E24FB1AFCFC6EB0764782500010002D8,1.0,Yes,WiFi + Concrete Wall
1159037,ANCHOR_01,52:06:26:03:01:DA,-88,MFG_4C000215FDA50693A4E24FB1AFCFC6EB0764782500010002D8,1.0,Yes,WiFi + Concrete Wall
1160077,ANCHOR_01,52:06:26:03:01:DA,-83,MFG_4C000215FDA50693A4E24FB1AFCFC6EB0764782500010002D8,1.0,Yes,WiFi + Concrete Wall
1161067,ANCHOR_01,52:06:26:03:01:DA,-83,MFG_4C000215FDA50693A4E24FB1AFCFC6EB0764782500010002D8,1.0,Yes,WiFi + Concrete Wall
1162067,ANCHOR_01,52:06:26:03:01:DA,-76,MFG_4C000215FDA50693A4E24FB1AFCFC6EB0764782500010002D8,1.0,Yes,WiFi + Concrete Wall
1163077,ANCHOR_01,52:06:26:03:01:DA,-76,MFG_4C000215FDA50693A4E24FB1AFCFC6EB0764782500010002D8,1.0,Yes,WiFi + Concrete Wall
1164097,ANCHOR_01,52:06:26:03:01:DA,-83,MFG_4C000215FDA50693A4E24FB1AFCFC6EB0764782500010002D8,1.0,Yes,WiFi + Concrete Wall
1167087,ANCHOR_01,52:06:26:03:01:DA,-79,MFG_4C000215FDA50693A4E24FB1AFCFC6EB0764782500010002D8,1.0,Yes,WiFi + Concrete Wall
1168107,ANCHOR_01,52:06:26:03:01:DA,-76,MFG_4C000215FDA50693A4E24FB1AFCFC6EB0764782500010002D8,1.0,Yes,WiFi + Concrete Wall
1169107,ANCHOR_01,52:06:26:03:01:DA,-78,MFG_4C000215FDA50693A4E24FB1AFCFC6EB0764782500010002D8,1.0,Yes,WiFi + Concrete Wall
1171117,ANCHOR_01,52:06:26:03:01:DA,-83,MFG_4C000215FDA50693A4E24FB1AFCFC6EB0764782500010002D8,1.0,Yes,WiFi + Concrete Wall
1173107,ANCHOR_01,52:06:26:03:01:DA,-92,MFG_4C000215FDA50693A4E24FB1AFCFC6EB0764782500010002D8,1.0,Yes,WiFi + Concrete Wall
1175137,ANCHOR_01,52:06:26:03:01:DA,-81,MFG_4C000215FDA50693A4E24FB1AFCFC6EB0764782500010002D8,1.0,Yes,WiFi + Concrete Wall
1177147,ANCHOR_01,52:06:26:03:01:DA,-89,MFG_4C000215FDA50693A4E24FB1AFCFC6EB0764782500010002D8,1.0,Yes,WiFi + Concrete Wall
1178137,ANCHOR_01,52:06:26:03:01:DA,-88,MFG_4C000215FDA50693A4E24FB1AFCFC6EB0764782500010002D8,1.0,Yes,WiFi + Concrete Wall
1179157,ANCHOR_01,52:06:26:03:01:DA,-84,MFG_4C000215FDA50693A4E24FB1AFCFC6EB0764782500010002D8,1.0,Yes,WiFi + Concrete Wall
1181167,ANCHOR_01,52:06:26:03:01:DA,-77,MFG_4C000215FDA50693A4E24FB1AFCFC6EB0764782500010002D8,1.0,Yes,WiFi + Concrete Wall
1184167,ANCHOR_01,52:06:26:03:01:DA,-82,MFG_4C000215FDA50693A4E24FB1AFCFC6EB0764782500010002D8,1.0,Yes,WiFi + Concrete Wall
1185187,ANCHOR_01,52:06:26:03:01:DA,-89,MFG_4C000215FDA50693A4E24FB1AFCFC6EB0764782500010002D8,1.0,Yes,WiFi + Concrete Wall
1186167,ANCHOR_01,52:06:26:03:01:DA,-91,MFG_4C000215FDA50693A4E24FB1AFCFC6EB0764782500010002D8,1.0,Yes,WiFi + Concrete Wall
1187197,ANCHOR_01,52:06:26:03:01:DA,-75,MFG_4C000215FDA50693A4E24FB1AFCFC6EB0764782500010002D8,1.0,Yes,WiFi + Concrete Wall
1190187,ANCHOR_01,52:06:26:03:01:DA,-77,MFG_4C000215FDA50693A4E24FB1AFCFC6EB0764782500010002D8,1.0,Yes,WiFi + Concrete Wall
1193217,ANCHOR_01,52:06:26:03:01:DA,-77,MFG_4C000215FDA50693A4E24FB1AFCFC6EB0764782500010002D8,1.0,Yes,WiFi + Concrete Wall
1194217,ANCHOR_01,52:06:26:03:01:DA,-77,MFG_4C000215FDA50693A4E24FB1AFCFC6EB0764782500010002D8,1.0,Yes,WiFi + Concrete Wall
1195217,ANCHOR_01,52:06:26:03:01:DA,-86,MFG_4C000215FDA50693A4E24FB1AFCFC6EB0764782500010002D8,1.0,Yes,WiFi + Concrete Wall
1197247,ANCHOR_01,52:06:26:03:01:DA,-87,MFG_4C000215FDA50693A4E24FB1AFCFC6EB0764782500010002D8,1.0,Yes,WiFi + Concrete Wall
1199247,ANCHOR_01,52:06:26:03:01:DA,-76,MFG_4C000215FDA50693A4E24FB1AFCFC6EB0764782500010002D8,1.0,Yes,WiFi + Concrete Wall
1200237,ANCHOR_01,52:06:26:03:01:DA,-76,MFG_4C000215FDA50693A4E24FB1AFCFC6EB0764782500010002D8,1.0,Yes,WiFi + Concrete Wall
1203277,ANCHOR_01,52:06:26:03:01:DA,-85,MFG_4C000215FDA50693A4E24FB1AFCFC6EB0764782500010002D8,1.0,Yes,WiFi + Concrete Wall
1204267,ANCHOR_01,52:06:26:03:01:DA,-85,MFG_4C000215FDA50693A4E24FB1AFCFC6EB0764782500010002D8,1.0,Yes,WiFi + Concrete Wall
1205287,ANCHOR_01,52:06:26:03:01:DA,-77,MFG_4C000215FDA50693A4E24FB1AFCFC6EB0764782500010002D8,1.0,Yes,WiFi + Concrete Wall
1206267,ANCHOR_01,52:06:26:03:01:DA,-76,MFG_4C000215FDA50693A4E24FB1AFCFC6EB0764782500010002D8,1.0,Yes,WiFi + Concrete Wall
1208287,ANCHOR_01,52:06:26:03:01:DA,-86,MFG_4C000215FDA50693A4E24FB1AFCFC6EB0764782500010002D8,1.0,Yes,WiFi + Concrete Wall
1210297,ANCHOR_01,52:06:26:03:01:DA,-85,MFG_4C000215FDA50693A4E24FB1AFCFC6EB0764782500010002D8,1.0,Yes,WiFi + Concrete Wall
1211287,ANCHOR_01,52:06:26:03:01:DA,-76,MFG_4C000215FDA50693A4E24FB1AFCFC6EB0764782500010002D8,1.0,Yes,WiFi + Concrete Wall
1212297,ANCHOR_01,52:06:26:03:01:DA,-77,MFG_4C000215FDA50693A4E24FB1AFCFC6EB0764782500010002D8,1.0,Yes,WiFi + Concrete Wall
1214317,ANCHOR_01,52:06:26:03:01:DA,-85,MFG_4C000215FDA50693A4E24FB1AFCFC6EB0764782500010002D8,1.0,Yes,WiFi + Concrete Wall
1215317,ANCHOR_01,52:06:26:03:01:DA,-86,MFG_4C000215FDA50693A4E24FB1AFCFC6EB0764782500010002D8,1.0,Yes,WiFi + Concrete Wall
1216327,ANCHOR_01,52:06:26:03:01:DA,-86,MFG_4C000215FDA50693A4E24FB1AFCFC6EB0764782500010002D8,1.0,Yes,WiFi + Concrete Wall
1217347,ANCHOR_01,52:06:26:03:01:DA,-77,MFG_4C000215FDA50693A4E24FB1AFCFC6EB0764782500010002D8,1.0,Yes,WiFi + Concrete Wall
1218337,ANCHOR_01,52:06:26:03:01:DA,-76,MFG_4C000215FDA50693A4E24FB1AFCFC6EB0764782500010002D8,1.0,Yes,WiFi + Concrete Wall
1219357,ANCHOR_01,52:06:26:03:01:DA,-85,MFG_4C000215FDA50693A4E24FB1AFCFC6EB0764782500010002D8,1.0,Yes,WiFi + Concrete Wall
1220347,ANCHOR_01,52:06:26:03:01:DA,-86,MFG_4C000215FDA50693A4E24FB1AFCFC6EB0764782500010002D8,1.0,Yes,WiFi + Concrete Wall
1221367,ANCHOR_01,52:06:26:03:01:DA,-85,MFG_4C000215FDA50693A4E24FB1AFCFC6EB0764782500010002D8,1.0,Yes,WiFi + Concrete Wall
1222357,ANCHOR_01,52:06:26:03:01:DA,-85,MFG_4C000215FDA50693A4E24FB1AFCFC6EB0764782500010002D8,1.0,Yes,WiFi + Concrete Wall
1223357,ANCHOR_01,52:06:26:03:01:DA,-76,MFG_4C000215FDA50693A4E24FB1AFCFC6EB0764782500010002D8,1.0,Yes,WiFi + Concrete Wall
1225367,ANCHOR_01,52:06:26:03:01:DA,-84,MFG_4C000215FDA50693A4E24FB1AFCFC6EB0764782500010002D8,1.0,Yes,WiFi + Concrete Wall
1227387,ANCHOR_01,52:06:26:03:01:DA,-85,MFG_4C000215FDA50693A4E24FB1AFCFC6EB0764782500010002D8,1.0,Yes,WiFi + Concrete Wall
1228387,ANCHOR_01,52:06:26:03:01:DA,-85,MFG_4C000215FDA50693A4E24FB1AFCFC6EB0764782500010002D8,1.0,Yes,WiFi + Concrete Wall
1229387,ANCHOR_01,52:06:26:03:01:DA,-76,MFG_4C000215FDA50693A4E24FB1AFCFC6EB0764782500010002D8,1.0,Yes,WiFi + Concrete Wall
1230387,ANCHOR_01,52:06:26:03:01:DA,-76,MFG_4C000215FDA50693A4E24FB1AFCFC6EB0764782500010002D8,1.0,Yes,WiFi + Concrete Wall
1231407,ANCHOR_01,52:06:26:03:01:DA,-87,MFG_4C000215FDA50693A4E24FB1AFCFC6EB0764782500010002D8,1.0,Yes,WiFi + Concrete Wall
1232407,ANCHOR_01,52:06:26:03:01:DA,-86,MFG_4C000215FDA50693A4E24FB1AFCFC6EB0764782500010002D8,1.0,Yes,WiFi + Concrete Wall
1233407,ANCHOR_01,52:06:26:03:01:DA,-85,MFG_4C000215FDA50693A4E24FB1AFCFC6EB0764782500010002D8,1.0,Yes,WiFi + Concrete Wall
1234417,ANCHOR_01,52:06:26:03:01:DA,-84,MFG_4C000215FDA50693A4E24FB1AFCFC6EB0764782500010002D8,1.0,Yes,WiFi + Concrete Wall
1235427,ANCHOR_01,52:06:26:03:01:DA,-75,MFG_4C000215FDA50693A4E24FB1AFCFC6EB0764782500010002D8,1.0,Yes,WiFi + Concrete Wall
1236417,ANCHOR_01,52:06:26:03:01:DA,-76,MFG_4C000215FDA50693A4E24FB1AFCFC6EB0764782500010002D8,1.0,Yes,WiFi + Concrete Wall
1237437,ANCHOR_01,52:06:26:03:01:DA,-85,MFG_4C000215FDA50693A4E24FB1AFCFC6EB0764782500010002D8,1.0,Yes,WiFi + Concrete Wall
1238427,ANCHOR_01,52:06:26:03:01:DA,-88,MFG_4C000215FDA50693A4E24FB1AFCFC6EB0764782500010002D8,1.0,Yes,WiFi + Concrete Wall
1239457,ANCHOR_01,52:06:26:03:01:DA,-82,MFG_4C000215FDA50693A4E24FB1AFCFC6EB0764782500010002D8,1.0,Yes,WiFi + Concrete Wall
1241457,ANCHOR_01,52:06:26:03:01:DA,-77,MFG_4C000215FDA50693A4E24FB1AFCFC6EB0764782500010002D8,1.0,Yes,WiFi + Concrete Wall
1244487,ANCHOR_01,52:06:26:03:01:DA,-84,MFG_4C000215FDA50693A4E24FB1AFCFC6EB0764782500010002D8,1.0,Yes,WiFi + Concrete Wall
1245477,ANCHOR_01,52:06:26:03:01:DA,-83,MFG_4C000215FDA50693A4E24FB1AFCFC6EB0764782500010002D8,1.0,Yes,WiFi + Concrete Wall
1246507,ANCHOR_01,52:06:26:03:01:DA,-77,MFG_4C000215FDA50693A4E24FB1AFCFC6EB0764782500010002D8,1.0,Yes,WiFi + Concrete Wall
1247487,ANCHOR_01,52:06:26:03:01:DA,-77,MFG_4C000215FDA50693A4E24FB1AFCFC6EB0764782500010002D8,1.0,Yes,WiFi + Concrete Wall
1248517,ANCHOR_01,52:06:26:03:01:DA,-86,MFG_4C000215FDA50693A4E24FB1AFCFC6EB0764782500010002D8,1.0,Yes,WiFi + Concrete Wall
1249487,ANCHOR_01,52:06:26:03:01:DA,-88,MFG_4C000215FDA50693A4E24FB1AFCFC6EB0764782500010002D8,1.0,Yes,WiFi + Concrete Wall
1250527,ANCHOR_01,52:06:26:03:01:DA,-87,MFG_4C000215FDA50693A4E24FB1AFCFC6EB0764782500010002D8,1.0,Yes,WiFi + Concrete Wall
1251507,ANCHOR_01,52:06:26:03:01:DA,-84,MFG_4C000215FDA50693A4E24FB1AFCFC6EB0764782500010002D8,1.0,Yes,WiFi + Concrete Wall
1252517,ANCHOR_01,52:06:26:03:01:DA,-78,MFG_4C000215FDA50693A4E24FB1AFCFC6EB0764782500010002D8,1.0,Yes,WiFi + Concrete Wall
1256557,ANCHOR_01,52:06:26:03:01:DA,-85,MFG_4C000215FDA50693A4E24FB1AFCFC6EB0764782500010002D8,1.0,Yes,WiFi + Concrete Wall
1257527,ANCHOR_01,52:06:26:03:01:DA,-82,MFG_4C000215FDA50693A4E24FB1AFCFC6EB0764782500010002D8,1.0,Yes,WiFi + Concrete Wall
1258537,ANCHOR_01,52:06:26:03:01:DA,-78,MFG_4C000215FDA50693A4E24FB1AFCFC6EB0764782500010002D8,1.0,Yes,WiFi + Concrete Wall
1259557,ANCHOR_01,52:06:26:03:01:DA,-78,MFG_4C000215FDA50693A4E24FB1AFCFC6EB0764782500010002D8,1.0,Yes,WiFi + Concrete Wall
1261547,ANCHOR_01,52:06:26:03:01:DA,-84,MFG_4C000215FDA50693A4E24FB1AFCFC6EB0764782500010002D8,1.0,Yes,WiFi + Concrete Wall
1262587,ANCHOR_01,52:06:26:03:01:DA,-84,MFG_4C000215FDA50693A4E24FB1AFCFC6EB0764782500010002D8,1.0,Yes,WiFi + Concrete Wall
1263557,ANCHOR_01,52:06:26:03:01:DA,-82,MFG_4C000215FDA50693A4E24FB1AFCFC6EB0764782500010002D8,1.0,Yes,WiFi + Concrete Wall
1264597,ANCHOR_01,52:06:26:03:01:DA,-78,MFG_4C000215FDA50693A4E24FB1AFCFC6EB0764782500010002D8,1.0,Yes,WiFi + Concrete Wall
1265587,ANCHOR_01,52:06:26:03:01:DA,-78,MFG_4C000215FDA50693A4E24FB1AFCFC6EB0764782500010002D8,1.0,Yes,WiFi + Concrete Wall
1267587,ANCHOR_01,52:06:26:03:01:DA,-85,MFG_4C000215FDA50693A4E24FB1AFCFC6EB0764782500010002D8,1.0,Yes,WiFi + Concrete Wall
1268607,ANCHOR_01,52:06:26:03:01:DA,-82,MFG_4C000215FDA50693A4E24FB1AFCFC6EB0764782500010002D8,1.0,Yes,WiFi + Concrete Wall
1269597,ANCHOR_01,52:06:26:03:01:DA,-80,MFG_4C000215FDA50693A4E24FB1AFCFC6EB0764782500010002D8,1.0,Yes,WiFi + Concrete Wall
1270627,ANCHOR_01,52:06:26:03:01:DA,-77,MFG_4C000215FDA50693A4E24FB1AFCFC6EB0764782500010002D8,1.0,Yes,WiFi + Concrete Wall
1271617,ANCHOR_01,52:06:26:03:01:DA,-77,MFG_4C000215FDA50693A4E24FB1AFCFC6EB0764782500010002D8,1.0,Yes,WiFi + Concrete Wall
1273627,ANCHOR_01,52:06:26:03:01:DA,-83,MFG_4C000215FDA50693A4E24FB1AFCFC6EB0764782500010002D8,1.0,Yes,WiFi + Concrete Wall
1275657,ANCHOR_01,52:06:26:03:01:DA,-77,MFG_4C000215FDA50693A4E24FB1AFCFC6EB0764782500010002D8,1.0,Yes,WiFi + Concrete Wall
1276647,ANCHOR_01,52:06:26:03:01:DA,-76,MFG_4C000215FDA50693A4E24FB1AFCFC6EB0764782500010002D8,1.0,Yes,WiFi + Concrete Wall
1277677,ANCHOR_01,52:06:26:03:01:DA,-83,MFG_4C000215FDA50693A4E24FB1AFCFC6EB0764782500010002D8,1.0,Yes,WiFi + Concrete Wall
1278667,ANCHOR_01,52:06:26:03:01:DA,-83,MFG_4C000215FDA50693A4E24FB1AFCFC6EB0764782500010002D8,1.0,Yes,WiFi + Concrete Wall
1279667,ANCHOR_01,52:06:26:03:01:DA,-81,MFG_4C000215FDA50693A4E24FB1AFCFC6EB0764782500010002D8,1.0,Yes,WiFi + Concrete Wall
1280677,ANCHOR_01,52:06:26:03:01:DA,-81,MFG_4C000215FDA50693A4E24FB1AFCFC6EB0764782500010002D8,1.0,Yes,WiFi + Concrete Wall
1281677,ANCHOR_01,52:06:26:03:01:DA,-77,MFG_4C000215FDA50693A4E24FB1AFCFC6EB0764782500010002D8,1.0,Yes,WiFi + Concrete Wall
1282677,ANCHOR_01,52:06:26:03:01:DA,-77,MFG_4C000215FDA50693A4E24FB1AFCFC6EB0764782500010002D8,1.0,Yes,WiFi + Concrete Wall
1286707,ANCHOR_01,52:06:26:03:01:DA,-82,MFG_4C000215FDA50693A4E24FB1AFCFC6EB0764782500010002D8,1.0,Yes,WiFi + Concrete Wall
1287727,ANCHOR_01,52:06:26:03:01:DA,-77,MFG_4C000215FDA50693A4E24FB1AFCFC6EB0764782500010002D8,1.0,Yes,WiFi + Concrete Wall
1288707,ANCHOR_01,52:06:26:03:01:DA,-77,MFG_4C000215FDA50693A4E24FB1AFCFC6EB0764782500010002D8,1.0,Yes,WiFi + Concrete Wall
1290707,ANCHOR_01,52:06:26:03:01:DA,-83,MFG_4C000215FDA50693A4E24FB1AFCFC6EB0764782500010002D8,1.0,Yes,WiFi + Concrete Wall
1292727,ANCHOR_01,52:06:26:03:01:DA,-83,MFG_4C000215FDA50693A4E24FB1AFCFC6EB0764782500010002D8,1.0,Yes,WiFi + Concrete Wall
1293727,ANCHOR_01,52:06:26:03:01:DA,-83,MFG_4C000215FDA50693A4E24FB1AFCFC6EB0764782500010002D8,1.0,Yes,WiFi + Concrete Wall
1294727,ANCHOR_01,52:06:26:03:01:DA,-78,MFG_4C000215FDA50693A4E24FB1AFCFC6EB0764782500010002D8,1.0,Yes,WiFi + Concrete Wall
1297737,ANCHOR_01,52:06:26:03:01:DA,-83,MFG_4C000215FDA50693A4E24FB1AFCFC6EB0764782500010002D8,1.0,Yes,WiFi + Concrete Wall
1298767,ANCHOR_01,52:06:26:03:01:DA,-86,MFG_4C000215FDA50693A4E24FB1AFCFC6EB0764782500010002D8,1.0,Yes,WiFi + Concrete Wall
1300777,ANCHOR_01,52:06:26:03:01:DA,-77,MFG_4C000215FDA50693A4E24FB1AFCFC6EB0764782500010002D8,1.0,Yes,WiFi + Concrete Wall
1302787,ANCHOR_01,52:06:26:03:01:DA,-85,MFG_4C000215FDA50693A4E24FB1AFCFC6EB0764782500010002D8,1.0,Yes,WiFi + Concrete Wall
1303797,ANCHOR_01,52:06:26:03:01:DA,-87,MFG_4C000215FDA50693A4E24FB1AFCFC6EB0764782500010002D8,1.0,Yes,WiFi + Concrete Wall
1304797,ANCHOR_01,52:06:26:03:01:DA,-83,MFG_4C000215FDA50693A4E24FB1AFCFC6EB0764782500010002D8,1.0,Yes,WiFi + Concrete Wall
1305797,ANCHOR_01,52:06:26:03:01:DA,-75,MFG_4C000215FDA50693A4E24FB1AFCFC6EB0764782500010002D8,1.0,Yes,WiFi + Concrete Wall
1306807,ANCHOR_01,52:06:26:03:01:DA,-80,MFG_4C000215FDA50693A4E24FB1AFCFC6EB0764782500010002D8,1.0,Yes,WiFi + Concrete Wall
1307817,ANCHOR_01,52:06:26:03:01:DA,-87,MFG_4C000215FDA50693A4E24FB1AFCFC6EB0764782500010002D8,1.0,Yes,WiFi + Concrete Wall
1311837,ANCHOR_01,52:06:26:03:01:DA,-77,MFG_4C000215FDA50693A4E24FB1AFCFC6EB0764782500010002D8,1.0,Yes,WiFi + Concrete Wall
1312837,ANCHOR_01,52:06:26:03:01:DA,-76,MFG_4C000215FDA50693A4E24FB1AFCFC6EB0764782500010002D8,1.0,Yes,WiFi + Concrete Wall
1315867,ANCHOR_01,52:06:26:03:01:DA,-80,MFG_4C000215FDA50693A4E24FB1AFCFC6EB0764782500010002D8,1.0,Yes,WiFi + Concrete Wall
1316857,ANCHOR_01,52:06:26:03:01:DA,-83,MFG_4C000215FDA50693A4E24FB1AFCFC6EB0764782500010002D8,1.0,Yes,WiFi + Concrete Wall
1317867,ANCHOR_01,52:06:26:03:01:DA,-76,MFG_4C000215FDA50693A4E24FB1AFCFC6EB0764782500010002D8,1.0,Yes,WiFi + Concrete Wall
1318857,ANCHOR_01,52:06:26:03:01:DA,-77,MFG_4C000215FDA50693A4E24FB1AFCFC6EB0764782500010002D8,1.0,Yes,WiFi + Concrete Wall
1320857,ANCHOR_01,52:06:26:03:01:DA,-86,MFG_4C000215FDA50693A4E24FB1AFCFC6EB0764782500010002D8,1.0,Yes,WiFi + Concrete Wall
1324877,ANCHOR_01,52:06:26:03:01:DA,-77,MFG_4C000215FDA50693A4E24FB1AFCFC6EB0764782500010002D8,1.0,Yes,WiFi + Concrete Wall
1325887,ANCHOR_01,52:06:26:03:01:DA,-76,MFG_4C000215FDA50693A4E24FB1AFCFC6EB0764782500010002D8,1.0,Yes,WiFi + Concrete Wall
1327887,ANCHOR_01,52:06:26:03:01:DA,-84,MFG_4C000215FDA50693A4E24FB1AFCFC6EB0764782500010002D8,1.0,Yes,WiFi + Concrete Wall
1328917,ANCHOR_01,52:06:26:03:01:DA,-82,MFG_4C000215FDA50693A4E24FB1AFCFC6EB0764782500010002D8,1.0,Yes,WiFi + Concrete Wall
1330907,ANCHOR_01,52:06:26:03:01:DA,-76,MFG_4C000215FDA50693A4E24FB1AFCFC6EB0764782500010002D8,1.0,Yes,WiFi + Concrete Wall
1333917,ANCHOR_01,52:06:26:03:01:DA,-84,MFG_4C000215FDA50693A4E24FB1AFCFC6EB0764782500010002D8,1.0,Yes,WiFi + Concrete Wall
1334947,ANCHOR_01,52:06:26:03:01:DA,-93,MFG_4C000215FDA50693A4E24FB1AFCFC6EB0764782500010002D8,1.0,Yes,WiFi + Concrete Wall
1336947,ANCHOR_01,52:06:26:03:01:DA,-77,MFG_4C000215FDA50693A4E24FB1AFCFC6EB0764782500010002D8,1.0,Yes,WiFi + Concrete Wall
1337947,ANCHOR_01,52:06:26:03:01:DA,-77,MFG_4C000215FDA50693A4E24FB1AFCFC6EB0764782500010002D8,1.0,Yes,WiFi + Concrete Wall
1340977,ANCHOR_01,52:06:26:03:01:DA,-89,MFG_4C000215FDA50693A4E24FB1AFCFC6EB0764782500010002D8,1.0,Yes,WiFi + Concrete Wall
1341957,ANCHOR_01,52:06:26:03:01:DA,-89,MFG_4C000215FDA50693A4E24FB1AFCFC6EB0764782500010002D8,1.0,Yes,WiFi + Concrete Wall
1342967,ANCHOR_01,52:06:26:03:01:DA,-77,MFG_4C000215FDA50693A4E24FB1AFCFC6EB0764782500010002D8,1.0,Yes,WiFi + Concrete Wall
1343977,ANCHOR_01,52:06:26:03:01:DA,-77,MFG_4C000215FDA50693A4E24FB1AFCFC6EB0764782500010002D8,1.0,Yes,WiFi + Concrete Wall
1344967,ANCHOR_01,52:06:26:03:01:DA,-84,MFG_4C000215FDA50693A4E24FB1AFCFC6EB0764782500010002D8,1.0,Yes,WiFi + Concrete Wall
1345987,ANCHOR_01,52:06:26:03:01:DA,-83,MFG_4C000215FDA50693A4E24FB1AFCFC6EB0764782500010002D8,1.0,Yes,WiFi + Concrete Wall
1347007,ANCHOR_01,52:06:26:03:01:DA,-89,MFG_4C000215FDA50693A4E24FB1AFCFC6EB0764782500010002D8,1.0,Yes,WiFi + Concrete Wall
1349017,ANCHOR_01,52:06:26:03:01:DA,-77,MFG_4C000215FDA50693A4E24FB1AFCFC6EB0764782500010002D8,1.0,Yes,WiFi + Concrete Wall
1349997,ANCHOR_01,52:06:26:03:01:DA,-77,MFG_4C000215FDA50693A4E24FB1AFCFC6EB0764782500010002D8,1.0,Yes,WiFi + Concrete Wall
1352017,ANCHOR_01,52:06:26:03:01:DA,-86,MFG_4C000215FDA50693A4E24FB1AFCFC6EB0764782500010002D8,1.0,Yes,WiFi + Concrete Wall
1353037,ANCHOR_01,52:06:26:03:01:DA,-89,MFG_4C000215FDA50693A4E24FB1AFCFC6EB0764782500010002D8,1.0,Yes,WiFi + Concrete Wall
1355047,ANCHOR_01,52:06:26:03:01:DA,-77,MFG_4C000215FDA50693A4E24FB1AFCFC6EB0764782500010002D8,1.0,Yes,WiFi + Concrete Wall
1357057,ANCHOR_01,52:06:26:03:01:DA,-84,MFG_4C000215FDA50693A4E24FB1AFCFC6EB0764782500010002D8,1.0,Yes,WiFi + Concrete Wall
1359067,ANCHOR_01,52:06:26:03:01:DA,-89,MFG_4C000215FDA50693A4E24FB1AFCFC6EB0764782500010002D8,1.0,Yes,WiFi + Concrete Wall
1360067,ANCHOR_01,52:06:26:03:01:DA,-77,MFG_4C000215FDA50693A4E24FB1AFCFC6EB0764782500010002D8,1.0,Yes,WiFi + Concrete Wall
1361067,ANCHOR_01,52:06:26:03:01:DA,-77,MFG_4C000215FDA50693A4E24FB1AFCFC6EB0764782500010002D8,1.0,Yes,WiFi + Concrete Wall
1362097,ANCHOR_01,52:06:26:03:01:DA,-84,MFG_4C000215FDA50693A4E24FB1AFCFC6EB0764782500010002D8,1.0,Yes,WiFi + Concrete Wall
1363087,ANCHOR_01,52:06:26:03:01:DA,-85,MFG_4C000215FDA50693A4E24FB1AFCFC6EB0764782500010002D8,1.0,Yes,WiFi + Concrete Wall
1365097,ANCHOR_01,52:06:26:03:01:DA,-90,MFG_4C000215FDA50693A4E24FB1AFCFC6EB0764782500010002D8,1.0,Yes,WiFi + Concrete Wall
1366117,ANCHOR_01,52:06:26:03:01:DA,-77,MFG_4C000215FDA50693A4E24FB1AFCFC6EB0764782500010002D8,1.0,Yes,WiFi + Concrete Wall
1367097,ANCHOR_01,52:06:26:03:01:DA,-77,MFG_4C000215FDA50693A4E24FB1AFCFC6EB0764782500010002D8,1.0,Yes,WiFi + Concrete Wall
1368127,ANCHOR_01,52:06:26:03:01:DA,-83,MFG_4C000215FDA50693A4E24FB1AFCFC6EB0764782500010002D8,1.0,Yes,WiFi + Concrete Wall
1369117,ANCHOR_01,52:06:26:03:01:DA,-85,MFG_4C000215FDA50693A4E24FB1AFCFC6EB0764782500010002D8,1.0,Yes,WiFi + Concrete Wall
1370137,ANCHOR_01,52:06:26:03:01:DA,-84,MFG_4C000215FDA50693A4E24FB1AFCFC6EB0764782500010002D8,1.0,Yes,WiFi + Concrete Wall
1371127,ANCHOR_01,52:06:26:03:01:DA,-92,MFG_4C000215FDA50693A4E24FB1AFCFC6EB0764782500010002D8,1.0,Yes,WiFi + Concrete Wall
1374147,ANCHOR_01,52:06:26:03:01:DA,-84,MFG_4C000215FDA50693A4E24FB1AFCFC6EB0764782500010002D8,1.0,Yes,WiFi + Concrete Wall
1375147,ANCHOR_01,52:06:26:03:01:DA,-87,MFG_4C000215FDA50693A4E24FB1AFCFC6EB0764782500010002D8,1.0,Yes,WiFi + Concrete Wall
1376167,ANCHOR_01,52:06:26:03:01:DA,-95,MFG_4C000215FDA50693A4E24FB1AFCFC6EB0764782500010002D8,1.0,Yes,WiFi + Concrete Wall
1378167,ANCHOR_01,52:06:26:03:01:DA,-77,MFG_4C000215FDA50693A4E24FB1AFCFC6EB0764782500010002D8,1.0,Yes,WiFi + Concrete Wall
1379197,ANCHOR_01,52:06:26:03:01:DA,-87,MFG_4C000215FDA50693A4E24FB1AFCFC6EB0764782500010002D8,1.0,Yes,WiFi + Concrete Wall
1380187,ANCHOR_01,52:06:26:03:01:DA,-86,MFG_4C000215FDA50693A4E24FB1AFCFC6EB0764782500010002D8,1.0,Yes,WiFi + Concrete Wall
1381207,ANCHOR_01,52:06:26:03:01:DA,-87,MFG_4C000215FDA50693A4E24FB1AFCFC6EB0764782500010002D8,1.0,Yes,WiFi + Concrete Wall
1382187,ANCHOR_01,52:06:26:03:01:DA,-88,MFG_4C000215FDA50693A4E24FB1AFCFC6EB0764782500010002D8,1.0,Yes,WiFi + Concrete Wall
1383217,ANCHOR_01,52:06:26:03:01:DA,-78,MFG_4C000215FDA50693A4E24FB1AFCFC6EB0764782500010002D8,1.0,Yes,WiFi + Concrete Wall
1384207,ANCHOR_01,52:06:26:03:01:DA,-77,MFG_4C000215FDA50693A4E24FB1AFCFC6EB0764782500010002D8,1.0,Yes,WiFi + Concrete Wall
1385227,ANCHOR_01,52:06:26:03:01:DA,-82,MFG_4C000215FDA50693A4E24FB1AFCFC6EB0764782500010002D8,1.0,Yes,WiFi + Concrete Wall
1386217,ANCHOR_01,52:06:26:03:01:DA,-83,MFG_4C000215FDA50693A4E24FB1AFCFC6EB0764782500010002D8,1.0,Yes,WiFi + Concrete Wall
1387227,ANCHOR_01,52:06:26:03:01:DA,-81,MFG_4C000215FDA50693A4E24FB1AFCFC6EB0764782500010002D8,1.0,Yes,WiFi + Concrete Wall
1389237,ANCHOR_01,52:06:26:03:01:DA,-83,MFG_4C000215FDA50693A4E24FB1AFCFC6EB0764782500010002D8,1.0,Yes,WiFi + Concrete Wall
1391237,ANCHOR_01,52:06:26:03:01:DA,-82,MFG_4C000215FDA50693A4E24FB1AFCFC6EB0764782500010002D8,1.0,Yes,WiFi + Concrete Wall
1392247,ANCHOR_01,52:06:26:03:01:DA,-81,MFG_4C000215FDA50693A4E24FB1AFCFC6EB0764782500010002D8,1.0,Yes,WiFi + Concrete Wall
1393257,ANCHOR_01,52:06:26:03:01:DA,-91,MFG_4C000215FDA50693A4E24FB1AFCFC6EB0764782500010002D8,1.0,Yes,WiFi + Concrete Wall
1394267,ANCHOR_01,52:06:26:03:01:DA,-77,MFG_4C000215FDA50693A4E24FB1AFCFC6EB0764782500010002D8,1.0,Yes,WiFi + Concrete Wall
1395267,ANCHOR_01,52:06:26:03:01:DA,-75,MFG_4C000215FDA50693A4E24FB1AFCFC6EB0764782500010002D8,1.0,Yes,WiFi + Concrete Wall
1397287,ANCHOR_01,52:06:26:03:01:DA,-87,MFG_4C000215FDA50693A4E24FB1AFCFC6EB0764782500010002D8,1.0,Yes,WiFi + Concrete Wall
1398307,ANCHOR_01,52:06:26:03:01:DA,-86,MFG_4C000215FDA50693A4E24FB1AFCFC6EB0764782500010002D8,1.0,Yes,WiFi + Concrete Wall
1399287,ANCHOR_01,52:06:26:03:01:DA,-84,MFG_4C000215FDA50693A4E24FB1AFCFC6EB0764782500010002D8,1.0,Yes,WiFi + Concrete Wall
1400317,ANCHOR_01,52:06:26:03:01:DA,-76,MFG_4C000215FDA50693A4E24FB1AFCFC6EB0764782500010002D8,1.0,Yes,WiFi + Concrete Wall
1401307,ANCHOR_01,52:06:26:03:01:DA,-78,MFG_4C000215FDA50693A4E24FB1AFCFC6EB0764782500010002D8,1.0,Yes,WiFi + Concrete Wall
1402297,ANCHOR_01,52:06:26:03:01:DA,-77,MFG_4C000215FDA50693A4E24FB1AFCFC6EB0764782500010002D8,1.0,Yes,WiFi + Concrete Wall
1404307,ANCHOR_01,52:06:26:03:01:DA,-95,MFG_4C000215FDA50693A4E24FB1AFCFC6EB0764782500010002D8,1.0,Yes,WiFi + Concrete Wall
1405327,ANCHOR_01,52:06:26:03:01:DA,-80,MFG_4C000215FDA50693A4E24FB1AFCFC6EB0764782500010002D8,1.0,Yes,WiFi + Concrete Wall
1406347,ANCHOR_01,52:06:26:03:01:DA,-81,MFG_4C000215FDA50693A4E24FB1AFCFC6EB0764782500010002D8,1.0,Yes,WiFi + Concrete Wall
1407337,ANCHOR_01,52:06:26:03:01:DA,-77,MFG_4C000215FDA50693A4E24FB1AFCFC6EB0764782500010002D8,1.0,Yes,WiFi + Concrete Wall
1408327,ANCHOR_01,52:06:26:03:01:DA,-86,MFG_4C000215FDA50693A4E24FB1AFCFC6EB0764782500010002D8,1.0,Yes,WiFi + Concrete Wall
1409327,ANCHOR_01,52:06:26:03:01:DA,-82,MFG_4C000215FDA50693A4E24FB1AFCFC6EB0764782500010002D8,1.0,Yes,WiFi + Concrete Wall
1410337,ANCHOR_01,52:06:26:03:01:DA,-80,MFG_4C000215FDA50693A4E24FB1AFCFC6EB0764782500010002D8,1.0,Yes,WiFi + Concrete Wall
1411347,ANCHOR_01,52:06:26:03:01:DA,-96,MFG_4C000215FDA50693A4E24FB1AFCFC6EB0764782500010002D8,1.0,Yes,WiFi + Concrete Wall
1412357,ANCHOR_01,52:06:26:03:01:DA,-78,MFG_4C000215FDA50693A4E24FB1AFCFC6EB0764782500010002D8,1.0,Yes,WiFi + Concrete Wall
1413367,ANCHOR_01,52:06:26:03:01:DA,-76,MFG_4C000215FDA50693A4E24FB1AFCFC6EB0764782500010002D8,1.0,Yes,WiFi + Concrete Wall
1416397,ANCHOR_01,52:06:26:03:01:DA,-86,MFG_4C000215FDA50693A4E24FB1AFCFC6EB0764782500010002D8,1.0,Yes,WiFi + Concrete Wall
1417377,ANCHOR_01,52:06:26:03:01:DA,-86,MFG_4C000215FDA50693A4E24FB1AFCFC6EB0764782500010002D8,1.0,Yes,WiFi + Concrete Wall
1418387,ANCHOR_01,52:06:26:03:01:DA,-76,MFG_4C000215FDA50693A4E24FB1AFCFC6EB0764782500010002D8,1.0,Yes,WiFi + Concrete Wall
1419397,ANCHOR_01,52:06:26:03:01:DA,-77,MFG_4C000215FDA50693A4E24FB1AFCFC6EB0764782500010002D8,1.0,Yes,WiFi + Concrete Wall
1420417,ANCHOR_01,52:06:26:03:01:DA,-84,MFG_4C000215FDA50693A4E24FB1AFCFC6EB0764782500010002D8,1.0,Yes,WiFi + Concrete Wall
1421407,ANCHOR_01,52:06:26:03:01:DA,-84,MFG_4C000215FDA50693A4E24FB1AFCFC6EB0764782500010002D8,1.0,Yes,WiFi + Concrete Wall
1422397,ANCHOR_01,52:06:26:03:01:DA,-84,MFG_4C000215FDA50693A4E24FB1AFCFC6EB0764782500010002D8,1.0,Yes,WiFi + Concrete Wall
1423417,ANCHOR_01,52:06:26:03:01:DA,-85,MFG_4C000215FDA50693A4E24FB1AFCFC6EB0764782500010002D8,1.0,Yes,WiFi + Concrete Wall
1424407,ANCHOR_01,52:06:26:03:01:DA,-85,MFG_4C000215FDA50693A4E24FB1AFCFC6EB0764782500010002D8,1.0,Yes,WiFi + Concrete Wall
1425427,ANCHOR_01,52:06:26:03:01:DA,-76,MFG_4C000215FDA50693A4E24FB1AFCFC6EB0764782500010002D8,1.0,Yes,WiFi + Concrete Wall
1427437,ANCHOR_01,52:06:26:03:01:DA,-84,MFG_4C000215FDA50693A4E24FB1AFCFC6EB0764782500010002D8,1.0,Yes,WiFi + Concrete Wall
1428427,ANCHOR_01,52:06:26:03:01:DA,-85,MFG_4C000215FDA50693A4E24FB1AFCFC6EB0764782500010002D8,1.0,Yes,WiFi + Concrete Wall
1429427,ANCHOR_01,52:06:26:03:01:DA,-85,MFG_4C000215FDA50693A4E24FB1AFCFC6EB0764782500010002D8,1.0,Yes,WiFi + Concrete Wall
1430427,ANCHOR_01,52:06:26:03:01:DA,-82,MFG_4C000215FDA50693A4E24FB1AFCFC6EB0764782500010002D8,1.0,Yes,WiFi + Concrete Wall
1431447,ANCHOR_01,52:06:26:03:01:DA,-75,MFG_4C000215FDA50693A4E24FB1AFCFC6EB0764782500010002D8,1.0,Yes,WiFi + Concrete Wall
1435477,ANCHOR_01,52:06:26:03:01:DA,-82,MFG_4C000215FDA50693A4E24FB1AFCFC6EB0764782500010002D8,1.0,Yes,WiFi + Concrete Wall
1436457,ANCHOR_01,52:06:26:03:01:DA,-80,MFG_4C000215FDA50693A4E24FB1AFCFC6EB0764782500010002D8,1.0,Yes,WiFi + Concrete Wall
1437467,ANCHOR_01,52:06:26:03:01:DA,-77,MFG_4C000215FDA50693A4E24FB1AFCFC6EB0764782500010002D8,1.0,Yes,WiFi + Concrete Wall
1439477,ANCHOR_01,52:06:26:03:01:DA,-92,MFG_4C000215FDA50693A4E24FB1AFCFC6EB0764782500010002D8,1.0,Yes,WiFi + Concrete Wall
1441497,ANCHOR_01,52:06:26:03:01:DA,-79,MFG_4C000215FDA50693A4E24FB1AFCFC6EB0764782500010002D8,1.0,Yes,WiFi + Concrete Wall
1442527,ANCHOR_01,52:06:26:03:01:DA,-75,MFG_4C000215FDA50693A4E24FB1AFCFC6EB0764782500010002D8,1.0,Yes,WiFi + Concrete Wall
1443507,ANCHOR_01,52:06:26:03:01:DA,-76,MFG_4C000215FDA50693A4E24FB1AFCFC6EB0764782500010002D8,1.0,Yes,WiFi + Concrete Wall
1447527,ANCHOR_01,52:06:26:03:01:DA,-84,MFG_4C000215FDA50693A4E24FB1AFCFC6EB0764782500010002D8,1.0,Yes,WiFi + Concrete Wall
1448537,ANCHOR_01,52:06:26:03:01:DA,-75,MFG_4C000215FDA50693A4E24FB1AFCFC6EB0764782500010002D8,1.0,Yes,WiFi + Concrete Wall
1449537,ANCHOR_01,52:06:26:03:01:DA,-74,MFG_4C000215FDA50693A4E24FB1AFCFC6EB0764782500010002D8,1.0,Yes,WiFi + Concrete Wall
1451557,ANCHOR_01,52:06:26:03:01:DA,-84,MFG_4C000215FDA50693A4E24FB1AFCFC6EB0764782500010002D8,1.0,Yes,WiFi + Concrete Wall
1452577,ANCHOR_01,52:06:26:03:01:DA,-82,MFG_4C000215FDA50693A4E24FB1AFCFC6EB0764782500010002D8,1.0,Yes,WiFi + Concrete Wall
1453557,ANCHOR_01,52:06:26:03:01:DA,-81,MFG_4C000215FDA50693A4E24FB1AFCFC6EB0764782500010002D8,1.0,Yes,WiFi + Concrete Wall
1454587,ANCHOR_01,52:06:26:03:01:DA,-77,MFG_4C000215FDA50693A4E24FB1AFCFC6EB0764782500010002D8,1.0,Yes,WiFi + Concrete Wall
1455577,ANCHOR_01,52:06:26:03:01:DA,-75,MFG_4C000215FDA50693A4E24FB1AFCFC6EB0764782500010002D8,1.0,Yes,WiFi + Concrete Wall
1456567,ANCHOR_01,52:06:26:03:01:DA,-76,MFG_4C000215FDA50693A4E24FB1AFCFC6EB0764782500010002D8,1.0,Yes,WiFi + Concrete Wall
1457587,ANCHOR_01,52:06:26:03:01:DA,-84,MFG_4C000215FDA50693A4E24FB1AFCFC6EB0764782500010002D8,1.0,Yes,WiFi + Concrete Wall
1458577,ANCHOR_01,52:06:26:03:01:DA,-84,MFG_4C000215FDA50693A4E24FB1AFCFC6EB0764782500010002D8,1.0,Yes,WiFi + Concrete Wall
1459597,ANCHOR_01,52:06:26:03:01:DA,-80,MFG_4C000215FDA50693A4E24FB1AFCFC6EB0764782500010002D8,1.0,Yes,WiFi + Concrete Wall
1461607,ANCHOR_01,52:06:26:03:01:DA,-76,MFG_4C000215FDA50693A4E24FB1AFCFC6EB0764782500010002D8,1.0,Yes,WiFi + Concrete Wall
1462627,ANCHOR_01,52:06:26:03:01:DA,-82,MFG_4C000215FDA50693A4E24FB1AFCFC6EB0764782500010002D8,1.0,Yes,WiFi + Concrete Wall
1463617,ANCHOR_01,52:06:26:03:01:DA,-83,MFG_4C000215FDA50693A4E24FB1AFCFC6EB0764782500010002D8,1.0,Yes,WiFi + Concrete Wall
1464617,ANCHOR_01,52:06:26:03:01:DA,-81,MFG_4C000215FDA50693A4E24FB1AFCFC6EB0764782500010002D8,1.0,Yes,WiFi + Concrete Wall
1465617,ANCHOR_01,52:06:26:03:01:DA,-80,MFG_4C000215FDA50693A4E24FB1AFCFC6EB0764782500010002D8,1.0,Yes,WiFi + Concrete Wall
1466647,ANCHOR_01,52:06:26:03:01:DA,-76,MFG_4C000215FDA50693A4E24FB1AFCFC6EB0764782500010002D8,1.0,Yes,WiFi + Concrete Wall
1467637,ANCHOR_01,52:06:26:03:01:DA,-77,MFG_4C000215FDA50693A4E24FB1AFCFC6EB0764782500010002D8,1.0,Yes,WiFi + Concrete Wall
1468657,ANCHOR_01,52:06:26:03:01:DA,-83,MFG_4C000215FDA50693A4E24FB1AFCFC6EB0764782500010002D8,1.0,Yes,WiFi + Concrete Wall
1469647,ANCHOR_01,52:06:26:03:01:DA,-83,MFG_4C000215FDA50693A4E24FB1AFCFC6EB0764782500010002D8,1.0,Yes,WiFi + Concrete Wall
1470657,ANCHOR_01,52:06:26:03:01:DA,-80,MFG_4C000215FDA50693A4E24FB1AFCFC6EB0764782500010002D8,1.0,Yes,WiFi + Concrete Wall
1471657,ANCHOR_01,52:06:26:03:01:DA,-80,MFG_4C000215FDA50693A4E24FB1AFCFC6EB0764782500010002D8,1.0,Yes,WiFi + Concrete Wall
1472657,ANCHOR_01,52:06:26:03:01:DA,-77,MFG_4C000215FDA50693A4E24FB1AFCFC6EB0764782500010002D8,1.0,Yes,WiFi + Concrete Wall
1473667,ANCHOR_01,52:06:26:03:01:DA,-77,MFG_4C000215FDA50693A4E24FB1AFCFC6EB0764782500010002D8,1.0,Yes,WiFi + Concrete Wall
1474687,ANCHOR_01,52:06:26:03:01:DA,-84,MFG_4C000215FDA50693A4E24FB1AFCFC6EB0764782500010002D8,1.0,Yes,WiFi + Concrete Wall
1476697,ANCHOR_01,52:06:26:03:01:DA,-79,MFG_4C000215FDA50693A4E24FB1AFCFC6EB0764782500010002D8,1.0,Yes,WiFi + Concrete Wall
1477687,ANCHOR_01,52:06:26:03:01:DA,-81,MFG_4C000215FDA50693A4E24FB1AFCFC6EB0764782500010002D8,1.0,Yes,WiFi + Concrete Wall
1478707,ANCHOR_01,52:06:26:03:01:DA,-77,MFG_4C000215FDA50693A4E24FB1AFCFC6EB0764782500010002D8,1.0,Yes,WiFi + Concrete Wall
1482707,ANCHOR_01,52:06:26:03:01:DA,-85,MFG_4C000215FDA50693A4E24FB1AFCFC6EB0764782500010002D8,1.0,Yes,WiFi + Concrete Wall
1484717,ANCHOR_01,52:06:26:03:01:DA,-86,MFG_4C000215FDA50693A4E24FB1AFCFC6EB0764782500010002D8,1.0,Yes,WiFi + Concrete Wall
1486727,ANCHOR_01,52:06:26:03:01:DA,-91,MFG_4C000215FDA50693A4E24FB1AFCFC6EB0764782500010002D8,1.0,Yes,WiFi + Concrete Wall
1488757,ANCHOR_01,52:06:26:03:01:DA,-84,MFG_4C000215FDA50693A4E24FB1AFCFC6EB0764782500010002D8,1.0,Yes,WiFi + Concrete Wall
1489747,ANCHOR_01,52:06:26:03:01:DA,-81,MFG_4C000215FDA50693A4E24FB1AFCFC6EB0764782500010002D8,1.0,Yes,WiFi + Concrete Wall
1491757,ANCHOR_01,52:06:26:03:01:DA,-81,MFG_4C000215FDA50693A4E24FB1AFCFC6EB0764782500010002D8,1.0,Yes,WiFi + Concrete Wall
1492737,ANCHOR_01,52:06:26:03:01:DA,-77,MFG_4C000215FDA50693A4E24FB1AFCFC6EB0764782500010002D8,1.0,Yes,WiFi + Concrete Wall
1493767,ANCHOR_01,52:06:26:03:01:DA,-79,MFG_4C000215FDA50693A4E24FB1AFCFC6EB0764782500010002D8,1.0,Yes,WiFi + Concrete Wall
1495777,ANCHOR_01,52:06:26:03:01:DA,-80,MFG_4C000215FDA50693A4E24FB1AFCFC6EB0764782500010002D8,1.0,Yes,WiFi + Concrete Wall
1496797,ANCHOR_01,52:06:26:03:01:DA,-77,MFG_4C000215FDA50693A4E24FB1AFCFC6EB0764782500010002D8,1.0,Yes,WiFi + Concrete Wall
1497787,ANCHOR_01,52:06:26:03:01:DA,-76,MFG_4C000215FDA50693A4E24FB1AFCFC6EB0764782500010002D8,1.0,Yes,WiFi + Concrete Wall
1498777,ANCHOR_01,52:06:26:03:01:DA,-77,MFG_4C000215FDA50693A4E24FB1AFCFC6EB0764782500010002D8,1.0,Yes,WiFi + Concrete Wall
1500817,ANCHOR_01,52:06:26:03:01:DA,-78,MFG_4C000215FDA50693A4E24FB1AFCFC6EB0764782500010002D8,1.0,Yes,WiFi + Concrete Wall
1501807,ANCHOR_01,52:06:26:03:01:DA,-78,MFG_4C000215FDA50693A4E24FB1AFCFC6EB0764782500010002D8,1.0,Yes,WiFi + Concrete Wall
1502827,ANCHOR_01,52:06:26:03:01:DA,-75,MFG_4C000215FDA50693A4E24FB1AFCFC6EB0764782500010002D8,1.0,Yes,WiFi + Concrete Wall
1503817,ANCHOR_01,52:06:26:03:01:DA,-75,MFG_4C000215FDA50693A4E24FB1AFCFC6EB0764782500010002D8,1.0,Yes,WiFi + Concrete Wall
1504807,ANCHOR_01,52:06:26:03:01:DA,-75,MFG_4C000215FDA50693A4E24FB1AFCFC6EB0764782500010002D8,1.0,Yes,WiFi + Concrete Wall
1505817,ANCHOR_01,52:06:26:03:01:DA,-82,MFG_4C000215FDA50693A4E24FB1AFCFC6EB0764782500010002D8,1.0,Yes,WiFi + Concrete Wall
1507837,ANCHOR_01,52:06:26:03:01:DA,-78,MFG_4C000215FDA50693A4E24FB1AFCFC6EB0764782500010002D8,1.0,Yes,WiFi + Concrete Wall
1508827,ANCHOR_01,52:06:26:03:01:DA,-78,MFG_4C000215FDA50693A4E24FB1AFCFC6EB0764782500010002D8,1.0,Yes,WiFi + Concrete Wall
1509847,ANCHOR_01,52:06:26:03:01:DA,-75,MFG_4C000215FDA50693A4E24FB1AFCFC6EB0764782500010002D8,1.0,Yes,WiFi + Concrete Wall
1510837,ANCHOR_01,52:06:26:03:01:DA,-74,MFG_4C000215FDA50693A4E24FB1AFCFC6EB0764782500010002D8,1.0,Yes,WiFi + Concrete Wall
1511857,ANCHOR_01,52:06:26:03:01:DA,-81,MFG_4C000215FDA50693A4E24FB1AFCFC6EB0764782500010002D8,1.0,Yes,WiFi + Concrete Wall
1513867,ANCHOR_01,52:06:26:03:01:DA,-78,MFG_4C000215FDA50693A4E24FB1AFCFC6EB0764782500010002D8,1.0,Yes,WiFi + Concrete Wall
1514857,ANCHOR_01,52:06:26:03:01:DA,-78,MFG_4C000215FDA50693A4E24FB1AFCFC6EB0764782500010002D8,1.0,Yes,WiFi + Concrete Wall
1515877,ANCHOR_01,52:06:26:03:01:DA,-74,MFG_4C000215FDA50693A4E24FB1AFCFC6EB0764782500010002D8,1.0,Yes,WiFi + Concrete Wall
1516867,ANCHOR_01,52:06:26:03:01:DA,-75,MFG_4C000215FDA50693A4E24FB1AFCFC6EB0764782500010002D8,1.0,Yes,WiFi + Concrete Wall
1518877,ANCHOR_01,52:06:26:03:01:DA,-80,MFG_4C000215FDA50693A4E24FB1AFCFC6EB0764782500010002D8,1.0,Yes,WiFi + Concrete Wall
1519857,ANCHOR_01,52:06:26:03:01:DA,-80,MFG_4C000215FDA50693A4E24FB1AFCFC6EB0764782500010002D8,1.0,Yes,WiFi + Concrete Wall
1520887,ANCHOR_01,52:06:26:03:01:DA,-78,MFG_4C000215FDA50693A4E24FB1AFCFC6EB0764782500010002D8,1.0,Yes,WiFi + Concrete Wall
1521877,ANCHOR_01,52:06:26:03:01:DA,-77,MFG_4C000215FDA50693A4E24FB1AFCFC6EB0764782500010002D8,1.0,Yes,WiFi + Concrete Wall
1522897,ANCHOR_01,52:06:26:03:01:DA,-75,MFG_4C000215FDA50693A4E24FB1AFCFC6EB0764782500010002D8,1.0,Yes,WiFi + Concrete Wall
1523887,ANCHOR_01,52:06:26:03:01:DA,-74,MFG_4C000215FDA50693A4E24FB1AFCFC6EB0764782500010002D8,1.0,Yes,WiFi + Concrete Wall
1524907,ANCHOR_01,52:06:26:03:01:DA,-79,MFG_4C000215FDA50693A4E24FB1AFCFC6EB0764782500010002D8,1.0,Yes,WiFi + Concrete Wall
1525897,ANCHOR_01,52:06:26:03:01:DA,-81,MFG_4C000215FDA50693A4E24FB1AFCFC6EB0764782500010002D8,1.0,Yes,WiFi + Concrete Wall
1526887,ANCHOR_01,52:06:26:03:01:DA,-80,MFG_4C000215FDA50693A4E24FB1AFCFC6EB0764782500010002D8,1.0,Yes,WiFi + Concrete Wall
1527907,ANCHOR_01,52:06:26:03:01:DA,-78,MFG_4C000215FDA50693A4E24FB1AFCFC6EB0764782500010002D8,1.0,Yes,WiFi + Concrete Wall
1529907,ANCHOR_01,52:06:26:03:01:DA,-75,MFG_4C000215FDA50693A4E24FB1AFCFC6EB0764782500010002D8,1.0,Yes,WiFi + Concrete Wall
1530907,ANCHOR_01,52:06:26:03:01:DA,-75,MFG_4C000215FDA50693A4E24FB1AFCFC6EB0764782500010002D8,1.0,Yes,WiFi + Concrete Wall
1531927,ANCHOR_01,52:06:26:03:01:DA,-79,MFG_4C000215FDA50693A4E24FB1AFCFC6EB0764782500010002D8,1.0,Yes,WiFi + Concrete Wall
1533937,ANCHOR_01,52:06:26:03:01:DA,-79,MFG_4C000215FDA50693A4E24FB1AFCFC6EB0764782500010002D8,1.0,Yes,WiFi + Concrete Wall
1535947,ANCHOR_01,52:06:26:03:01:DA,-75,MFG_4C000215FDA50693A4E24FB1AFCFC6EB0764782500010002D8,1.0,Yes,WiFi + Concrete Wall
1536937,ANCHOR_01,52:06:26:03:01:DA,-74,MFG_4C000215FDA50693A4E24FB1AFCFC6EB0764782500010002D8,1.0,Yes,WiFi + Concrete Wall
1539967,ANCHOR_01,52:06:26:03:01:DA,-81,MFG_4C000215FDA50693A4E24FB1AFCFC6EB0764782500010002D8,1.0,Yes,WiFi + Concrete Wall
1540957,ANCHOR_01,52:06:26:03:01:DA,-80,MFG_4C000215FDA50693A4E24FB1AFCFC6EB0764782500010002D8,1.0,Yes,WiFi + Concrete Wall
1541977,ANCHOR_01,52:06:26:03:01:DA,-75,MFG_4C000215FDA50693A4E24FB1AFCFC6EB0764782500010002D8,1.0,Yes,WiFi + Concrete Wall
1542967,ANCHOR_01,52:06:26:03:01:DA,-75,MFG_4C000215FDA50693A4E24FB1AFCFC6EB0764782500010002D8,1.0,Yes,WiFi + Concrete Wall
1543987,ANCHOR_01,52:06:26:03:01:DA,-84,MFG_4C000215FDA50693A4E24FB1AFCFC6EB0764782500010002D8,1.0,Yes,WiFi + Concrete Wall
1545967,ANCHOR_01,52:06:26:03:01:DA,-78,MFG_4C000215FDA50693A4E24FB1AFCFC6EB0764782500010002D8,1.0,Yes,WiFi + Concrete Wall
1546987,ANCHOR_01,52:06:26:03:01:DA,-86,MFG_4C000215FDA50693A4E24FB1AFCFC6EB0764782500010002D8,1.0,Yes,WiFi + Concrete Wall
1548007,ANCHOR_01,52:06:26:03:01:DA,-78,MFG_4C000215FDA50693A4E24FB1AFCFC6EB0764782500010002D8,1.0,Yes,WiFi + Concrete Wall
1548997,ANCHOR_01,52:06:26:03:01:DA,-77,MFG_4C000215FDA50693A4E24FB1AFCFC6EB0764782500010002D8,1.0,Yes,WiFi + Concrete Wall
1552027,ANCHOR_01,52:06:26:03:01:DA,-81,MFG_4C000215FDA50693A4E24FB1AFCFC6EB0764782500010002D8,1.0,Yes,WiFi + Concrete Wall
1553017,ANCHOR_01,52:06:26:03:01:DA,-79,MFG_4C000215FDA50693A4E24FB1AFCFC6EB0764782500010002D8,1.0,Yes,WiFi + Concrete Wall
1554037,ANCHOR_01,52:06:26:03:01:DA,-78,MFG_4C000215FDA50693A4E24FB1AFCFC6EB0764782500010002D8,1.0,Yes,WiFi + Concrete Wall
1557037,ANCHOR_01,52:06:26:03:01:DA,-91,MFG_4C000215FDA50693A4E24FB1AFCFC6EB0764782500010002D8,1.0,Yes,WiFi + Concrete Wall
1558057,ANCHOR_01,52:06:26:03:01:DA,-78,MFG_4C000215FDA50693A4E24FB1AFCFC6EB0764782500010002D8,1.0,Yes,WiFi + Concrete Wall
1559077,ANCHOR_01,52:06:26:03:01:DA,-77,MFG_4C000215FDA50693A4E24FB1AFCFC6EB0764782500010002D8,1.0,Yes,WiFi + Concrete Wall
1560067,ANCHOR_01,52:06:26:03:01:DA,-78,MFG_4C000215FDA50693A4E24FB1AFCFC6EB0764782500010002D8,1.0,Yes,WiFi + Concrete Wall
1562077,ANCHOR_01,52:06:26:03:01:DA,-93,MFG_4C000215FDA50693A4E24FB1AFCFC6EB0764782500010002D8,1.0,Yes,WiFi + Concrete Wall
1563097,ANCHOR_01,52:06:26:03:01:DA,-78,MFG_4C000215FDA50693A4E24FB1AFCFC6EB0764782500010002D8,1.0,Yes,WiFi + Concrete Wall
1565107,ANCHOR_01,52:06:26:03:01:DA,-77,MFG_4C000215FDA50693A4E24FB1AFCFC6EB0764782500010002D8,1.0,Yes,WiFi + Concrete Wall
1566097,ANCHOR_01,52:06:26:03:01:DA,-78,MFG_4C000215FDA50693A4E24FB1AFCFC6EB0764782500010002D8,1.0,Yes,WiFi + Concrete Wall
1569127,ANCHOR_01,52:06:26:03:01:DA,-77,MFG_4C000215FDA50693A4E24FB1AFCFC6EB0764782500010002D8,1.0,Yes,WiFi + Concrete Wall
1570117,ANCHOR_01,52:06:26:03:01:DA,-77,MFG_4C000215FDA50693A4E24FB1AFCFC6EB0764782500010002D8,1.0,Yes,WiFi + Concrete Wall
1571137,ANCHOR_01,52:06:26:03:01:DA,-78,MFG_4C000215FDA50693A4E24FB1AFCFC6EB0764782500010002D8,1.0,Yes,WiFi + Concrete Wall
1572127,ANCHOR_01,52:06:26:03:01:DA,-77,MFG_4C000215FDA50693A4E24FB1AFCFC6EB0764782500010002D8,1.0,Yes,WiFi + Concrete Wall
1574127,ANCHOR_01,52:06:26:03:01:DA,-90,MFG_4C000215FDA50693A4E24FB1AFCFC6EB0764782500010002D8,1.0,Yes,WiFi + Concrete Wall
1576147,ANCHOR_01,52:06:26:03:01:DA,-85,MFG_4C000215FDA50693A4E24FB1AFCFC6EB0764782500010002D8,1.0,Yes,WiFi + Concrete Wall
1577137,ANCHOR_01,52:06:26:03:01:DA,-87,MFG_4C000215FDA50693A4E24FB1AFCFC6EB0764782500010002D8,1.0,Yes,WiFi + Concrete Wall
1578157,ANCHOR_01,52:06:26:03:01:DA,-77,MFG_4C000215FDA50693A4E24FB1AFCFC6EB0764782500010002D8,1.0,Yes,WiFi + Concrete Wall
1579147,ANCHOR_01,52:06:26:03:01:DA,-77,MFG_4C000215FDA50693A4E24FB1AFCFC6EB0764782500010002D8,1.0,Yes,WiFi + Concrete Wall
1580167,ANCHOR_01,52:06:26:03:01:DA,-80,MFG_4C000215FDA50693A4E24FB1AFCFC6EB0764782500010002D8,1.0,Yes,WiFi + Concrete Wall
1581157,ANCHOR_01,52:06:26:03:01:DA,-82,MFG_4C000215FDA50693A4E24FB1AFCFC6EB0764782500010002D8,1.0,Yes,WiFi + Concrete Wall
1582177,ANCHOR_01,52:06:26:03:01:DA,-81,MFG_4C000215FDA50693A4E24FB1AFCFC6EB0764782500010002D8,1.0,Yes,WiFi + Concrete Wall
1583157,ANCHOR_01,52:06:26:03:01:DA,-81,MFG_4C000215FDA50693A4E24FB1AFCFC6EB0764782500010002D8,1.0,Yes,WiFi + Concrete Wall
1584187,ANCHOR_01,52:06:26:03:01:DA,-75,MFG_4C000215FDA50693A4E24FB1AFCFC6EB0764782500010002D8,1.0,Yes,WiFi + Concrete Wall
1585177,ANCHOR_01,52:06:26:03:01:DA,-75,MFG_4C000215FDA50693A4E24FB1AFCFC6EB0764782500010002D8,1.0,Yes,WiFi + Concrete Wall
1588207,ANCHOR_01,52:06:26:03:01:DA,-81,MFG_4C000215FDA50693A4E24FB1AFCFC6EB0764782500010002D8,1.0,Yes,WiFi + Concrete Wall
1589187,ANCHOR_01,52:06:26:03:01:DA,-79,MFG_4C000215FDA50693A4E24FB1AFCFC6EB0764782500010002D8,1.0,Yes,WiFi + Concrete Wall
1590217,ANCHOR_01,52:06:26:03:01:DA,-75,MFG_4C000215FDA50693A4E24FB1AFCFC6EB0764782500010002D8,1.0,Yes,WiFi + Concrete Wall
1591207,ANCHOR_01,52:06:26:03:01:DA,-75,MFG_4C000215FDA50693A4E24FB1AFCFC6EB0764782500010002D8,1.0,Yes,WiFi + Concrete Wall
1592227,ANCHOR_01,52:06:26:03:01:DA,-83,MFG_4C000215FDA50693A4E24FB1AFCFC6EB0764782500010002D8,1.0,Yes,WiFi + Concrete Wall
1593217,ANCHOR_01,52:06:26:03:01:DA,-82,MFG_4C000215FDA50693A4E24FB1AFCFC6EB0764782500010002D8,1.0,Yes,WiFi + Concrete Wall
1594237,ANCHOR_01,52:06:26:03:01:DA,-79,MFG_4C000215FDA50693A4E24FB1AFCFC6EB0764782500010002D8,1.0,Yes,WiFi + Concrete Wall
1595227,ANCHOR_01,52:06:26:03:01:DA,-78,MFG_4C000215FDA50693A4E24FB1AFCFC6EB0764782500010002D8,1.0,Yes,WiFi + Concrete Wall
1596247,ANCHOR_01,52:06:26:03:01:DA,-75,MFG_4C000215FDA50693A4E24FB1AFCFC6EB0764782500010002D8,1.0,Yes,WiFi + Concrete Wall
1597237,ANCHOR_01,52:06:26:03:01:DA,-75,MFG_4C000215FDA50693A4E24FB1AFCFC6EB0764782500010002D8,1.0,Yes,WiFi + Concrete Wall
1599237,ANCHOR_01,52:06:26:03:01:DA,-83,MFG_4C000215FDA50693A4E24FB1AFCFC6EB0764782500010002D8,1.0,Yes,WiFi + Concrete Wall
1600257,ANCHOR_01,52:06:26:03:01:DA,-79,MFG_4C000215FDA50693A4E24FB1AFCFC6EB0764782500010002D8,1.0,Yes,WiFi + Concrete Wall
1601257,ANCHOR_01,52:06:26:03:01:DA,-78,MFG_4C000215FDA50693A4E24FB1AFCFC6EB0764782500010002D8,1.0,Yes,WiFi + Concrete Wall
1602277,ANCHOR_01,52:06:26:03:01:DA,-75,MFG_4C000215FDA50693A4E24FB1AFCFC6EB0764782500010002D8,1.0,Yes,WiFi + Concrete Wall
1603267,ANCHOR_01,52:06:26:03:01:DA,-78,MFG_4C000215FDA50693A4E24FB1AFCFC6EB0764782500010002D8,1.0,Yes,WiFi + Concrete Wall
1605257,ANCHOR_01,52:06:26:03:01:DA,-84,MFG_4C000215FDA50693A4E24FB1AFCFC6EB0764782500010002D8,1.0,Yes,WiFi + Concrete Wall
1606297,ANCHOR_01,52:06:26:03:01:DA,-80,MFG_4C000215FDA50693A4E24FB1AFCFC6EB0764782500010002D8,1.0,Yes,WiFi + Concrete Wall
1607287,ANCHOR_01,52:06:26:03:01:DA,-79,MFG_4C000215FDA50693A4E24FB1AFCFC6EB0764782500010002D8,1.0,Yes,WiFi + Concrete Wall
1608277,ANCHOR_01,52:06:26:03:01:DA,-80,MFG_4C000215FDA50693A4E24FB1AFCFC6EB0764782500010002D8,1.0,Yes,WiFi + Concrete Wall
1609297,ANCHOR_01,52:06:26:03:01:DA,-76,MFG_4C000215FDA50693A4E24FB1AFCFC6EB0764782500010002D8,1.0,Yes,WiFi + Concrete Wall
1612297,ANCHOR_01,52:06:26:03:01:DA,-76,MFG_4C000215FDA50693A4E24FB1AFCFC6EB0764782500010002D8,1.0,Yes,WiFi + Concrete Wall
1613317,ANCHOR_01,52:06:26:03:01:DA,-84,MFG_4C000215FDA50693A4E24FB1AFCFC6EB0764782500010002D8,1.0,Yes,WiFi + Concrete Wall
1615327,ANCHOR_01,52:06:26:03:01:DA,-78,MFG_4C000215FDA50693A4E24FB1AFCFC6EB0764782500010002D8,1.0,Yes,WiFi + Concrete Wall
1616317,ANCHOR_01,52:06:26:03:01:DA,-79,MFG_4C000215FDA50693A4E24FB1AFCFC6EB0764782500010002D8,1.0,Yes,WiFi + Concrete Wall
1618327,ANCHOR_01,52:06:26:03:01:DA,-83,MFG_4C000215FDA50693A4E24FB1AFCFC6EB0764782500010002D8,1.0,Yes,WiFi + Concrete Wall
1619347,ANCHOR_01,52:06:26:03:01:DA,-77,MFG_4C000215FDA50693A4E24FB1AFCFC6EB0764782500010002D8,1.0,Yes,WiFi + Concrete Wall
1620327,ANCHOR_01,52:06:26:03:01:DA,-79,MFG_4C000215FDA50693A4E24FB1AFCFC6EB0764782500010002D8,1.0,Yes,WiFi + Concrete Wall
1621357,ANCHOR_01,52:06:26:03:01:DA,-77,MFG_4C000215FDA50693A4E24FB1AFCFC6EB0764782500010002D8,1.0,Yes,WiFi + Concrete Wall
1622347,ANCHOR_01,52:06:26:03:01:DA,-77,MFG_4C000215FDA50693A4E24FB1AFCFC6EB0764782500010002D8,1.0,Yes,WiFi + Concrete Wall
1623337,ANCHOR_01,52:06:26:03:01:DA,-78,MFG_4C000215FDA50693A4E24FB1AFCFC6EB0764782500010002D8,1.0,Yes,WiFi + Concrete Wall
1624357,ANCHOR_01,52:06:26:03:01:DA,-87,MFG_4C000215FDA50693A4E24FB1AFCFC6EB0764782500010002D8,1.0,Yes,WiFi + Concrete Wall
1625347,ANCHOR_01,52:06:26:03:01:DA,-87,MFG_4C000215FDA50693A4E24FB1AFCFC6EB0764782500010002D8,1.0,Yes,WiFi + Concrete Wall
1626347,ANCHOR_01,52:06:26:03:01:DA,-77,MFG_4C000215FDA50693A4E24FB1AFCFC6EB0764782500010002D8,1.0,Yes,WiFi + Concrete Wall
1627357,ANCHOR_01,52:06:26:03:01:DA,-77,MFG_4C000215FDA50693A4E24FB1AFCFC6EB0764782500010002D8,1.0,Yes,WiFi + Concrete Wall
1628377,ANCHOR_01,52:06:26:03:01:DA,-79,MFG_4C000215FDA50693A4E24FB1AFCFC6EB0764782500010002D8,1.0,Yes,WiFi + Concrete Wall
1629357,ANCHOR_01,52:06:26:03:01:DA,-80,MFG_4C000215FDA50693A4E24FB1AFCFC6EB0764782500010002D8,1.0,Yes,WiFi + Concrete Wall
1630387,ANCHOR_01,52:06:26:03:01:DA,-85,MFG_4C000215FDA50693A4E24FB1AFCFC6EB0764782500010002D8,1.0,Yes,WiFi + Concrete Wall
1631377,ANCHOR_01,52:06:26:03:01:DA,-85,MFG_4C000215FDA50693A4E24FB1AFCFC6EB0764782500010002D8,1.0,Yes,WiFi + Concrete Wall
1632397,ANCHOR_01,52:06:26:03:01:DA,-76,MFG_4C000215FDA50693A4E24FB1AFCFC6EB0764782500010002D8,1.0,Yes,WiFi + Concrete Wall
1633387,ANCHOR_01,52:06:26:03:01:DA,-77,MFG_4C000215FDA50693A4E24FB1AFCFC6EB0764782500010002D8,1.0,Yes,WiFi + Concrete Wall
1634407,ANCHOR_01,52:06:26:03:01:DA,-80,MFG_4C000215FDA50693A4E24FB1AFCFC6EB0764782500010002D8,1.0,Yes,WiFi + Concrete Wall
1635427,ANCHOR_01,52:06:26:03:01:DA,-85,MFG_4C000215FDA50693A4E24FB1AFCFC6EB0764782500010002D8,1.0,Yes,WiFi + Concrete Wall
1636407,ANCHOR_01,52:06:26:03:01:DA,-87,MFG_4C000215FDA50693A4E24FB1AFCFC6EB0764782500010002D8,1.0,Yes,WiFi + Concrete Wall
1637437,ANCHOR_01,52:06:26:03:01:DA,-77,MFG_4C000215FDA50693A4E24FB1AFCFC6EB0764782500010002D8,1.0,Yes,WiFi + Concrete Wall
1638427,ANCHOR_01,52:06:26:03:01:DA,-78,MFG_4C000215FDA50693A4E24FB1AFCFC6EB0764782500010002D8,1.0,Yes,WiFi + Concrete Wall
1639447,ANCHOR_01,52:06:26:03:01:DA,-80,MFG_4C000215FDA50693A4E24FB1AFCFC6EB0764782500010002D8,1.0,Yes,WiFi + Concrete Wall
1640437,ANCHOR_01,52:06:26:03:01:DA,-80,MFG_4C000215FDA50693A4E24FB1AFCFC6EB0764782500010002D8,1.0,Yes,WiFi + Concrete Wall
1641457,ANCHOR_01,52:06:26:03:01:DA,-89,MFG_4C000215FDA50693A4E24FB1AFCFC6EB0764782500010002D8,1.0,Yes,WiFi + Concrete Wall
1642437,ANCHOR_01,52:06:26:03:01:DA,-86,MFG_4C000215FDA50693A4E24FB1AFCFC6EB0764782500010002D8,1.0,Yes,WiFi + Concrete Wall
1643467,ANCHOR_01,52:06:26:03:01:DA,-82,MFG_4C000215FDA50693A4E24FB1AFCFC6EB0764782500010002D8,1.0,Yes,WiFi + Concrete Wall
1644457,ANCHOR_01,52:06:26:03:01:DA,-82,MFG_4C000215FDA50693A4E24FB1AFCFC6EB0764782500010002D8,1.0,Yes,WiFi + Concrete Wall
1645477,ANCHOR_01,52:06:26:03:01:DA,-75,MFG_4C000215FDA50693A4E24FB1AFCFC6EB0764782500010002D8,1.0,Yes,WiFi + Concrete Wall
1646467,ANCHOR_01,52:06:26:03:01:DA,-77,MFG_4C000215FDA50693A4E24FB1AFCFC6EB0764782500010002D8,1.0,Yes,WiFi + Concrete Wall
1647487,ANCHOR_01,52:06:26:03:01:DA,-83,MFG_4C000215FDA50693A4E24FB1AFCFC6EB0764782500010002D8,1.0,Yes,WiFi + Concrete Wall
1648477,ANCHOR_01,52:06:26:03:01:DA,-84,MFG_4C000215FDA50693A4E24FB1AFCFC6EB0764782500010002D8,1.0,Yes,WiFi + Concrete Wall
1649467,ANCHOR_01,52:06:26:03:01:DA,-84,MFG_4C000215FDA50693A4E24FB1AFCFC6EB0764782500010002D8,1.0,Yes,WiFi + Concrete Wall
1650487,ANCHOR_01,52:06:26:03:01:DA,-81,MFG_4C000215FDA50693A4E24FB1AFCFC6EB0764782500010002D8,1.0,Yes,WiFi + Concrete Wall
1652497,ANCHOR_01,52:06:26:03:01:DA,-75,MFG_4C000215FDA50693A4E24FB1AFCFC6EB0764782500010002D8,1.0,Yes,WiFi + Concrete Wall
1653487,ANCHOR_01,52:06:26:03:01:DA,-76,MFG_4C000215FDA50693A4E24FB1AFCFC6EB0764782500010002D8,1.0,Yes,WiFi + Concrete Wall
1654507,ANCHOR_01,52:06:26:03:01:DA,-84,MFG_4C000215FDA50693A4E24FB1AFCFC6EB0764782500010002D8,1.0,Yes,WiFi + Concrete Wall
1655497,ANCHOR_01,52:06:26:03:01:DA,-84,MFG_4C000215FDA50693A4E24FB1AFCFC6EB0764782500010002D8,1.0,Yes,WiFi + Concrete Wall
1656517,ANCHOR_01,52:06:26:03:01:DA,-82,MFG_4C000215FDA50693A4E24FB1AFCFC6EB0764782500010002D8,1.0,Yes,WiFi + Concrete Wall
1658517,ANCHOR_01,52:06:26:03:01:DA,-76,MFG_4C000215FDA50693A4E24FB1AFCFC6EB0764782500010002D8,1.0,Yes,WiFi + Concrete Wall
1659517,ANCHOR_01,52:06:26:03:01:DA,-76,MFG_4C000215FDA50693A4E24FB1AFCFC6EB0764782500010002D8,1.0,Yes,WiFi + Concrete Wall
1660537,ANCHOR_01,52:06:26:03:01:DA,-84,MFG_4C000215FDA50693A4E24FB1AFCFC6EB0764782500010002D8,1.0,Yes,WiFi + Concrete Wall
1661527,ANCHOR_01,52:06:26:03:01:DA,-83,MFG_4C000215FDA50693A4E24FB1AFCFC6EB0764782500010002D8,1.0,Yes,WiFi + Concrete Wall
1663537,ANCHOR_01,52:06:26:03:01:DA,-83,MFG_4C000215FDA50693A4E24FB1AFCFC6EB0764782500010002D8,1.0,Yes,WiFi + Concrete Wall
1664557,ANCHOR_01,52:06:26:03:01:DA,-75,MFG_4C000215FDA50693A4E24FB1AFCFC6EB0764782500010002D8,1.0,Yes,WiFi + Concrete Wall
1665547,ANCHOR_01,52:06:26:03:01:DA,-75,MFG_4C000215FDA50693A4E24FB1AFCFC6EB0764782500010002D8,1.0,Yes,WiFi + Concrete Wall
1666567,ANCHOR_01,52:06:26:03:01:DA,-83,MFG_4C000215FDA50693A4E24FB1AFCFC6EB0764782500010002D8,1.0,Yes,WiFi + Concrete Wall
1667557,ANCHOR_01,52:06:26:03:01:DA,-83,MFG_4C000215FDA50693A4E24FB1AFCFC6EB0764782500010002D8,1.0,Yes,WiFi + Concrete Wall
1668577,ANCHOR_01,52:06:26:03:01:DA,-81,MFG_4C000215FDA50693A4E24FB1AFCFC6EB0764782500010002D8,1.0,Yes,WiFi + Concrete Wall
1669567,ANCHOR_01,52:06:26:03:01:DA,-81,MFG_4C000215FDA50693A4E24FB1AFCFC6EB0764782500010002D8,1.0,Yes,WiFi + Concrete Wall
1670587,ANCHOR_01,52:06:26:03:01:DA,-75,MFG_4C000215FDA50693A4E24FB1AFCFC6EB0764782500010002D8,1.0,Yes,WiFi + Concrete Wall
1671577,ANCHOR_01,52:06:26:03:01:DA,-75,MFG_4C000215FDA50693A4E24FB1AFCFC6EB0764782500010002D8,1.0,Yes,WiFi + Concrete Wall
1673587,ANCHOR_01,52:06:26:03:01:DA,-86,MFG_4C000215FDA50693A4E24FB1AFCFC6EB0764782500010002D8,1.0,Yes,WiFi + Concrete Wall
1674607,ANCHOR_01,52:06:26:03:01:DA,-81,MFG_4C000215FDA50693A4E24FB1AFCFC6EB0764782500010002D8,1.0,Yes,WiFi + Concrete Wall
1675597,ANCHOR_01,52:06:26:03:01:DA,-80,MFG_4C000215FDA50693A4E24FB1AFCFC6EB0764782500010002D8,1.0,Yes,WiFi + Concrete Wall
1676617,ANCHOR_01,52:06:26:03:01:DA,-76,MFG_4C000215FDA50693A4E24FB1AFCFC6EB0764782500010002D8,1.0,Yes,WiFi + Concrete Wall
1680637,ANCHOR_01,52:06:26:03:01:DA,-80,MFG_4C000215FDA50693A4E24FB1AFCFC6EB0764782500010002D8,1.0,Yes,WiFi + Concrete Wall
1681627,ANCHOR_01,52:06:26:03:01:DA,-79,MFG_4C000215FDA50693A4E24FB1AFCFC6EB0764782500010002D8,1.0,Yes,WiFi + Concrete Wall
1682647,ANCHOR_01,52:06:26:03:01:DA,-76,MFG_4C000215FDA50693A4E24FB1AFCFC6EB0764782500010002D8,1.0,Yes,WiFi + Concrete Wall
1683637,ANCHOR_01,52:06:26:03:01:DA,-76,MFG_4C000215FDA50693A4E24FB1AFCFC6EB0764782500010002D8,1.0,Yes,WiFi + Concrete Wall
1684657,ANCHOR_01,52:06:26:03:01:DA,-83,MFG_4C000215FDA50693A4E24FB1AFCFC6EB0764782500010002D8,1.0,Yes,WiFi + Concrete Wall
1685647,ANCHOR_01,52:06:26:03:01:DA,-83,MFG_4C000215FDA50693A4E24FB1AFCFC6EB0764782500010002D8,1.0,Yes,WiFi + Concrete Wall
1686667,ANCHOR_01,52:06:26:03:01:DA,-80,MFG_4C000215FDA50693A4E24FB1AFCFC6EB0764782500010002D8,1.0,Yes,WiFi + Concrete Wall
1687657,ANCHOR_01,52:06:26:03:01:DA,-78,MFG_4C000215FDA50693A4E24FB1AFCFC6EB0764782500010002D8,1.0,Yes,WiFi + Concrete Wall
1688677,ANCHOR_01,52:06:26:03:01:DA,-75,MFG_4C000215FDA50693A4E24FB1AFCFC6EB0764782500010002D8,1.0,Yes,WiFi + Concrete Wall
1689667,ANCHOR_01,52:06:26:03:01:DA,-75,MFG_4C000215FDA50693A4E24FB1AFCFC6EB0764782500010002D8,1.0,Yes,WiFi + Concrete Wall
1691677,ANCHOR_01,52:06:26:03:01:DA,-84,MFG_4C000215FDA50693A4E24FB1AFCFC6EB0764782500010002D8,1.0,Yes,WiFi + Concrete Wall
1692697,ANCHOR_01,52:06:26:03:01:DA,-78,MFG_4C000215FDA50693A4E24FB1AFCFC6EB0764782500010002D8,1.0,Yes,WiFi + Concrete Wall
1693687,ANCHOR_01,52:06:26:03:01:DA,-78,MFG_4C000215FDA50693A4E24FB1AFCFC6EB0764782500010002D8,1.0,Yes,WiFi + Concrete Wall
1694677,ANCHOR_01,52:06:26:03:01:DA,-78,MFG_4C000215FDA50693A4E24FB1AFCFC6EB0764782500010002D8,1.0,Yes,WiFi + Concrete Wall
1695697,ANCHOR_01,52:06:26:03:01:DA,-75,MFG_4C000215FDA50693A4E24FB1AFCFC6EB0764782500010002D8,1.0,Yes,WiFi + Concrete Wall
1697707,ANCHOR_01,52:06:26:03:01:DA,-87,MFG_4C000215FDA50693A4E24FB1AFCFC6EB0764782500010002D8,1.0,Yes,WiFi + Concrete Wall
1698727,ANCHOR_01,52:06:26:03:01:DA,-80,MFG_4C000215FDA50693A4E24FB1AFCFC6EB0764782500010002D8,1.0,Yes,WiFi + Concrete Wall
1699717,ANCHOR_01,52:06:26:03:01:DA,-79,MFG_4C000215FDA50693A4E24FB1AFCFC6EB0764782500010002D8,1.0,Yes,WiFi + Concrete Wall
1700737,ANCHOR_01,52:06:26:03:01:DA,-75,MFG_4C000215FDA50693A4E24FB1AFCFC6EB0764782500010002D8,1.0,Yes,WiFi + Concrete Wall
1702747,ANCHOR_01,52:06:26:03:01:DA,-86,MFG_4C000215FDA50693A4E24FB1AFCFC6EB0764782500010002D8,1.0,Yes,WiFi + Concrete Wall
1703767,ANCHOR_01,52:06:26:03:01:DA,-79,MFG_4C000215FDA50693A4E24FB1AFCFC6EB0764782500010002D8,1.0,Yes,WiFi + Concrete Wall
1704757,ANCHOR_01,52:06:26:03:01:DA,-80,MFG_4C000215FDA50693A4E24FB1AFCFC6EB0764782500010002D8,1.0,Yes,WiFi + Concrete Wall
1705747,ANCHOR_01,52:06:26:03:01:DA,-79,MFG_4C000215FDA50693A4E24FB1AFCFC6EB0764782500010002D8,1.0,Yes,WiFi + Concrete Wall
1706767,ANCHOR_01,52:06:26:03:01:DA,-75,MFG_4C000215FDA50693A4E24FB1AFCFC6EB0764782500010002D8,1.0,Yes,WiFi + Concrete Wall
1708777,ANCHOR_01,52:06:26:03:01:DA,-84,MFG_4C000215FDA50693A4E24FB1AFCFC6EB0764782500010002D8,1.0,Yes,WiFi + Concrete Wall
1709797,ANCHOR_01,52:06:26:03:01:DA,-83,MFG_4C000215FDA50693A4E24FB1AFCFC6EB0764782500010002D8,1.0,Yes,WiFi + Concrete Wall
1710787,ANCHOR_01,52:06:26:03:01:DA,-82,MFG_4C000215FDA50693A4E24FB1AFCFC6EB0764782500010002D8,1.0,Yes,WiFi + Concrete Wall
1712797,ANCHOR_01,52:06:26:03:01:DA,-75,MFG_4C000215FDA50693A4E24FB1AFCFC6EB0764782500010002D8,1.0,Yes,WiFi + Concrete Wall
1714807,ANCHOR_01,52:06:26:03:01:DA,-84,MFG_4C000215FDA50693A4E24FB1AFCFC6EB0764782500010002D8,1.0,Yes,WiFi + Concrete Wall
1715827,ANCHOR_01,52:06:26:03:01:DA,-84,MFG_4C000215FDA50693A4E24FB1AFCFC6EB0764782500010002D8,1.0,Yes,WiFi + Concrete Wall
1716807,ANCHOR_01,52:06:26:03:01:DA,-84,MFG_4C000215FDA50693A4E24FB1AFCFC6EB0764782500010002D8,1.0,Yes,WiFi + Concrete Wall
1717837,ANCHOR_01,52:06:26:03:01:DA,-75,MFG_4C000215FDA50693A4E24FB1AFCFC6EB0764782500010002D8,1.0,Yes,WiFi + Concrete Wall
1718817,ANCHOR_01,52:06:26:03:01:DA,-75,MFG_4C000215FDA50693A4E24FB1AFCFC6EB0764782500010002D8,1.0,Yes,WiFi + Concrete Wall
1719847,ANCHOR_01,52:06:26:03:01:DA,-84,MFG_4C000215FDA50693A4E24FB1AFCFC6EB0764782500010002D8,1.0,Yes,WiFi + Concrete Wall
1720837,ANCHOR_01,52:06:26:03:01:DA,-81,MFG_4C000215FDA50693A4E24FB1AFCFC6EB0764782500010002D8,1.0,Yes,WiFi + Concrete Wall
1721857,ANCHOR_01,52:06:26:03:01:DA,-83,MFG_4C000215FDA50693A4E24FB1AFCFC6EB0764782500010002D8,1.0,Yes,WiFi + Concrete Wall
1722877,ANCHOR_01,52:06:26:03:01:DA,-75,MFG_4C000215FDA50693A4E24FB1AFCFC6EB0764782500010002D8,1.0,Yes,WiFi + Concrete Wall
1723867,ANCHOR_01,52:06:26:03:01:DA,-76,MFG_4C000215FDA50693A4E24FB1AFCFC6EB0764782500010002D8,1.0,Yes,WiFi + Concrete Wall
1724887,ANCHOR_01,52:06:26:03:01:DA,-89,MFG_4C000215FDA50693A4E24FB1AFCFC6EB0764782500010002D8,1.0,Yes,WiFi + Concrete Wall
1726897,ANCHOR_01,52:06:26:03:01:DA,-85,MFG_4C000215FDA50693A4E24FB1AFCFC6EB0764782500010002D8,1.0,Yes,WiFi + Concrete Wall
1729897,ANCHOR_01,52:06:26:03:01:DA,-84,MFG_4C000215FDA50693A4E24FB1AFCFC6EB0764782500010002D8,1.0,Yes,WiFi + Concrete Wall
1730887,ANCHOR_01,52:06:26:03:01:DA,-82,MFG_4C000215FDA50693A4E24FB1AFCFC6EB0764782500010002D8,1.0,Yes,WiFi + Concrete Wall
1731907,ANCHOR_01,52:06:26:03:01:DA,-78,MFG_4C000215FDA50693A4E24FB1AFCFC6EB0764782500010002D8,1.0,Yes,WiFi + Concrete Wall
1732877,ANCHOR_01,52:06:26:03:01:DA,-81,MFG_4C000215FDA50693A4E24FB1AFCFC6EB0764782500010002D8,1.0,Yes,WiFi + Concrete Wall
1733887,ANCHOR_01,52:06:26:03:01:DA,-84,MFG_4C000215FDA50693A4E24FB1AFCFC6EB0764782500010002D8,1.0,Yes,WiFi + Concrete Wall
1734907,ANCHOR_01,52:06:26:03:01:DA,-84,MFG_4C000215FDA50693A4E24FB1AFCFC6EB0764782500010002D8,1.0,Yes,WiFi + Concrete Wall
1735897,ANCHOR_01,52:06:26:03:01:DA,-85,MFG_4C000215FDA50693A4E24FB1AFCFC6EB0764782500010002D8,1.0,Yes,WiFi + Concrete Wall
1736917,ANCHOR_01,52:06:26:03:01:DA,-76,MFG_4C000215FDA50693A4E24FB1AFCFC6EB0764782500010002D8,1.0,Yes,WiFi + Concrete Wall
1738927,ANCHOR_01,52:06:26:03:01:DA,-84,MFG_4C000215FDA50693A4E24FB1AFCFC6EB0764782500010002D8,1.0,Yes,WiFi + Concrete Wall
1739927,ANCHOR_01,52:06:26:03:01:DA,-84,MFG_4C000215FDA50693A4E24FB1AFCFC6EB0764782500010002D8,1.0,Yes,WiFi + Concrete Wall
1740937,ANCHOR_01,52:06:26:03:01:DA,-84,MFG_4C000215FDA50693A4E24FB1AFCFC6EB0764782500010002D8,1.0,Yes,WiFi + Concrete Wall
1741957,ANCHOR_01,52:06:26:03:01:DA,-75,MFG_4C000215FDA50693A4E24FB1AFCFC6EB0764782500010002D8,1.0,Yes,WiFi + Concrete Wall
1742947,ANCHOR_01,52:06:26:03:01:DA,-75,MFG_4C000215FDA50693A4E24FB1AFCFC6EB0764782500010002D8,1.0,Yes,WiFi + Concrete Wall
1744957,ANCHOR_01,52:06:26:03:01:DA,-83,MFG_4C000215FDA50693A4E24FB1AFCFC6EB0764782500010002D8,1.0,Yes,WiFi + Concrete Wall
1745977,ANCHOR_01,52:06:26:03:01:DA,-79,MFG_4C000215FDA50693A4E24FB1AFCFC6EB0764782500010002D8,1.0,Yes,WiFi + Concrete Wall
1746967,ANCHOR_01,52:06:26:03:01:DA,-77,MFG_4C000215FDA50693A4E24FB1AFCFC6EB0764782500010002D8,1.0,Yes,WiFi + Concrete Wall
1747987,ANCHOR_01,52:06:26:03:01:DA,-74,MFG_4C000215FDA50693A4E24FB1AFCFC6EB0764782500010002D8,1.0,Yes,WiFi + Concrete Wall
1748977,ANCHOR_01,52:06:26:03:01:DA,-77,MFG_4C000215FDA50693A4E24FB1AFCFC6EB0764782500010002D8,1.0,Yes,WiFi + Concrete Wall
1749997,ANCHOR_01,52:06:26:03:01:DA,-78,MFG_4C000215FDA50693A4E24FB1AFCFC6EB0764782500010002D8,1.0,Yes,WiFi + Concrete Wall
1750987,ANCHOR_01,52:06:26:03:01:DA,-78,MFG_4C000215FDA50693A4E24FB1AFCFC6EB0764782500010002D8,1.0,Yes,WiFi + Concrete Wall
1751997,ANCHOR_01,52:06:26:03:01:DA,-81,MFG_4C000215FDA50693A4E24FB1AFCFC6EB0764782500010002D8,1.0,Yes,WiFi + Concrete Wall
1752997,ANCHOR_01,52:06:26:03:01:DA,-87,MFG_4C000215FDA50693A4E24FB1AFCFC6EB0764782500010002D8,1.0,Yes,WiFi + Concrete Wall
1754017,ANCHOR_01,52:06:26:03:01:DA,-79,MFG_4C000215FDA50693A4E24FB1AFCFC6EB0764782500010002D8,1.0,Yes,WiFi + Concrete Wall
1755007,ANCHOR_01,52:06:26:03:01:DA,-78,MFG_4C000215FDA50693A4E24FB1AFCFC6EB0764782500010002D8,1.0,Yes,WiFi + Concrete Wall
1756027,ANCHOR_01,52:06:26:03:01:DA,-84,MFG_4C000215FDA50693A4E24FB1AFCFC6EB0764782500010002D8,1.0,Yes,WiFi + Concrete Wall
1757017,ANCHOR_01,52:06:26:03:01:DA,-84,MFG_4C000215FDA50693A4E24FB1AFCFC6EB0764782500010002D8,1.0,Yes,WiFi + Concrete Wall
1760047,ANCHOR_01,52:06:26:03:01:DA,-78,MFG_4C000215FDA50693A4E24FB1AFCFC6EB0764782500010002D8,1.0,Yes,WiFi + Concrete Wall
1761037,ANCHOR_01,52:06:26:03:01:DA,-78,MFG_4C000215FDA50693A4E24FB1AFCFC6EB0764782500010002D8,1.0,Yes,WiFi + Concrete Wall
1762027,ANCHOR_01,52:06:26:03:01:DA,-86,MFG_4C000215FDA50693A4E24FB1AFCFC6EB0764782500010002D8,1.0,Yes,WiFi + Concrete Wall
1764067,ANCHOR_01,52:06:26:03:01:DA,-84,MFG_4C000215FDA50693A4E24FB1AFCFC6EB0764782500010002D8,1.0,Yes,WiFi + Concrete Wall
1765057,ANCHOR_01,52:06:26:03:01:DA,-88,MFG_4C000215FDA50693A4E24FB1AFCFC6EB0764782500010002D8,1.0,Yes,WiFi + Concrete Wall
1767067,ANCHOR_01,52:06:26:03:01:DA,-77,MFG_4C000215FDA50693A4E24FB1AFCFC6EB0764782500010002D8,1.0,Yes,WiFi + Concrete Wall
1769077,ANCHOR_01,52:06:26:03:01:DA,-85,MFG_4C000215FDA50693A4E24FB1AFCFC6EB0764782500010002D8,1.0,Yes,WiFi + Concrete Wall
1770067,ANCHOR_01,52:06:26:03:01:DA,-85,MFG_4C000215FDA50693A4E24FB1AFCFC6EB0764782500010002D8,1.0,Yes,WiFi + Concrete Wall
1771087,ANCHOR_01,52:06:26:03:01:DA,-88,MFG_4C000215FDA50693A4E24FB1AFCFC6EB0764782500010002D8,1.0,Yes,WiFi + Concrete Wall
1772077,ANCHOR_01,52:06:26:03:01:DA,-87,MFG_4C000215FDA50693A4E24FB1AFCFC6EB0764782500010002D8,1.0,Yes,WiFi + Concrete Wall
1773097,ANCHOR_01,52:06:26:03:01:DA,-78,MFG_4C000215FDA50693A4E24FB1AFCFC6EB0764782500010002D8,1.0,Yes,WiFi + Concrete Wall
1774087,ANCHOR_01,52:06:26:03:01:DA,-78,MFG_4C000215FDA50693A4E24FB1AFCFC6EB0764782500010002D8,1.0,Yes,WiFi + Concrete Wall
1775107,ANCHOR_01,52:06:26:03:01:DA,-85,MFG_4C000215FDA50693A4E24FB1AFCFC6EB0764782500010002D8,1.0,Yes,WiFi + Concrete Wall
1776127,ANCHOR_01,52:06:26:03:01:DA,-86,MFG_4C000215FDA50693A4E24FB1AFCFC6EB0764782500010002D8,1.0,Yes,WiFi + Concrete Wall
1777117,ANCHOR_01,52:06:26:03:01:DA,-89,MFG_4C000215FDA50693A4E24FB1AFCFC6EB0764782500010002D8,1.0,Yes,WiFi + Concrete Wall
1778137,ANCHOR_01,52:06:26:03:01:DA,-76,MFG_4C000215FDA50693A4E24FB1AFCFC6EB0764782500010002D8,1.0,Yes,WiFi + Concrete Wall
1779127,ANCHOR_01,52:06:26:03:01:DA,-76,MFG_4C000215FDA50693A4E24FB1AFCFC6EB0764782500010002D8,1.0,Yes,WiFi + Concrete Wall
1780147,ANCHOR_01,52:06:26:03:01:DA,-85,MFG_4C000215FDA50693A4E24FB1AFCFC6EB0764782500010002D8,1.0,Yes,WiFi + Concrete Wall
1781137,ANCHOR_01,52:06:26:03:01:DA,-86,MFG_4C000215FDA50693A4E24FB1AFCFC6EB0764782500010002D8,1.0,Yes,WiFi + Concrete Wall
1782157,ANCHOR_01,52:06:26:03:01:DA,-88,MFG_4C000215FDA50693A4E24FB1AFCFC6EB0764782500010002D8,1.0,Yes,WiFi + Concrete Wall
1783147,ANCHOR_01,52:06:26:03:01:DA,-90,MFG_4C000215FDA50693A4E24FB1AFCFC6EB0764782500010002D8,1.0,Yes,WiFi + Concrete Wall
1784157,ANCHOR_01,52:06:26:03:01:DA,-79,MFG_4C000215FDA50693A4E24FB1AFCFC6EB0764782500010002D8,1.0,Yes,WiFi + Concrete Wall
1785157,ANCHOR_01,52:06:26:03:01:DA,-78,MFG_4C000215FDA50693A4E24FB1AFCFC6EB0764782500010002D8,1.0,Yes,WiFi + Concrete Wall
1786177,ANCHOR_01,52:06:26:03:01:DA,-85,MFG_4C000215FDA50693A4E24FB1AFCFC6EB0764782500010002D8,1.0,Yes,WiFi + Concrete Wall
1787167,ANCHOR_01,52:06:26:03:01:DA,-84,MFG_4C000215FDA50693A4E24FB1AFCFC6EB0764782500010002D8,1.0,Yes,WiFi + Concrete Wall
1788177,ANCHOR_01,52:06:26:03:01:DA,-93,MFG_4C000215FDA50693A4E24FB1AFCFC6EB0764782500010002D8,1.0,Yes,WiFi + Concrete Wall
1789177,ANCHOR_01,52:06:26:03:01:DA,-94,MFG_4C000215FDA50693A4E24FB1AFCFC6EB0764782500010002D8,1.0,Yes,WiFi + Concrete Wall
1790197,ANCHOR_01,52:06:26:03:01:DA,-79,MFG_4C000215FDA50693A4E24FB1AFCFC6EB0764782500010002D8,1.0,Yes,WiFi + Concrete Wall
1791217,ANCHOR_01,52:06:26:03:01:DA,-82,MFG_4C000215FDA50693A4E24FB1AFCFC6EB0764782500010002D8,1.0,Yes,WiFi + Concrete Wall
1792207,ANCHOR_01,52:06:26:03:01:DA,-84,MFG_4C000215FDA50693A4E24FB1AFCFC6EB0764782500010002D8,1.0,Yes,WiFi + Concrete Wall
1793227,ANCHOR_01,52:06:26:03:01:DA,-89,MFG_4C000215FDA50693A4E24FB1AFCFC6EB0764782500010002D8,1.0,Yes,WiFi + Concrete Wall
1794217,ANCHOR_01,52:06:26:03:01:DA,-90,MFG_4C000215FDA50693A4E24FB1AFCFC6EB0764782500010002D8,1.0,Yes,WiFi + Concrete Wall
1795237,ANCHOR_01,52:06:26:03:01:DA,-77,MFG_4C000215FDA50693A4E24FB1AFCFC6EB0764782500010002D8,1.0,Yes,WiFi + Concrete Wall
1796227,ANCHOR_01,52:06:26:03:01:DA,-78,MFG_4C000215FDA50693A4E24FB1AFCFC6EB0764782500010002D8,1.0,Yes,WiFi + Concrete Wall
1797217,ANCHOR_01,52:06:26:03:01:DA,-77,MFG_4C000215FDA50693A4E24FB1AFCFC6EB0764782500010002D8,1.0,Yes,WiFi + Concrete Wall
1798237,ANCHOR_01,52:06:26:03:01:DA,-84,MFG_4C000215FDA50693A4E24FB1AFCFC6EB0764782500010002D8,1.0,Yes,WiFi + Concrete Wall
1799227,ANCHOR_01,52:06:26:03:01:DA,-84,MFG_4C000215FDA50693A4E24FB1AFCFC6EB0764782500010002D8,1.0,Yes,WiFi + Concrete Wall
1800247,ANCHOR_01,52:06:26:03:01:DA,-89,MFG_4C000215FDA50693A4E24FB1AFCFC6EB0764782500010002D8,1.0,Yes,WiFi + Concrete Wall
1801267,ANCHOR_01,52:06:26:03:01:DA,-77,MFG_4C000215FDA50693A4E24FB1AFCFC6EB0764782500010002D8,1.0,Yes,WiFi + Concrete Wall
1802257,ANCHOR_01,52:06:26:03:01:DA,-78,MFG_4C000215FDA50693A4E24FB1AFCFC6EB0764782500010002D8,1.0,Yes,WiFi + Concrete Wall
1803277,ANCHOR_01,52:06:26:03:01:DA,-85,MFG_4C000215FDA50693A4E24FB1AFCFC6EB0764782500010002D8,1.0,Yes,WiFi + Concrete Wall
1804267,ANCHOR_01,52:06:26:03:01:DA,-85,MFG_4C000215FDA50693A4E24FB1AFCFC6EB0764782500010002D8,1.0,Yes,WiFi + Concrete Wall
1806277,ANCHOR_01,52:06:26:03:01:DA,-87,MFG_4C000215FDA50693A4E24FB1AFCFC6EB0764782500010002D8,1.0,Yes,WiFi + Concrete Wall
1807297,ANCHOR_01,52:06:26:03:01:DA,-82,MFG_4C000215FDA50693A4E24FB1AFCFC6EB0764782500010002D8,1.0,Yes,WiFi + Concrete Wall
1808287,ANCHOR_01,52:06:26:03:01:DA,-81,MFG_4C000215FDA50693A4E24FB1AFCFC6EB0764782500010002D8,1.0,Yes,WiFi + Concrete Wall
1809307,ANCHOR_01,52:06:26:03:01:DA,-82,MFG_4C000215FDA50693A4E24FB1AFCFC6EB0764782500010002D8,1.0,Yes,WiFi + Concrete Wall
1810297,ANCHOR_01,52:06:26:03:01:DA,-82,MFG_4C000215FDA50693A4E24FB1AFCFC6EB0764782500010002D8,1.0,Yes,WiFi + Concrete Wall
1811307,ANCHOR_01,52:06:26:03:01:DA,-88,MFG_4C000215FDA50693A4E24FB1AFCFC6EB0764782500010002D8,1.0,Yes,WiFi + Concrete Wall
1812307,ANCHOR_01,52:06:26:03:01:DA,-89,MFG_4C000215FDA50693A4E24FB1AFCFC6EB0764782500010002D8,1.0,Yes,WiFi + Concrete Wall
1813327,ANCHOR_01,52:06:26:03:01:DA,-80,MFG_4C000215FDA50693A4E24FB1AFCFC6EB0764782500010002D8,1.0,Yes,WiFi + Concrete Wall
1814317,ANCHOR_01,52:06:26:03:01:DA,-80,MFG_4C000215FDA50693A4E24FB1AFCFC6EB0764782500010002D8,1.0,Yes,WiFi + Concrete Wall
1815317,ANCHOR_01,52:06:26:03:01:DA,-83,MFG_4C000215FDA50693A4E24FB1AFCFC6EB0764782500010002D8,1.0,Yes,WiFi + Concrete Wall
1816327,ANCHOR_01,52:06:26:03:01:DA,-83,MFG_4C000215FDA50693A4E24FB1AFCFC6EB0764782500010002D8,1.0,Yes,WiFi + Concrete Wall
1817337,ANCHOR_01,52:06:26:03:01:DA,-91,MFG_4C000215FDA50693A4E24FB1AFCFC6EB0764782500010002D8,1.0,Yes,WiFi + Concrete Wall
1818337,ANCHOR_01,52:06:26:03:01:DA,-90,MFG_4C000215FDA50693A4E24FB1AFCFC6EB0764782500010002D8,1.0,Yes,WiFi + Concrete Wall
1819327,ANCHOR_01,52:06:26:03:01:DA,-88,MFG_4C000215FDA50693A4E24FB1AFCFC6EB0764782500010002D8,1.0,Yes,WiFi + Concrete Wall
1820347,ANCHOR_01,52:06:26:03:01:DA,-77,MFG_4C000215FDA50693A4E24FB1AFCFC6EB0764782500010002D8,1.0,Yes,WiFi + Concrete Wall
1821337,ANCHOR_01,52:06:26:03:01:DA,-80,MFG_4C000215FDA50693A4E24FB1AFCFC6EB0764782500010002D8,1.0,Yes,WiFi + Concrete Wall
1822357,ANCHOR_01,52:06:26:03:01:DA,-83,MFG_4C000215FDA50693A4E24FB1AFCFC6EB0764782500010002D8,1.0,Yes,WiFi + Concrete Wall
1823347,ANCHOR_01,52:06:26:03:01:DA,-82,MFG_4C000215FDA50693A4E24FB1AFCFC6EB0764782500010002D8,1.0,Yes,WiFi + Concrete Wall
1824337,ANCHOR_01,52:06:26:03:01:DA,-83,MFG_4C000215FDA50693A4E24FB1AFCFC6EB0764782500010002D8,1.0,Yes,WiFi + Concrete Wall
1825337,ANCHOR_01,52:06:26:03:01:DA,-88,MFG_4C000215FDA50693A4E24FB1AFCFC6EB0764782500010002D8,1.0,Yes,WiFi + Concrete Wall
1826347,ANCHOR_01,52:06:26:03:01:DA,-91,MFG_4C000215FDA50693A4E24FB1AFCFC6EB0764782500010002D8,1.0,Yes,WiFi + Concrete Wall
1827367,ANCHOR_01,52:06:26:03:01:DA,-80,MFG_4C000215FDA50693A4E24FB1AFCFC6EB0764782500010002D8,1.0,Yes,WiFi + Concrete Wall
1828357,ANCHOR_01,52:06:26:03:01:DA,-80,MFG_4C000215FDA50693A4E24FB1AFCFC6EB0764782500010002D8,1.0,Yes,WiFi + Concrete Wall
1830367,ANCHOR_01,52:06:26:03:01:DA,-83,MFG_4C000215FDA50693A4E24FB1AFCFC6EB0764782500010002D8,1.0,Yes,WiFi + Concrete Wall
1831357,ANCHOR_01,52:06:26:03:01:DA,-94,MFG_4C000215FDA50693A4E24FB1AFCFC6EB0764782500010002D8,1.0,Yes,WiFi + Concrete Wall
1832377,ANCHOR_01,52:06:26:03:01:DA,-94,MFG_4C000215FDA50693A4E24FB1AFCFC6EB0764782500010002D8,1.0,Yes,WiFi + Concrete Wall
1833397,ANCHOR_01,52:06:26:03:01:DA,-82,MFG_4C000215FDA50693A4E24FB1AFCFC6EB0764782500010002D8,1.0,Yes,WiFi + Concrete Wall
1834387,ANCHOR_01,52:06:26:03:01:DA,-80,MFG_4C000215FDA50693A4E24FB1AFCFC6EB0764782500010002D8,1.0,Yes,WiFi + Concrete Wall
1835407,ANCHOR_01,52:06:26:03:01:DA,-85,MFG_4C000215FDA50693A4E24FB1AFCFC6EB0764782500010002D8,1.0,Yes,WiFi + Concrete Wall
1836397,ANCHOR_01,52:06:26:03:01:DA,-84,MFG_4C000215FDA50693A4E24FB1AFCFC6EB0764782500010002D8,1.0,Yes,WiFi + Concrete Wall
1837417,ANCHOR_01,52:06:26:03:01:DA,-92,MFG_4C000215FDA50693A4E24FB1AFCFC6EB0764782500010002D8,1.0,Yes,WiFi + Concrete Wall
1838437,ANCHOR_01,52:06:26:03:01:DA,-78,MFG_4C000215FDA50693A4E24FB1AFCFC6EB0764782500010002D8,1.0,Yes,WiFi + Concrete Wall
1839427,ANCHOR_01,52:06:26:03:01:DA,-78,MFG_4C000215FDA50693A4E24FB1AFCFC6EB0764782500010002D8,1.0,Yes,WiFi + Concrete Wall
1841437,ANCHOR_01,52:06:26:03:01:DA,-84,MFG_4C000215FDA50693A4E24FB1AFCFC6EB0764782500010002D8,1.0,Yes,WiFi + Concrete Wall
1842427,ANCHOR_01,52:06:26:03:01:DA,-91,MFG_4C000215FDA50693A4E24FB1AFCFC6EB0764782500010002D8,1.0,Yes,WiFi + Concrete Wall
1843447,ANCHOR_01,52:06:26:03:01:DA,-90,MFG_4C000215FDA50693A4E24FB1AFCFC6EB0764782500010002D8,1.0,Yes,WiFi + Concrete Wall
1845457,ANCHOR_01,52:06:26:03:01:DA,-79,MFG_4C000215FDA50693A4E24FB1AFCFC6EB0764782500010002D8,1.0,Yes,WiFi + Concrete Wall
1847467,ANCHOR_01,52:06:26:03:01:DA,-84,MFG_4C000215FDA50693A4E24FB1AFCFC6EB0764782500010002D8,1.0,Yes,WiFi + Concrete Wall
1848487,ANCHOR_01,52:06:26:03:01:DA,-89,MFG_4C000215FDA50693A4E24FB1AFCFC6EB0764782500010002D8,1.0,Yes,WiFi + Concrete Wall
1849477,ANCHOR_01,52:06:26:03:01:DA,-89,MFG_4C000215FDA50693A4E24FB1AFCFC6EB0764782500010002D8,1.0,Yes,WiFi + Concrete Wall
1850497,ANCHOR_01,52:06:26:03:01:DA,-78,MFG_4C000215FDA50693A4E24FB1AFCFC6EB0764782500010002D8,1.0,Yes,WiFi + Concrete Wall
1851487,ANCHOR_01,52:06:26:03:01:DA,-78,MFG_4C000215FDA50693A4E24FB1AFCFC6EB0764782500010002D8,1.0,Yes,WiFi + Concrete Wall
1853497,ANCHOR_01,52:06:26:03:01:DA,-84,MFG_4C000215FDA50693A4E24FB1AFCFC6EB0764782500010002D8,1.0,Yes,WiFi + Concrete Wall
1854517,ANCHOR_01,52:06:26:03:01:DA,-89,MFG_4C000215FDA50693A4E24FB1AFCFC6EB0764782500010002D8,1.0,Yes,WiFi + Concrete Wall
1855507,ANCHOR_01,52:06:26:03:01:DA,-91,MFG_4C000215FDA50693A4E24FB1AFCFC6EB0764782500010002D8,1.0,Yes,WiFi + Concrete Wall
1856527,ANCHOR_01,52:06:26:03:01:DA,-78,MFG_4C000215FDA50693A4E24FB1AFCFC6EB0764782500010002D8,1.0,Yes,WiFi + Concrete Wall
1857517,ANCHOR_01,52:06:26:03:01:DA,-78,MFG_4C000215FDA50693A4E24FB1AFCFC6EB0764782500010002D8,1.0,Yes,WiFi + Concrete Wall
1858537,ANCHOR_01,52:06:26:03:01:DA,-85,MFG_4C000215FDA50693A4E24FB1AFCFC6EB0764782500010002D8,1.0,Yes,WiFi + Concrete Wall
1859527,ANCHOR_01,52:06:26:03:01:DA,-84,MFG_4C000215FDA50693A4E24FB1AFCFC6EB0764782500010002D8,1.0,Yes,WiFi + Concrete Wall
1860547,ANCHOR_01,52:06:26:03:01:DA,-88,MFG_4C000215FDA50693A4E24FB1AFCFC6EB0764782500010002D8,1.0,Yes,WiFi + Concrete Wall
1861537,ANCHOR_01,52:06:26:03:01:DA,-89,MFG_4C000215FDA50693A4E24FB1AFCFC6EB0764782500010002D8,1.0,Yes,WiFi + Concrete Wall
1862557,ANCHOR_01,52:06:26:03:01:DA,-78,MFG_4C000215FDA50693A4E24FB1AFCFC6EB0764782500010002D8,1.0,Yes,WiFi + Concrete Wall
1863547,ANCHOR_01,52:06:26:03:01:DA,-79,MFG_4C000215FDA50693A4E24FB1AFCFC6EB0764782500010002D8,1.0,Yes,WiFi + Concrete Wall
1864567,ANCHOR_01,52:06:26:03:01:DA,-84,MFG_4C000215FDA50693A4E24FB1AFCFC6EB0764782500010002D8,1.0,Yes,WiFi + Concrete Wall
1868587,ANCHOR_01,52:06:26:03:01:DA,-79,MFG_4C000215FDA50693A4E24FB1AFCFC6EB0764782500010002D8,1.0,Yes,WiFi + Concrete Wall
1869577,ANCHOR_01,52:06:26:03:01:DA,-78,MFG_4C000215FDA50693A4E24FB1AFCFC6EB0764782500010002D8,1.0,Yes,WiFi + Concrete Wall
1870597,ANCHOR_01,52:06:26:03:01:DA,-83,MFG_4C000215FDA50693A4E24FB1AFCFC6EB0764782500010002D8,1.0,Yes,WiFi + Concrete Wall
1871587,ANCHOR_01,52:06:26:03:01:DA,-84,MFG_4C000215FDA50693A4E24FB1AFCFC6EB0764782500010002D8,1.0,Yes,WiFi + Concrete Wall
1872607,ANCHOR_01,52:06:26:03:01:DA,-89,MFG_4C000215FDA50693A4E24FB1AFCFC6EB0764782500010002D8,1.0,Yes,WiFi + Concrete Wall
1873597,ANCHOR_01,52:06:26:03:01:DA,-87,MFG_4C000215FDA50693A4E24FB1AFCFC6EB0764782500010002D8,1.0,Yes,WiFi + Concrete Wall
1874607,ANCHOR_01,52:06:26:03:01:DA,-78,MFG_4C000215FDA50693A4E24FB1AFCFC6EB0764782500010002D8,1.0,Yes,WiFi + Concrete Wall
1875607,ANCHOR_01,52:06:26:03:01:DA,-79,MFG_4C000215FDA50693A4E24FB1AFCFC6EB0764782500010002D8,1.0,Yes,WiFi + Concrete Wall
1876627,ANCHOR_01,52:06:26:03:01:DA,-84,MFG_4C000215FDA50693A4E24FB1AFCFC6EB0764782500010002D8,1.0,Yes,WiFi + Concrete Wall
1877617,ANCHOR_01,52:06:26:03:01:DA,-84,MFG_4C000215FDA50693A4E24FB1AFCFC6EB0764782500010002D8,1.0,Yes,WiFi + Concrete Wall
1878637,ANCHOR_01,52:06:26:03:01:DA,-87,MFG_4C000215FDA50693A4E24FB1AFCFC6EB0764782500010002D8,1.0,Yes,WiFi + Concrete Wall
1879627,ANCHOR_01,52:06:26:03:01:DA,-87,MFG_4C000215FDA50693A4E24FB1AFCFC6EB0764782500010002D8,1.0,Yes,WiFi + Concrete Wall
1881637,ANCHOR_01,52:06:26:03:01:DA,-78,MFG_4C000215FDA50693A4E24FB1AFCFC6EB0764782500010002D8,1.0,Yes,WiFi + Concrete Wall
1882657,ANCHOR_01,52:06:26:03:01:DA,-83,MFG_4C000215FDA50693A4E24FB1AFCFC6EB0764782500010002D8,1.0,Yes,WiFi + Concrete Wall
1883647,ANCHOR_01,52:06:26:03:01:DA,-84,MFG_4C000215FDA50693A4E24FB1AFCFC6EB0764782500010002D8,1.0,Yes,WiFi + Concrete Wall
1884667,ANCHOR_01,52:06:26:03:01:DA,-87,MFG_4C000215FDA50693A4E24FB1AFCFC6EB0764782500010002D8,1.0,Yes,WiFi + Concrete Wall
1885657,ANCHOR_01,52:06:26:03:01:DA,-88,MFG_4C000215FDA50693A4E24FB1AFCFC6EB0764782500010002D8,1.0,Yes,WiFi + Concrete Wall
1886677,ANCHOR_01,52:06:26:03:01:DA,-78,MFG_4C000215FDA50693A4E24FB1AFCFC6EB0764782500010002D8,1.0,Yes,WiFi + Concrete Wall
1887667,ANCHOR_01,52:06:26:03:01:DA,-78,MFG_4C000215FDA50693A4E24FB1AFCFC6EB0764782500010002D8,1.0,Yes,WiFi + Concrete Wall
1888687,ANCHOR_01,52:06:26:03:01:DA,-83,MFG_4C000215FDA50693A4E24FB1AFCFC6EB0764782500010002D8,1.0,Yes,WiFi + Concrete Wall
1889677,ANCHOR_01,52:06:26:03:01:DA,-84,MFG_4C000215FDA50693A4E24FB1AFCFC6EB0764782500010002D8,1.0,Yes,WiFi + Concrete Wall
1890697,ANCHOR_01,52:06:26:03:01:DA,-89,MFG_4C000215FDA50693A4E24FB1AFCFC6EB0764782500010002D8,1.0,Yes,WiFi + Concrete Wall
1891687,ANCHOR_01,52:06:26:03:01:DA,-87,MFG_4C000215FDA50693A4E24FB1AFCFC6EB0764782500010002D8,1.0,Yes,WiFi + Concrete Wall
1892677,ANCHOR_01,52:06:26:03:01:DA,-88,MFG_4C000215FDA50693A4E24FB1AFCFC6EB0764782500010002D8,1.0,Yes,WiFi + Concrete Wall
1893697,ANCHOR_01,52:06:26:03:01:DA,-80,MFG_4C000215FDA50693A4E24FB1AFCFC6EB0764782500010002D8,1.0,Yes,WiFi + Concrete Wall
1894687,ANCHOR_01,52:06:26:03:01:DA,-78,MFG_4C000215FDA50693A4E24FB1AFCFC6EB0764782500010002D8,1.0,Yes,WiFi + Concrete Wall
1895707,ANCHOR_01,52:06:26:03:01:DA,-82,MFG_4C000215FDA50693A4E24FB1AFCFC6EB0764782500010002D8,1.0,Yes,WiFi + Concrete Wall
1896727,ANCHOR_01,52:06:26:03:01:DA,-89,MFG_4C000215FDA50693A4E24FB1AFCFC6EB0764782500010002D8,1.0,Yes,WiFi + Concrete Wall
1897717,ANCHOR_01,52:06:26:03:01:DA,-87,MFG_4C000215FDA50693A4E24FB1AFCFC6EB0764782500010002D8,1.0,Yes,WiFi + Concrete Wall
1898737,ANCHOR_01,52:06:26:03:01:DA,-79,MFG_4C000215FDA50693A4E24FB1AFCFC6EB0764782500010002D8,1.0,Yes,WiFi + Concrete Wall
1899727,ANCHOR_01,52:06:26:03:01:DA,-79,MFG_4C000215FDA50693A4E24FB1AFCFC6EB0764782500010002D8,1.0,Yes,WiFi + Concrete Wall
1901737,ANCHOR_01,52:06:26:03:01:DA,-83,MFG_4C000215FDA50693A4E24FB1AFCFC6EB0764782500010002D8,1.0,Yes,WiFi + Concrete Wall
1902727,ANCHOR_01,52:06:26:03:01:DA,-84,MFG_4C000215FDA50693A4E24FB1AFCFC6EB0764782500010002D8,1.0,Yes,WiFi + Concrete Wall
1903747,ANCHOR_01,52:06:26:03:01:DA,-89,MFG_4C000215FDA50693A4E24FB1AFCFC6EB0764782500010002D8,1.0,Yes,WiFi + Concrete Wall
1904737,ANCHOR_01,52:06:26:03:01:DA,-87,MFG_4C000215FDA50693A4E24FB1AFCFC6EB0764782500010002D8,1.0,Yes,WiFi + Concrete Wall
1905757,ANCHOR_01,52:06:26:03:01:DA,-78,MFG_4C000215FDA50693A4E24FB1AFCFC6EB0764782500010002D8,1.0,Yes,WiFi + Concrete Wall
1906737,ANCHOR_01,52:06:26:03:01:DA,-78,MFG_4C000215FDA50693A4E24FB1AFCFC6EB0764782500010002D8,1.0,Yes,WiFi + Concrete Wall
1907767,ANCHOR_01,52:06:26:03:01:DA,-83,MFG_4C000215FDA50693A4E24FB1AFCFC6EB0764782500010002D8,1.0,Yes,WiFi + Concrete Wall
1908757,ANCHOR_01,52:06:26:03:01:DA,-84,MFG_4C000215FDA50693A4E24FB1AFCFC6EB0764782500010002D8,1.0,Yes,WiFi + Concrete Wall
1909777,ANCHOR_01,52:06:26:03:01:DA,-86,MFG_4C000215FDA50693A4E24FB1AFCFC6EB0764782500010002D8,1.0,Yes,WiFi + Concrete Wall
1910767,ANCHOR_01,52:06:26:03:01:DA,-87,MFG_4C000215FDA50693A4E24FB1AFCFC6EB0764782500010002D8,1.0,Yes,WiFi + Concrete Wall
1911787,ANCHOR_01,52:06:26:03:01:DA,-79,MFG_4C000215FDA50693A4E24FB1AFCFC6EB0764782500010002D8,1.0,Yes,WiFi + Concrete Wall
1912777,ANCHOR_01,52:06:26:03:01:DA,-79,MFG_4C000215FDA50693A4E24FB1AFCFC6EB0764782500010002D8,1.0,Yes,WiFi + Concrete Wall
1914787,ANCHOR_01,52:06:26:03:01:DA,-84,MFG_4C000215FDA50693A4E24FB1AFCFC6EB0764782500010002D8,1.0,Yes,WiFi + Concrete Wall
1916787,ANCHOR_01,52:06:26:03:01:DA,-89,MFG_4C000215FDA50693A4E24FB1AFCFC6EB0764782500010002D8,1.0,Yes,WiFi + Concrete Wall
1917817,ANCHOR_01,52:06:26:03:01:DA,-79,MFG_4C000215FDA50693A4E24FB1AFCFC6EB0764782500010002D8,1.0,Yes,WiFi + Concrete Wall
1918807,ANCHOR_01,52:06:26:03:01:DA,-79,MFG_4C000215FDA50693A4E24FB1AFCFC6EB0764782500010002D8,1.0,Yes,WiFi + Concrete Wall
1919827,ANCHOR_01,52:06:26:03:01:DA,-82,MFG_4C000215FDA50693A4E24FB1AFCFC6EB0764782500010002D8,1.0,Yes,WiFi + Concrete Wall
1920817,ANCHOR_01,52:06:26:03:01:DA,-82,MFG_4C000215FDA50693A4E24FB1AFCFC6EB0764782500010002D8,1.0,Yes,WiFi + Concrete Wall
1922827,ANCHOR_01,52:06:26:03:01:DA,-89,MFG_4C000215FDA50693A4E24FB1AFCFC6EB0764782500010002D8,1.0,Yes,WiFi + Concrete Wall
1923817,ANCHOR_01,52:06:26:03:01:DA,-88,MFG_4C000215FDA50693A4E24FB1AFCFC6EB0764782500010002D8,1.0,Yes,WiFi + Concrete Wall
1924837,ANCHOR_01,52:06:26:03:01:DA,-79,MFG_4C000215FDA50693A4E24FB1AFCFC6EB0764782500010002D8,1.0,Yes,WiFi + Concrete Wall
1925827,ANCHOR_01,52:06:26:03:01:DA,-79,MFG_4C000215FDA50693A4E24FB1AFCFC6EB0764782500010002D8,1.0,Yes,WiFi + Concrete Wall
1926847,ANCHOR_01,52:06:26:03:01:DA,-82,MFG_4C000215FDA50693A4E24FB1AFCFC6EB0764782500010002D8,1.0,Yes,WiFi + Concrete Wall
1927837,ANCHOR_01,52:06:26:03:01:DA,-82,MFG_4C000215FDA50693A4E24FB1AFCFC6EB0764782500010002D8,1.0,Yes,WiFi + Concrete Wall
1928857,ANCHOR_01,52:06:26:03:01:DA,-87,MFG_4C000215FDA50693A4E24FB1AFCFC6EB0764782500010002D8,1.0,Yes,WiFi + Concrete Wall
1929847,ANCHOR_01,52:06:26:03:01:DA,-80,MFG_4C000215FDA50693A4E24FB1AFCFC6EB0764782500010002D8,1.0,Yes,WiFi + Concrete Wall
1930837,ANCHOR_01,52:06:26:03:01:DA,-89,MFG_4C000215FDA50693A4E24FB1AFCFC6EB0764782500010002D8,1.0,Yes,WiFi + Concrete Wall
1931857,ANCHOR_01,52:06:26:03:01:DA,-79,MFG_4C000215FDA50693A4E24FB1AFCFC6EB0764782500010002D8,1.0,Yes,WiFi + Concrete Wall
1932847,ANCHOR_01,52:06:26:03:01:DA,-77,MFG_4C000215FDA50693A4E24FB1AFCFC6EB0764782500010002D8,1.0,Yes,WiFi + Concrete Wall
1933867,ANCHOR_01,52:06:26:03:01:DA,-79,MFG_4C000215FDA50693A4E24FB1AFCFC6EB0764782500010002D8,1.0,Yes,WiFi + Concrete Wall
1934857,ANCHOR_01,52:06:26:03:01:DA,-79,MFG_4C000215FDA50693A4E24FB1AFCFC6EB0764782500010002D8,1.0,Yes,WiFi + Concrete Wall
1935877,ANCHOR_01,52:06:26:03:01:DA,-83,MFG_4C000215FDA50693A4E24FB1AFCFC6EB0764782500010002D8,1.0,Yes,WiFi + Concrete Wall
1937887,ANCHOR_01,52:06:26:03:01:DA,-79,MFG_4C000215FDA50693A4E24FB1AFCFC6EB0764782500010002D8,1.0,Yes,WiFi + Concrete Wall
1938877,ANCHOR_01,52:06:26:03:01:DA,-81,MFG_4C000215FDA50693A4E24FB1AFCFC6EB0764782500010002D8,1.0,Yes,WiFi + Concrete Wall
1939897,ANCHOR_01,52:06:26:03:01:DA,-78,MFG_4C000215FDA50693A4E24FB1AFCFC6EB0764782500010002D8,1.0,Yes,WiFi + Concrete Wall
1940887,ANCHOR_01,52:06:26:03:01:DA,-79,MFG_4C000215FDA50693A4E24FB1AFCFC6EB0764782500010002D8,1.0,Yes,WiFi + Concrete Wall
1941907,ANCHOR_01,52:06:26:03:01:DA,-82,MFG_4C000215FDA50693A4E24FB1AFCFC6EB0764782500010002D8,1.0,Yes,WiFi + Concrete Wall
1942897,ANCHOR_01,52:06:26:03:01:DA,-82,MFG_4C000215FDA50693A4E24FB1AFCFC6EB0764782500010002D8,1.0,Yes,WiFi + Concrete Wall
1943917,ANCHOR_01,52:06:26:03:01:DA,-78,MFG_4C000215FDA50693A4E24FB1AFCFC6EB0764782500010002D8,1.0,Yes,WiFi + Concrete Wall
1944907,ANCHOR_01,52:06:26:03:01:DA,-80,MFG_4C000215FDA50693A4E24FB1AFCFC6EB0764782500010002D8,1.0,Yes,WiFi + Concrete Wall
1945927,ANCHOR_01,52:06:26:03:01:DA,-79,MFG_4C000215FDA50693A4E24FB1AFCFC6EB0764782500010002D8,1.0,Yes,WiFi + Concrete Wall
1946907,ANCHOR_01,52:06:26:03:01:DA,-79,MFG_4C000215FDA50693A4E24FB1AFCFC6EB0764782500010002D8,1.0,Yes,WiFi + Concrete Wall
1947937,ANCHOR_01,52:06:26:03:01:DA,-83,MFG_4C000215FDA50693A4E24FB1AFCFC6EB0764782500010002D8,1.0,Yes,WiFi + Concrete Wall
1948957,ANCHOR_01,52:06:26:03:01:DA,-80,MFG_4C000215FDA50693A4E24FB1AFCFC6EB0764782500010002D8,1.0,Yes,WiFi + Concrete Wall
1949947,ANCHOR_01,52:06:26:03:01:DA,-80,MFG_4C000215FDA50693A4E24FB1AFCFC6EB0764782500010002D8,1.0,Yes,WiFi + Concrete Wall
1950967,ANCHOR_01,52:06:26:03:01:DA,-80,MFG_4C000215FDA50693A4E24FB1AFCFC6EB0764782500010002D8,1.0,Yes,WiFi + Concrete Wall
1951957,ANCHOR_01,52:06:26:03:01:DA,-79,MFG_4C000215FDA50693A4E24FB1AFCFC6EB0764782500010002D8,1.0,Yes,WiFi + Concrete Wall
1952977,ANCHOR_01,52:06:26:03:01:DA,-82,MFG_4C000215FDA50693A4E24FB1AFCFC6EB0764782500010002D8,1.0,Yes,WiFi + Concrete Wall
1953997,ANCHOR_01,52:06:26:03:01:DA,-79,MFG_4C000215FDA50693A4E24FB1AFCFC6EB0764782500010002D8,1.0,Yes,WiFi + Concrete Wall
1954967,ANCHOR_01,52:06:26:03:01:DA,-80,MFG_4C000215FDA50693A4E24FB1AFCFC6EB0764782500010002D8,1.0,Yes,WiFi + Concrete Wall
1956007,ANCHOR_01,52:06:26:03:01:DA,-78,MFG_4C000215FDA50693A4E24FB1AFCFC6EB0764782500010002D8,1.0,Yes,WiFi + Concrete Wall
1956997,ANCHOR_01,52:06:26:03:01:DA,-80,MFG_4C000215FDA50693A4E24FB1AFCFC6EB0764782500010002D8,1.0,Yes,WiFi + Concrete Wall
1958987,ANCHOR_01,52:06:26:03:01:DA,-82,MFG_4C000215FDA50693A4E24FB1AFCFC6EB0764782500010002D8,1.0,Yes,WiFi + Concrete Wall
1959997,ANCHOR_01,52:06:26:03:01:DA,-81,MFG_4C000215FDA50693A4E24FB1AFCFC6EB0764782500010002D8,1.0,Yes,WiFi + Concrete Wall
1961017,ANCHOR_01,52:06:26:03:01:DA,-80,MFG_4C000215FDA50693A4E24FB1AFCFC6EB0764782500010002D8,1.0,Yes,WiFi + Concrete Wall
1962007,ANCHOR_01,52:06:26:03:01:DA,-79,MFG_4C000215FDA50693A4E24FB1AFCFC6EB0764782500010002D8,1.0,Yes,WiFi + Concrete Wall
1963027,ANCHOR_01,52:06:26:03:01:DA,-79,MFG_4C000215FDA50693A4E24FB1AFCFC6EB0764782500010002D8,1.0,Yes,WiFi + Concrete Wall
1964017,ANCHOR_01,52:06:26:03:01:DA,-79,MFG_4C000215FDA50693A4E24FB1AFCFC6EB0764782500010002D8,1.0,Yes,WiFi + Concrete Wall
1965037,ANCHOR_01,52:06:26:03:01:DA,-82,MFG_4C000215FDA50693A4E24FB1AFCFC6EB0764782500010002D8,1.0,Yes,WiFi + Concrete Wall
1966027,ANCHOR_01,52:06:26:03:01:DA,-81,MFG_4C000215FDA50693A4E24FB1AFCFC6EB0764782500010002D8,1.0,Yes,WiFi + Concrete Wall
1967047,ANCHOR_01,52:06:26:03:01:DA,-80,MFG_4C000215FDA50693A4E24FB1AFCFC6EB0764782500010002D8,1.0,Yes,WiFi + Concrete Wall
1968037,ANCHOR_01,52:06:26:03:01:DA,-79,MFG_4C000215FDA50693A4E24FB1AFCFC6EB0764782500010002D8,1.0,Yes,WiFi + Concrete Wall
1971067,ANCHOR_01,52:06:26:03:01:DA,-83,MFG_4C000215FDA50693A4E24FB1AFCFC6EB0764782500010002D8,1.0,Yes,WiFi + Concrete Wall
1972057,ANCHOR_01,52:06:26:03:01:DA,-83,MFG_4C000215FDA50693A4E24FB1AFCFC6EB0764782500010002D8,1.0,Yes,WiFi + Concrete Wall
1973077,ANCHOR_01,52:06:26:03:01:DA,-81,MFG_4C000215FDA50693A4E24FB1AFCFC6EB0764782500010002D8,1.0,Yes,WiFi + Concrete Wall
1974067,ANCHOR_01,52:06:26:03:01:DA,-79,MFG_4C000215FDA50693A4E24FB1AFCFC6EB0764782500010002D8,1.0,Yes,WiFi + Concrete Wall
1978087,ANCHOR_01,52:06:26:03:01:DA,-86,MFG_4C000215FDA50693A4E24FB1AFCFC6EB0764782500010002D8,1.0,Yes,WiFi + Concrete Wall
1979107,ANCHOR_01,52:06:26:03:01:DA,-77,MFG_4C000215FDA50693A4E24FB1AFCFC6EB0764782500010002D8,1.0,Yes,WiFi + Concrete Wall
1980097,ANCHOR_01,52:06:26:03:01:DA,-77,MFG_4C000215FDA50693A4E24FB1AFCFC6EB0764782500010002D8,1.0,Yes,WiFi + Concrete Wall
1981087,ANCHOR_01,52:06:26:03:01:DA,-78,MFG_4C000215FDA50693A4E24FB1AFCFC6EB0764782500010002D8,1.0,Yes,WiFi + Concrete Wall
1982107,ANCHOR_01,52:06:26:03:01:DA,-88,MFG_4C000215FDA50693A4E24FB1AFCFC6EB0764782500010002D8,1.0,Yes,WiFi + Concrete Wall
1983097,ANCHOR_01,52:06:26:03:01:DA,-81,MFG_4C000215FDA50693A4E24FB1AFCFC6EB0764782500010002D8,1.0,Yes,WiFi + Concrete Wall
1984117,ANCHOR_01,52:06:26:03:01:DA,-91,MFG_4C000215FDA50693A4E24FB1AFCFC6EB0764782500010002D8,1.0,Yes,WiFi + Concrete Wall
1985107,ANCHOR_01,52:06:26:03:01:DA,-82,MFG_4C000215FDA50693A4E24FB1AFCFC6EB0764782500010002D8,1.0,Yes,WiFi + Concrete Wall
1986117,ANCHOR_01,52:06:26:03:01:DA,-75,MFG_4C000215FDA50693A4E24FB1AFCFC6EB0764782500010002D8,1.0,Yes,WiFi + Concrete Wall
1987117,ANCHOR_01,52:06:26:03:01:DA,-76,MFG_4C000215FDA50693A4E24FB1AFCFC6EB0764782500010002D8,1.0,Yes,WiFi + Concrete Wall
1988137,ANCHOR_01,52:06:26:03:01:DA,-81,MFG_4C000215FDA50693A4E24FB1AFCFC6EB0764782500010002D8,1.0,Yes,WiFi + Concrete Wall
1989127,ANCHOR_01,52:06:26:03:01:DA,-83,MFG_4C000215FDA50693A4E24FB1AFCFC6EB0764782500010002D8,1.0,Yes,WiFi + Concrete Wall
1991137,ANCHOR_01,52:06:26:03:01:DA,-91,MFG_4C000215FDA50693A4E24FB1AFCFC6EB0764782500010002D8,1.0,Yes,WiFi + Concrete Wall
1992147,ANCHOR_01,52:06:26:03:01:DA,-75,MFG_4C000215FDA50693A4E24FB1AFCFC6EB0764782500010002D8,1.0,Yes,WiFi + Concrete Wall
1993147,ANCHOR_01,52:06:26:03:01:DA,-76,MFG_4C000215FDA50693A4E24FB1AFCFC6EB0764782500010002D8,1.0,Yes,WiFi + Concrete Wall
1995157,ANCHOR_01,52:06:26:03:01:DA,-83,MFG_4C000215FDA50693A4E24FB1AFCFC6EB0764782500010002D8,1.0,Yes,WiFi + Concrete Wall
1997167,ANCHOR_01,52:06:26:03:01:DA,-83,MFG_4C000215FDA50693A4E24FB1AFCFC6EB0764782500010002D8,1.0,Yes,WiFi + Concrete Wall
1998187,ANCHOR_01,52:06:26:03:01:DA,-75,MFG_4C000215FDA50693A4E24FB1AFCFC6EB0764782500010002D8,1.0,Yes,WiFi + Concrete Wall
2001177,ANCHOR_01,52:06:26:03:01:DA,-82,MFG_4C000215FDA50693A4E24FB1AFCFC6EB0764782500010002D8,1.0,Yes,WiFi + Concrete Wall
2002207,ANCHOR_01,52:06:26:03:01:DA,-78,MFG_4C000215FDA50693A4E24FB1AFCFC6EB0764782500010002D8,1.0,Yes,WiFi + Concrete Wall
2003197,ANCHOR_01,52:06:26:03:01:DA,-77,MFG_4C000215FDA50693A4E24FB1AFCFC6EB0764782500010002D8,1.0,Yes,WiFi + Concrete Wall
2004217,ANCHOR_01,52:06:26:03:01:DA,-77,MFG_4C000215FDA50693A4E24FB1AFCFC6EB0764782500010002D8,1.0,Yes,WiFi + Concrete Wall
2005207,ANCHOR_01,52:06:26:03:01:DA,-77,MFG_4C000215FDA50693A4E24FB1AFCFC6EB0764782500010002D8,1.0,Yes,WiFi + Concrete Wall
2006227,ANCHOR_01,52:06:26:03:01:DA,-85,MFG_4C000215FDA50693A4E24FB1AFCFC6EB0764782500010002D8,1.0,Yes,WiFi + Concrete Wall
2008237,ANCHOR_01,52:06:26:03:01:DA,-80,MFG_4C000215FDA50693A4E24FB1AFCFC6EB0764782500010002D8,1.0,Yes,WiFi + Concrete Wall
2009227,ANCHOR_01,52:06:26:03:01:DA,-81,MFG_4C000215FDA50693A4E24FB1AFCFC6EB0764782500010002D8,1.0,Yes,WiFi + Concrete Wall
2010247,ANCHOR_01,52:06:26:03:01:DA,-75,MFG_4C000215FDA50693A4E24FB1AFCFC6EB0764782500010002D8,1.0,Yes,WiFi + Concrete Wall
2011237,ANCHOR_01,52:06:26:03:01:DA,-75,MFG_4C000215FDA50693A4E24FB1AFCFC6EB0764782500010002D8,1.0,Yes,WiFi + Concrete Wall
2013247,ANCHOR_01,52:06:26:03:01:DA,-86,MFG_4C000215FDA50693A4E24FB1AFCFC6EB0764782500010002D8,1.0,Yes,WiFi + Concrete Wall
2014267,ANCHOR_01,52:06:26:03:01:DA,-82,MFG_4C000215FDA50693A4E24FB1AFCFC6EB0764782500010002D8,1.0,Yes,WiFi + Concrete Wall
2015257,ANCHOR_01,52:06:26:03:01:DA,-82,MFG_4C000215FDA50693A4E24FB1AFCFC6EB0764782500010002D8,1.0,Yes,WiFi + Concrete Wall
2016277,ANCHOR_01,52:06:26:03:01:DA,-75,MFG_4C000215FDA50693A4E24FB1AFCFC6EB0764782500010002D8,1.0,Yes,WiFi + Concrete Wall
2017267,ANCHOR_01,52:06:26:03:01:DA,-76,MFG_4C000215FDA50693A4E24FB1AFCFC6EB0764782500010002D8,1.0,Yes,WiFi + Concrete Wall
2019267,ANCHOR_01,52:06:26:03:01:DA,-84,MFG_4C000215FDA50693A4E24FB1AFCFC6EB0764782500010002D8,1.0,Yes,WiFi + Concrete Wall
2020297,ANCHOR_01,52:06:26:03:01:DA,-81,MFG_4C000215FDA50693A4E24FB1AFCFC6EB0764782500010002D8,1.0,Yes,WiFi + Concrete Wall
2021287,ANCHOR_01,52:06:26:03:01:DA,-81,MFG_4C000215FDA50693A4E24FB1AFCFC6EB0764782500010002D8,1.0,Yes,WiFi + Concrete Wall
2022307,ANCHOR_01,52:06:26:03:01:DA,-75,MFG_4C000215FDA50693A4E24FB1AFCFC6EB0764782500010002D8,1.0,Yes,WiFi + Concrete Wall
2023297,ANCHOR_01,52:06:26:03:01:DA,-76,MFG_4C000215FDA50693A4E24FB1AFCFC6EB0764782500010002D8,1.0,Yes,WiFi + Concrete Wall
2024317,ANCHOR_01,52:06:26:03:01:DA,-85,MFG_4C000215FDA50693A4E24FB1AFCFC6EB0764782500010002D8,1.0,Yes,WiFi + Concrete Wall
2025307,ANCHOR_01,52:06:26:03:01:DA,-84,MFG_4C000215FDA50693A4E24FB1AFCFC6EB0764782500010002D8,1.0,Yes,WiFi + Concrete Wall
2026327,ANCHOR_01,52:06:26:03:01:DA,-79,MFG_4C000215FDA50693A4E24FB1AFCFC6EB0764782500010002D8,1.0,Yes,WiFi + Concrete Wall
2027317,ANCHOR_01,52:06:26:03:01:DA,-81,MFG_4C000215FDA50693A4E24FB1AFCFC6EB0764782500010002D8,1.0,Yes,WiFi + Concrete Wall
2028337,ANCHOR_01,52:06:26:03:01:DA,-76,MFG_4C000215FDA50693A4E24FB1AFCFC6EB0764782500010002D8,1.0,Yes,WiFi + Concrete Wall
2029317,ANCHOR_01,52:06:26:03:01:DA,-76,MFG_4C000215FDA50693A4E24FB1AFCFC6EB0764782500010002D8,1.0,Yes,WiFi + Concrete Wall
2030347,ANCHOR_01,52:06:26:03:01:DA,-83,MFG_4C000215FDA50693A4E24FB1AFCFC6EB0764782500010002D8,1.0,Yes,WiFi + Concrete Wall
2031337,ANCHOR_01,52:06:26:03:01:DA,-83,MFG_4C000215FDA50693A4E24FB1AFCFC6EB0764782500010002D8,1.0,Yes,WiFi + Concrete Wall
2032357,ANCHOR_01,52:06:26:03:01:DA,-81,MFG_4C000215FDA50693A4E24FB1AFCFC6EB0764782500010002D8,1.0,Yes,WiFi + Concrete Wall
2033347,ANCHOR_01,52:06:26:03:01:DA,-81,MFG_4C000215FDA50693A4E24FB1AFCFC6EB0764782500010002D8,1.0,Yes,WiFi + Concrete Wall
2035357,ANCHOR_01,52:06:26:03:01:DA,-76,MFG_4C000215FDA50693A4E24FB1AFCFC6EB0764782500010002D8,1.0,Yes,WiFi + Concrete Wall
2037367,ANCHOR_01,52:06:26:03:01:DA,-84,MFG_4C000215FDA50693A4E24FB1AFCFC6EB0764782500010002D8,1.0,Yes,WiFi + Concrete Wall
2038357,ANCHOR_01,52:06:26:03:01:DA,-84,MFG_4C000215FDA50693A4E24FB1AFCFC6EB0764782500010002D8,1.0,Yes,WiFi + Concrete Wall
2039377,ANCHOR_01,52:06:26:03:01:DA,-81,MFG_4C000215FDA50693A4E24FB1AFCFC6EB0764782500010002D8,1.0,Yes,WiFi + Concrete Wall
2040367,ANCHOR_01,52:06:26:03:01:DA,-75,MFG_4C000215FDA50693A4E24FB1AFCFC6EB0764782500010002D8,1.0,Yes,WiFi + Concrete Wall
2041387,ANCHOR_01,52:06:26:03:01:DA,-75,MFG_4C000215FDA50693A4E24FB1AFCFC6EB0764782500010002D8,1.0,Yes,WiFi + Concrete Wall
2043397,ANCHOR_01,52:06:26:03:01:DA,-85,MFG_4C000215FDA50693A4E24FB1AFCFC6EB0764782500010002D8,1.0,Yes,WiFi + Concrete Wall
2044417,ANCHOR_01,52:06:26:03:01:DA,-81,MFG_4C000215FDA50693A4E24FB1AFCFC6EB0764782500010002D8,1.0,Yes,WiFi + Concrete Wall
2045407,ANCHOR_01,52:06:26:03:01:DA,-81,MFG_4C000215FDA50693A4E24FB1AFCFC6EB0764782500010002D8,1.0,Yes,WiFi + Concrete Wall
2046427,ANCHOR_01,52:06:26:03:01:DA,-76,MFG_4C000215FDA50693A4E24FB1AFCFC6EB0764782500010002D8,1.0,Yes,WiFi + Concrete Wall
2047417,ANCHOR_01,52:06:26:03:01:DA,-76,MFG_4C000215FDA50693A4E24FB1AFCFC6EB0764782500010002D8,1.0,Yes,WiFi + Concrete Wall
2048437,ANCHOR_01,52:06:26:03:01:DA,-84,MFG_4C000215FDA50693A4E24FB1AFCFC6EB0764782500010002D8,1.0,Yes,WiFi + Concrete Wall
2050447,ANCHOR_01,52:06:26:03:01:DA,-81,MFG_4C000215FDA50693A4E24FB1AFCFC6EB0764782500010002D8,1.0,Yes,WiFi + Concrete Wall
2051437,ANCHOR_01,52:06:26:03:01:DA,-81,MFG_4C000215FDA50693A4E24FB1AFCFC6EB0764782500010002D8,1.0,Yes,WiFi + Concrete Wall
2052457,ANCHOR_01,52:06:26:03:01:DA,-76,MFG_4C000215FDA50693A4E24FB1AFCFC6EB0764782500010002D8,1.0,Yes,WiFi + Concrete Wall
2053447,ANCHOR_01,52:06:26:03:01:DA,-75,MFG_4C000215FDA50693A4E24FB1AFCFC6EB0764782500010002D8,1.0,Yes,WiFi + Concrete Wall
2054467,ANCHOR_01,52:06:26:03:01:DA,-84,MFG_4C000215FDA50693A4E24FB1AFCFC6EB0764782500010002D8,1.0,Yes,WiFi + Concrete Wall
2055457,ANCHOR_01,52:06:26:03:01:DA,-87,MFG_4C000215FDA50693A4E24FB1AFCFC6EB0764782500010002D8,1.0,Yes,WiFi + Concrete Wall
2056447,ANCHOR_01,52:06:26:03:01:DA,-82,MFG_4C000215FDA50693A4E24FB1AFCFC6EB0764782500010002D8,1.0,Yes,WiFi + Concrete Wall
2057467,ANCHOR_01,52:06:26:03:01:DA,-83,MFG_4C000215FDA50693A4E24FB1AFCFC6EB0764782500010002D8,1.0,Yes,WiFi + Concrete Wall
2058487,ANCHOR_01,52:06:26:03:01:DA,-77,MFG_4C000215FDA50693A4E24FB1AFCFC6EB0764782500010002D8,1.0,Yes,WiFi + Concrete Wall
2059477,ANCHOR_01,52:06:26:03:01:DA,-76,MFG_4C000215FDA50693A4E24FB1AFCFC6EB0764782500010002D8,1.0,Yes,WiFi + Concrete Wall
2060467,ANCHOR_01,52:06:26:03:01:DA,-77,MFG_4C000215FDA50693A4E24FB1AFCFC6EB0764782500010002D8,1.0,Yes,WiFi + Concrete Wall
2061487,ANCHOR_01,52:06:26:03:01:DA,-86,MFG_4C000215FDA50693A4E24FB1AFCFC6EB0764782500010002D8,1.0,Yes,WiFi + Concrete Wall
2062477,ANCHOR_01,52:06:26:03:01:DA,-83,MFG_4C000215FDA50693A4E24FB1AFCFC6EB0764782500010002D8,1.0,Yes,WiFi + Concrete Wall
2063467,ANCHOR_01,52:06:26:03:01:DA,-84,MFG_4C000215FDA50693A4E24FB1AFCFC6EB0764782500010002D8,1.0,Yes,WiFi + Concrete Wall
2064487,ANCHOR_01,52:06:26:03:01:DA,-83,MFG_4C000215FDA50693A4E24FB1AFCFC6EB0764782500010002D8,1.0,Yes,WiFi + Concrete Wall
2065477,ANCHOR_01,52:06:26:03:01:DA,-83,MFG_4C000215FDA50693A4E24FB1AFCFC6EB0764782500010002D8,1.0,Yes,WiFi + Concrete Wall
2066497,ANCHOR_01,52:06:26:03:01:DA,-78,MFG_4C000215FDA50693A4E24FB1AFCFC6EB0764782500010002D8,1.0,Yes,WiFi + Concrete Wall
2068507,ANCHOR_01,52:06:26:03:01:DA,-85,MFG_4C000215FDA50693A4E24FB1AFCFC6EB0764782500010002D8,1.0,Yes,WiFi + Concrete Wall
2069497,ANCHOR_01,52:06:26:03:01:DA,-83,MFG_4C000215FDA50693A4E24FB1AFCFC6EB0764782500010002D8,1.0,Yes,WiFi + Concrete Wall
2070517,ANCHOR_01,52:06:26:03:01:DA,-83,MFG_4C000215FDA50693A4E24FB1AFCFC6EB0764782500010002D8,1.0,Yes,WiFi + Concrete Wall
2071507,ANCHOR_01,52:06:26:03:01:DA,-83,MFG_4C000215FDA50693A4E24FB1AFCFC6EB0764782500010002D8,1.0,Yes,WiFi + Concrete Wall
2072527,ANCHOR_01,52:06:26:03:01:DA,-77,MFG_4C000215FDA50693A4E24FB1AFCFC6EB0764782500010002D8,1.0,Yes,WiFi + Concrete Wall
2073517,ANCHOR_01,52:06:26:03:01:DA,-78,MFG_4C000215FDA50693A4E24FB1AFCFC6EB0764782500010002D8,1.0,Yes,WiFi + Concrete Wall
2074537,ANCHOR_01,52:06:26:03:01:DA,-84,MFG_4C000215FDA50693A4E24FB1AFCFC6EB0764782500010002D8,1.0,Yes,WiFi + Concrete Wall
2075527,ANCHOR_01,52:06:26:03:01:DA,-85,MFG_4C000215FDA50693A4E24FB1AFCFC6EB0764782500010002D8,1.0,Yes,WiFi + Concrete Wall
2076527,ANCHOR_01,52:06:26:03:01:DA,-83,MFG_4C000215FDA50693A4E24FB1AFCFC6EB0764782500010002D8,1.0,Yes,WiFi + Concrete Wall
2077537,ANCHOR_01,52:06:26:03:01:DA,-83,MFG_4C000215FDA50693A4E24FB1AFCFC6EB0764782500010002D8,1.0,Yes,WiFi + Concrete Wall
2078557,ANCHOR_01,52:06:26:03:01:DA,-76,MFG_4C000215FDA50693A4E24FB1AFCFC6EB0764782500010002D8,1.0,Yes,WiFi + Concrete Wall
2080567,ANCHOR_01,52:06:26:03:01:DA,-84,MFG_4C000215FDA50693A4E24FB1AFCFC6EB0764782500010002D8,1.0,Yes,WiFi + Concrete Wall
2081557,ANCHOR_01,52:06:26:03:01:DA,-86,MFG_4C000215FDA50693A4E24FB1AFCFC6EB0764782500010002D8,1.0,Yes,WiFi + Concrete Wall
2082577,ANCHOR_01,52:06:26:03:01:DA,-83,MFG_4C000215FDA50693A4E24FB1AFCFC6EB0764782500010002D8,1.0,Yes,WiFi + Concrete Wall
2083567,ANCHOR_01,52:06:26:03:01:DA,-83,MFG_4C000215FDA50693A4E24FB1AFCFC6EB0764782500010002D8,1.0,Yes,WiFi + Concrete Wall
2084587,ANCHOR_01,52:06:26:03:01:DA,-76,MFG_4C000215FDA50693A4E24FB1AFCFC6EB0764782500010002D8,1.0,Yes,WiFi + Concrete Wall
2085577,ANCHOR_01,52:06:26:03:01:DA,-76,MFG_4C000215FDA50693A4E24FB1AFCFC6EB0764782500010002D8,1.0,Yes,WiFi + Concrete Wall
2086597,ANCHOR_01,52:06:26:03:01:DA,-85,MFG_4C000215FDA50693A4E24FB1AFCFC6EB0764782500010002D8,1.0,Yes,WiFi + Concrete Wall
2087587,ANCHOR_01,52:06:26:03:01:DA,-83,MFG_4C000215FDA50693A4E24FB1AFCFC6EB0764782500010002D8,1.0,Yes,WiFi + Concrete Wall
2088607,ANCHOR_01,52:06:26:03:01:DA,-83,MFG_4C000215FDA50693A4E24FB1AFCFC6EB0764782500010002D8,1.0,Yes,WiFi + Concrete Wall
2089597,ANCHOR_01,52:06:26:03:01:DA,-84,MFG_4C000215FDA50693A4E24FB1AFCFC6EB0764782500010002D8,1.0,Yes,WiFi + Concrete Wall
2091607,ANCHOR_01,52:06:26:03:01:DA,-76,MFG_4C000215FDA50693A4E24FB1AFCFC6EB0764782500010002D8,1.0,Yes,WiFi + Concrete Wall
2093617,ANCHOR_01,52:06:26:03:01:DA,-77,MFG_4C000215FDA50693A4E24FB1AFCFC6EB0764782500010002D8,1.0,Yes,WiFi + Concrete Wall
2095627,ANCHOR_01,52:06:26:03:01:DA,-85,MFG_4C000215FDA50693A4E24FB1AFCFC6EB0764782500010002D8,1.0,Yes,WiFi + Concrete Wall
2098627,ANCHOR_01,52:06:26:03:01:DA,-95,MFG_4C000215FDA50693A4E24FB1AFCFC6EB0764782500010002D8,1.0,Yes,WiFi + Concrete Wall
2099647,ANCHOR_01,52:06:26:03:01:DA,-81,MFG_4C000215FDA50693A4E24FB1AFCFC6EB0764782500010002D8,1.0,Yes,WiFi + Concrete Wall
2100637,ANCHOR_01,52:06:26:03:01:DA,-81,MFG_4C000215FDA50693A4E24FB1AFCFC6EB0764782500010002D8,1.0,Yes,WiFi + Concrete Wall
2101657,ANCHOR_01,52:06:26:03:01:DA,-90,MFG_4C000215FDA50693A4E24FB1AFCFC6EB0764782500010002D8,1.0,Yes,WiFi + Concrete Wall
2102647,ANCHOR_01,52:06:26:03:01:DA,-86,MFG_4C000215FDA50693A4E24FB1AFCFC6EB0764782500010002D8,1.0,Yes,WiFi + Concrete Wall
2103667,ANCHOR_01,52:06:26:03:01:DA,-82,MFG_4C000215FDA50693A4E24FB1AFCFC6EB0764782500010002D8,1.0,Yes,WiFi + Concrete Wall
2104657,ANCHOR_01,52:06:26:03:01:DA,-83,MFG_4C000215FDA50693A4E24FB1AFCFC6EB0764782500010002D8,1.0,Yes,WiFi + Concrete Wall
2105677,ANCHOR_01,52:06:26:03:01:DA,-83,MFG_4C000215FDA50693A4E24FB1AFCFC6EB0764782500010002D8,1.0,Yes,WiFi + Concrete Wall
2106667,ANCHOR_01,52:06:26:03:01:DA,-83,MFG_4C000215FDA50693A4E24FB1AFCFC6EB0764782500010002D8,1.0,Yes,WiFi + Concrete Wall
2107687,ANCHOR_01,52:06:26:03:01:DA,-87,MFG_4C000215FDA50693A4E24FB1AFCFC6EB0764782500010002D8,1.0,Yes,WiFi + Concrete Wall
2109697,ANCHOR_01,52:06:26:03:01:DA,-82,MFG_4C000215FDA50693A4E24FB1AFCFC6EB0764782500010002D8,1.0,Yes,WiFi + Concrete Wall
2110687,ANCHOR_01,52:06:26:03:01:DA,-84,MFG_4C000215FDA50693A4E24FB1AFCFC6EB0764782500010002D8,1.0,Yes,WiFi + Concrete Wall
2111707,ANCHOR_01,52:06:26:03:01:DA,-85,MFG_4C000215FDA50693A4E24FB1AFCFC6EB0764782500010002D8,1.0,Yes,WiFi + Concrete Wall
2112697,ANCHOR_01,52:06:26:03:01:DA,-85,MFG_4C000215FDA50693A4E24FB1AFCFC6EB0764782500010002D8,1.0,Yes,WiFi + Concrete Wall
2113717,ANCHOR_01,52:06:26:03:01:DA,-84,MFG_4C000215FDA50693A4E24FB1AFCFC6EB0764782500010002D8,1.0,Yes,WiFi + Concrete Wall
2114707,ANCHOR_01,52:06:26:03:01:DA,-84,MFG_4C000215FDA50693A4E24FB1AFCFC6EB0764782500010002D8,1.0,Yes,WiFi + Concrete Wall
2115727,ANCHOR_01,52:06:26:03:01:DA,-82,MFG_4C000215FDA50693A4E24FB1AFCFC6EB0764782500010002D8,1.0,Yes,WiFi + Concrete Wall
2117737,ANCHOR_01,52:06:26:03:01:DA,-85,MFG_4C000215FDA50693A4E24FB1AFCFC6EB0764782500010002D8,1.0,Yes,WiFi + Concrete Wall
2118727,ANCHOR_01,52:06:26:03:01:DA,-86,MFG_4C000215FDA50693A4E24FB1AFCFC6EB0764782500010002D8,1.0,Yes,WiFi + Concrete Wall
2119747,ANCHOR_01,52:06:26:03:01:DA,-84,MFG_4C000215FDA50693A4E24FB1AFCFC6EB0764782500010002D8,1.0,Yes,WiFi + Concrete Wall
2120737,ANCHOR_01,52:06:26:03:01:DA,-85,MFG_4C000215FDA50693A4E24FB1AFCFC6EB0764782500010002D8,1.0,Yes,WiFi + Concrete Wall
2121757,ANCHOR_01,52:06:26:03:01:DA,-82,MFG_4C000215FDA50693A4E24FB1AFCFC6EB0764782500010002D8,1.0,Yes,WiFi + Concrete Wall
2122747,ANCHOR_01,52:06:26:03:01:DA,-81,MFG_4C000215FDA50693A4E24FB1AFCFC6EB0764782500010002D8,1.0,Yes,WiFi + Concrete Wall
2124757,ANCHOR_01,52:06:26:03:01:DA,-85,MFG_4C000215FDA50693A4E24FB1AFCFC6EB0764782500010002D8,1.0,Yes,WiFi + Concrete Wall
2126767,ANCHOR_01,52:06:26:03:01:DA,-84,MFG_4C000215FDA50693A4E24FB1AFCFC6EB0764782500010002D8,1.0,Yes,WiFi + Concrete Wall
2128777,ANCHOR_01,52:06:26:03:01:DA,-82,MFG_4C000215FDA50693A4E24FB1AFCFC6EB0764782500010002D8,1.0,Yes,WiFi + Concrete Wall
2129767,ANCHOR_01,52:06:26:03:01:DA,-82,MFG_4C000215FDA50693A4E24FB1AFCFC6EB0764782500010002D8,1.0,Yes,WiFi + Concrete Wall
2130787,ANCHOR_01,52:06:26:03:01:DA,-85,MFG_4C000215FDA50693A4E24FB1AFCFC6EB0764782500010002D8,1.0,Yes,WiFi + Concrete Wall
2132797,ANCHOR_01,52:06:26:03:01:DA,-85,MFG_4C000215FDA50693A4E24FB1AFCFC6EB0764782500010002D8,1.0,Yes,WiFi + Concrete Wall
2133787,ANCHOR_01,52:06:26:03:01:DA,-84,MFG_4C000215FDA50693A4E24FB1AFCFC6EB0764782500010002D8,1.0,Yes,WiFi + Concrete Wall
2134807,ANCHOR_01,52:06:26:03:01:DA,-81,MFG_4C000215FDA50693A4E24FB1AFCFC6EB0764782500010002D8,1.0,Yes,WiFi + Concrete Wall
2135797,ANCHOR_01,52:06:26:03:01:DA,-82,MFG_4C000215FDA50693A4E24FB1AFCFC6EB0764782500010002D8,1.0,Yes,WiFi + Concrete Wall
2136817,ANCHOR_01,52:06:26:03:01:DA,-86,MFG_4C000215FDA50693A4E24FB1AFCFC6EB0764782500010002D8,1.0,Yes,WiFi + Concrete Wall
2137807,ANCHOR_01,52:06:26:03:01:DA,-85,MFG_4C000215FDA50693A4E24FB1AFCFC6EB0764782500010002D8,1.0,Yes,WiFi + Concrete Wall
2138797,ANCHOR_01,52:06:26:03:01:DA,-83,MFG_4C000215FDA50693A4E24FB1AFCFC6EB0764782500010002D8,1.0,Yes,WiFi + Concrete Wall
2139817,ANCHOR_01,52:06:26:03:01:DA,-83,MFG_4C000215FDA50693A4E24FB1AFCFC6EB0764782500010002D8,1.0,Yes,WiFi + Concrete Wall
2140827,ANCHOR_01,52:06:26:03:01:DA,-81,MFG_4C000215FDA50693A4E24FB1AFCFC6EB0764782500010002D8,1.0,Yes,WiFi + Concrete Wall
2141827,ANCHOR_01,52:06:26:03:01:DA,-82,MFG_4C000215FDA50693A4E24FB1AFCFC6EB0764782500010002D8,1.0,Yes,WiFi + Concrete Wall
2143837,ANCHOR_01,52:06:26:03:01:DA,-86,MFG_4C000215FDA50693A4E24FB1AFCFC6EB0764782500010002D8,1.0,Yes,WiFi + Concrete Wall
2144827,ANCHOR_01,52:06:26:03:01:DA,-86,MFG_4C000215FDA50693A4E24FB1AFCFC6EB0764782500010002D8,1.0,Yes,WiFi + Concrete Wall
2145847,ANCHOR_01,52:06:26:03:01:DA,-84,MFG_4C000215FDA50693A4E24FB1AFCFC6EB0764782500010002D8,1.0,Yes,WiFi + Concrete Wall
2146837,ANCHOR_01,52:06:26:03:01:DA,-83,MFG_4C000215FDA50693A4E24FB1AFCFC6EB0764782500010002D8,1.0,Yes,WiFi + Concrete Wall
2147857,ANCHOR_01,52:06:26:03:01:DA,-82,MFG_4C000215FDA50693A4E24FB1AFCFC6EB0764782500010002D8,1.0,Yes,WiFi + Concrete Wall
2148877,ANCHOR_01,52:06:26:03:01:DA,-87,MFG_4C000215FDA50693A4E24FB1AFCFC6EB0764782500010002D8,1.0,Yes,WiFi + Concrete Wall
2149867,ANCHOR_01,52:06:26:03:01:DA,-85,MFG_4C000215FDA50693A4E24FB1AFCFC6EB0764782500010002D8,1.0,Yes,WiFi + Concrete Wall
2150887,ANCHOR_01,52:06:26:03:01:DA,-85,MFG_4C000215FDA50693A4E24FB1AFCFC6EB0764782500010002D8,1.0,Yes,WiFi + Concrete Wall
2151877,ANCHOR_01,52:06:26:03:01:DA,-83,MFG_4C000215FDA50693A4E24FB1AFCFC6EB0764782500010002D8,1.0,Yes,WiFi + Concrete Wall
2152897,ANCHOR_01,52:06:26:03:01:DA,-82,MFG_4C000215FDA50693A4E24FB1AFCFC6EB0764782500010002D8,1.0,Yes,WiFi + Concrete Wall
2154907,ANCHOR_01,52:06:26:03:01:DA,-77,MFG_4C000215FDA50693A4E24FB1AFCFC6EB0764782500010002D8,1.0,Yes,WiFi + Concrete Wall
2155927,ANCHOR_01,52:06:26:03:01:DA,-81,MFG_4C000215FDA50693A4E24FB1AFCFC6EB0764782500010002D8,1.0,Yes,WiFi + Concrete Wall
2156917,ANCHOR_01,52:06:26:03:01:DA,-84,MFG_4C000215FDA50693A4E24FB1AFCFC6EB0764782500010002D8,1.0,Yes,WiFi + Concrete Wall
2157937,ANCHOR_01,52:06:26:03:01:DA,-76,MFG_4C000215FDA50693A4E24FB1AFCFC6EB0764782500010002D8,1.0,Yes,WiFi + Concrete Wall
2158927,ANCHOR_01,52:06:26:03:01:DA,-77,MFG_4C000215FDA50693A4E24FB1AFCFC6EB0764782500010002D8,1.0,Yes,WiFi + Concrete Wall
2162947,ANCHOR_01,52:06:26:03:01:DA,-82,MFG_4C000215FDA50693A4E24FB1AFCFC6EB0764782500010002D8,1.0,Yes,WiFi + Concrete Wall
2164957,ANCHOR_01,52:06:26:03:01:DA,-89,MFG_4C000215FDA50693A4E24FB1AFCFC6EB0764782500010002D8,1.0,Yes,WiFi + Concrete Wall
2165937,ANCHOR_01,52:06:26:03:01:DA,-91,MFG_4C000215FDA50693A4E24FB1AFCFC6EB0764782500010002D8,1.0,Yes,WiFi + Concrete Wall
2166967,ANCHOR_01,52:06:26:03:01:DA,-81,MFG_4C000215FDA50693A4E24FB1AFCFC6EB0764782500010002D8,1.0,Yes,WiFi + Concrete Wall
2167987,ANCHOR_01,52:06:26:03:01:DA,-92,MFG_4C000215FDA50693A4E24FB1AFCFC6EB0764782500010002D8,1.0,Yes,WiFi + Concrete Wall
2168977,ANCHOR_01,52:06:26:03:01:DA,-89,MFG_4C000215FDA50693A4E24FB1AFCFC6EB0764782500010002D8,1.0,Yes,WiFi + Concrete Wall
2169997,ANCHOR_01,52:06:26:03:01:DA,-92,MFG_4C000215FDA50693A4E24FB1AFCFC6EB0764782500010002D8,1.0,Yes,WiFi + Concrete Wall
2170987,ANCHOR_01,52:06:26:03:01:DA,-91,MFG_4C000215FDA50693A4E24FB1AFCFC6EB0764782500010002D8,1.0,Yes,WiFi + Concrete Wall
2172997,ANCHOR_01,52:06:26:03:01:DA,-78,MFG_4C000215FDA50693A4E24FB1AFCFC6EB0764782500010002D8,1.0,Yes,WiFi + Concrete Wall
2174017,ANCHOR_01,52:06:26:03:01:DA,-81,MFG_4C000215FDA50693A4E24FB1AFCFC6EB0764782500010002D8,1.0,Yes,WiFi + Concrete Wall
2175007,ANCHOR_01,52:06:26:03:01:DA,-81,MFG_4C000215FDA50693A4E24FB1AFCFC6EB0764782500010002D8,1.0,Yes,WiFi + Concrete Wall
2176027,ANCHOR_01,52:06:26:03:01:DA,-74,MFG_4C000215FDA50693A4E24FB1AFCFC6EB0764782500010002D8,1.0,Yes,WiFi + Concrete Wall
2177017,ANCHOR_01,52:06:26:03:01:DA,-73,MFG_4C000215FDA50693A4E24FB1AFCFC6EB0764782500010002D8,1.0,Yes,WiFi + Concrete Wall
2178037,ANCHOR_01,52:06:26:03:01:DA,-82,MFG_4C000215FDA50693A4E24FB1AFCFC6EB0764782500010002D8,1.0,Yes,WiFi + Concrete Wall
2179027,ANCHOR_01,52:06:26:03:01:DA,-82,MFG_4C000215FDA50693A4E24FB1AFCFC6EB0764782500010002D8,1.0,Yes,WiFi + Concrete Wall
2180047,ANCHOR_01,52:06:26:03:01:DA,-90,MFG_4C000215FDA50693A4E24FB1AFCFC6EB0764782500010002D8,1.0,Yes,WiFi + Concrete Wall
2181037,ANCHOR_01,52:06:26:03:01:DA,-87,MFG_4C000215FDA50693A4E24FB1AFCFC6EB0764782500010002D8,1.0,Yes,WiFi + Concrete Wall
2182057,ANCHOR_01,52:06:26:03:01:DA,-87,MFG_4C000215FDA50693A4E24FB1AFCFC6EB0764782500010002D8,1.0,Yes,WiFi + Concrete Wall
2183027,ANCHOR_01,52:06:26:03:01:DA,-86,MFG_4C000215FDA50693A4E24FB1AFCFC6EB0764782500010002D8,1.0,Yes,WiFi + Concrete Wall
2184057,ANCHOR_01,52:06:26:03:01:DA,-83,MFG_4C000215FDA50693A4E24FB1AFCFC6EB0764782500010002D8,1.0,Yes,WiFi + Concrete Wall
2185057,ANCHOR_01,52:06:26:03:01:DA,-83,MFG_4C000215FDA50693A4E24FB1AFCFC6EB0764782500010002D8,1.0,Yes,WiFi + Concrete Wall
2187067,ANCHOR_01,52:06:26:03:01:DA,-89,MFG_4C000215FDA50693A4E24FB1AFCFC6EB0764782500010002D8,1.0,Yes,WiFi + Concrete Wall
2188087,ANCHOR_01,52:06:26:03:01:DA,-86,MFG_4C000215FDA50693A4E24FB1AFCFC6EB0764782500010002D8,1.0,Yes,WiFi + Concrete Wall
2189077,ANCHOR_01,52:06:26:03:01:DA,-89,MFG_4C000215FDA50693A4E24FB1AFCFC6EB0764782500010002D8,1.0,Yes,WiFi + Concrete Wall
2191087,ANCHOR_01,52:06:26:03:01:DA,-79,MFG_4C000215FDA50693A4E24FB1AFCFC6EB0764782500010002D8,1.0,Yes,WiFi + Concrete Wall
2193097,ANCHOR_01,52:06:26:03:01:DA,-79,MFG_4C000215FDA50693A4E24FB1AFCFC6EB0764782500010002D8,1.0,Yes,WiFi + Concrete Wall
2195107,ANCHOR_01,52:06:26:03:01:DA,-77,MFG_4C000215FDA50693A4E24FB1AFCFC6EB0764782500010002D8,1.0,Yes,WiFi + Concrete Wall
2196097,ANCHOR_01,52:06:26:03:01:DA,-76,MFG_4C000215FDA50693A4E24FB1AFCFC6EB0764782500010002D8,1.0,Yes,WiFi + Concrete Wall
2197117,ANCHOR_01,52:06:26:03:01:DA,-84,MFG_4C000215FDA50693A4E24FB1AFCFC6EB0764782500010002D8,1.0,Yes,WiFi + Concrete Wall
2198107,ANCHOR_01,52:06:26:03:01:DA,-85,MFG_4C000215FDA50693A4E24FB1AFCFC6EB0764782500010002D8,1.0,Yes,WiFi + Concrete Wall
2199127,ANCHOR_01,52:06:26:03:01:DA,-83,MFG_4C000215FDA50693A4E24FB1AFCFC6EB0764782500010002D8,1.0,Yes,WiFi + Concrete Wall
2200117,ANCHOR_01,52:06:26:03:01:DA,-81,MFG_4C000215FDA50693A4E24FB1AFCFC6EB0764782500010002D8,1.0,Yes,WiFi + Concrete Wall
