timestamp,anchor,mac,rssi,name,distance_m,obstacle,obstacle_type,height_m
2588597,ANCHOR_01,52:06:26:03:01:DA,-81,MFG_4C000215FDA50693A4E24FB1AFCFC6EB0764782500010002D8,2.0,Yes,mattress,0.5
2589597,ANCHOR_01,52:06:26:03:01:DA,-77,MFG_4C000215FDA50693A4E24FB1AFCFC6EB0764782500010002D8,2.0,Yes,mattress,0.5
2591617,ANCHOR_01,52:06:26:03:01:DA,-76,MFG_4C000215FDA50693A4E24FB1AFCFC6EB0764782500010002D8,2.0,Yes,mattress,0.5
2592627,ANCHOR_01,52:06:26:03:01:DA,-76,MFG_4C000215FDA50693A4E24FB1AFCFC6EB0764782500010002D8,2.0,Yes,mattress,0.5
2593627,ANCHOR_01,52:06:26:03:01:DA,-76,MFG_4C000215FDA50693A4E24FB1AFCFC6EB0764782500010002D8,2.0,Yes,mattress,0.5
2594647,ANCHOR_01,52:06:26:03:01:DA,-85,MFG_4C000215FDA50693A4E24FB1AFCFC6EB0764782500010002D8,2.0,Yes,mattress,0.5
2595647,ANCHOR_01,52:06:26:03:01:DA,-87,MFG_4C000215FDA50693A4E24FB1AFCFC6EB0764782500010002D8,2.0,Yes,mattress,0.5
2597657,ANCHOR_01,52:06:26:03:01:DA,-76,MFG_4C000215FDA50693A4E24FB1AFCFC6EB0764782500010002D8,2.0,Yes,mattress,0.5
2599667,ANCHOR_01,52:06:26:03:01:DA,-76,MFG_4C000215FDA50693A4E24FB1AFCFC6EB0764782500010002D8,2.0,Yes,mattress,0.5
2600687,ANCHOR_01,52:06:26:03:01:DA,-85,MFG_4C000215FDA50693A4E24FB1AFCFC6EB0764782500010002D8,2.0,Yes,mattress,0.5
2601677,ANCHOR_01,52:06:26:03:01:DA,-84,MFG_4C000215FDA50693A4E24FB1AFCFC6EB0764782500010002D8,2.0,Yes,mattress,0.5
2603687,ANCHOR_01,52:06:26:03:01:DA,-76,MFG_4C000215FDA50693A4E24FB1AFCFC6EB0764782500010002D8,2.0,Yes,mattress,0.5
2605697,ANCHOR_01,52:06:26:03:01:DA,-77,MFG_4C000215FDA50693A4E24FB1AFCFC6EB0764782500010002D8,2.0,Yes,mattress,0.5
2607707,ANCHOR_01,52:06:26:03:01:DA,-85,MFG_4C000215FDA50693A4E24FB1AFCFC6EB0764782500010002D8,2.0,Yes,mattress,0.5
2608727,ANCHOR_01,52:06:26:03:01:DA,-76,MFG_4C000215FDA50693A4E24FB1AFCFC6EB0764782500010002D8,2.0,Yes,mattress,0.5
2609717,ANCHOR_01,52:06:26:03:01:DA,-75,MFG_4C000215FDA50693A4E24FB1AFCFC6EB0764782500010002D8,2.0,Yes,mattress,0.5
2610737,ANCHOR_01,52:06:26:03:01:DA,-77,MFG_4C000215FDA50693A4E24FB1AFCFC6EB0764782500010002D8,2.0,Yes,mattress,0.5
2612747,ANCHOR_01,52:06:26:03:01:DA,-83,MFG_4C000215FDA50693A4E24FB1AFCFC6EB0764782500010002D8,2.0,Yes,mattress,0.5
2613727,ANCHOR_01,52:06:26:03:01:DA,-84,MFG_4C000215FDA50693A4E24FB1AFCFC6EB0764782500010002D8,2.0,Yes,mattress,0.5
2614757,ANCHOR_01,52:06:26:03:01:DA,-75,MFG_4C000215FDA50693A4E24FB1AFCFC6EB0764782500010002D8,2.0,Yes,mattress,0.5
2615747,ANCHOR_01,52:06:26:03:01:DA,-75,MFG_4C000215FDA50693A4E24FB1AFCFC6EB0764782500010002D8,2.0,Yes,mattress,0.5
2616767,ANCHOR_01,52:06:26:03:01:DA,-77,MFG_4C000215FDA50693A4E24FB1AFCFC6EB0764782500010002D8,2.0,Yes,mattress,0.5
2617757,ANCHOR_01,52:06:26:03:01:DA,-77,MFG_4C000215FDA50693A4E24FB1AFCFC6EB0764782500010002D8,2.0,Yes,mattress,0.5
2618777,ANCHOR_01,52:06:26:03:01:DA,-84,MFG_4C000215FDA50693A4E24FB1AFCFC6EB0764782500010002D8,2.0,Yes,mattress,0.5
2619767,ANCHOR_01,52:06:26:03:01:DA,-85,MFG_4C000215FDA50693A4E24FB1AFCFC6EB0764782500010002D8,2.0,Yes,mattress,0.5
2620757,ANCHOR_01,52:06:26:03:01:DA,-75,MFG_4C000215FDA50693A4E24FB1AFCFC6EB0764782500010002D8,2.0,Yes,mattress,0.5
2621767,ANCHOR_01,52:06:26:03:01:DA,-75,MFG_4C000215FDA50693A4E24FB1AFCFC6EB0764782500010002D8,2.0,Yes,mattress,0.5
2622797,ANCHOR_01,52:06:26:03:01:DA,-77,MFG_4C000215FDA50693A4E24FB1AFCFC6EB0764782500010002D8,2.0,Yes,mattress,0.5
2623777,ANCHOR_01,52:06:26:03:01:DA,-77,MFG_4C000215FDA50693A4E24FB1AFCFC6EB0764782500010002D8,2.0,Yes,mattress,0.5
2624777,ANCHOR_01,52:06:26:03:01:DA,-77,MFG_4C000215FDA50693A4E24FB1AFCFC6EB0764782500010002D8,2.0,Yes,mattress,0.5
2625787,ANCHOR_01,52:06:26:03:01:DA,-84,MFG_4C000215FDA50693A4E24FB1AFCFC6EB0764782500010002D8,2.0,Yes,mattress,0.5
2626787,ANCHOR_01,52:06:26:03:01:DA,-84,MFG_4C000215FDA50693A4E24FB1AFCFC6EB0764782500010002D8,2.0,Yes,mattress,0.5
2627787,ANCHOR_01,52:06:26:03:01:DA,-75,MFG_4C000215FDA50693A4E24FB1AFCFC6EB0764782500010002D8,2.0,Yes,mattress,0.5
2628797,ANCHOR_01,52:06:26:03:01:DA,-73,MFG_4C000215FDA50693A4E24FB1AFCFC6EB0764782500010002D8,2.0,Yes,mattress,0.5
2629817,ANCHOR_01,52:06:26:03:01:DA,-69,MFG_4C000215FDA50693A4E24FB1AFCFC6EB0764782500010002D8,2.0,Yes,mattress,0.5
2631827,ANCHOR_01,52:06:26:03:01:DA,-79,MFG_4C000215FDA50693A4E24FB1AFCFC6EB0764782500010002D8,2.0,Yes,mattress,0.5
2633837,ANCHOR_01,52:06:26:03:01:DA,-70,MFG_4C000215FDA50693A4E24FB1AFCFC6EB0764782500010002D8,2.0,Yes,mattress,0.5
2634847,ANCHOR_01,52:06:26:03:01:DA,-71,MFG_4C000215FDA50693A4E24FB1AFCFC6EB0764782500010002D8,2.0,Yes,mattress,0.5
2635847,ANCHOR_01,52:06:26:03:01:DA,-71,MFG_4C000215FDA50693A4E24FB1AFCFC6EB0764782500010002D8,2.0,Yes,mattress,0.5
2636857,ANCHOR_01,52:06:26:03:01:DA,-79,MFG_4C000215FDA50693A4E24FB1AFCFC6EB0764782500010002D8,2.0,Yes,mattress,0.5
2637847,ANCHOR_01,52:06:26:03:01:DA,-81,MFG_4C000215FDA50693A4E24FB1AFCFC6EB0764782500010002D8,2.0,Yes,mattress,0.5
2639847,ANCHOR_01,52:06:26:03:01:DA,-72,MFG_4C000215FDA50693A4E24FB1AFCFC6EB0764782500010002D8,2.0,Yes,mattress,0.5
2640857,ANCHOR_01,52:06:26:03:01:DA,-71,MFG_4C000215FDA50693A4E24FB1AFCFC6EB0764782500010002D8,2.0,Yes,mattress,0.5
2641857,ANCHOR_01,52:06:26:03:01:DA,-71,MFG_4C000215FDA50693A4E24FB1AFCFC6EB0764782500010002D8,2.0,Yes,mattress,0.5
2642867,ANCHOR_01,52:06:26:03:01:DA,-73,MFG_4C000215FDA50693A4E24FB1AFCFC6EB0764782500010002D8,2.0,Yes,mattress,0.5
2643867,ANCHOR_01,52:06:26:03:01:DA,-85,MFG_4C000215FDA50693A4E24FB1AFCFC6EB0764782500010002D8,2.0,Yes,mattress,0.5
2644877,ANCHOR_01,52:06:26:03:01:DA,-85,MFG_4C000215FDA50693A4E24FB1AFCFC6EB0764782500010002D8,2.0,Yes,mattress,0.5
2645897,ANCHOR_01,52:06:26:03:01:DA,-71,MFG_4C000215FDA50693A4E24FB1AFCFC6EB0764782500010002D8,2.0,Yes,mattress,0.5
2646877,ANCHOR_01,52:06:26:03:01:DA,-71,MFG_4C000215FDA50693A4E24FB1AFCFC6EB0764782500010002D8,2.0,Yes,mattress,0.5
2648887,ANCHOR_01,52:06:26:03:01:DA,-72,MFG_4C000215FDA50693A4E24FB1AFCFC6EB0764782500010002D8,2.0,Yes,mattress,0.5
2649887,ANCHOR_01,52:06:26:03:01:DA,-78,MFG_4C000215FDA50693A4E24FB1AFCFC6EB0764782500010002D8,2.0,Yes,mattress,0.5
2650907,ANCHOR_01,52:06:26:03:01:DA,-80,MFG_4C000215FDA50693A4E24FB1AFCFC6EB0764782500010002D8,2.0,Yes,mattress,0.5
2652897,ANCHOR_01,52:06:26:03:01:DA,-72,MFG_4C000215FDA50693A4E24FB1AFCFC6EB0764782500010002D8,2.0,Yes,mattress,0.5
2653907,ANCHOR_01,52:06:26:03:01:DA,-72,MFG_4C000215FDA50693A4E24FB1AFCFC6EB0764782500010002D8,2.0,Yes,mattress,0.5
2654907,ANCHOR_01,52:06:26:03:01:DA,-74,MFG_4C000215FDA50693A4E24FB1AFCFC6EB0764782500010002D8,2.0,Yes,mattress,0.5
2655907,ANCHOR_01,52:06:26:03:01:DA,-73,MFG_4C000215FDA50693A4E24FB1AFCFC6EB0764782500010002D8,2.0,Yes,mattress,0.5
2656937,ANCHOR_01,52:06:26:03:01:DA,-80,MFG_4C000215FDA50693A4E24FB1AFCFC6EB0764782500010002D8,2.0,Yes,mattress,0.5
2657927,ANCHOR_01,52:06:26:03:01:DA,-78,MFG_4C000215FDA50693A4E24FB1AFCFC6EB0764782500010002D8,2.0,Yes,mattress,0.5
2659937,ANCHOR_01,52:06:26:03:01:DA,-72,MFG_4C000215FDA50693A4E24FB1AFCFC6EB0764782500010002D8,2.0,Yes,mattress,0.5
2660957,ANCHOR_01,52:06:26:03:01:DA,-73,MFG_4C000215FDA50693A4E24FB1AFCFC6EB0764782500010002D8,2.0,Yes,mattress,0.5
2661927,ANCHOR_01,52:06:26:03:01:DA,-73,MFG_4C000215FDA50693A4E24FB1AFCFC6EB0764782500010002D8,2.0,Yes,mattress,0.5
2662937,ANCHOR_01,52:06:26:03:01:DA,-73,MFG_4C000215FDA50693A4E24FB1AFCFC6EB0764782500010002D8,2.0,Yes,mattress,0.5
2663937,ANCHOR_01,52:06:26:03:01:DA,-81,MFG_4C000215FDA50693A4E24FB1AFCFC6EB0764782500010002D8,2.0,Yes,mattress,0.5
2664947,ANCHOR_01,52:06:26:03:01:DA,-82,MFG_4C000215FDA50693A4E24FB1AFCFC6EB0764782500010002D8,2.0,Yes,mattress,0.5
2665957,ANCHOR_01,52:06:26:03:01:DA,-73,MFG_4C000215FDA50693A4E24FB1AFCFC6EB0764782500010002D8,2.0,Yes,mattress,0.5
2666947,ANCHOR_01,52:06:26:03:01:DA,-72,MFG_4C000215FDA50693A4E24FB1AFCFC6EB0764782500010002D8,2.0,Yes,mattress,0.5
2667967,ANCHOR_01,52:06:26:03:01:DA,-73,MFG_4C000215FDA50693A4E24FB1AFCFC6EB0764782500010002D8,2.0,Yes,mattress,0.5
2668957,ANCHOR_01,52:06:26:03:01:DA,-73,MFG_4C000215FDA50693A4E24FB1AFCFC6EB0764782500010002D8,2.0,Yes,mattress,0.5
2669987,ANCHOR_01,52:06:26:03:01:DA,-80,MFG_4C000215FDA50693A4E24FB1AFCFC6EB0764782500010002D8,2.0,Yes,mattress,0.5
2670967,ANCHOR_01,52:06:26:03:01:DA,-80,MFG_4C000215FDA50693A4E24FB1AFCFC6EB0764782500010002D8,2.0,Yes,mattress,0.5
2671997,ANCHOR_01,52:06:26:03:01:DA,-72,MFG_4C000215FDA50693A4E24FB1AFCFC6EB0764782500010002D8,2.0,Yes,mattress,0.5
2672977,ANCHOR_01,52:06:26:03:01:DA,-72,MFG_4C000215FDA50693A4E24FB1AFCFC6EB0764782500010002D8,2.0,Yes,mattress,0.5
2674997,ANCHOR_01,52:06:26:03:01:DA,-73,MFG_4C000215FDA50693A4E24FB1AFCFC6EB0764782500010002D8,2.0,Yes,mattress,0.5
2676017,ANCHOR_01,52:06:26:03:01:DA,-81,MFG_4C000215FDA50693A4E24FB1AFCFC6EB0764782500010002D8,2.0,Yes,mattress,0.5
2677007,ANCHOR_01,52:06:26:03:01:DA,-81,MFG_4C000215FDA50693A4E24FB1AFCFC6EB0764782500010002D8,2.0,Yes,mattress,0.5
2678027,ANCHOR_01,52:06:26:03:01:DA,-72,MFG_4C000215FDA50693A4E24FB1AFCFC6EB0764782500010002D8,2.0,Yes,mattress,0.5
2679017,ANCHOR_01,52:06:26:03:01:DA,-72,MFG_4C000215FDA50693A4E24FB1AFCFC6EB0764782500010002D8,2.0,Yes,mattress,0.5
2680027,ANCHOR_01,52:06:26:03:01:DA,-73,MFG_4C000215FDA50693A4E24FB1AFCFC6EB0764782500010002D8,2.0,Yes,mattress,0.5
2681027,ANCHOR_01,52:06:26:03:01:DA,-73,MFG_4C000215FDA50693A4E24FB1AFCFC6EB0764782500010002D8,2.0,Yes,mattress,0.5
2682047,ANCHOR_01,52:06:26:03:01:DA,-79,MFG_4C000215FDA50693A4E24FB1AFCFC6EB0764782500010002D8,2.0,Yes,mattress,0.5
2684057,ANCHOR_01,52:06:26:03:01:DA,-72,MFG_4C000215FDA50693A4E24FB1AFCFC6EB0764782500010002D8,2.0,Yes,mattress,0.5
2685047,ANCHOR_01,52:06:26:03:01:DA,-73,MFG_4C000215FDA50693A4E24FB1AFCFC6EB0764782500010002D8,2.0,Yes,mattress,0.5
2686067,ANCHOR_01,52:06:26:03:01:DA,-73,MFG_4C000215FDA50693A4E24FB1AFCFC6EB0764782500010002D8,2.0,Yes,mattress,0.5
2687057,ANCHOR_01,52:06:26:03:01:DA,-73,MFG_4C000215FDA50693A4E24FB1AFCFC6EB0764782500010002D8,2.0,Yes,mattress,0.5
2688077,ANCHOR_01,52:06:26:03:01:DA,-80,MFG_4C000215FDA50693A4E24FB1AFCFC6EB0764782500010002D8,2.0,Yes,mattress,0.5
2689057,ANCHOR_01,52:06:26:03:01:DA,-81,MFG_4C000215FDA50693A4E24FB1AFCFC6EB0764782500010002D8,2.0,Yes,mattress,0.5
2691077,ANCHOR_01,52:06:26:03:01:DA,-72,MFG_4C000215FDA50693A4E24FB1AFCFC6EB0764782500010002D8,2.0,Yes,mattress,0.5
2692067,ANCHOR_01,52:06:26:03:01:DA,-73,MFG_4C000215FDA50693A4E24FB1AFCFC6EB0764782500010002D8,2.0,Yes,mattress,0.5
2693077,ANCHOR_01,52:06:26:03:01:DA,-74,MFG_4C000215FDA50693A4E24FB1AFCFC6EB0764782500010002D8,2.0,Yes,mattress,0.5
2697087,ANCHOR_01,52:06:26:03:01:DA,-73,MFG_4C000215FDA50693A4E24FB1AFCFC6EB0764782500010002D8,2.0,Yes,mattress,0.5
2698097,ANCHOR_01,52:06:26:03:01:DA,-72,MFG_4C000215FDA50693A4E24FB1AFCFC6EB0764782500010002D8,2.0,Yes,mattress,0.5
2699107,ANCHOR_01,52:06:26:03:01:DA,-73,MFG_4C000215FDA50693A4E24FB1AFCFC6EB0764782500010002D8,2.0,Yes,mattress,0.5
2700117,ANCHOR_01,52:06:26:03:01:DA,-82,MFG_4C000215FDA50693A4E24FB1AFCFC6EB0764782500010002D8,2.0,Yes,mattress,0.5
2701127,ANCHOR_01,52:06:26:03:01:DA,-80,MFG_4C000215FDA50693A4E24FB1AFCFC6EB0764782500010002D8,2.0,Yes,mattress,0.5
2703127,ANCHOR_01,52:06:26:03:01:DA,-73,MFG_4C000215FDA50693A4E24FB1AFCFC6EB0764782500010002D8,2.0,Yes,mattress,0.5
2704127,ANCHOR_01,52:06:26:03:01:DA,-73,MFG_4C000215FDA50693A4E24FB1AFCFC6EB0764782500010002D8,2.0,Yes,mattress,0.5
2705137,ANCHOR_01,52:06:26:03:01:DA,-73,MFG_4C000215FDA50693A4E24FB1AFCFC6EB0764782500010002D8,2.0,Yes,mattress,0.5
2706167,ANCHOR_01,52:06:26:03:01:DA,-81,MFG_4C000215FDA50693A4E24FB1AFCFC6EB0764782500010002D8,2.0,Yes,mattress,0.5
2707157,ANCHOR_01,52:06:26:03:01:DA,-80,MFG_4C000215FDA50693A4E24FB1AFCFC6EB0764782500010002D8,2.0,Yes,mattress,0.5
2708177,ANCHOR_01,52:06:26:03:01:DA,-73,MFG_4C000215FDA50693A4E24FB1AFCFC6EB0764782500010002D8,2.0,Yes,mattress,0.5
2709167,ANCHOR_01,52:06:26:03:01:DA,-73,MFG_4C000215FDA50693A4E24FB1AFCFC6EB0764782500010002D8,2.0,Yes,mattress,0.5
2710177,ANCHOR_01,52:06:26:03:01:DA,-73,MFG_4C000215FDA50693A4E24FB1AFCFC6EB0764782500010002D8,2.0,Yes,mattress,0.5
2711177,ANCHOR_01,52:06:26:03:01:DA,-73,MFG_4C000215FDA50693A4E24FB1AFCFC6EB0764782500010002D8,2.0,Yes,mattress,0.5
2712187,ANCHOR_01,52:06:26:03:01:DA,-80,MFG_4C000215FDA50693A4E24FB1AFCFC6EB0764782500010002D8,2.0,Yes,mattress,0.5
2713187,ANCHOR_01,52:06:26:03:01:DA,-82,MFG_4C000215FDA50693A4E24FB1AFCFC6EB0764782500010002D8,2.0,Yes,mattress,0.5
2714207,ANCHOR_01,52:06:26:03:01:DA,-73,MFG_4C000215FDA50693A4E24FB1AFCFC6EB0764782500010002D8,2.0,Yes,mattress,0.5
2715197,ANCHOR_01,52:06:26:03:01:DA,-72,MFG_4C000215FDA50693A4E24FB1AFCFC6EB0764782500010002D8,2.0,Yes,mattress,0.5
2716217,ANCHOR_01,52:06:26:03:01:DA,-73,MFG_4C000215FDA50693A4E24FB1AFCFC6EB0764782500010002D8,2.0,Yes,mattress,0.5
2717207,ANCHOR_01,52:06:26:03:01:DA,-73,MFG_4C000215FDA50693A4E24FB1AFCFC6EB0764782500010002D8,2.0,Yes,mattress,0.5
2718217,ANCHOR_01,52:06:26:03:01:DA,-80,MFG_4C000215FDA50693A4E24FB1AFCFC6EB0764782500010002D8,2.0,Yes,mattress,0.5
2719217,ANCHOR_01,52:06:26:03:01:DA,-81,MFG_4C000215FDA50693A4E24FB1AFCFC6EB0764782500010002D8,2.0,Yes,mattress,0.5
2720237,ANCHOR_01,52:06:26:03:01:DA,-73,MFG_4C000215FDA50693A4E24FB1AFCFC6EB0764782500010002D8,2.0,Yes,mattress,0.5
2721227,ANCHOR_01,52:06:26:03:01:DA,-73,MFG_4C000215FDA50693A4E24FB1AFCFC6EB0764782500010002D8,2.0,Yes,mattress,0.5
2724247,ANCHOR_01,52:06:26:03:01:DA,-81,MFG_4C000215FDA50693A4E24FB1AFCFC6EB0764782500010002D8,2.0,Yes,mattress,0.5
2726267,ANCHOR_01,52:06:26:03:01:DA,-73,MFG_4C000215FDA50693A4E24FB1AFCFC6EB0764782500010002D8,2.0,Yes,mattress,0.5
2727257,ANCHOR_01,52:06:26:03:01:DA,-72,MFG_4C000215FDA50693A4E24FB1AFCFC6EB0764782500010002D8,2.0,Yes,mattress,0.5
2728277,ANCHOR_01,52:06:26:03:01:DA,-73,MFG_4C000215FDA50693A4E24FB1AFCFC6EB0764782500010002D8,2.0,Yes,mattress,0.5
2729277,ANCHOR_01,52:06:26:03:01:DA,-80,MFG_4C000215FDA50693A4E24FB1AFCFC6EB0764782500010002D8,2.0,Yes,mattress,0.5
2730277,ANCHOR_01,52:06:26:03:01:DA,-80,MFG_4C000215FDA50693A4E24FB1AFCFC6EB0764782500010002D8,2.0,Yes,mattress,0.5
2732287,ANCHOR_01,52:06:26:03:01:DA,-73,MFG_4C000215FDA50693A4E24FB1AFCFC6EB0764782500010002D8,2.0,Yes,mattress,0.5
2734297,ANCHOR_01,52:06:26:03:01:DA,-73,MFG_4C000215FDA50693A4E24FB1AFCFC6EB0764782500010002D8,2.0,Yes,mattress,0.5
2735307,ANCHOR_01,52:06:26:03:01:DA,-79,MFG_4C000215FDA50693A4E24FB1AFCFC6EB0764782500010002D8,2.0,Yes,mattress,0.5
2736307,ANCHOR_01,52:06:26:03:01:DA,-81,MFG_4C000215FDA50693A4E24FB1AFCFC6EB0764782500010002D8,2.0,Yes,mattress,0.5
2737317,ANCHOR_01,52:06:26:03:01:DA,-73,MFG_4C000215FDA50693A4E24FB1AFCFC6EB0764782500010002D8,2.0,Yes,mattress,0.5
2738317,ANCHOR_01,52:06:26:03:01:DA,-73,MFG_4C000215FDA50693A4E24FB1AFCFC6EB0764782500010002D8,2.0,Yes,mattress,0.5
2739327,ANCHOR_01,52:06:26:03:01:DA,-73,MFG_4C000215FDA50693A4E24FB1AFCFC6EB0764782500010002D8,2.0,Yes,mattress,0.5
2740337,ANCHOR_01,52:06:26:03:01:DA,-73,MFG_4C000215FDA50693A4E24FB1AFCFC6EB0764782500010002D8,2.0,Yes,mattress,0.5
2741337,ANCHOR_01,52:06:26:03:01:DA,-80,MFG_4C000215FDA50693A4E24FB1AFCFC6EB0764782500010002D8,2.0,Yes,mattress,0.5
2742337,ANCHOR_01,52:06:26:03:01:DA,-81,MFG_4C000215FDA50693A4E24FB1AFCFC6EB0764782500010002D8,2.0,Yes,mattress,0.5
2743367,ANCHOR_01,52:06:26:03:01:DA,-72,MFG_4C000215FDA50693A4E24FB1AFCFC6EB0764782500010002D8,2.0,Yes,mattress,0.5
2744347,ANCHOR_01,52:06:26:03:01:DA,-72,MFG_4C000215FDA50693A4E24FB1AFCFC6EB0764782500010002D8,2.0,Yes,mattress,0.5
2745377,ANCHOR_01,52:06:26:03:01:DA,-73,MFG_4C000215FDA50693A4E24FB1AFCFC6EB0764782500010002D8,2.0,Yes,mattress,0.5
2746357,ANCHOR_01,52:06:26:03:01:DA,-73,MFG_4C000215FDA50693A4E24FB1AFCFC6EB0764782500010002D8,2.0,Yes,mattress,0.5
2747377,ANCHOR_01,52:06:26:03:01:DA,-82,MFG_4C000215FDA50693A4E24FB1AFCFC6EB0764782500010002D8,2.0,Yes,mattress,0.5
2748377,ANCHOR_01,52:06:26:03:01:DA,-80,MFG_4C000215FDA50693A4E24FB1AFCFC6EB0764782500010002D8,2.0,Yes,mattress,0.5
2750387,ANCHOR_01,52:06:26:03:01:DA,-72,MFG_4C000215FDA50693A4E24FB1AFCFC6EB0764782500010002D8,2.0,Yes,mattress,0.5
2751407,ANCHOR_01,52:06:26:03:01:DA,-73,MFG_4C000215FDA50693A4E24FB1AFCFC6EB0764782500010002D8,2.0,Yes,mattress,0.5
2752387,ANCHOR_01,52:06:26:03:01:DA,-74,MFG_4C000215FDA50693A4E24FB1AFCFC6EB0764782500010002D8,2.0,Yes,mattress,0.5
2753417,ANCHOR_01,52:06:26:03:01:DA,-80,MFG_4C000215FDA50693A4E24FB1AFCFC6EB0764782500010002D8,2.0,Yes,mattress,0.5
2754397,ANCHOR_01,52:06:26:03:01:DA,-80,MFG_4C000215FDA50693A4E24FB1AFCFC6EB0764782500010002D8,2.0,Yes,mattress,0.5
2755417,ANCHOR_01,52:06:26:03:01:DA,-72,MFG_4C000215FDA50693A4E24FB1AFCFC6EB0764782500010002D8,2.0,Yes,mattress,0.5
2756417,ANCHOR_01,52:06:26:03:01:DA,-72,MFG_4C000215FDA50693A4E24FB1AFCFC6EB0764782500010002D8,2.0,Yes,mattress,0.5
2757417,ANCHOR_01,52:06:26:03:01:DA,-73,MFG_4C000215FDA50693A4E24FB1AFCFC6EB0764782500010002D8,2.0,Yes,mattress,0.5
2758417,ANCHOR_01,52:06:26:03:01:DA,-73,MFG_4C000215FDA50693A4E24FB1AFCFC6EB0764782500010002D8,2.0,Yes,mattress,0.5
2759447,ANCHOR_01,52:06:26:03:01:DA,-83,MFG_4C000215FDA50693A4E24FB1AFCFC6EB0764782500010002D8,2.0,Yes,mattress,0.5
2760437,ANCHOR_01,52:06:26:03:01:DA,-80,MFG_4C000215FDA50693A4E24FB1AFCFC6EB0764782500010002D8,2.0,Yes,mattress,0.5
2761437,ANCHOR_01,52:06:26:03:01:DA,-72,MFG_4C000215FDA50693A4E24FB1AFCFC6EB0764782500010002D8,2.0,Yes,mattress,0.5
2762447,ANCHOR_01,52:06:26:03:01:DA,-70,MFG_4C000215FDA50693A4E24FB1AFCFC6EB0764782500010002D8,2.0,Yes,mattress,0.5
2763457,ANCHOR_01,52:06:26:03:01:DA,-73,MFG_4C000215FDA50693A4E24FB1AFCFC6EB0764782500010002D8,2.0,Yes,mattress,0.5
2764457,ANCHOR_01,52:06:26:03:01:DA,-72,MFG_4C000215FDA50693A4E24FB1AFCFC6EB0764782500010002D8,2.0,Yes,mattress,0.5
2765467,ANCHOR_01,52:06:26:03:01:DA,-81,MFG_4C000215FDA50693A4E24FB1AFCFC6EB0764782500010002D8,2.0,Yes,mattress,0.5
2767487,ANCHOR_01,52:06:26:03:01:DA,-71,MFG_4C000215FDA50693A4E24FB1AFCFC6EB0764782500010002D8,2.0,Yes,mattress,0.5
2768477,ANCHOR_01,52:06:26:03:01:DA,-71,MFG_4C000215FDA50693A4E24FB1AFCFC6EB0764782500010002D8,2.0,Yes,mattress,0.5
2769477,ANCHOR_01,52:06:26:03:01:DA,-73,MFG_4C000215FDA50693A4E24FB1AFCFC6EB0764782500010002D8,2.0,Yes,mattress,0.5
2770487,ANCHOR_01,52:06:26:03:01:DA,-73,MFG_4C000215FDA50693A4E24FB1AFCFC6EB0764782500010002D8,2.0,Yes,mattress,0.5
2771487,ANCHOR_01,52:06:26:03:01:DA,-81,MFG_4C000215FDA50693A4E24FB1AFCFC6EB0764782500010002D8,2.0,Yes,mattress,0.5
2772497,ANCHOR_01,52:06:26:03:01:DA,-83,MFG_4C000215FDA50693A4E24FB1AFCFC6EB0764782500010002D8,2.0,Yes,mattress,0.5
2773497,ANCHOR_01,52:06:26:03:01:DA,-72,MFG_4C000215FDA50693A4E24FB1AFCFC6EB0764782500010002D8,2.0,Yes,mattress,0.5
2774487,ANCHOR_01,52:06:26:03:01:DA,-72,MFG_4C000215FDA50693A4E24FB1AFCFC6EB0764782500010002D8,2.0,Yes,mattress,0.5
2775497,ANCHOR_01,52:06:26:03:01:DA,-72,MFG_4C000215FDA50693A4E24FB1AFCFC6EB0764782500010002D8,2.0,Yes,mattress,0.5
2776507,ANCHOR_01,52:06:26:03:01:DA,-73,MFG_4C000215FDA50693A4E24FB1AFCFC6EB0764782500010002D8,2.0,Yes,mattress,0.5
2777517,ANCHOR_01,52:06:26:03:01:DA,-83,MFG_4C000215FDA50693A4E24FB1AFCFC6EB0764782500010002D8,2.0,Yes,mattress,0.5
2778527,ANCHOR_01,52:06:26:03:01:DA,-81,MFG_4C000215FDA50693A4E24FB1AFCFC6EB0764782500010002D8,2.0,Yes,mattress,0.5
2780527,ANCHOR_01,52:06:26:03:01:DA,-72,MFG_4C000215FDA50693A4E24FB1AFCFC6EB0764782500010002D8,2.0,Yes,mattress,0.5
2781527,ANCHOR_01,52:06:26:03:01:DA,-71,MFG_4C000215FDA50693A4E24FB1AFCFC6EB0764782500010002D8,2.0,Yes,mattress,0.5
2782537,ANCHOR_01,52:06:26:03:01:DA,-73,MFG_4C000215FDA50693A4E24FB1AFCFC6EB0764782500010002D8,2.0,Yes,mattress,0.5
2783557,ANCHOR_01,52:06:26:03:01:DA,-82,MFG_4C000215FDA50693A4E24FB1AFCFC6EB0764782500010002D8,2.0,Yes,mattress,0.5
2784557,ANCHOR_01,52:06:26:03:01:DA,-83,MFG_4C000215FDA50693A4E24FB1AFCFC6EB0764782500010002D8,2.0,Yes,mattress,0.5
2786567,ANCHOR_01,52:06:26:03:01:DA,-71,MFG_4C000215FDA50693A4E24FB1AFCFC6EB0764782500010002D8,2.0,Yes,mattress,0.5
2787557,ANCHOR_01,52:06:26:03:01:DA,-71,MFG_4C000215FDA50693A4E24FB1AFCFC6EB0764782500010002D8,2.0,Yes,mattress,0.5
2788567,ANCHOR_01,52:06:26:03:01:DA,-74,MFG_4C000215FDA50693A4E24FB1AFCFC6EB0764782500010002D8,2.0,Yes,mattress,0.5
2790587,ANCHOR_01,52:06:26:03:01:DA,-81,MFG_4C000215FDA50693A4E24FB1AFCFC6EB0764782500010002D8,2.0,Yes,mattress,0.5
2791577,ANCHOR_01,52:06:26:03:01:DA,-82,MFG_4C000215FDA50693A4E24FB1AFCFC6EB0764782500010002D8,2.0,Yes,mattress,0.5
2792587,ANCHOR_01,52:06:26:03:01:DA,-72,MFG_4C000215FDA50693A4E24FB1AFCFC6EB0764782500010002D8,2.0,Yes,mattress,0.5
2793587,ANCHOR_01,52:06:26:03:01:DA,-71,MFG_4C000215FDA50693A4E24FB1AFCFC6EB0764782500010002D8,2.0,Yes,mattress,0.5
2794597,ANCHOR_01,52:06:26:03:01:DA,-73,MFG_4C000215FDA50693A4E24FB1AFCFC6EB0764782500010002D8,2.0,Yes,mattress,0.5
2795607,ANCHOR_01,52:06:26:03:01:DA,-81,MFG_4C000215FDA50693A4E24FB1AFCFC6EB0764782500010002D8,2.0,Yes,mattress,0.5
2796617,ANCHOR_01,52:06:26:03:01:DA,-83,MFG_4C000215FDA50693A4E24FB1AFCFC6EB0764782500010002D8,2.0,Yes,mattress,0.5
2797627,ANCHOR_01,52:06:26:03:01:DA,-71,MFG_4C000215FDA50693A4E24FB1AFCFC6EB0764782500010002D8,2.0,Yes,mattress,0.5
2798617,ANCHOR_01,52:06:26:03:01:DA,-71,MFG_4C000215FDA50693A4E24FB1AFCFC6EB0764782500010002D8,2.0,Yes,mattress,0.5
2800627,ANCHOR_01,52:06:26:03:01:DA,-73,MFG_4C000215FDA50693A4E24FB1AFCFC6EB0764782500010002D8,2.0,Yes,mattress,0.5
2801657,ANCHOR_01,52:06:26:03:01:DA,-81,MFG_4C000215FDA50693A4E24FB1AFCFC6EB0764782500010002D8,2.0,Yes,mattress,0.5
2802647,ANCHOR_01,52:06:26:03:01:DA,-81,MFG_4C000215FDA50693A4E24FB1AFCFC6EB0764782500010002D8,2.0,Yes,mattress,0.5
2803647,ANCHOR_01,52:06:26:03:01:DA,-71,MFG_4C000215FDA50693A4E24FB1AFCFC6EB0764782500010002D8,2.0,Yes,mattress,0.5
2804647,ANCHOR_01,52:06:26:03:01:DA,-71,MFG_4C000215FDA50693A4E24FB1AFCFC6EB0764782500010002D8,2.0,Yes,mattress,0.5
2805677,ANCHOR_01,52:06:26:03:01:DA,-73,MFG_4C000215FDA50693A4E24FB1AFCFC6EB0764782500010002D8,2.0,Yes,mattress,0.5
2806667,ANCHOR_01,52:06:26:03:01:DA,-74,MFG_4C000215FDA50693A4E24FB1AFCFC6EB0764782500010002D8,2.0,Yes,mattress,0.5
2807677,ANCHOR_01,52:06:26:03:01:DA,-81,MFG_4C000215FDA50693A4E24FB1AFCFC6EB0764782500010002D8,2.0,Yes,mattress,0.5
2808667,ANCHOR_01,52:06:26:03:01:DA,-83,MFG_4C000215FDA50693A4E24FB1AFCFC6EB0764782500010002D8,2.0,Yes,mattress,0.5
2809667,ANCHOR_01,52:06:26:03:01:DA,-83,MFG_4C000215FDA50693A4E24FB1AFCFC6EB0764782500010002D8,2.0,Yes,mattress,0.5
2810677,ANCHOR_01,52:06:26:03:01:DA,-71,MFG_4C000215FDA50693A4E24FB1AFCFC6EB0764782500010002D8,2.0,Yes,mattress,0.5
2812697,ANCHOR_01,52:06:26:03:01:DA,-73,MFG_4C000215FDA50693A4E24FB1AFCFC6EB0764782500010002D8,2.0,Yes,mattress,0.5
2813687,ANCHOR_01,52:06:26:03:01:DA,-73,MFG_4C000215FDA50693A4E24FB1AFCFC6EB0764782500010002D8,2.0,Yes,mattress,0.5
2814707,ANCHOR_01,52:06:26:03:01:DA,-83,MFG_4C000215FDA50693A4E24FB1AFCFC6EB0764782500010002D8,2.0,Yes,mattress,0.5
2815697,ANCHOR_01,52:06:26:03:01:DA,-82,MFG_4C000215FDA50693A4E24FB1AFCFC6EB0764782500010002D8,2.0,Yes,mattress,0.5
2816717,ANCHOR_01,52:06:26:03:01:DA,-71,MFG_4C000215FDA50693A4E24FB1AFCFC6EB0764782500010002D8,2.0,Yes,mattress,0.5
2817707,ANCHOR_01,52:06:26:03:01:DA,-71,MFG_4C000215FDA50693A4E24FB1AFCFC6EB0764782500010002D8,2.0,Yes,mattress,0.5
2818707,ANCHOR_01,52:06:26:03:01:DA,-73,MFG_4C000215FDA50693A4E24FB1AFCFC6EB0764782500010002D8,2.0,Yes,mattress,0.5
2819717,ANCHOR_01,52:06:26:03:01:DA,-73,MFG_4C000215FDA50693A4E24FB1AFCFC6EB0764782500010002D8,2.0,Yes,mattress,0.5
2820717,ANCHOR_01,52:06:26:03:01:DA,-82,MFG_4C000215FDA50693A4E24FB1AFCFC6EB0764782500010002D8,2.0,Yes,mattress,0.5
2821717,ANCHOR_01,52:06:26:03:01:DA,-81,MFG_4C000215FDA50693A4E24FB1AFCFC6EB0764782500010002D8,2.0,Yes,mattress,0.5
2822737,ANCHOR_01,52:06:26:03:01:DA,-71,MFG_4C000215FDA50693A4E24FB1AFCFC6EB0764782500010002D8,2.0,Yes,mattress,0.5
2823727,ANCHOR_01,52:06:26:03:01:DA,-71,MFG_4C000215FDA50693A4E24FB1AFCFC6EB0764782500010002D8,2.0,Yes,mattress,0.5
2824737,ANCHOR_01,52:06:26:03:01:DA,-73,MFG_4C000215FDA50693A4E24FB1AFCFC6EB0764782500010002D8,2.0,Yes,mattress,0.5
2825747,ANCHOR_01,52:06:26:03:01:DA,-73,MFG_4C000215FDA50693A4E24FB1AFCFC6EB0764782500010002D8,2.0,Yes,mattress,0.5
2826767,ANCHOR_01,52:06:26:03:01:DA,-83,MFG_4C000215FDA50693A4E24FB1AFCFC6EB0764782500010002D8,2.0,Yes,mattress,0.5
2827757,ANCHOR_01,52:06:26:03:01:DA,-82,MFG_4C000215FDA50693A4E24FB1AFCFC6EB0764782500010002D8,2.0,Yes,mattress,0.5
2828757,ANCHOR_01,52:06:26:03:01:DA,-71,MFG_4C000215FDA50693A4E24FB1AFCFC6EB0764782500010002D8,2.0,Yes,mattress,0.5
2829787,ANCHOR_01,52:06:26:03:01:DA,-73,MFG_4C000215FDA50693A4E24FB1AFCFC6EB0764782500010002D8,2.0,Yes,mattress,0.5
2830777,ANCHOR_01,52:06:26:03:01:DA,-73,MFG_4C000215FDA50693A4E24FB1AFCFC6EB0764782500010002D8,2.0,Yes,mattress,0.5
2831807,ANCHOR_01,52:06:26:03:01:DA,-82,MFG_4C000215FDA50693A4E24FB1AFCFC6EB0764782500010002D8,2.0,Yes,mattress,0.5
2832787,ANCHOR_01,52:06:26:03:01:DA,-83,MFG_4C000215FDA50693A4E24FB1AFCFC6EB0764782500010002D8,2.0,Yes,mattress,0.5
2833807,ANCHOR_01,52:06:26:03:01:DA,-72,MFG_4C000215FDA50693A4E24FB1AFCFC6EB0764782500010002D8,2.0,Yes,mattress,0.5
2834807,ANCHOR_01,52:06:26:03:01:DA,-71,MFG_4C000215FDA50693A4E24FB1AFCFC6EB0764782500010002D8,2.0,Yes,mattress,0.5
2835827,ANCHOR_01,52:06:26:03:01:DA,-73,MFG_4C000215FDA50693A4E24FB1AFCFC6EB0764782500010002D8,2.0,Yes,mattress,0.5
2836817,ANCHOR_01,52:06:26:03:01:DA,-74,MFG_4C000215FDA50693A4E24FB1AFCFC6EB0764782500010002D8,2.0,Yes,mattress,0.5
2837837,ANCHOR_01,52:06:26:03:01:DA,-82,MFG_4C000215FDA50693A4E24FB1AFCFC6EB0764782500010002D8,2.0,Yes,mattress,0.5
2838827,ANCHOR_01,52:06:26:03:01:DA,-82,MFG_4C000215FDA50693A4E24FB1AFCFC6EB0764782500010002D8,2.0,Yes,mattress,0.5
2839837,ANCHOR_01,52:06:26:03:01:DA,-71,MFG_4C000215FDA50693A4E24FB1AFCFC6EB0764782500010002D8,2.0,Yes,mattress,0.5
2840837,ANCHOR_01,52:06:26:03:01:DA,-72,MFG_4C000215FDA50693A4E24FB1AFCFC6EB0764782500010002D8,2.0,Yes,mattress,0.5
2841857,ANCHOR_01,52:06:26:03:01:DA,-73,MFG_4C000215FDA50693A4E24FB1AFCFC6EB0764782500010002D8,2.0,Yes,mattress,0.5
2842847,ANCHOR_01,52:06:26:03:01:DA,-73,MFG_4C000215FDA50693A4E24FB1AFCFC6EB0764782500010002D8,2.0,Yes,mattress,0.5
2843847,ANCHOR_01,52:06:26:03:01:DA,-81,MFG_4C000215FDA50693A4E24FB1AFCFC6EB0764782500010002D8,2.0,Yes,mattress,0.5
2844857,ANCHOR_01,52:06:26:03:01:DA,-81,MFG_4C000215FDA50693A4E24FB1AFCFC6EB0764782500010002D8,2.0,Yes,mattress,0.5
2845877,ANCHOR_01,52:06:26:03:01:DA,-71,MFG_4C000215FDA50693A4E24FB1AFCFC6EB0764782500010002D8,2.0,Yes,mattress,0.5
2846867,ANCHOR_01,52:06:26:03:01:DA,-71,MFG_4C000215FDA50693A4E24FB1AFCFC6EB0764782500010002D8,2.0,Yes,mattress,0.5
2847887,ANCHOR_01,52:06:26:03:01:DA,-73,MFG_4C000215FDA50693A4E24FB1AFCFC6EB0764782500010002D8,2.0,Yes,mattress,0.5
2848877,ANCHOR_01,52:06:26:03:01:DA,-73,MFG_4C000215FDA50693A4E24FB1AFCFC6EB0764782500010002D8,2.0,Yes,mattress,0.5
2850887,ANCHOR_01,52:06:26:03:01:DA,-83,MFG_4C000215FDA50693A4E24FB1AFCFC6EB0764782500010002D8,2.0,Yes,mattress,0.5
2851877,ANCHOR_01,52:06:26:03:01:DA,-83,MFG_4C000215FDA50693A4E24FB1AFCFC6EB0764782500010002D8,2.0,Yes,mattress,0.5
2852897,ANCHOR_01,52:06:26:03:01:DA,-71,MFG_4C000215FDA50693A4E24FB1AFCFC6EB0764782500010002D8,2.0,Yes,mattress,0.5
2853877,ANCHOR_01,52:06:26:03:01:DA,-71,MFG_4C000215FDA50693A4E24FB1AFCFC6EB0764782500010002D8,2.0,Yes,mattress,0.5
2854907,ANCHOR_01,52:06:26:03:01:DA,-73,MFG_4C000215FDA50693A4E24FB1AFCFC6EB0764782500010002D8,2.0,Yes,mattress,0.5
2855897,ANCHOR_01,52:06:26:03:01:DA,-74,MFG_4C000215FDA50693A4E24FB1AFCFC6EB0764782500010002D8,2.0,Yes,mattress,0.5
2856897,ANCHOR_01,52:06:26:03:01:DA,-84,MFG_4C000215FDA50693A4E24FB1AFCFC6EB0764782500010002D8,2.0,Yes,mattress,0.5
2858907,ANCHOR_01,52:06:26:03:01:DA,-72,MFG_4C000215FDA50693A4E24FB1AFCFC6EB0764782500010002D8,2.0,Yes,mattress,0.5
2859917,ANCHOR_01,52:06:26:03:01:DA,-71,MFG_4C000215FDA50693A4E24FB1AFCFC6EB0764782500010002D8,2.0,Yes,mattress,0.5
2860937,ANCHOR_01,52:06:26:03:01:DA,-74,MFG_4C000215FDA50693A4E24FB1AFCFC6EB0764782500010002D8,2.0,Yes,mattress,0.5
2861927,ANCHOR_01,52:06:26:03:01:DA,-74,MFG_4C000215FDA50693A4E24FB1AFCFC6EB0764782500010002D8,2.0,Yes,mattress,0.5
2862947,ANCHOR_01,52:06:26:03:01:DA,-84,MFG_4C000215FDA50693A4E24FB1AFCFC6EB0764782500010002D8,2.0,Yes,mattress,0.5
2863927,ANCHOR_01,52:06:26:03:01:DA,-82,MFG_4C000215FDA50693A4E24FB1AFCFC6EB0764782500010002D8,2.0,Yes,mattress,0.5
2864957,ANCHOR_01,52:06:26:03:01:DA,-71,MFG_4C000215FDA50693A4E24FB1AFCFC6EB0764782500010002D8,2.0,Yes,mattress,0.5
2865937,ANCHOR_01,52:06:26:03:01:DA,-71,MFG_4C000215FDA50693A4E24FB1AFCFC6EB0764782500010002D8,2.0,Yes,mattress,0.5
2866947,ANCHOR_01,52:06:26:03:01:DA,-73,MFG_4C000215FDA50693A4E24FB1AFCFC6EB0764782500010002D8,2.0,Yes,mattress,0.5
2867957,ANCHOR_01,52:06:26:03:01:DA,-73,MFG_4C000215FDA50693A4E24FB1AFCFC6EB0764782500010002D8,2.0,Yes,mattress,0.5
2868947,ANCHOR_01,52:06:26:03:01:DA,-73,MFG_4C000215FDA50693A4E24FB1AFCFC6EB0764782500010002D8,2.0,Yes,mattress,0.5
2869967,ANCHOR_01,52:06:26:03:01:DA,-81,MFG_4C000215FDA50693A4E24FB1AFCFC6EB0764782500010002D8,2.0,Yes,mattress,0.5
2871967,ANCHOR_01,52:06:26:03:01:DA,-71,MFG_4C000215FDA50693A4E24FB1AFCFC6EB0764782500010002D8,2.0,Yes,mattress,0.5
2872977,ANCHOR_01,52:06:26:03:01:DA,-74,MFG_4C000215FDA50693A4E24FB1AFCFC6EB0764782500010002D8,2.0,Yes,mattress,0.5
2873987,ANCHOR_01,52:06:26:03:01:DA,-74,MFG_4C000215FDA50693A4E24FB1AFCFC6EB0764782500010002D8,2.0,Yes,mattress,0.5
2875007,ANCHOR_01,52:06:26:03:01:DA,-82,MFG_4C000215FDA50693A4E24FB1AFCFC6EB0764782500010002D8,2.0,Yes,mattress,0.5
2875997,ANCHOR_01,52:06:26:03:01:DA,-83,MFG_4C000215FDA50693A4E24FB1AFCFC6EB0764782500010002D8,2.0,Yes,mattress,0.5
2877007,ANCHOR_01,52:06:26:03:01:DA,-71,MFG_4C000215FDA50693A4E24FB1AFCFC6EB0764782500010002D8,2.0,Yes,mattress,0.5
2877997,ANCHOR_01,52:06:26:03:01:DA,-71,MFG_4C000215FDA50693A4E24FB1AFCFC6EB0764782500010002D8,2.0,Yes,mattress,0.5
2879027,ANCHOR_01,52:06:26:03:01:DA,-73,MFG_4C000215FDA50693A4E24FB1AFCFC6EB0764782500010002D8,2.0,Yes,mattress,0.5
2880017,ANCHOR_01,52:06:26:03:01:DA,-74,MFG_4C000215FDA50693A4E24FB1AFCFC6EB0764782500010002D8,2.0,Yes,mattress,0.5
2881017,ANCHOR_01,52:06:26:03:01:DA,-81,MFG_4C000215FDA50693A4E24FB1AFCFC6EB0764782500010002D8,2.0,Yes,mattress,0.5
2882027,ANCHOR_01,52:06:26:03:01:DA,-83,MFG_4C000215FDA50693A4E24FB1AFCFC6EB0764782500010002D8,2.0,Yes,mattress,0.5
2883017,ANCHOR_01,52:06:26:03:01:DA,-81,MFG_4C000215FDA50693A4E24FB1AFCFC6EB0764782500010002D8,2.0,Yes,mattress,0.5
2884017,ANCHOR_01,52:06:26:03:01:DA,-71,MFG_4C000215FDA50693A4E24FB1AFCFC6EB0764782500010002D8,2.0,Yes,mattress,0.5
2885027,ANCHOR_01,52:06:26:03:01:DA,-71,MFG_4C000215FDA50693A4E24FB1AFCFC6EB0764782500010002D8,2.0,Yes,mattress,0.5
2886047,ANCHOR_01,52:06:26:03:01:DA,-73,MFG_4C000215FDA50693A4E24FB1AFCFC6EB0764782500010002D8,2.0,Yes,mattress,0.5
2888047,ANCHOR_01,52:06:26:03:01:DA,-82,MFG_4C000215FDA50693A4E24FB1AFCFC6EB0764782500010002D8,2.0,Yes,mattress,0.5
2889057,ANCHOR_01,52:06:26:03:01:DA,-71,MFG_4C000215FDA50693A4E24FB1AFCFC6EB0764782500010002D8,2.0,Yes,mattress,0.5
2890057,ANCHOR_01,52:06:26:03:01:DA,-71,MFG_4C000215FDA50693A4E24FB1AFCFC6EB0764782500010002D8,2.0,Yes,mattress,0.5
2892077,ANCHOR_01,52:06:26:03:01:DA,-74,MFG_4C000215FDA50693A4E24FB1AFCFC6EB0764782500010002D8,2.0,Yes,mattress,0.5
2893097,ANCHOR_01,52:06:26:03:01:DA,-83,MFG_4C000215FDA50693A4E24FB1AFCFC6EB0764782500010002D8,2.0,Yes,mattress,0.5
2894087,ANCHOR_01,52:06:26:03:01:DA,-81,MFG_4C000215FDA50693A4E24FB1AFCFC6EB0764782500010002D8,2.0,Yes,mattress,0.5
2895107,ANCHOR_01,52:06:26:03:01:DA,-70,MFG_4C000215FDA50693A4E24FB1AFCFC6EB0764782500010002D8,2.0,Yes,mattress,0.5
2896127,ANCHOR_01,52:06:26:03:01:DA,-73,MFG_4C000215FDA50693A4E24FB1AFCFC6EB0764782500010002D8,2.0,Yes,mattress,0.5
2897107,ANCHOR_01,52:06:26:03:01:DA,-73,MFG_4C000215FDA50693A4E24FB1AFCFC6EB0764782500010002D8,2.0,Yes,mattress,0.5
2898117,ANCHOR_01,52:06:26:03:01:DA,-81,MFG_4C000215FDA50693A4E24FB1AFCFC6EB0764782500010002D8,2.0,Yes,mattress,0.5
2899107,ANCHOR_01,52:06:26:03:01:DA,-81,MFG_4C000215FDA50693A4E24FB1AFCFC6EB0764782500010002D8,2.0,Yes,mattress,0.5
2900117,ANCHOR_01,52:06:26:03:01:DA,-82,MFG_4C000215FDA50693A4E24FB1AFCFC6EB0764782500010002D8,2.0,Yes,mattress,0.5
2901137,ANCHOR_01,52:06:26:03:01:DA,-71,MFG_4C000215FDA50693A4E24FB1AFCFC6EB0764782500010002D8,2.0,Yes,mattress,0.5
2902127,ANCHOR_01,52:06:26:03:01:DA,-71,MFG_4C000215FDA50693A4E24FB1AFCFC6EB0764782500010002D8,2.0,Yes,mattress,0.5
2903147,ANCHOR_01,52:06:26:03:01:DA,-73,MFG_4C000215FDA50693A4E24FB1AFCFC6EB0764782500010002D8,2.0,Yes,mattress,0.5
2904137,ANCHOR_01,52:06:26:03:01:DA,-74,MFG_4C000215FDA50693A4E24FB1AFCFC6EB0764782500010002D8,2.0,Yes,mattress,0.5
2905147,ANCHOR_01,52:06:26:03:01:DA,-80,MFG_4C000215FDA50693A4E24FB1AFCFC6EB0764782500010002D8,2.0,Yes,mattress,0.5
2907167,ANCHOR_01,52:06:26:03:01:DA,-71,MFG_4C000215FDA50693A4E24FB1AFCFC6EB0764782500010002D8,2.0,Yes,mattress,0.5
2909177,ANCHOR_01,52:06:26:03:01:DA,-74,MFG_4C000215FDA50693A4E24FB1AFCFC6EB0764782500010002D8,2.0,Yes,mattress,0.5
2910167,ANCHOR_01,52:06:26:03:01:DA,-74,MFG_4C000215FDA50693A4E24FB1AFCFC6EB0764782500010002D8,2.0,Yes,mattress,0.5
2911177,ANCHOR_01,52:06:26:03:01:DA,-82,MFG_4C000215FDA50693A4E24FB1AFCFC6EB0764782500010002D8,2.0,Yes,mattress,0.5
2912177,ANCHOR_01,52:06:26:03:01:DA,-82,MFG_4C000215FDA50693A4E24FB1AFCFC6EB0764782500010002D8,2.0,Yes,mattress,0.5
2913177,ANCHOR_01,52:06:26:03:01:DA,-70,MFG_4C000215FDA50693A4E24FB1AFCFC6EB0764782500010002D8,2.0,Yes,mattress,0.5
2914187,ANCHOR_01,52:06:26:03:01:DA,-70,MFG_4C000215FDA50693A4E24FB1AFCFC6EB0764782500010002D8,2.0,Yes,mattress,0.5
2915187,ANCHOR_01,52:06:26:03:01:DA,-73,MFG_4C000215FDA50693A4E24FB1AFCFC6EB0764782500010002D8,2.0,Yes,mattress,0.5
2916197,ANCHOR_01,52:06:26:03:01:DA,-74,MFG_4C000215FDA50693A4E24FB1AFCFC6EB0764782500010002D8,2.0,Yes,mattress,0.5
2918197,ANCHOR_01,52:06:26:03:01:DA,-82,MFG_4C000215FDA50693A4E24FB1AFCFC6EB0764782500010002D8,2.0,Yes,mattress,0.5
2919227,ANCHOR_01,52:06:26:03:01:DA,-70,MFG_4C000215FDA50693A4E24FB1AFCFC6EB0764782500010002D8,2.0,Yes,mattress,0.5
2920217,ANCHOR_01,52:06:26:03:01:DA,-71,MFG_4C000215FDA50693A4E24FB1AFCFC6EB0764782500010002D8,2.0,Yes,mattress,0.5
2921207,ANCHOR_01,52:06:26:03:01:DA,-71,MFG_4C000215FDA50693A4E24FB1AFCFC6EB0764782500010002D8,2.0,Yes,mattress,0.5
2922227,ANCHOR_01,52:06:26:03:01:DA,-74,MFG_4C000215FDA50693A4E24FB1AFCFC6EB0764782500010002D8,2.0,Yes,mattress,0.5
2924217,ANCHOR_01,52:06:26:03:01:DA,-81,MFG_4C000215FDA50693A4E24FB1AFCFC6EB0764782500010002D8,2.0,Yes,mattress,0.5
2925227,ANCHOR_01,52:06:26:03:01:DA,-82,MFG_4C000215FDA50693A4E24FB1AFCFC6EB0764782500010002D8,2.0,Yes,mattress,0.5
2926247,ANCHOR_01,52:06:26:03:01:DA,-71,MFG_4C000215FDA50693A4E24FB1AFCFC6EB0764782500010002D8,2.0,Yes,mattress,0.5
2928257,ANCHOR_01,52:06:26:03:01:DA,-74,MFG_4C000215FDA50693A4E24FB1AFCFC6EB0764782500010002D8,2.0,Yes,mattress,0.5
2929247,ANCHOR_01,52:06:26:03:01:DA,-74,MFG_4C000215FDA50693A4E24FB1AFCFC6EB0764782500010002D8,2.0,Yes,mattress,0.5
2930247,ANCHOR_01,52:06:26:03:01:DA,-82,MFG_4C000215FDA50693A4E24FB1AFCFC6EB0764782500010002D8,2.0,Yes,mattress,0.5
2931257,ANCHOR_01,52:06:26:03:01:DA,-81,MFG_4C000215FDA50693A4E24FB1AFCFC6EB0764782500010002D8,2.0,Yes,mattress,0.5
2932277,ANCHOR_01,52:06:26:03:01:DA,-71,MFG_4C000215FDA50693A4E24FB1AFCFC6EB0764782500010002D8,2.0,Yes,mattress,0.5
2933257,ANCHOR_01,52:06:26:03:01:DA,-71,MFG_4C000215FDA50693A4E24FB1AFCFC6EB0764782500010002D8,2.0,Yes,mattress,0.5
2934277,ANCHOR_01,52:06:26:03:01:DA,-74,MFG_4C000215FDA50693A4E24FB1AFCFC6EB0764782500010002D8,2.0,Yes,mattress,0.5
2935277,ANCHOR_01,52:06:26:03:01:DA,-74,MFG_4C000215FDA50693A4E24FB1AFCFC6EB0764782500010002D8,2.0,Yes,mattress,0.5
2936297,ANCHOR_01,52:06:26:03:01:DA,-82,MFG_4C000215FDA50693A4E24FB1AFCFC6EB0764782500010002D8,2.0,Yes,mattress,0.5
2937277,ANCHOR_01,52:06:26:03:01:DA,-81,MFG_4C000215FDA50693A4E24FB1AFCFC6EB0764782500010002D8,2.0,Yes,mattress,0.5
2938297,ANCHOR_01,52:06:26:03:01:DA,-71,MFG_4C000215FDA50693A4E24FB1AFCFC6EB0764782500010002D8,2.0,Yes,mattress,0.5
2939297,ANCHOR_01,52:06:26:03:01:DA,-71,MFG_4C000215FDA50693A4E24FB1AFCFC6EB0764782500010002D8,2.0,Yes,mattress,0.5
2940317,ANCHOR_01,52:06:26:03:01:DA,-73,MFG_4C000215FDA50693A4E24FB1AFCFC6EB0764782500010002D8,2.0,Yes,mattress,0.5
2941307,ANCHOR_01,52:06:26:03:01:DA,-74,MFG_4C000215FDA50693A4E24FB1AFCFC6EB0764782500010002D8,2.0,Yes,mattress,0.5
2942327,ANCHOR_01,52:06:26:03:01:DA,-81,MFG_4C000215FDA50693A4E24FB1AFCFC6EB0764782500010002D8,2.0,Yes,mattress,0.5
2944337,ANCHOR_01,52:06:26:03:01:DA,-71,MFG_4C000215FDA50693A4E24FB1AFCFC6EB0764782500010002D8,2.0,Yes,mattress,0.5
2945327,ANCHOR_01,52:06:26:03:01:DA,-71,MFG_4C000215FDA50693A4E24FB1AFCFC6EB0764782500010002D8,2.0,Yes,mattress,0.5
2946347,ANCHOR_01,52:06:26:03:01:DA,-74,MFG_4C000215FDA50693A4E24FB1AFCFC6EB0764782500010002D8,2.0,Yes,mattress,0.5
2947337,ANCHOR_01,52:06:26:03:01:DA,-74,MFG_4C000215FDA50693A4E24FB1AFCFC6EB0764782500010002D8,2.0,Yes,mattress,0.5
2948337,ANCHOR_01,52:06:26:03:01:DA,-81,MFG_4C000215FDA50693A4E24FB1AFCFC6EB0764782500010002D8,2.0,Yes,mattress,0.5
2949347,ANCHOR_01,52:06:26:03:01:DA,-81,MFG_4C000215FDA50693A4E24FB1AFCFC6EB0764782500010002D8,2.0,Yes,mattress,0.5
2950367,ANCHOR_01,52:06:26:03:01:DA,-71,MFG_4C000215FDA50693A4E24FB1AFCFC6EB0764782500010002D8,2.0,Yes,mattress,0.5
2951347,ANCHOR_01,52:06:26:03:01:DA,-71,MFG_4C000215FDA50693A4E24FB1AFCFC6EB0764782500010002D8,2.0,Yes,mattress,0.5
2952367,ANCHOR_01,52:06:26:03:01:DA,-73,MFG_4C000215FDA50693A4E24FB1AFCFC6EB0764782500010002D8,2.0,Yes,mattress,0.5
2953357,ANCHOR_01,52:06:26:03:01:DA,-74,MFG_4C000215FDA50693A4E24FB1AFCFC6EB0764782500010002D8,2.0,Yes,mattress,0.5
2954367,ANCHOR_01,52:06:26:03:01:DA,-82,MFG_4C000215FDA50693A4E24FB1AFCFC6EB0764782500010002D8,2.0,Yes,mattress,0.5
2955377,ANCHOR_01,52:06:26:03:01:DA,-81,MFG_4C000215FDA50693A4E24FB1AFCFC6EB0764782500010002D8,2.0,Yes,mattress,0.5
2956377,ANCHOR_01,52:06:26:03:01:DA,-71,MFG_4C000215FDA50693A4E24FB1AFCFC6EB0764782500010002D8,2.0,Yes,mattress,0.5
2957387,ANCHOR_01,52:06:26:03:01:DA,-71,MFG_4C000215FDA50693A4E24FB1AFCFC6EB0764782500010002D8,2.0,Yes,mattress,0.5
2958387,ANCHOR_01,52:06:26:03:01:DA,-74,MFG_4C000215FDA50693A4E24FB1AFCFC6EB0764782500010002D8,2.0,Yes,mattress,0.5
2960417,ANCHOR_01,52:06:26:03:01:DA,-83,MFG_4C000215FDA50693A4E24FB1AFCFC6EB0764782500010002D8,2.0,Yes,mattress,0.5
2961437,ANCHOR_01,52:06:26:03:01:DA,-71,MFG_4C000215FDA50693A4E24FB1AFCFC6EB0764782500010002D8,2.0,Yes,mattress,0.5
2962417,ANCHOR_01,52:06:26:03:01:DA,-71,MFG_4C000215FDA50693A4E24FB1AFCFC6EB0764782500010002D8,2.0,Yes,mattress,0.5
2963417,ANCHOR_01,52:06:26:03:01:DA,-71,MFG_4C000215FDA50693A4E24FB1AFCFC6EB0764782500010002D8,2.0,Yes,mattress,0.5
2964437,ANCHOR_01,52:06:26:03:01:DA,-74,MFG_4C000215FDA50693A4E24FB1AFCFC6EB0764782500010002D8,2.0,Yes,mattress,0.5
2966437,ANCHOR_01,52:06:26:03:01:DA,-81,MFG_4C000215FDA50693A4E24FB1AFCFC6EB0764782500010002D8,2.0,Yes,mattress,0.5
2967447,ANCHOR_01,52:06:26:03:01:DA,-71,MFG_4C000215FDA50693A4E24FB1AFCFC6EB0764782500010002D8,2.0,Yes,mattress,0.5
2968457,ANCHOR_01,52:06:26:03:01:DA,-71,MFG_4C000215FDA50693A4E24FB1AFCFC6EB0764782500010002D8,2.0,Yes,mattress,0.5
2969467,ANCHOR_01,52:06:26:03:01:DA,-74,MFG_4C000215FDA50693A4E24FB1AFCFC6EB0764782500010002D8,2.0,Yes,mattress,0.5
2970467,ANCHOR_01,52:06:26:03:01:DA,-74,MFG_4C000215FDA50693A4E24FB1AFCFC6EB0764782500010002D8,2.0,Yes,mattress,0.5
2971487,ANCHOR_01,52:06:26:03:01:DA,-80,MFG_4C000215FDA50693A4E24FB1AFCFC6EB0764782500010002D8,2.0,Yes,mattress,0.5
2972467,ANCHOR_01,52:06:26:03:01:DA,-82,MFG_4C000215FDA50693A4E24FB1AFCFC6EB0764782500010002D8,2.0,Yes,mattress,0.5
2973467,ANCHOR_01,52:06:26:03:01:DA,-81,MFG_4C000215FDA50693A4E24FB1AFCFC6EB0764782500010002D8,2.0,Yes,mattress,0.5
2974487,ANCHOR_01,52:06:26:03:01:DA,-71,MFG_4C000215FDA50693A4E24FB1AFCFC6EB0764782500010002D8,2.0,Yes,mattress,0.5
2975507,ANCHOR_01,52:06:26:03:01:DA,-74,MFG_4C000215FDA50693A4E24FB1AFCFC6EB0764782500010002D8,2.0,Yes,mattress,0.5
2976487,ANCHOR_01,52:06:26:03:01:DA,-74,MFG_4C000215FDA50693A4E24FB1AFCFC6EB0764782500010002D8,2.0,Yes,mattress,0.5
2978487,ANCHOR_01,52:06:26:03:01:DA,-83,MFG_4C000215FDA50693A4E24FB1AFCFC6EB0764782500010002D8,2.0,Yes,mattress,0.5
2980517,ANCHOR_01,52:06:26:03:01:DA,-71,MFG_4C000215FDA50693A4E24FB1AFCFC6EB0764782500010002D8,2.0,Yes,mattress,0.5
2981507,ANCHOR_01,52:06:26:03:01:DA,-71,MFG_4C000215FDA50693A4E24FB1AFCFC6EB0764782500010002D8,2.0,Yes,mattress,0.5
2982527,ANCHOR_01,52:06:26:03:01:DA,-73,MFG_4C000215FDA50693A4E24FB1AFCFC6EB0764782500010002D8,2.0,Yes,mattress,0.5
2983507,ANCHOR_01,52:06:26:03:01:DA,-74,MFG_4C000215FDA50693A4E24FB1AFCFC6EB0764782500010002D8,2.0,Yes,mattress,0.5
2984517,ANCHOR_01,52:06:26:03:01:DA,-83,MFG_4C000215FDA50693A4E24FB1AFCFC6EB0764782500010002D8,2.0,Yes,mattress,0.5
2985527,ANCHOR_01,52:06:26:03:01:DA,-81,MFG_4C000215FDA50693A4E24FB1AFCFC6EB0764782500010002D8,2.0,Yes,mattress,0.5
2987537,ANCHOR_01,52:06:26:03:01:DA,-71,MFG_4C000215FDA50693A4E24FB1AFCFC6EB0764782500010002D8,2.0,Yes,mattress,0.5
2988557,ANCHOR_01,52:06:26:03:01:DA,-74,MFG_4C000215FDA50693A4E24FB1AFCFC6EB0764782500010002D8,2.0,Yes,mattress,0.5
2989547,ANCHOR_01,52:06:26:03:01:DA,-74,MFG_4C000215FDA50693A4E24FB1AFCFC6EB0764782500010002D8,2.0,Yes,mattress,0.5
2990547,ANCHOR_01,52:06:26:03:01:DA,-81,MFG_4C000215FDA50693A4E24FB1AFCFC6EB0764782500010002D8,2.0,Yes,mattress,0.5
2993567,ANCHOR_01,52:06:26:03:01:DA,-71,MFG_4C000215FDA50693A4E24FB1AFCFC6EB0764782500010002D8,2.0,Yes,mattress,0.5
2994567,ANCHOR_01,52:06:26:03:01:DA,-74,MFG_4C000215FDA50693A4E24FB1AFCFC6EB0764782500010002D8,2.0,Yes,mattress,0.5
2995577,ANCHOR_01,52:06:26:03:01:DA,-74,MFG_4C000215FDA50693A4E24FB1AFCFC6EB0764782500010002D8,2.0,Yes,mattress,0.5
2996577,ANCHOR_01,52:06:26:03:01:DA,-82,MFG_4C000215FDA50693A4E24FB1AFCFC6EB0764782500010002D8,2.0,Yes,mattress,0.5
2997577,ANCHOR_01,52:06:26:03:01:DA,-81,MFG_4C000215FDA50693A4E24FB1AFCFC6EB0764782500010002D8,2.0,Yes,mattress,0.5
2999597,ANCHOR_01,52:06:26:03:01:DA,-71,MFG_4C000215FDA50693A4E24FB1AFCFC6EB0764782500010002D8,2.0,Yes,mattress,0.5
3000597,ANCHOR_01,52:06:26:03:01:DA,-74,MFG_4C000215FDA50693A4E24FB1AFCFC6EB0764782500010002D8,2.0,Yes,mattress,0.5
3001597,ANCHOR_01,52:06:26:03:01:DA,-73,MFG_4C000215FDA50693A4E24FB1AFCFC6EB0764782500010002D8,2.0,Yes,mattress,0.5
3003617,ANCHOR_01,52:06:26:03:01:DA,-82,MFG_4C000215FDA50693A4E24FB1AFCFC6EB0764782500010002D8,2.0,Yes,mattress,0.5
3004617,ANCHOR_01,52:06:26:03:01:DA,-71,MFG_4C000215FDA50693A4E24FB1AFCFC6EB0764782500010002D8,2.0,Yes,mattress,0.5
3005617,ANCHOR_01,52:06:26:03:01:DA,-71,MFG_4C000215FDA50693A4E24FB1AFCFC6EB0764782500010002D8,2.0,Yes,mattress,0.5
3006617,ANCHOR_01,52:06:26:03:01:DA,-71,MFG_4C000215FDA50693A4E24FB1AFCFC6EB0764782500010002D8,2.0,Yes,mattress,0.5
3007627,ANCHOR_01,52:06:26:03:01:DA,-74,MFG_4C000215FDA50693A4E24FB1AFCFC6EB0764782500010002D8,2.0,Yes,mattress,0.5
3008637,ANCHOR_01,52:06:26:03:01:DA,-81,MFG_4C000215FDA50693A4E24FB1AFCFC6EB0764782500010002D8,2.0,Yes,mattress,0.5
3009647,ANCHOR_01,52:06:26:03:01:DA,-81,MFG_4C000215FDA50693A4E24FB1AFCFC6EB0764782500010002D8,2.0,Yes,mattress,0.5
3011647,ANCHOR_01,52:06:26:03:01:DA,-71,MFG_4C000215FDA50693A4E24FB1AFCFC6EB0764782500010002D8,2.0,Yes,mattress,0.5
3012677,ANCHOR_01,52:06:26:03:01:DA,-74,MFG_4C000215FDA50693A4E24FB1AFCFC6EB0764782500010002D8,2.0,Yes,mattress,0.5
3013657,ANCHOR_01,52:06:26:03:01:DA,-73,MFG_4C000215FDA50693A4E24FB1AFCFC6EB0764782500010002D8,2.0,Yes,mattress,0.5
3014657,ANCHOR_01,52:06:26:03:01:DA,-74,MFG_4C000215FDA50693A4E24FB1AFCFC6EB0764782500010002D8,2.0,Yes,mattress,0.5
3015657,ANCHOR_01,52:06:26:03:01:DA,-81,MFG_4C000215FDA50693A4E24FB1AFCFC6EB0764782500010002D8,2.0,Yes,mattress,0.5
3016667,ANCHOR_01,52:06:26:03:01:DA,-82,MFG_4C000215FDA50693A4E24FB1AFCFC6EB0764782500010002D8,2.0,Yes,mattress,0.5
3017687,ANCHOR_01,52:06:26:03:01:DA,-71,MFG_4C000215FDA50693A4E24FB1AFCFC6EB0764782500010002D8,2.0,Yes,mattress,0.5
3018667,ANCHOR_01,52:06:26:03:01:DA,-71,MFG_4C000215FDA50693A4E24FB1AFCFC6EB0764782500010002D8,2.0,Yes,mattress,0.5
3019697,ANCHOR_01,52:06:26:03:01:DA,-74,MFG_4C000215FDA50693A4E24FB1AFCFC6EB0764782500010002D8,2.0,Yes,mattress,0.5
3020687,ANCHOR_01,52:06:26:03:01:DA,-74,MFG_4C000215FDA50693A4E24FB1AFCFC6EB0764782500010002D8,2.0,Yes,mattress,0.5
3021707,ANCHOR_01,52:06:26:03:01:DA,-81,MFG_4C000215FDA50693A4E24FB1AFCFC6EB0764782500010002D8,2.0,Yes,mattress,0.5
3022697,ANCHOR_01,52:06:26:03:01:DA,-82,MFG_4C000215FDA50693A4E24FB1AFCFC6EB0764782500010002D8,2.0,Yes,mattress,0.5
3023707,ANCHOR_01,52:06:26:03:01:DA,-71,MFG_4C000215FDA50693A4E24FB1AFCFC6EB0764782500010002D8,2.0,Yes,mattress,0.5
3024697,ANCHOR_01,52:06:26:03:01:DA,-71,MFG_4C000215FDA50693A4E24FB1AFCFC6EB0764782500010002D8,2.0,Yes,mattress,0.5
3025717,ANCHOR_01,52:06:26:03:01:DA,-74,MFG_4C000215FDA50693A4E24FB1AFCFC6EB0764782500010002D8,2.0,Yes,mattress,0.5
3026717,ANCHOR_01,52:06:26:03:01:DA,-73,MFG_4C000215FDA50693A4E24FB1AFCFC6EB0764782500010002D8,2.0,Yes,mattress,0.5
3027737,ANCHOR_01,52:06:26:03:01:DA,-82,MFG_4C000215FDA50693A4E24FB1AFCFC6EB0764782500010002D8,2.0,Yes,mattress,0.5
3028727,ANCHOR_01,52:06:26:03:01:DA,-82,MFG_4C000215FDA50693A4E24FB1AFCFC6EB0764782500010002D8,2.0,Yes,mattress,0.5
3029727,ANCHOR_01,52:06:26:03:01:DA,-71,MFG_4C000215FDA50693A4E24FB1AFCFC6EB0764782500010002D8,2.0,Yes,mattress,0.5
3030737,ANCHOR_01,52:06:26:03:01:DA,-71,MFG_4C000215FDA50693A4E24FB1AFCFC6EB0764782500010002D8,2.0,Yes,mattress,0.5
3031737,ANCHOR_01,52:06:26:03:01:DA,-74,MFG_4C000215FDA50693A4E24FB1AFCFC6EB0764782500010002D8,2.0,Yes,mattress,0.5
3032747,ANCHOR_01,52:06:26:03:01:DA,-74,MFG_4C000215FDA50693A4E24FB1AFCFC6EB0764782500010002D8,2.0,Yes,mattress,0.5
3033757,ANCHOR_01,52:06:26:03:01:DA,-83,MFG_4C000215FDA50693A4E24FB1AFCFC6EB0764782500010002D8,2.0,Yes,mattress,0.5
3035767,ANCHOR_01,52:06:26:03:01:DA,-71,MFG_4C000215FDA50693A4E24FB1AFCFC6EB0764782500010002D8,2.0,Yes,mattress,0.5
3036797,ANCHOR_01,52:06:26:03:01:DA,-74,MFG_4C000215FDA50693A4E24FB1AFCFC6EB0764782500010002D8,2.0,Yes,mattress,0.5
3037787,ANCHOR_01,52:06:26:03:01:DA,-74,MFG_4C000215FDA50693A4E24FB1AFCFC6EB0764782500010002D8,2.0,Yes,mattress,0.5
3038807,ANCHOR_01,52:06:26:03:01:DA,-81,MFG_4C000215FDA50693A4E24FB1AFCFC6EB0764782500010002D8,2.0,Yes,mattress,0.5
3039797,ANCHOR_01,52:06:26:03:01:DA,-82,MFG_4C000215FDA50693A4E24FB1AFCFC6EB0764782500010002D8,2.0,Yes,mattress,0.5
3040817,ANCHOR_01,52:06:26:03:01:DA,-71,MFG_4C000215FDA50693A4E24FB1AFCFC6EB0764782500010002D8,2.0,Yes,mattress,0.5
3041807,ANCHOR_01,52:06:26:03:01:DA,-71,MFG_4C000215FDA50693A4E24FB1AFCFC6EB0764782500010002D8,2.0,Yes,mattress,0.5
3042817,ANCHOR_01,52:06:26:03:01:DA,-74,MFG_4C000215FDA50693A4E24FB1AFCFC6EB0764782500010002D8,2.0,Yes,mattress,0.5
3043817,ANCHOR_01,52:06:26:03:01:DA,-74,MFG_4C000215FDA50693A4E24FB1AFCFC6EB0764782500010002D8,2.0,Yes,mattress,0.5
3044817,ANCHOR_01,52:06:26:03:01:DA,-82,MFG_4C000215FDA50693A4E24FB1AFCFC6EB0764782500010002D8,2.0,Yes,mattress,0.5
3045817,ANCHOR_01,52:06:26:03:01:DA,-82,MFG_4C000215FDA50693A4E24FB1AFCFC6EB0764782500010002D8,2.0,Yes,mattress,0.5
3046847,ANCHOR_01,52:06:26:03:01:DA,-71,MFG_4C000215FDA50693A4E24FB1AFCFC6EB0764782500010002D8,2.0,Yes,mattress,0.5
3047827,ANCHOR_01,52:06:26:03:01:DA,-71,MFG_4C000215FDA50693A4E24FB1AFCFC6EB0764782500010002D8,2.0,Yes,mattress,0.5
3048857,ANCHOR_01,52:06:26:03:01:DA,-74,MFG_4C000215FDA50693A4E24FB1AFCFC6EB0764782500010002D8,2.0,Yes,mattress,0.5
3049827,ANCHOR_01,52:06:26:03:01:DA,-74,MFG_4C000215FDA50693A4E24FB1AFCFC6EB0764782500010002D8,2.0,Yes,mattress,0.5
3051857,ANCHOR_01,52:06:26:03:01:DA,-82,MFG_4C000215FDA50693A4E24FB1AFCFC6EB0764782500010002D8,2.0,Yes,mattress,0.5
3052847,ANCHOR_01,52:06:26:03:01:DA,-82,MFG_4C000215FDA50693A4E24FB1AFCFC6EB0764782500010002D8,2.0,Yes,mattress,0.5
3053847,ANCHOR_01,52:06:26:03:01:DA,-71,MFG_4C000215FDA50693A4E24FB1AFCFC6EB0764782500010002D8,2.0,Yes,mattress,0.5
3055857,ANCHOR_01,52:06:26:03:01:DA,-73,MFG_4C000215FDA50693A4E24FB1AFCFC6EB0764782500010002D8,2.0,Yes,mattress,0.5
3056867,ANCHOR_01,52:06:26:03:01:DA,-73,MFG_4C000215FDA50693A4E24FB1AFCFC6EB0764782500010002D8,2.0,Yes,mattress,0.5
3057887,ANCHOR_01,52:06:26:03:01:DA,-81,MFG_4C000215FDA50693A4E24FB1AFCFC6EB0764782500010002D8,2.0,Yes,mattress,0.5
3059897,ANCHOR_01,52:06:26:03:01:DA,-71,MFG_4C000215FDA50693A4E24FB1AFCFC6EB0764782500010002D8,2.0,Yes,mattress,0.5
3060887,ANCHOR_01,52:06:26:03:01:DA,-71,MFG_4C000215FDA50693A4E24FB1AFCFC6EB0764782500010002D8,2.0,Yes,mattress,0.5
3061907,ANCHOR_01,52:06:26:03:01:DA,-74,MFG_4C000215FDA50693A4E24FB1AFCFC6EB0764782500010002D8,2.0,Yes,mattress,0.5
3062897,ANCHOR_01,52:06:26:03:01:DA,-74,MFG_4C000215FDA50693A4E24FB1AFCFC6EB0764782500010002D8,2.0,Yes,mattress,0.5
3063917,ANCHOR_01,52:06:26:03:01:DA,-81,MFG_4C000215FDA50693A4E24FB1AFCFC6EB0764782500010002D8,2.0,Yes,mattress,0.5
3064907,ANCHOR_01,52:06:26:03:01:DA,-83,MFG_4C000215FDA50693A4E24FB1AFCFC6EB0764782500010002D8,2.0,Yes,mattress,0.5
3065917,ANCHOR_01,52:06:26:03:01:DA,-71,MFG_4C000215FDA50693A4E24FB1AFCFC6EB0764782500010002D8,2.0,Yes,mattress,0.5
3066917,ANCHOR_01,52:06:26:03:01:DA,-71,MFG_4C000215FDA50693A4E24FB1AFCFC6EB0764782500010002D8,2.0,Yes,mattress,0.5
3068907,ANCHOR_01,52:06:26:03:01:DA,-74,MFG_4C000215FDA50693A4E24FB1AFCFC6EB0764782500010002D8,2.0,Yes,mattress,0.5
3069917,ANCHOR_01,52:06:26:03:01:DA,-74,MFG_4C000215FDA50693A4E24FB1AFCFC6EB0764782500010002D8,2.0,Yes,mattress,0.5
3070917,ANCHOR_01,52:06:26:03:01:DA,-83,MFG_4C000215FDA50693A4E24FB1AFCFC6EB0764782500010002D8,2.0,Yes,mattress,0.5
3071927,ANCHOR_01,52:06:26:03:01:DA,-81,MFG_4C000215FDA50693A4E24FB1AFCFC6EB0764782500010002D8,2.0,Yes,mattress,0.5
3072937,ANCHOR_01,52:06:26:03:01:DA,-71,MFG_4C000215FDA50693A4E24FB1AFCFC6EB0764782500010002D8,2.0,Yes,mattress,0.5
3073937,ANCHOR_01,52:06:26:03:01:DA,-71,MFG_4C000215FDA50693A4E24FB1AFCFC6EB0764782500010002D8,2.0,Yes,mattress,0.5
3074937,ANCHOR_01,52:06:26:03:01:DA,-74,MFG_4C000215FDA50693A4E24FB1AFCFC6EB0764782500010002D8,2.0,Yes,mattress,0.5
3075947,ANCHOR_01,52:06:26:03:01:DA,-74,MFG_4C000215FDA50693A4E24FB1AFCFC6EB0764782500010002D8,2.0,Yes,mattress,0.5
3076967,ANCHOR_01,52:06:26:03:01:DA,-83,MFG_4C000215FDA50693A4E24FB1AFCFC6EB0764782500010002D8,2.0,Yes,mattress,0.5
3077957,ANCHOR_01,52:06:26:03:01:DA,-81,MFG_4C000215FDA50693A4E24FB1AFCFC6EB0764782500010002D8,2.0,Yes,mattress,0.5
3078967,ANCHOR_01,52:06:26:03:01:DA,-71,MFG_4C000215FDA50693A4E24FB1AFCFC6EB0764782500010002D8,2.0,Yes,mattress,0.5
3079967,ANCHOR_01,52:06:26:03:01:DA,-71,MFG_4C000215FDA50693A4E24FB1AFCFC6EB0764782500010002D8,2.0,Yes,mattress,0.5
3080987,ANCHOR_01,52:06:26:03:01:DA,-74,MFG_4C000215FDA50693A4E24FB1AFCFC6EB0764782500010002D8,2.0,Yes,mattress,0.5
3081967,ANCHOR_01,52:06:26:03:01:DA,-74,MFG_4C000215FDA50693A4E24FB1AFCFC6EB0764782500010002D8,2.0,Yes,mattress,0.5
3082987,ANCHOR_01,52:06:26:03:01:DA,-82,MFG_4C000215FDA50693A4E24FB1AFCFC6EB0764782500010002D8,2.0,Yes,mattress,0.5
3083977,ANCHOR_01,52:06:26:03:01:DA,-83,MFG_4C000215FDA50693A4E24FB1AFCFC6EB0764782500010002D8,2.0,Yes,mattress,0.5
3085007,ANCHOR_01,52:06:26:03:01:DA,-71,MFG_4C000215FDA50693A4E24FB1AFCFC6EB0764782500010002D8,2.0,Yes,mattress,0.5
3087017,ANCHOR_01,52:06:26:03:01:DA,-73,MFG_4C000215FDA50693A4E24FB1AFCFC6EB0764782500010002D8,2.0,Yes,mattress,0.5
3088007,ANCHOR_01,52:06:26:03:01:DA,-73,MFG_4C000215FDA50693A4E24FB1AFCFC6EB0764782500010002D8,2.0,Yes,mattress,0.5
3089007,ANCHOR_01,52:06:26:03:01:DA,-82,MFG_4C000215FDA50693A4E24FB1AFCFC6EB0764782500010002D8,2.0,Yes,mattress,0.5
3090017,ANCHOR_01,52:06:26:03:01:DA,-81,MFG_4C000215FDA50693A4E24FB1AFCFC6EB0764782500010002D8,2.0,Yes,mattress,0.5
3091027,ANCHOR_01,52:06:26:03:01:DA,-71,MFG_4C000215FDA50693A4E24FB1AFCFC6EB0764782500010002D8,2.0,Yes,mattress,0.5
3092027,ANCHOR_01,52:06:26:03:01:DA,-71,MFG_4C000215FDA50693A4E24FB1AFCFC6EB0764782500010002D8,2.0,Yes,mattress,0.5
3093017,ANCHOR_01,52:06:26:03:01:DA,-71,MFG_4C000215FDA50693A4E24FB1AFCFC6EB0764782500010002D8,2.0,Yes,mattress,0.5
3094037,ANCHOR_01,52:06:26:03:01:DA,-74,MFG_4C000215FDA50693A4E24FB1AFCFC6EB0764782500010002D8,2.0,Yes,mattress,0.5
3095027,ANCHOR_01,52:06:26:03:01:DA,-74,MFG_4C000215FDA50693A4E24FB1AFCFC6EB0764782500010002D8,2.0,Yes,mattress,0.5
3096047,ANCHOR_01,52:06:26:03:01:DA,-81,MFG_4C000215FDA50693A4E24FB1AFCFC6EB0764782500010002D8,2.0,Yes,mattress,0.5
3098047,ANCHOR_01,52:06:26:03:01:DA,-71,MFG_4C000215FDA50693A4E24FB1AFCFC6EB0764782500010002D8,2.0,Yes,mattress,0.5
3099067,ANCHOR_01,52:06:26:03:01:DA,-74,MFG_4C000215FDA50693A4E24FB1AFCFC6EB0764782500010002D8,2.0,Yes,mattress,0.5
3100057,ANCHOR_01,52:06:26:03:01:DA,-73,MFG_4C000215FDA50693A4E24FB1AFCFC6EB0764782500010002D8,2.0,Yes,mattress,0.5
3101067,ANCHOR_01,52:06:26:03:01:DA,-85,MFG_4C000215FDA50693A4E24FB1AFCFC6EB0764782500010002D8,2.0,Yes,mattress,0.5
3102077,ANCHOR_01,52:06:26:03:01:DA,-83,MFG_4C000215FDA50693A4E24FB1AFCFC6EB0764782500010002D8,2.0,Yes,mattress,0.5
3104077,ANCHOR_01,52:06:26:03:01:DA,-71,MFG_4C000215FDA50693A4E24FB1AFCFC6EB0764782500010002D8,2.0,Yes,mattress,0.5
3105077,ANCHOR_01,52:06:26:03:01:DA,-71,MFG_4C000215FDA50693A4E24FB1AFCFC6EB0764782500010002D8,2.0,Yes,mattress,0.5
3106087,ANCHOR_01,52:06:26:03:01:DA,-73,MFG_4C000215FDA50693A4E24FB1AFCFC6EB0764782500010002D8,2.0,Yes,mattress,0.5
3107087,ANCHOR_01,52:06:26:03:01:DA,-73,MFG_4C000215FDA50693A4E24FB1AFCFC6EB0764782500010002D8,2.0,Yes,mattress,0.5
3109087,ANCHOR_01,52:06:26:03:01:DA,-84,MFG_4C000215FDA50693A4E24FB1AFCFC6EB0764782500010002D8,2.0,Yes,mattress,0.5
3110087,ANCHOR_01,52:06:26:03:01:DA,-84,MFG_4C000215FDA50693A4E24FB1AFCFC6EB0764782500010002D8,2.0,Yes,mattress,0.5
3111097,ANCHOR_01,52:06:26:03:01:DA,-71,MFG_4C000215FDA50693A4E24FB1AFCFC6EB0764782500010002D8,2.0,Yes,mattress,0.5
3112087,ANCHOR_01,52:06:26:03:01:DA,-72,MFG_4C000215FDA50693A4E24FB1AFCFC6EB0764782500010002D8,2.0,Yes,mattress,0.5
3113107,ANCHOR_01,52:06:26:03:01:DA,-73,MFG_4C000215FDA50693A4E24FB1AFCFC6EB0764782500010002D8,2.0,Yes,mattress,0.5
3114107,ANCHOR_01,52:06:26:03:01:DA,-73,MFG_4C000215FDA50693A4E24FB1AFCFC6EB0764782500010002D8,2.0,Yes,mattress,0.5
3117137,ANCHOR_01,52:06:26:03:01:DA,-72,MFG_4C000215FDA50693A4E24FB1AFCFC6EB0764782500010002D8,2.0,Yes,mattress,0.5
3118127,ANCHOR_01,52:06:26:03:01:DA,-72,MFG_4C000215FDA50693A4E24FB1AFCFC6EB0764782500010002D8,2.0,Yes,mattress,0.5
3119127,ANCHOR_01,52:06:26:03:01:DA,-73,MFG_4C000215FDA50693A4E24FB1AFCFC6EB0764782500010002D8,2.0,Yes,mattress,0.5
3120137,ANCHOR_01,52:06:26:03:01:DA,-73,MFG_4C000215FDA50693A4E24FB1AFCFC6EB0764782500010002D8,2.0,Yes,mattress,0.5
3121157,ANCHOR_01,52:06:26:03:01:DA,-83,MFG_4C000215FDA50693A4E24FB1AFCFC6EB0764782500010002D8,2.0,Yes,mattress,0.5
3122177,ANCHOR_01,52:06:26:03:01:DA,-72,MFG_4C000215FDA50693A4E24FB1AFCFC6EB0764782500010002D8,2.0,Yes,mattress,0.5
3123167,ANCHOR_01,52:06:26:03:01:DA,-72,MFG_4C000215FDA50693A4E24FB1AFCFC6EB0764782500010002D8,2.0,Yes,mattress,0.5
3124167,ANCHOR_01,52:06:26:03:01:DA,-73,MFG_4C000215FDA50693A4E24FB1AFCFC6EB0764782500010002D8,2.0,Yes,mattress,0.5
3126187,ANCHOR_01,52:06:26:03:01:DA,-82,MFG_4C000215FDA50693A4E24FB1AFCFC6EB0764782500010002D8,2.0,Yes,mattress,0.5
3127187,ANCHOR_01,52:06:26:03:01:DA,-87,MFG_4C000215FDA50693A4E24FB1AFCFC6EB0764782500010002D8,2.0,Yes,mattress,0.5
3128207,ANCHOR_01,52:06:26:03:01:DA,-72,MFG_4C000215FDA50693A4E24FB1AFCFC6EB0764782500010002D8,2.0,Yes,mattress,0.5
3130217,ANCHOR_01,52:06:26:03:01:DA,-73,MFG_4C000215FDA50693A4E24FB1AFCFC6EB0764782500010002D8,2.0,Yes,mattress,0.5
3131207,ANCHOR_01,52:06:26:03:01:DA,-73,MFG_4C000215FDA50693A4E24FB1AFCFC6EB0764782500010002D8,2.0,Yes,mattress,0.5
3132227,ANCHOR_01,52:06:26:03:01:DA,-84,MFG_4C000215FDA50693A4E24FB1AFCFC6EB0764782500010002D8,2.0,Yes,mattress,0.5
3133217,ANCHOR_01,52:06:26:03:01:DA,-83,MFG_4C000215FDA50693A4E24FB1AFCFC6EB0764782500010002D8,2.0,Yes,mattress,0.5
3134237,ANCHOR_01,52:06:26:03:01:DA,-71,MFG_4C000215FDA50693A4E24FB1AFCFC6EB0764782500010002D8,2.0,Yes,mattress,0.5
3135227,ANCHOR_01,52:06:26:03:01:DA,-72,MFG_4C000215FDA50693A4E24FB1AFCFC6EB0764782500010002D8,2.0,Yes,mattress,0.5
3136247,ANCHOR_01,52:06:26:03:01:DA,-73,MFG_4C000215FDA50693A4E24FB1AFCFC6EB0764782500010002D8,2.0,Yes,mattress,0.5
3137237,ANCHOR_01,52:06:26:03:01:DA,-74,MFG_4C000215FDA50693A4E24FB1AFCFC6EB0764782500010002D8,2.0,Yes,mattress,0.5
3138247,ANCHOR_01,52:06:26:03:01:DA,-83,MFG_4C000215FDA50693A4E24FB1AFCFC6EB0764782500010002D8,2.0,Yes,mattress,0.5
3139247,ANCHOR_01,52:06:26:03:01:DA,-85,MFG_4C000215FDA50693A4E24FB1AFCFC6EB0764782500010002D8,2.0,Yes,mattress,0.5
3140267,ANCHOR_01,52:06:26:03:01:DA,-71,MFG_4C000215FDA50693A4E24FB1AFCFC6EB0764782500010002D8,2.0,Yes,mattress,0.5
3141257,ANCHOR_01,52:06:26:03:01:DA,-72,MFG_4C000215FDA50693A4E24FB1AFCFC6EB0764782500010002D8,2.0,Yes,mattress,0.5
3143267,ANCHOR_01,52:06:26:03:01:DA,-74,MFG_4C000215FDA50693A4E24FB1AFCFC6EB0764782500010002D8,2.0,Yes,mattress,0.5
3145267,ANCHOR_01,52:06:26:03:01:DA,-84,MFG_4C000215FDA50693A4E24FB1AFCFC6EB0764782500010002D8,2.0,Yes,mattress,0.5
3147287,ANCHOR_01,52:06:26:03:01:DA,-71,MFG_4C000215FDA50693A4E24FB1AFCFC6EB0764782500010002D8,2.0,Yes,mattress,0.5
3148277,ANCHOR_01,52:06:26:03:01:DA,-72,MFG_4C000215FDA50693A4E24FB1AFCFC6EB0764782500010002D8,2.0,Yes,mattress,0.5
3149277,ANCHOR_01,52:06:26:03:01:DA,-74,MFG_4C000215FDA50693A4E24FB1AFCFC6EB0764782500010002D8,2.0,Yes,mattress,0.5
3151297,ANCHOR_01,52:06:26:03:01:DA,-83,MFG_4C000215FDA50693A4E24FB1AFCFC6EB0764782500010002D8,2.0,Yes,mattress,0.5
3152287,ANCHOR_01,52:06:26:03:01:DA,-84,MFG_4C000215FDA50693A4E24FB1AFCFC6EB0764782500010002D8,2.0,Yes,mattress,0.5
3153317,ANCHOR_01,52:06:26:03:01:DA,-71,MFG_4C000215FDA50693A4E24FB1AFCFC6EB0764782500010002D8,2.0,Yes,mattress,0.5
3154297,ANCHOR_01,52:06:26:03:01:DA,-72,MFG_4C000215FDA50693A4E24FB1AFCFC6EB0764782500010002D8,2.0,Yes,mattress,0.5
3155307,ANCHOR_01,52:06:26:03:01:DA,-73,MFG_4C000215FDA50693A4E24FB1AFCFC6EB0764782500010002D8,2.0,Yes,mattress,0.5
3157327,ANCHOR_01,52:06:26:03:01:DA,-82,MFG_4C000215FDA50693A4E24FB1AFCFC6EB0764782500010002D8,2.0,Yes,mattress,0.5
3158327,ANCHOR_01,52:06:26:03:01:DA,-85,MFG_4C000215FDA50693A4E24FB1AFCFC6EB0764782500010002D8,2.0,Yes,mattress,0.5
3159337,ANCHOR_01,52:06:26:03:01:DA,-72,MFG_4C000215FDA50693A4E24FB1AFCFC6EB0764782500010002D8,2.0,Yes,mattress,0.5
3160337,ANCHOR_01,52:06:26:03:01:DA,-72,MFG_4C000215FDA50693A4E24FB1AFCFC6EB0764782500010002D8,2.0,Yes,mattress,0.5
3161357,ANCHOR_01,52:06:26:03:01:DA,-73,MFG_4C000215FDA50693A4E24FB1AFCFC6EB0764782500010002D8,2.0,Yes,mattress,0.5
3162357,ANCHOR_01,52:06:26:03:01:DA,-83,MFG_4C000215FDA50693A4E24FB1AFCFC6EB0764782500010002D8,2.0,Yes,mattress,0.5
3163357,ANCHOR_01,52:06:26:03:01:DA,-83,MFG_4C000215FDA50693A4E24FB1AFCFC6EB0764782500010002D8,2.0,Yes,mattress,0.5
3164377,ANCHOR_01,52:06:26:03:01:DA,-71,MFG_4C000215FDA50693A4E24FB1AFCFC6EB0764782500010002D8,2.0,Yes,mattress,0.5
3165377,ANCHOR_01,52:06:26:03:01:DA,-72,MFG_4C000215FDA50693A4E24FB1AFCFC6EB0764782500010002D8,2.0,Yes,mattress,0.5
3166377,ANCHOR_01,52:06:26:03:01:DA,-73,MFG_4C000215FDA50693A4E24FB1AFCFC6EB0764782500010002D8,2.0,Yes,mattress,0.5
3168387,ANCHOR_01,52:06:26:03:01:DA,-84,MFG_4C000215FDA50693A4E24FB1AFCFC6EB0764782500010002D8,2.0,Yes,mattress,0.5
3170407,ANCHOR_01,52:06:26:03:01:DA,-72,MFG_4C000215FDA50693A4E24FB1AFCFC6EB0764782500010002D8,2.0,Yes,mattress,0.5
3171407,ANCHOR_01,52:06:26:03:01:DA,-73,MFG_4C000215FDA50693A4E24FB1AFCFC6EB0764782500010002D8,2.0,Yes,mattress,0.5
3172417,ANCHOR_01,52:06:26:03:01:DA,-73,MFG_4C000215FDA50693A4E24FB1AFCFC6EB0764782500010002D8,2.0,Yes,mattress,0.5
3173427,ANCHOR_01,52:06:26:03:01:DA,-82,MFG_4C000215FDA50693A4E24FB1AFCFC6EB0764782500010002D8,2.0,Yes,mattress,0.5
3174427,ANCHOR_01,52:06:26:03:01:DA,-82,MFG_4C000215FDA50693A4E24FB1AFCFC6EB0764782500010002D8,2.0,Yes,mattress,0.5
3175437,ANCHOR_01,52:06:26:03:01:DA,-73,MFG_4C000215FDA50693A4E24FB1AFCFC6EB0764782500010002D8,2.0,Yes,mattress,0.5
3176447,ANCHOR_01,52:06:26:03:01:DA,-72,MFG_4C000215FDA50693A4E24FB1AFCFC6EB0764782500010002D8,2.0,Yes,mattress,0.5
3177447,ANCHOR_01,52:06:26:03:01:DA,-73,MFG_4C000215FDA50693A4E24FB1AFCFC6EB0764782500010002D8,2.0,Yes,mattress,0.5
3178457,ANCHOR_01,52:06:26:03:01:DA,-73,MFG_4C000215FDA50693A4E24FB1AFCFC6EB0764782500010002D8,2.0,Yes,mattress,0.5
3179477,ANCHOR_01,52:06:26:03:01:DA,-84,MFG_4C000215FDA50693A4E24FB1AFCFC6EB0764782500010002D8,2.0,Yes,mattress,0.5
3180467,ANCHOR_01,52:06:26:03:01:DA,-82,MFG_4C000215FDA50693A4E24FB1AFCFC6EB0764782500010002D8,2.0,Yes,mattress,0.5
3181477,ANCHOR_01,52:06:26:03:01:DA,-72,MFG_4C000215FDA50693A4E24FB1AFCFC6EB0764782500010002D8,2.0,Yes,mattress,0.5
3182477,ANCHOR_01,52:06:26:03:01:DA,-71,MFG_4C000215FDA50693A4E24FB1AFCFC6EB0764782500010002D8,2.0,Yes,mattress,0.5
3184477,ANCHOR_01,52:06:26:03:01:DA,-73,MFG_4C000215FDA50693A4E24FB1AFCFC6EB0764782500010002D8,2.0,Yes,mattress,0.5
3185507,ANCHOR_01,52:06:26:03:01:DA,-83,MFG_4C000215FDA50693A4E24FB1AFCFC6EB0764782500010002D8,2.0,Yes,mattress,0.5
3186487,ANCHOR_01,52:06:26:03:01:DA,-83,MFG_4C000215FDA50693A4E24FB1AFCFC6EB0764782500010002D8,2.0,Yes,mattress,0.5
3187487,ANCHOR_01,52:06:26:03:01:DA,-83,MFG_4C000215FDA50693A4E24FB1AFCFC6EB0764782500010002D8,2.0,Yes,mattress,0.5
3188507,ANCHOR_01,52:06:26:03:01:DA,-72,MFG_4C000215FDA50693A4E24FB1AFCFC6EB0764782500010002D8,2.0,Yes,mattress,0.5
3189487,ANCHOR_01,52:06:26:03:01:DA,-72,MFG_4C000215FDA50693A4E24FB1AFCFC6EB0764782500010002D8,2.0,Yes,mattress,0.5
3190497,ANCHOR_01,52:06:26:03:01:DA,-73,MFG_4C000215FDA50693A4E24FB1AFCFC6EB0764782500010002D8,2.0,Yes,mattress,0.5
3191497,ANCHOR_01,52:06:26:03:01:DA,-73,MFG_4C000215FDA50693A4E24FB1AFCFC6EB0764782500010002D8,2.0,Yes,mattress,0.5
3192497,ANCHOR_01,52:06:26:03:01:DA,-73,MFG_4C000215FDA50693A4E24FB1AFCFC6EB0764782500010002D8,2.0,Yes,mattress,0.5
3193517,ANCHOR_01,52:06:26:03:01:DA,-84,MFG_4C000215FDA50693A4E24FB1AFCFC6EB0764782500010002D8,2.0,Yes,mattress,0.5
3194507,ANCHOR_01,52:06:26:03:01:DA,-83,MFG_4C000215FDA50693A4E24FB1AFCFC6EB0764782500010002D8,2.0,Yes,mattress,0.5
3195507,ANCHOR_01,52:06:26:03:01:DA,-72,MFG_4C000215FDA50693A4E24FB1AFCFC6EB0764782500010002D8,2.0,Yes,mattress,0.5
3197537,ANCHOR_01,52:06:26:03:01:DA,-73,MFG_4C000215FDA50693A4E24FB1AFCFC6EB0764782500010002D8,2.0,Yes,mattress,0.5
3198537,ANCHOR_01,52:06:26:03:01:DA,-83,MFG_4C000215FDA50693A4E24FB1AFCFC6EB0764782500010002D8,2.0,Yes,mattress,0.5
3199547,ANCHOR_01,52:06:26:03:01:DA,-82,MFG_4C000215FDA50693A4E24FB1AFCFC6EB0764782500010002D8,2.0,Yes,mattress,0.5
3201557,ANCHOR_01,52:06:26:03:01:DA,-72,MFG_4C000215FDA50693A4E24FB1AFCFC6EB0764782500010002D8,2.0,Yes,mattress,0.5
3202547,ANCHOR_01,52:06:26:03:01:DA,-72,MFG_4C000215FDA50693A4E24FB1AFCFC6EB0764782500010002D8,2.0,Yes,mattress,0.5
3203557,ANCHOR_01,52:06:26:03:01:DA,-73,MFG_4C000215FDA50693A4E24FB1AFCFC6EB0764782500010002D8,2.0,Yes,mattress,0.5
3204587,ANCHOR_01,52:06:26:03:01:DA,-85,MFG_4C000215FDA50693A4E24FB1AFCFC6EB0764782500010002D8,2.0,Yes,mattress,0.5
3205577,ANCHOR_01,52:06:26:03:01:DA,-86,MFG_4C000215FDA50693A4E24FB1AFCFC6EB0764782500010002D8,2.0,Yes,mattress,0.5
3206597,ANCHOR_01,52:06:26:03:01:DA,-72,MFG_4C000215FDA50693A4E24FB1AFCFC6EB0764782500010002D8,2.0,Yes,mattress,0.5
3207587,ANCHOR_01,52:06:26:03:01:DA,-72,MFG_4C000215FDA50693A4E24FB1AFCFC6EB0764782500010002D8,2.0,Yes,mattress,0.5
3208607,ANCHOR_01,52:06:26:03:01:DA,-73,MFG_4C000215FDA50693A4E24FB1AFCFC6EB0764782500010002D8,2.0,Yes,mattress,0.5
3209597,ANCHOR_01,52:06:26:03:01:DA,-73,MFG_4C000215FDA50693A4E24FB1AFCFC6EB0764782500010002D8,2.0,Yes,mattress,0.5
3210597,ANCHOR_01,52:06:26:03:01:DA,-83,MFG_4C000215FDA50693A4E24FB1AFCFC6EB0764782500010002D8,2.0,Yes,mattress,0.5
3211607,ANCHOR_01,52:06:26:03:01:DA,-78,MFG_4C000215FDA50693A4E24FB1AFCFC6EB0764782500010002D8,2.0,Yes,mattress,0.5
3212607,ANCHOR_01,52:06:26:03:01:DA,-71,MFG_4C000215FDA50693A4E24FB1AFCFC6EB0764782500010002D8,2.0,Yes,mattress,0.5
3213617,ANCHOR_01,52:06:26:03:01:DA,-70,MFG_4C000215FDA50693A4E24FB1AFCFC6EB0764782500010002D8,2.0,Yes,mattress,0.5
3214627,ANCHOR_01,52:06:26:03:01:DA,-71,MFG_4C000215FDA50693A4E24FB1AFCFC6EB0764782500010002D8,2.0,Yes,mattress,0.5
3215657,ANCHOR_01,52:06:26:03:01:DA,-77,MFG_4C000215FDA50693A4E24FB1AFCFC6EB0764782500010002D8,2.0,Yes,mattress,0.5
3216647,ANCHOR_01,52:06:26:03:01:DA,-80,MFG_4C000215FDA50693A4E24FB1AFCFC6EB0764782500010002D8,2.0,Yes,mattress,0.5
3217637,ANCHOR_01,52:06:26:03:01:DA,-80,MFG_4C000215FDA50693A4E24FB1AFCFC6EB0764782500010002D8,2.0,Yes,mattress,0.5
3218657,ANCHOR_01,52:06:26:03:01:DA,-69,MFG_4C000215FDA50693A4E24FB1AFCFC6EB0764782500010002D8,2.0,Yes,mattress,0.5
3219677,ANCHOR_01,52:06:26:03:01:DA,-74,MFG_4C000215FDA50693A4E24FB1AFCFC6EB0764782500010002D8,2.0,Yes,mattress,0.5
3220657,ANCHOR_01,52:06:26:03:01:DA,-72,MFG_4C000215FDA50693A4E24FB1AFCFC6EB0764782500010002D8,2.0,Yes,mattress,0.5
3221667,ANCHOR_01,52:06:26:03:01:DA,-82,MFG_4C000215FDA50693A4E24FB1AFCFC6EB0764782500010002D8,2.0,Yes,mattress,0.5
3222677,ANCHOR_01,52:06:26:03:01:DA,-79,MFG_4C000215FDA50693A4E24FB1AFCFC6EB0764782500010002D8,2.0,Yes,mattress,0.5
3223677,ANCHOR_01,52:06:26:03:01:DA,-69,MFG_4C000215FDA50693A4E24FB1AFCFC6EB0764782500010002D8,2.0,Yes,mattress,0.5
3224687,ANCHOR_01,52:06:26:03:01:DA,-70,MFG_4C000215FDA50693A4E24FB1AFCFC6EB0764782500010002D8,2.0,Yes,mattress,0.5
3225687,ANCHOR_01,52:06:26:03:01:DA,-73,MFG_4C000215FDA50693A4E24FB1AFCFC6EB0764782500010002D8,2.0,Yes,mattress,0.5
3227707,ANCHOR_01,52:06:26:03:01:DA,-85,MFG_4C000215FDA50693A4E24FB1AFCFC6EB0764782500010002D8,2.0,Yes,mattress,0.5
3229727,ANCHOR_01,52:06:26:03:01:DA,-70,MFG_4C000215FDA50693A4E24FB1AFCFC6EB0764782500010002D8,2.0,Yes,mattress,0.5
3230727,ANCHOR_01,52:06:26:03:01:DA,-72,MFG_4C000215FDA50693A4E24FB1AFCFC6EB0764782500010002D8,2.0,Yes,mattress,0.5
3231737,ANCHOR_01,52:06:26:03:01:DA,-72,MFG_4C000215FDA50693A4E24FB1AFCFC6EB0764782500010002D8,2.0,Yes,mattress,0.5
3232737,ANCHOR_01,52:06:26:03:01:DA,-84,MFG_4C000215FDA50693A4E24FB1AFCFC6EB0764782500010002D8,2.0,Yes,mattress,0.5
3233737,ANCHOR_01,52:06:26:03:01:DA,-83,MFG_4C000215FDA50693A4E24FB1AFCFC6EB0764782500010002D8,2.0,Yes,mattress,0.5
3234767,ANCHOR_01,52:06:26:03:01:DA,-69,MFG_4C000215FDA50693A4E24FB1AFCFC6EB0764782500010002D8,2.0,Yes,mattress,0.5
3235757,ANCHOR_01,52:06:26:03:01:DA,-69,MFG_4C000215FDA50693A4E24FB1AFCFC6EB0764782500010002D8,2.0,Yes,mattress,0.5
3236777,ANCHOR_01,52:06:26:03:01:DA,-78,MFG_4C000215FDA50693A4E24FB1AFCFC6EB0764782500010002D8,2.0,Yes,mattress,0.5
3237797,ANCHOR_01,52:06:26:03:01:DA,-85,MFG_4C000215FDA50693A4E24FB1AFCFC6EB0764782500010002D8,2.0,Yes,mattress,0.5
3238777,ANCHOR_01,52:06:26:03:01:DA,-84,MFG_4C000215FDA50693A4E24FB1AFCFC6EB0764782500010002D8,2.0,Yes,mattress,0.5
3239787,ANCHOR_01,52:06:26:03:01:DA,-70,MFG_4C000215FDA50693A4E24FB1AFCFC6EB0764782500010002D8,2.0,Yes,mattress,0.5
3240797,ANCHOR_01,52:06:26:03:01:DA,-71,MFG_4C000215FDA50693A4E24FB1AFCFC6EB0764782500010002D8,2.0,Yes,mattress,0.5
3241817,ANCHOR_01,52:06:26:03:01:DA,-75,MFG_4C000215FDA50693A4E24FB1AFCFC6EB0764782500010002D8,2.0,Yes,mattress,0.5
3242807,ANCHOR_01,52:06:26:03:01:DA,-74,MFG_4C000215FDA50693A4E24FB1AFCFC6EB0764782500010002D8,2.0,Yes,mattress,0.5
3243817,ANCHOR_01,52:06:26:03:01:DA,-78,MFG_4C000215FDA50693A4E24FB1AFCFC6EB0764782500010002D8,2.0,Yes,mattress,0.5
3245837,ANCHOR_01,52:06:26:03:01:DA,-69,MFG_4C000215FDA50693A4E24FB1AFCFC6EB0764782500010002D8,2.0,Yes,mattress,0.5
3246817,ANCHOR_01,52:06:26:03:01:DA,-69,MFG_4C000215FDA50693A4E24FB1AFCFC6EB0764782500010002D8,2.0,Yes,mattress,0.5
3247837,ANCHOR_01,52:06:26:03:01:DA,-73,MFG_4C000215FDA50693A4E24FB1AFCFC6EB0764782500010002D8,2.0,Yes,mattress,0.5
3248837,ANCHOR_01,52:06:26:03:01:DA,-72,MFG_4C000215FDA50693A4E24FB1AFCFC6EB0764782500010002D8,2.0,Yes,mattress,0.5
3249847,ANCHOR_01,52:06:26:03:01:DA,-82,MFG_4C000215FDA50693A4E24FB1AFCFC6EB0764782500010002D8,2.0,Yes,mattress,0.5
3250847,ANCHOR_01,52:06:26:03:01:DA,-83,MFG_4C000215FDA50693A4E24FB1AFCFC6EB0764782500010002D8,2.0,Yes,mattress,0.5
3251847,ANCHOR_01,52:06:26:03:01:DA,-69,MFG_4C000215FDA50693A4E24FB1AFCFC6EB0764782500010002D8,2.0,Yes,mattress,0.5
3252857,ANCHOR_01,52:06:26:03:01:DA,-69,MFG_4C000215FDA50693A4E24FB1AFCFC6EB0764782500010002D8,2.0,Yes,mattress,0.5
3253877,ANCHOR_01,52:06:26:03:01:DA,-72,MFG_4C000215FDA50693A4E24FB1AFCFC6EB0764782500010002D8,2.0,Yes,mattress,0.5
3254857,ANCHOR_01,52:06:26:03:01:DA,-72,MFG_4C000215FDA50693A4E24FB1AFCFC6EB0764782500010002D8,2.0,Yes,mattress,0.5
3255887,ANCHOR_01,52:06:26:03:01:DA,-83,MFG_4C000215FDA50693A4E24FB1AFCFC6EB0764782500010002D8,2.0,Yes,mattress,0.5
3257897,ANCHOR_01,52:06:26:03:01:DA,-69,MFG_4C000215FDA50693A4E24FB1AFCFC6EB0764782500010002D8,2.0,Yes,mattress,0.5
3258887,ANCHOR_01,52:06:26:03:01:DA,-70,MFG_4C000215FDA50693A4E24FB1AFCFC6EB0764782500010002D8,2.0,Yes,mattress,0.5
3259897,ANCHOR_01,52:06:26:03:01:DA,-73,MFG_4C000215FDA50693A4E24FB1AFCFC6EB0764782500010002D8,2.0,Yes,mattress,0.5
3261917,ANCHOR_01,52:06:26:03:01:DA,-82,MFG_4C000215FDA50693A4E24FB1AFCFC6EB0764782500010002D8,2.0,Yes,mattress,0.5
3263927,ANCHOR_01,52:06:26:03:01:DA,-69,MFG_4C000215FDA50693A4E24FB1AFCFC6EB0764782500010002D8,2.0,Yes,mattress,0.5
3264917,ANCHOR_01,52:06:26:03:01:DA,-70,MFG_4C000215FDA50693A4E24FB1AFCFC6EB0764782500010002D8,2.0,Yes,mattress,0.5
3265927,ANCHOR_01,52:06:26:03:01:DA,-72,MFG_4C000215FDA50693A4E24FB1AFCFC6EB0764782500010002D8,2.0,Yes,mattress,0.5
3266957,ANCHOR_01,52:06:26:03:01:DA,-83,MFG_4C000215FDA50693A4E24FB1AFCFC6EB0764782500010002D8,2.0,Yes,mattress,0.5
3267947,ANCHOR_01,52:06:26:03:01:DA,-83,MFG_4C000215FDA50693A4E24FB1AFCFC6EB0764782500010002D8,2.0,Yes,mattress,0.5
3269957,ANCHOR_01,52:06:26:03:01:DA,-69,MFG_4C000215FDA50693A4E24FB1AFCFC6EB0764782500010002D8,2.0,Yes,mattress,0.5
3270947,ANCHOR_01,52:06:26:03:01:DA,-69,MFG_4C000215FDA50693A4E24FB1AFCFC6EB0764782500010002D8,2.0,Yes,mattress,0.5
3271957,ANCHOR_01,52:06:26:03:01:DA,-73,MFG_4C000215FDA50693A4E24FB1AFCFC6EB0764782500010002D8,2.0,Yes,mattress,0.5
3272957,ANCHOR_01,52:06:26:03:01:DA,-72,MFG_4C000215FDA50693A4E24FB1AFCFC6EB0764782500010002D8,2.0,Yes,mattress,0.5
3273957,ANCHOR_01,52:06:26:03:01:DA,-82,MFG_4C000215FDA50693A4E24FB1AFCFC6EB0764782500010002D8,2.0,Yes,mattress,0.5
3274967,ANCHOR_01,52:06:26:03:01:DA,-83,MFG_4C000215FDA50693A4E24FB1AFCFC6EB0764782500010002D8,2.0,Yes,mattress,0.5
3275987,ANCHOR_01,52:06:26:03:01:DA,-70,MFG_4C000215FDA50693A4E24FB1AFCFC6EB0764782500010002D8,2.0,Yes,mattress,0.5
3276977,ANCHOR_01,52:06:26:03:01:DA,-69,MFG_4C000215FDA50693A4E24FB1AFCFC6EB0764782500010002D8,2.0,Yes,mattress,0.5
3277987,ANCHOR_01,52:06:26:03:01:DA,-73,MFG_4C000215FDA50693A4E24FB1AFCFC6EB0764782500010002D8,2.0,Yes,mattress,0.5
3278987,ANCHOR_01,52:06:26:03:01:DA,-72,MFG_4C000215FDA50693A4E24FB1AFCFC6EB0764782500010002D8,2.0,Yes,mattress,0.5
3280007,ANCHOR_01,52:06:26:03:01:DA,-82,MFG_4C000215FDA50693A4E24FB1AFCFC6EB0764782500010002D8,2.0,Yes,mattress,0.5
3282017,ANCHOR_01,52:06:26:03:01:DA,-70,MFG_4C000215FDA50693A4E24FB1AFCFC6EB0764782500010002D8,2.0,Yes,mattress,0.5
3283037,ANCHOR_01,52:06:26:03:01:DA,-73,MFG_4C000215FDA50693A4E24FB1AFCFC6EB0764782500010002D8,2.0,Yes,mattress,0.5
3284017,ANCHOR_01,52:06:26:03:01:DA,-72,MFG_4C000215FDA50693A4E24FB1AFCFC6EB0764782500010002D8,2.0,Yes,mattress,0.5
3285047,ANCHOR_01,52:06:26:03:01:DA,-83,MFG_4C000215FDA50693A4E24FB1AFCFC6EB0764782500010002D8,2.0,Yes,mattress,0.5
3286037,ANCHOR_01,52:06:26:03:01:DA,-83,MFG_4C000215FDA50693A4E24FB1AFCFC6EB0764782500010002D8,2.0,Yes,mattress,0.5
3287027,ANCHOR_01,52:06:26:03:01:DA,-84,MFG_4C000215FDA50693A4E24FB1AFCFC6EB0764782500010002D8,2.0,Yes,mattress,0.5
3288047,ANCHOR_01,52:06:26:03:01:DA,-70,MFG_4C000215FDA50693A4E24FB1AFCFC6EB0764782500010002D8,2.0,Yes,mattress,0.5
3290037,ANCHOR_01,52:06:26:03:01:DA,-72,MFG_4C000215FDA50693A4E24FB1AFCFC6EB0764782500010002D8,2.0,Yes,mattress,0.5
3291037,ANCHOR_01,52:06:26:03:01:DA,-73,MFG_4C000215FDA50693A4E24FB1AFCFC6EB0764782500010002D8,2.0,Yes,mattress,0.5
3292057,ANCHOR_01,52:06:26:03:01:DA,-81,MFG_4C000215FDA50693A4E24FB1AFCFC6EB0764782500010002D8,2.0,Yes,mattress,0.5
3293057,ANCHOR_01,52:06:26:03:01:DA,-84,MFG_4C000215FDA50693A4E24FB1AFCFC6EB0764782500010002D8,2.0,Yes,mattress,0.5
3294067,ANCHOR_01,52:06:26:03:01:DA,-69,MFG_4C000215FDA50693A4E24FB1AFCFC6EB0764782500010002D8,2.0,Yes,mattress,0.5
3295067,ANCHOR_01,52:06:26:03:01:DA,-69,MFG_4C000215FDA50693A4E24FB1AFCFC6EB0764782500010002D8,2.0,Yes,mattress,0.5
3296087,ANCHOR_01,52:06:26:03:01:DA,-72,MFG_4C000215FDA50693A4E24FB1AFCFC6EB0764782500010002D8,2.0,Yes,mattress,0.5
3297077,ANCHOR_01,52:06:26:03:01:DA,-72,MFG_4C000215FDA50693A4E24FB1AFCFC6EB0764782500010002D8,2.0,Yes,mattress,0.5
3298097,ANCHOR_01,52:06:26:03:01:DA,-84,MFG_4C000215FDA50693A4E24FB1AFCFC6EB0764782500010002D8,2.0,Yes,mattress,0.5
3299087,ANCHOR_01,52:06:26:03:01:DA,-81,MFG_4C000215FDA50693A4E24FB1AFCFC6EB0764782500010002D8,2.0,Yes,mattress,0.5
3301077,ANCHOR_01,52:06:26:03:01:DA,-69,MFG_4C000215FDA50693A4E24FB1AFCFC6EB0764782500010002D8,2.0,Yes,mattress,0.5
3302087,ANCHOR_01,52:06:26:03:01:DA,-69,MFG_4C000215FDA50693A4E24FB1AFCFC6EB0764782500010002D8,2.0,Yes,mattress,0.5
3303107,ANCHOR_01,52:06:26:03:01:DA,-72,MFG_4C000215FDA50693A4E24FB1AFCFC6EB0764782500010002D8,2.0,Yes,mattress,0.5
3304097,ANCHOR_01,52:06:26:03:01:DA,-72,MFG_4C000215FDA50693A4E24FB1AFCFC6EB0764782500010002D8,2.0,Yes,mattress,0.5
3306107,ANCHOR_01,52:06:26:03:01:DA,-83,MFG_4C000215FDA50693A4E24FB1AFCFC6EB0764782500010002D8,2.0,Yes,mattress,0.5
3307127,ANCHOR_01,52:06:26:03:01:DA,-70,MFG_4C000215FDA50693A4E24FB1AFCFC6EB0764782500010002D8,2.0,Yes,mattress,0.5
3309137,ANCHOR_01,52:06:26:03:01:DA,-72,MFG_4C000215FDA50693A4E24FB1AFCFC6EB0764782500010002D8,2.0,Yes,mattress,0.5
3310127,ANCHOR_01,52:06:26:03:01:DA,-72,MFG_4C000215FDA50693A4E24FB1AFCFC6EB0764782500010002D8,2.0,Yes,mattress,0.5
3311147,ANCHOR_01,52:06:26:03:01:DA,-82,MFG_4C000215FDA50693A4E24FB1AFCFC6EB0764782500010002D8,2.0,Yes,mattress,0.5
3312137,ANCHOR_01,52:06:26:03:01:DA,-81,MFG_4C000215FDA50693A4E24FB1AFCFC6EB0764782500010002D8,2.0,Yes,mattress,0.5
3314147,ANCHOR_01,52:06:26:03:01:DA,-69,MFG_4C000215FDA50693A4E24FB1AFCFC6EB0764782500010002D8,2.0,Yes,mattress,0.5
3315167,ANCHOR_01,52:06:26:03:01:DA,-72,MFG_4C000215FDA50693A4E24FB1AFCFC6EB0764782500010002D8,2.0,Yes,mattress,0.5
3316157,ANCHOR_01,52:06:26:03:01:DA,-72,MFG_4C000215FDA50693A4E24FB1AFCFC6EB0764782500010002D8,2.0,Yes,mattress,0.5
3317167,ANCHOR_01,52:06:26:03:01:DA,-83,MFG_4C000215FDA50693A4E24FB1AFCFC6EB0764782500010002D8,2.0,Yes,mattress,0.5
3318167,ANCHOR_01,52:06:26:03:01:DA,-82,MFG_4C000215FDA50693A4E24FB1AFCFC6EB0764782500010002D8,2.0,Yes,mattress,0.5
3319187,ANCHOR_01,52:06:26:03:01:DA,-69,MFG_4C000215FDA50693A4E24FB1AFCFC6EB0764782500010002D8,2.0,Yes,mattress,0.5
3320177,ANCHOR_01,52:06:26:03:01:DA,-69,MFG_4C000215FDA50693A4E24FB1AFCFC6EB0764782500010002D8,2.0,Yes,mattress,0.5
3321187,ANCHOR_01,52:06:26:03:01:DA,-72,MFG_4C000215FDA50693A4E24FB1AFCFC6EB0764782500010002D8,2.0,Yes,mattress,0.5
3322187,ANCHOR_01,52:06:26:03:01:DA,-73,MFG_4C000215FDA50693A4E24FB1AFCFC6EB0764782500010002D8,2.0,Yes,mattress,0.5
3323207,ANCHOR_01,52:06:26:03:01:DA,-84,MFG_4C000215FDA50693A4E24FB1AFCFC6EB0764782500010002D8,2.0,Yes,mattress,0.5
3324197,ANCHOR_01,52:06:26:03:01:DA,-82,MFG_4C000215FDA50693A4E24FB1AFCFC6EB0764782500010002D8,2.0,Yes,mattress,0.5
3325207,ANCHOR_01,52:06:26:03:01:DA,-70,MFG_4C000215FDA50693A4E24FB1AFCFC6EB0764782500010002D8,2.0,Yes,mattress,0.5
3326197,ANCHOR_01,52:06:26:03:01:DA,-70,MFG_4C000215FDA50693A4E24FB1AFCFC6EB0764782500010002D8,2.0,Yes,mattress,0.5
3327227,ANCHOR_01,52:06:26:03:01:DA,-72,MFG_4C000215FDA50693A4E24FB1AFCFC6EB0764782500010002D8,2.0,Yes,mattress,0.5
3328217,ANCHOR_01,52:06:26:03:01:DA,-72,MFG_4C000215FDA50693A4E24FB1AFCFC6EB0764782500010002D8,2.0,Yes,mattress,0.5
3329237,ANCHOR_01,52:06:26:03:01:DA,-83,MFG_4C000215FDA50693A4E24FB1AFCFC6EB0764782500010002D8,2.0,Yes,mattress,0.5
3331247,ANCHOR_01,52:06:26:03:01:DA,-69,MFG_4C000215FDA50693A4E24FB1AFCFC6EB0764782500010002D8,2.0,Yes,mattress,0.5
3332237,ANCHOR_01,52:06:26:03:01:DA,-69,MFG_4C000215FDA50693A4E24FB1AFCFC6EB0764782500010002D8,2.0,Yes,mattress,0.5
3333257,ANCHOR_01,52:06:26:03:01:DA,-73,MFG_4C000215FDA50693A4E24FB1AFCFC6EB0764782500010002D8,2.0,Yes,mattress,0.5
3334277,ANCHOR_01,52:06:26:03:01:DA,-82,MFG_4C000215FDA50693A4E24FB1AFCFC6EB0764782500010002D8,2.0,Yes,mattress,0.5
3335267,ANCHOR_01,52:06:26:03:01:DA,-82,MFG_4C000215FDA50693A4E24FB1AFCFC6EB0764782500010002D8,2.0,Yes,mattress,0.5
3336267,ANCHOR_01,52:06:26:03:01:DA,-69,MFG_4C000215FDA50693A4E24FB1AFCFC6EB0764782500010002D8,2.0,Yes,mattress,0.5
3337277,ANCHOR_01,52:06:26:03:01:DA,-69,MFG_4C000215FDA50693A4E24FB1AFCFC6EB0764782500010002D8,2.0,Yes,mattress,0.5
3338297,ANCHOR_01,52:06:26:03:01:DA,-72,MFG_4C000215FDA50693A4E24FB1AFCFC6EB0764782500010002D8,2.0,Yes,mattress,0.5
3339277,ANCHOR_01,52:06:26:03:01:DA,-73,MFG_4C000215FDA50693A4E24FB1AFCFC6EB0764782500010002D8,2.0,Yes,mattress,0.5
3340307,ANCHOR_01,52:06:26:03:01:DA,-83,MFG_4C000215FDA50693A4E24FB1AFCFC6EB0764782500010002D8,2.0,Yes,mattress,0.5
3341287,ANCHOR_01,52:06:26:03:01:DA,-82,MFG_4C000215FDA50693A4E24FB1AFCFC6EB0764782500010002D8,2.0,Yes,mattress,0.5
3343307,ANCHOR_01,52:06:26:03:01:DA,-69,MFG_4C000215FDA50693A4E24FB1AFCFC6EB0764782500010002D8,2.0,Yes,mattress,0.5
3344307,ANCHOR_01,52:06:26:03:01:DA,-72,MFG_4C000215FDA50693A4E24FB1AFCFC6EB0764782500010002D8,2.0,Yes,mattress,0.5
3345307,ANCHOR_01,52:06:26:03:01:DA,-73,MFG_4C000215FDA50693A4E24FB1AFCFC6EB0764782500010002D8,2.0,Yes,mattress,0.5
3346337,ANCHOR_01,52:06:26:03:01:DA,-82,MFG_4C000215FDA50693A4E24FB1AFCFC6EB0764782500010002D8,2.0,Yes,mattress,0.5
3349337,ANCHOR_01,52:06:26:03:01:DA,-70,MFG_4C000215FDA50693A4E24FB1AFCFC6EB0764782500010002D8,2.0,Yes,mattress,0.5
3350357,ANCHOR_01,52:06:26:03:01:DA,-72,MFG_4C000215FDA50693A4E24FB1AFCFC6EB0764782500010002D8,2.0,Yes,mattress,0.5
3351347,ANCHOR_01,52:06:26:03:01:DA,-72,MFG_4C000215FDA50693A4E24FB1AFCFC6EB0764782500010002D8,2.0,Yes,mattress,0.5
3352367,ANCHOR_01,52:06:26:03:01:DA,-82,MFG_4C000215FDA50693A4E24FB1AFCFC6EB0764782500010002D8,2.0,Yes,mattress,0.5
3355397,ANCHOR_01,52:06:26:03:01:DA,-73,MFG_4C000215FDA50693A4E24FB1AFCFC6EB0764782500010002D8,2.0,Yes,mattress,0.5
3356377,ANCHOR_01,52:06:26:03:01:DA,-72,MFG_4C000215FDA50693A4E24FB1AFCFC6EB0764782500010002D8,2.0,Yes,mattress,0.5
3357407,ANCHOR_01,52:06:26:03:01:DA,-81,MFG_4C000215FDA50693A4E24FB1AFCFC6EB0764782500010002D8,2.0,Yes,mattress,0.5
3358387,ANCHOR_01,52:06:26:03:01:DA,-81,MFG_4C000215FDA50693A4E24FB1AFCFC6EB0764782500010002D8,2.0,Yes,mattress,0.5
3359387,ANCHOR_01,52:06:26:03:01:DA,-82,MFG_4C000215FDA50693A4E24FB1AFCFC6EB0764782500010002D8,2.0,Yes,mattress,0.5
3360397,ANCHOR_01,52:06:26:03:01:DA,-69,MFG_4C000215FDA50693A4E24FB1AFCFC6EB0764782500010002D8,2.0,Yes,mattress,0.5
3361387,ANCHOR_01,52:06:26:03:01:DA,-69,MFG_4C000215FDA50693A4E24FB1AFCFC6EB0764782500010002D8,2.0,Yes,mattress,0.5
3362417,ANCHOR_01,52:06:26:03:01:DA,-73,MFG_4C000215FDA50693A4E24FB1AFCFC6EB0764782500010002D8,2.0,Yes,mattress,0.5
3363407,ANCHOR_01,52:06:26:03:01:DA,-72,MFG_4C000215FDA50693A4E24FB1AFCFC6EB0764782500010002D8,2.0,Yes,mattress,0.5
3364417,ANCHOR_01,52:06:26:03:01:DA,-83,MFG_4C000215FDA50693A4E24FB1AFCFC6EB0764782500010002D8,2.0,Yes,mattress,0.5
3365417,ANCHOR_01,52:06:26:03:01:DA,-82,MFG_4C000215FDA50693A4E24FB1AFCFC6EB0764782500010002D8,2.0,Yes,mattress,0.5
3366437,ANCHOR_01,52:06:26:03:01:DA,-70,MFG_4C000215FDA50693A4E24FB1AFCFC6EB0764782500010002D8,2.0,Yes,mattress,0.5
3367417,ANCHOR_01,52:06:26:03:01:DA,-70,MFG_4C000215FDA50693A4E24FB1AFCFC6EB0764782500010002D8,2.0,Yes,mattress,0.5
3368437,ANCHOR_01,52:06:26:03:01:DA,-72,MFG_4C000215FDA50693A4E24FB1AFCFC6EB0764782500010002D8,2.0,Yes,mattress,0.5
3369437,ANCHOR_01,52:06:26:03:01:DA,-72,MFG_4C000215FDA50693A4E24FB1AFCFC6EB0764782500010002D8,2.0,Yes,mattress,0.5
3370457,ANCHOR_01,52:06:26:03:01:DA,-83,MFG_4C000215FDA50693A4E24FB1AFCFC6EB0764782500010002D8,2.0,Yes,mattress,0.5
3372447,ANCHOR_01,52:06:26:03:01:DA,-70,MFG_4C000215FDA50693A4E24FB1AFCFC6EB0764782500010002D8,2.0,Yes,mattress,0.5
3373457,ANCHOR_01,52:06:26:03:01:DA,-69,MFG_4C000215FDA50693A4E24FB1AFCFC6EB0764782500010002D8,2.0,Yes,mattress,0.5
3374477,ANCHOR_01,52:06:26:03:01:DA,-72,MFG_4C000215FDA50693A4E24FB1AFCFC6EB0764782500010002D8,2.0,Yes,mattress,0.5
3375457,ANCHOR_01,52:06:26:03:01:DA,-73,MFG_4C000215FDA50693A4E24FB1AFCFC6EB0764782500010002D8,2.0,Yes,mattress,0.5
3376477,ANCHOR_01,52:06:26:03:01:DA,-84,MFG_4C000215FDA50693A4E24FB1AFCFC6EB0764782500010002D8,2.0,Yes,mattress,0.5
3377467,ANCHOR_01,52:06:26:03:01:DA,-82,MFG_4C000215FDA50693A4E24FB1AFCFC6EB0764782500010002D8,2.0,Yes,mattress,0.5
3378487,ANCHOR_01,52:06:26:03:01:DA,-69,MFG_4C000215FDA50693A4E24FB1AFCFC6EB0764782500010002D8,2.0,Yes,mattress,0.5
3379477,ANCHOR_01,52:06:26:03:01:DA,-69,MFG_4C000215FDA50693A4E24FB1AFCFC6EB0764782500010002D8,2.0,Yes,mattress,0.5
3381497,ANCHOR_01,52:06:26:03:01:DA,-73,MFG_4C000215FDA50693A4E24FB1AFCFC6EB0764782500010002D8,2.0,Yes,mattress,0.5
3382477,ANCHOR_01,52:06:26:03:01:DA,-72,MFG_4C000215FDA50693A4E24FB1AFCFC6EB0764782500010002D8,2.0,Yes,mattress,0.5
3383507,ANCHOR_01,52:06:26:03:01:DA,-81,MFG_4C000215FDA50693A4E24FB1AFCFC6EB0764782500010002D8,2.0,Yes,mattress,0.5
3385507,ANCHOR_01,52:06:26:03:01:DA,-70,MFG_4C000215FDA50693A4E24FB1AFCFC6EB0764782500010002D8,2.0,Yes,mattress,0.5
3386517,ANCHOR_01,52:06:26:03:01:DA,-72,MFG_4C000215FDA50693A4E24FB1AFCFC6EB0764782500010002D8,2.0,Yes,mattress,0.5
3387517,ANCHOR_01,52:06:26:03:01:DA,-72,MFG_4C000215FDA50693A4E24FB1AFCFC6EB0764782500010002D8,2.0,Yes,mattress,0.5
3388547,ANCHOR_01,52:06:26:03:01:DA,-82,MFG_4C000215FDA50693A4E24FB1AFCFC6EB0764782500010002D8,2.0,Yes,mattress,0.5
3389537,ANCHOR_01,52:06:26:03:01:DA,-83,MFG_4C000215FDA50693A4E24FB1AFCFC6EB0764782500010002D8,2.0,Yes,mattress,0.5
3390537,ANCHOR_01,52:06:26:03:01:DA,-69,MFG_4C000215FDA50693A4E24FB1AFCFC6EB0764782500010002D8,2.0,Yes,mattress,0.5
3391547,ANCHOR_01,52:06:26:03:01:DA,-70,MFG_4C000215FDA50693A4E24FB1AFCFC6EB0764782500010002D8,2.0,Yes,mattress,0.5
3393557,ANCHOR_01,52:06:26:03:01:DA,-72,MFG_4C000215FDA50693A4E24FB1AFCFC6EB0764782500010002D8,2.0,Yes,mattress,0.5
3394547,ANCHOR_01,52:06:26:03:01:DA,-82,MFG_4C000215FDA50693A4E24FB1AFCFC6EB0764782500010002D8,2.0,Yes,mattress,0.5
3395557,ANCHOR_01,52:06:26:03:01:DA,-83,MFG_4C000215FDA50693A4E24FB1AFCFC6EB0764782500010002D8,2.0,Yes,mattress,0.5
3397577,ANCHOR_01,52:06:26:03:01:DA,-69,MFG_4C000215FDA50693A4E24FB1AFCFC6EB0764782500010002D8,2.0,Yes,mattress,0.5
3398567,ANCHOR_01,52:06:26:03:01:DA,-69,MFG_4C000215FDA50693A4E24FB1AFCFC6EB0764782500010002D8,2.0,Yes,mattress,0.5
3399587,ANCHOR_01,52:06:26:03:01:DA,-73,MFG_4C000215FDA50693A4E24FB1AFCFC6EB0764782500010002D8,2.0,Yes,mattress,0.5
3400607,ANCHOR_01,52:06:26:03:01:DA,-83,MFG_4C000215FDA50693A4E24FB1AFCFC6EB0764782500010002D8,2.0,Yes,mattress,0.5
3401587,ANCHOR_01,52:06:26:03:01:DA,-84,MFG_4C000215FDA50693A4E24FB1AFCFC6EB0764782500010002D8,2.0,Yes,mattress,0.5
3403607,ANCHOR_01,52:06:26:03:01:DA,-70,MFG_4C000215FDA50693A4E24FB1AFCFC6EB0764782500010002D8,2.0,Yes,mattress,0.5
3404627,ANCHOR_01,52:06:26:03:01:DA,-73,MFG_4C000215FDA50693A4E24FB1AFCFC6EB0764782500010002D8,2.0,Yes,mattress,0.5
3405607,ANCHOR_01,52:06:26:03:01:DA,-72,MFG_4C000215FDA50693A4E24FB1AFCFC6EB0764782500010002D8,2.0,Yes,mattress,0.5
3406607,ANCHOR_01,52:06:26:03:01:DA,-72,MFG_4C000215FDA50693A4E24FB1AFCFC6EB0764782500010002D8,2.0,Yes,mattress,0.5
3407617,ANCHOR_01,52:06:26:03:01:DA,-83,MFG_4C000215FDA50693A4E24FB1AFCFC6EB0764782500010002D8,2.0,Yes,mattress,0.5
3408617,ANCHOR_01,52:06:26:03:01:DA,-81,MFG_4C000215FDA50693A4E24FB1AFCFC6EB0764782500010002D8,2.0,Yes,mattress,0.5
3409637,ANCHOR_01,52:06:26:03:01:DA,-69,MFG_4C000215FDA50693A4E24FB1AFCFC6EB0764782500010002D8,2.0,Yes,mattress,0.5
3410627,ANCHOR_01,52:06:26:03:01:DA,-70,MFG_4C000215FDA50693A4E24FB1AFCFC6EB0764782500010002D8,2.0,Yes,mattress,0.5
3411647,ANCHOR_01,52:06:26:03:01:DA,-73,MFG_4C000215FDA50693A4E24FB1AFCFC6EB0764782500010002D8,2.0,Yes,mattress,0.5
3412667,ANCHOR_01,52:06:26:03:01:DA,-81,MFG_4C000215FDA50693A4E24FB1AFCFC6EB0764782500010002D8,2.0,Yes,mattress,0.5
3413657,ANCHOR_01,52:06:26:03:01:DA,-82,MFG_4C000215FDA50693A4E24FB1AFCFC6EB0764782500010002D8,2.0,Yes,mattress,0.5
3414647,ANCHOR_01,52:06:26:03:01:DA,-83,MFG_4C000215FDA50693A4E24FB1AFCFC6EB0764782500010002D8,2.0,Yes,mattress,0.5
3415667,ANCHOR_01,52:06:26:03:01:DA,-69,MFG_4C000215FDA50693A4E24FB1AFCFC6EB0764782500010002D8,2.0,Yes,mattress,0.5
3416657,ANCHOR_01,52:06:26:03:01:DA,-70,MFG_4C000215FDA50693A4E24FB1AFCFC6EB0764782500010002D8,2.0,Yes,mattress,0.5
3417677,ANCHOR_01,52:06:26:03:01:DA,-72,MFG_4C000215FDA50693A4E24FB1AFCFC6EB0764782500010002D8,2.0,Yes,mattress,0.5
3418697,ANCHOR_01,52:06:26:03:01:DA,-84,MFG_4C000215FDA50693A4E24FB1AFCFC6EB0764782500010002D8,2.0,Yes,mattress,0.5
3419677,ANCHOR_01,52:06:26:03:01:DA,-82,MFG_4C000215FDA50693A4E24FB1AFCFC6EB0764782500010002D8,2.0,Yes,mattress,0.5
3420707,ANCHOR_01,52:06:26:03:01:DA,-69,MFG_4C000215FDA50693A4E24FB1AFCFC6EB0764782500010002D8,2.0,Yes,mattress,0.5
3421687,ANCHOR_01,52:06:26:03:01:DA,-69,MFG_4C000215FDA50693A4E24FB1AFCFC6EB0764782500010002D8,2.0,Yes,mattress,0.5
3422687,ANCHOR_01,52:06:26:03:01:DA,-69,MFG_4C000215FDA50693A4E24FB1AFCFC6EB0764782500010002D8,2.0,Yes,mattress,0.5
3423687,ANCHOR_01,52:06:26:03:01:DA,-73,MFG_4C000215FDA50693A4E24FB1AFCFC6EB0764782500010002D8,2.0,Yes,mattress,0.5
3424697,ANCHOR_01,52:06:26:03:01:DA,-73,MFG_4C000215FDA50693A4E24FB1AFCFC6EB0764782500010002D8,2.0,Yes,mattress,0.5
3425717,ANCHOR_01,52:06:26:03:01:DA,-83,MFG_4C000215FDA50693A4E24FB1AFCFC6EB0764782500010002D8,2.0,Yes,mattress,0.5
3426707,ANCHOR_01,52:06:26:03:01:DA,-81,MFG_4C000215FDA50693A4E24FB1AFCFC6EB0764782500010002D8,2.0,Yes,mattress,0.5
3427727,ANCHOR_01,52:06:26:03:01:DA,-69,MFG_4C000215FDA50693A4E24FB1AFCFC6EB0764782500010002D8,2.0,Yes,mattress,0.5
3428707,ANCHOR_01,52:06:26:03:01:DA,-70,MFG_4C000215FDA50693A4E24FB1AFCFC6EB0764782500010002D8,2.0,Yes,mattress,0.5
3430717,ANCHOR_01,52:06:26:03:01:DA,-73,MFG_4C000215FDA50693A4E24FB1AFCFC6EB0764782500010002D8,2.0,Yes,mattress,0.5
3431717,ANCHOR_01,52:06:26:03:01:DA,-72,MFG_4C000215FDA50693A4E24FB1AFCFC6EB0764782500010002D8,2.0,Yes,mattress,0.5
3432737,ANCHOR_01,52:06:26:03:01:DA,-84,MFG_4C000215FDA50693A4E24FB1AFCFC6EB0764782500010002D8,2.0,Yes,mattress,0.5
3433727,ANCHOR_01,52:06:26:03:01:DA,-82,MFG_4C000215FDA50693A4E24FB1AFCFC6EB0764782500010002D8,2.0,Yes,mattress,0.5
3434747,ANCHOR_01,52:06:26:03:01:DA,-70,MFG_4C000215FDA50693A4E24FB1AFCFC6EB0764782500010002D8,2.0,Yes,mattress,0.5
3435737,ANCHOR_01,52:06:26:03:01:DA,-70,MFG_4C000215FDA50693A4E24FB1AFCFC6EB0764782500010002D8,2.0,Yes,mattress,0.5
3436727,ANCHOR_01,52:06:26:03:01:DA,-69,MFG_4C000215FDA50693A4E24FB1AFCFC6EB0764782500010002D8,2.0,Yes,mattress,0.5
3437747,ANCHOR_01,52:06:26:03:01:DA,-73,MFG_4C000215FDA50693A4E24FB1AFCFC6EB0764782500010002D8,2.0,Yes,mattress,0.5
3438737,ANCHOR_01,52:06:26:03:01:DA,-72,MFG_4C000215FDA50693A4E24FB1AFCFC6EB0764782500010002D8,2.0,Yes,mattress,0.5
3439747,ANCHOR_01,52:06:26:03:01:DA,-83,MFG_4C000215FDA50693A4E24FB1AFCFC6EB0764782500010002D8,2.0,Yes,mattress,0.5
3440747,ANCHOR_01,52:06:26:03:01:DA,-83,MFG_4C000215FDA50693A4E24FB1AFCFC6EB0764782500010002D8,2.0,Yes,mattress,0.5
3442757,ANCHOR_01,52:06:26:03:01:DA,-69,MFG_4C000215FDA50693A4E24FB1AFCFC6EB0764782500010002D8,2.0,Yes,mattress,0.5
3443747,ANCHOR_01,52:06:26:03:01:DA,-69,MFG_4C000215FDA50693A4E24FB1AFCFC6EB0764782500010002D8,2.0,Yes,mattress,0.5
3444757,ANCHOR_01,52:06:26:03:01:DA,-72,MFG_4C000215FDA50693A4E24FB1AFCFC6EB0764782500010002D8,2.0,Yes,mattress,0.5
3446777,ANCHOR_01,52:06:26:03:01:DA,-83,MFG_4C000215FDA50693A4E24FB1AFCFC6EB0764782500010002D8,2.0,Yes,mattress,0.5
3448787,ANCHOR_01,52:06:26:03:01:DA,-69,MFG_4C000215FDA50693A4E24FB1AFCFC6EB0764782500010002D8,2.0,Yes,mattress,0.5
3450787,ANCHOR_01,52:06:26:03:01:DA,-73,MFG_4C000215FDA50693A4E24FB1AFCFC6EB0764782500010002D8,2.0,Yes,mattress,0.5
3451787,ANCHOR_01,52:06:26:03:01:DA,-72,MFG_4C000215FDA50693A4E24FB1AFCFC6EB0764782500010002D8,2.0,Yes,mattress,0.5
3452807,ANCHOR_01,52:06:26:03:01:DA,-82,MFG_4C000215FDA50693A4E24FB1AFCFC6EB0764782500010002D8,2.0,Yes,mattress,0.5
3453827,ANCHOR_01,52:06:26:03:01:DA,-69,MFG_4C000215FDA50693A4E24FB1AFCFC6EB0764782500010002D8,2.0,Yes,mattress,0.5
3454817,ANCHOR_01,52:06:26:03:01:DA,-69,MFG_4C000215FDA50693A4E24FB1AFCFC6EB0764782500010002D8,2.0,Yes,mattress,0.5
3456817,ANCHOR_01,52:06:26:03:01:DA,-73,MFG_4C000215FDA50693A4E24FB1AFCFC6EB0764782500010002D8,2.0,Yes,mattress,0.5
3457847,ANCHOR_01,52:06:26:03:01:DA,-81,MFG_4C000215FDA50693A4E24FB1AFCFC6EB0764782500010002D8,2.0,Yes,mattress,0.5
3458837,ANCHOR_01,52:06:26:03:01:DA,-81,MFG_4C000215FDA50693A4E24FB1AFCFC6EB0764782500010002D8,2.0,Yes,mattress,0.5
3459857,ANCHOR_01,52:06:26:03:01:DA,-69,MFG_4C000215FDA50693A4E24FB1AFCFC6EB0764782500010002D8,2.0,Yes,mattress,0.5
3460847,ANCHOR_01,52:06:26:03:01:DA,-69,MFG_4C000215FDA50693A4E24FB1AFCFC6EB0764782500010002D8,2.0,Yes,mattress,0.5
3461867,ANCHOR_01,52:06:26:03:01:DA,-72,MFG_4C000215FDA50693A4E24FB1AFCFC6EB0764782500010002D8,2.0,Yes,mattress,0.5
3462877,ANCHOR_01,52:06:26:03:01:DA,-83,MFG_4C000215FDA50693A4E24FB1AFCFC6EB0764782500010002D8,2.0,Yes,mattress,0.5
3463877,ANCHOR_01,52:06:26:03:01:DA,-83,MFG_4C000215FDA50693A4E24FB1AFCFC6EB0764782500010002D8,2.0,Yes,mattress,0.5
3465887,ANCHOR_01,52:06:26:03:01:DA,-69,MFG_4C000215FDA50693A4E24FB1AFCFC6EB0764782500010002D8,2.0,Yes,mattress,0.5
3466877,ANCHOR_01,52:06:26:03:01:DA,-70,MFG_4C000215FDA50693A4E24FB1AFCFC6EB0764782500010002D8,2.0,Yes,mattress,0.5
3467887,ANCHOR_01,52:06:26:03:01:DA,-73,MFG_4C000215FDA50693A4E24FB1AFCFC6EB0764782500010002D8,2.0,Yes,mattress,0.5
3469897,ANCHOR_01,52:06:26:03:01:DA,-83,MFG_4C000215FDA50693A4E24FB1AFCFC6EB0764782500010002D8,2.0,Yes,mattress,0.5
3470927,ANCHOR_01,52:06:26:03:01:DA,-69,MFG_4C000215FDA50693A4E24FB1AFCFC6EB0764782500010002D8,2.0,Yes,mattress,0.5
3471917,ANCHOR_01,52:06:26:03:01:DA,-70,MFG_4C000215FDA50693A4E24FB1AFCFC6EB0764782500010002D8,2.0,Yes,mattress,0.5
3472937,ANCHOR_01,52:06:26:03:01:DA,-73,MFG_4C000215FDA50693A4E24FB1AFCFC6EB0764782500010002D8,2.0,Yes,mattress,0.5
3473927,ANCHOR_01,52:06:26:03:01:DA,-72,MFG_4C000215FDA50693A4E24FB1AFCFC6EB0764782500010002D8,2.0,Yes,mattress,0.5
3474917,ANCHOR_01,52:06:26:03:01:DA,-72,MFG_4C000215FDA50693A4E24FB1AFCFC6EB0764782500010002D8,2.0,Yes,mattress,0.5
3475937,ANCHOR_01,52:06:26:03:01:DA,-81,MFG_4C000215FDA50693A4E24FB1AFCFC6EB0764782500010002D8,2.0,Yes,mattress,0.5
3476927,ANCHOR_01,52:06:26:03:01:DA,-82,MFG_4C000215FDA50693A4E24FB1AFCFC6EB0764782500010002D8,2.0,Yes,mattress,0.5
3477947,ANCHOR_01,52:06:26:03:01:DA,-70,MFG_4C000215FDA50693A4E24FB1AFCFC6EB0764782500010002D8,2.0,Yes,mattress,0.5
3478967,ANCHOR_01,52:06:26:03:01:DA,-73,MFG_4C000215FDA50693A4E24FB1AFCFC6EB0764782500010002D8,2.0,Yes,mattress,0.5
3479947,ANCHOR_01,52:06:26:03:01:DA,-73,MFG_4C000215FDA50693A4E24FB1AFCFC6EB0764782500010002D8,2.0,Yes,mattress,0.5
3480977,ANCHOR_01,52:06:26:03:01:DA,-83,MFG_4C000215FDA50693A4E24FB1AFCFC6EB0764782500010002D8,2.0,Yes,mattress,0.5
3481967,ANCHOR_01,52:06:26:03:01:DA,-83,MFG_4C000215FDA50693A4E24FB1AFCFC6EB0764782500010002D8,2.0,Yes,mattress,0.5
3482977,ANCHOR_01,52:06:26:03:01:DA,-69,MFG_4C000215FDA50693A4E24FB1AFCFC6EB0764782500010002D8,2.0,Yes,mattress,0.5
3483967,ANCHOR_01,52:06:26:03:01:DA,-69,MFG_4C000215FDA50693A4E24FB1AFCFC6EB0764782500010002D8,2.0,Yes,mattress,0.5
3485987,ANCHOR_01,52:06:26:03:01:DA,-72,MFG_4C000215FDA50693A4E24FB1AFCFC6EB0764782500010002D8,2.0,Yes,mattress,0.5
3486977,ANCHOR_01,52:06:26:03:01:DA,-73,MFG_4C000215FDA50693A4E24FB1AFCFC6EB0764782500010002D8,2.0,Yes,mattress,0.5
3487997,ANCHOR_01,52:06:26:03:01:DA,-84,MFG_4C000215FDA50693A4E24FB1AFCFC6EB0764782500010002D8,2.0,Yes,mattress,0.5
3489987,ANCHOR_01,52:06:26:03:01:DA,-70,MFG_4C000215FDA50693A4E24FB1AFCFC6EB0764782500010002D8,2.0,Yes,mattress,0.5
3490997,ANCHOR_01,52:06:26:03:01:DA,-70,MFG_4C000215FDA50693A4E24FB1AFCFC6EB0764782500010002D8,2.0,Yes,mattress,0.5
3492017,ANCHOR_01,52:06:26:03:01:DA,-72,MFG_4C000215FDA50693A4E24FB1AFCFC6EB0764782500010002D8,2.0,Yes,mattress,0.5
3493007,ANCHOR_01,52:06:26:03:01:DA,-73,MFG_4C000215FDA50693A4E24FB1AFCFC6EB0764782500010002D8,2.0,Yes,mattress,0.5
3494007,ANCHOR_01,52:06:26:03:01:DA,-83,MFG_4C000215FDA50693A4E24FB1AFCFC6EB0764782500010002D8,2.0,Yes,mattress,0.5
3496017,ANCHOR_01,52:06:26:03:01:DA,-69,MFG_4C000215FDA50693A4E24FB1AFCFC6EB0764782500010002D8,2.0,Yes,mattress,0.5
3497027,ANCHOR_01,52:06:26:03:01:DA,-69,MFG_4C000215FDA50693A4E24FB1AFCFC6EB0764782500010002D8,2.0,Yes,mattress,0.5
3498037,ANCHOR_01,52:06:26:03:01:DA,-72,MFG_4C000215FDA50693A4E24FB1AFCFC6EB0764782500010002D8,2.0,Yes,mattress,0.5
3499067,ANCHOR_01,52:06:26:03:01:DA,-83,MFG_4C000215FDA50693A4E24FB1AFCFC6EB0764782500010002D8,2.0,Yes,mattress,0.5
3500057,ANCHOR_01,52:06:26:03:01:DA,-84,MFG_4C000215FDA50693A4E24FB1AFCFC6EB0764782500010002D8,2.0,Yes,mattress,0.5
3501077,ANCHOR_01,52:06:26:03:01:DA,-69,MFG_4C000215FDA50693A4E24FB1AFCFC6EB0764782500010002D8,2.0,Yes,mattress,0.5
3503087,ANCHOR_01,52:06:26:03:01:DA,-73,MFG_4C000215FDA50693A4E24FB1AFCFC6EB0764782500010002D8,2.0,Yes,mattress,0.5
3504077,ANCHOR_01,52:06:26:03:01:DA,-73,MFG_4C000215FDA50693A4E24FB1AFCFC6EB0764782500010002D8,2.0,Yes,mattress,0.5
3505097,ANCHOR_01,52:06:26:03:01:DA,-84,MFG_4C000215FDA50693A4E24FB1AFCFC6EB0764782500010002D8,2.0,Yes,mattress,0.5
3506087,ANCHOR_01,52:06:26:03:01:DA,-84,MFG_4C000215FDA50693A4E24FB1AFCFC6EB0764782500010002D8,2.0,Yes,mattress,0.5
3507107,ANCHOR_01,52:06:26:03:01:DA,-70,MFG_4C000215FDA50693A4E24FB1AFCFC6EB0764782500010002D8,2.0,Yes,mattress,0.5
3508097,ANCHOR_01,52:06:26:03:01:DA,-69,MFG_4C000215FDA50693A4E24FB1AFCFC6EB0764782500010002D8,2.0,Yes,mattress,0.5
3509097,ANCHOR_01,52:06:26:03:01:DA,-72,MFG_4C000215FDA50693A4E24FB1AFCFC6EB0764782500010002D8,2.0,Yes,mattress,0.5
3510107,ANCHOR_01,52:06:26:03:01:DA,-72,MFG_4C000215FDA50693A4E24FB1AFCFC6EB0764782500010002D8,2.0,Yes,mattress,0.5
3511127,ANCHOR_01,52:06:26:03:01:DA,-84,MFG_4C000215FDA50693A4E24FB1AFCFC6EB0764782500010002D8,2.0,Yes,mattress,0.5
3512117,ANCHOR_01,52:06:26:03:01:DA,-81,MFG_4C000215FDA50693A4E24FB1AFCFC6EB0764782500010002D8,2.0,Yes,mattress,0.5
3514127,ANCHOR_01,52:06:26:03:01:DA,-69,MFG_4C000215FDA50693A4E24FB1AFCFC6EB0764782500010002D8,2.0,Yes,mattress,0.5
3515147,ANCHOR_01,52:06:26:03:01:DA,-72,MFG_4C000215FDA50693A4E24FB1AFCFC6EB0764782500010002D8,2.0,Yes,mattress,0.5
3516127,ANCHOR_01,52:06:26:03:01:DA,-72,MFG_4C000215FDA50693A4E24FB1AFCFC6EB0764782500010002D8,2.0,Yes,mattress,0.5
3518127,ANCHOR_01,52:06:26:03:01:DA,-83,MFG_4C000215FDA50693A4E24FB1AFCFC6EB0764782500010002D8,2.0,Yes,mattress,0.5
3519137,ANCHOR_01,52:06:26:03:01:DA,-83,MFG_4C000215FDA50693A4E24FB1AFCFC6EB0764782500010002D8,2.0,Yes,mattress,0.5
3521147,ANCHOR_01,52:06:26:03:01:DA,-70,MFG_4C000215FDA50693A4E24FB1AFCFC6EB0764782500010002D8,2.0,Yes,mattress,0.5
3522167,ANCHOR_01,52:06:26:03:01:DA,-72,MFG_4C000215FDA50693A4E24FB1AFCFC6EB0764782500010002D8,2.0,Yes,mattress,0.5
3524177,ANCHOR_01,52:06:26:03:01:DA,-82,MFG_4C000215FDA50693A4E24FB1AFCFC6EB0764782500010002D8,2.0,Yes,mattress,0.5
3525167,ANCHOR_01,52:06:26:03:01:DA,-82,MFG_4C000215FDA50693A4E24FB1AFCFC6EB0764782500010002D8,2.0,Yes,mattress,0.5
3526187,ANCHOR_01,52:06:26:03:01:DA,-69,MFG_4C000215FDA50693A4E24FB1AFCFC6EB0764782500010002D8,2.0,Yes,mattress,0.5
3527207,ANCHOR_01,52:06:26:03:01:DA,-72,MFG_4C000215FDA50693A4E24FB1AFCFC6EB0764782500010002D8,2.0,Yes,mattress,0.5
3528187,ANCHOR_01,52:06:26:03:01:DA,-73,MFG_4C000215FDA50693A4E24FB1AFCFC6EB0764782500010002D8,2.0,Yes,mattress,0.5
3529217,ANCHOR_01,52:06:26:03:01:DA,-84,MFG_4C000215FDA50693A4E24FB1AFCFC6EB0764782500010002D8,2.0,Yes,mattress,0.5
3530197,ANCHOR_01,52:06:26:03:01:DA,-83,MFG_4C000215FDA50693A4E24FB1AFCFC6EB0764782500010002D8,2.0,Yes,mattress,0.5
3531227,ANCHOR_01,52:06:26:03:01:DA,-70,MFG_4C000215FDA50693A4E24FB1AFCFC6EB0764782500010002D8,2.0,Yes,mattress,0.5
3532217,ANCHOR_01,52:06:26:03:01:DA,-69,MFG_4C000215FDA50693A4E24FB1AFCFC6EB0764782500010002D8,2.0,Yes,mattress,0.5
3533207,ANCHOR_01,52:06:26:03:01:DA,-70,MFG_4C000215FDA50693A4E24FB1AFCFC6EB0764782500010002D8,2.0,Yes,mattress,0.5
3534227,ANCHOR_01,52:06:26:03:01:DA,-73,MFG_4C000215FDA50693A4E24FB1AFCFC6EB0764782500010002D8,2.0,Yes,mattress,0.5
3535217,ANCHOR_01,52:06:26:03:01:DA,-72,MFG_4C000215FDA50693A4E24FB1AFCFC6EB0764782500010002D8,2.0,Yes,mattress,0.5
3536217,ANCHOR_01,52:06:26:03:01:DA,-82,MFG_4C000215FDA50693A4E24FB1AFCFC6EB0764782500010002D8,2.0,Yes,mattress,0.5
3538247,ANCHOR_01,52:06:26:03:01:DA,-69,MFG_4C000215FDA50693A4E24FB1AFCFC6EB0764782500010002D8,2.0,Yes,mattress,0.5
3539237,ANCHOR_01,52:06:26:03:01:DA,-69,MFG_4C000215FDA50693A4E24FB1AFCFC6EB0764782500010002D8,2.0,Yes,mattress,0.5
3540257,ANCHOR_01,52:06:26:03:01:DA,-73,MFG_4C000215FDA50693A4E24FB1AFCFC6EB0764782500010002D8,2.0,Yes,mattress,0.5
3541277,ANCHOR_01,52:06:26:03:01:DA,-83,MFG_4C000215FDA50693A4E24FB1AFCFC6EB0764782500010002D8,2.0,Yes,mattress,0.5
3542267,ANCHOR_01,52:06:26:03:01:DA,-82,MFG_4C000215FDA50693A4E24FB1AFCFC6EB0764782500010002D8,2.0,Yes,mattress,0.5
3543257,ANCHOR_01,52:06:26:03:01:DA,-83,MFG_4C000215FDA50693A4E24FB1AFCFC6EB0764782500010002D8,2.0,Yes,mattress,0.5
3544277,ANCHOR_01,52:06:26:03:01:DA,-70,MFG_4C000215FDA50693A4E24FB1AFCFC6EB0764782500010002D8,2.0,Yes,mattress,0.5
3545267,ANCHOR_01,52:06:26:03:01:DA,-69,MFG_4C000215FDA50693A4E24FB1AFCFC6EB0764782500010002D8,2.0,Yes,mattress,0.5
3546287,ANCHOR_01,52:06:26:03:01:DA,-73,MFG_4C000215FDA50693A4E24FB1AFCFC6EB0764782500010002D8,2.0,Yes,mattress,0.5
3547277,ANCHOR_01,52:06:26:03:01:DA,-72,MFG_4C000215FDA50693A4E24FB1AFCFC6EB0764782500010002D8,2.0,Yes,mattress,0.5
3548297,ANCHOR_01,52:06:26:03:01:DA,-83,MFG_4C000215FDA50693A4E24FB1AFCFC6EB0764782500010002D8,2.0,Yes,mattress,0.5
3549277,ANCHOR_01,52:06:26:03:01:DA,-81,MFG_4C000215FDA50693A4E24FB1AFCFC6EB0764782500010002D8,2.0,Yes,mattress,0.5
3550307,ANCHOR_01,52:06:26:03:01:DA,-69,MFG_4C000215FDA50693A4E24FB1AFCFC6EB0764782500010002D8,2.0,Yes,mattress,0.5
3551287,ANCHOR_01,52:06:26:03:01:DA,-70,MFG_4C000215FDA50693A4E24FB1AFCFC6EB0764782500010002D8,2.0,Yes,mattress,0.5
3552317,ANCHOR_01,52:06:26:03:01:DA,-73,MFG_4C000215FDA50693A4E24FB1AFCFC6EB0764782500010002D8,2.0,Yes,mattress,0.5
3553307,ANCHOR_01,52:06:26:03:01:DA,-72,MFG_4C000215FDA50693A4E24FB1AFCFC6EB0764782500010002D8,2.0,Yes,mattress,0.5
3554317,ANCHOR_01,52:06:26:03:01:DA,-84,MFG_4C000215FDA50693A4E24FB1AFCFC6EB0764782500010002D8,2.0,Yes,mattress,0.5
3555307,ANCHOR_01,52:06:26:03:01:DA,-81,MFG_4C000215FDA50693A4E24FB1AFCFC6EB0764782500010002D8,2.0,Yes,mattress,0.5
3556337,ANCHOR_01,52:06:26:03:01:DA,-70,MFG_4C000215FDA50693A4E24FB1AFCFC6EB0764782500010002D8,2.0,Yes,mattress,0.5
3557317,ANCHOR_01,52:06:26:03:01:DA,-69,MFG_4C000215FDA50693A4E24FB1AFCFC6EB0764782500010002D8,2.0,Yes,mattress,0.5
3558347,ANCHOR_01,52:06:26:03:01:DA,-72,MFG_4C000215FDA50693A4E24FB1AFCFC6EB0764782500010002D8,2.0,Yes,mattress,0.5
3559337,ANCHOR_01,52:06:26:03:01:DA,-72,MFG_4C000215FDA50693A4E24FB1AFCFC6EB0764782500010002D8,2.0,Yes,mattress,0.5
3560357,ANCHOR_01,52:06:26:03:01:DA,-81,MFG_4C000215FDA50693A4E24FB1AFCFC6EB0764782500010002D8,2.0,Yes,mattress,0.5
3562357,ANCHOR_01,52:06:26:03:01:DA,-70,MFG_4C000215FDA50693A4E24FB1AFCFC6EB0764782500010002D8,2.0,Yes,mattress,0.5
3563357,ANCHOR_01,52:06:26:03:01:DA,-69,MFG_4C000215FDA50693A4E24FB1AFCFC6EB0764782500010002D8,2.0,Yes,mattress,0.5
3564377,ANCHOR_01,52:06:26:03:01:DA,-72,MFG_4C000215FDA50693A4E24FB1AFCFC6EB0764782500010002D8,2.0,Yes,mattress,0.5
3565367,ANCHOR_01,52:06:26:03:01:DA,-72,MFG_4C000215FDA50693A4E24FB1AFCFC6EB0764782500010002D8,2.0,Yes,mattress,0.5
3566377,ANCHOR_01,52:06:26:03:01:DA,-83,MFG_4C000215FDA50693A4E24FB1AFCFC6EB0764782500010002D8,2.0,Yes,mattress,0.5
3568387,ANCHOR_01,52:06:26:03:01:DA,-69,MFG_4C000215FDA50693A4E24FB1AFCFC6EB0764782500010002D8,2.0,Yes,mattress,0.5
3569377,ANCHOR_01,52:06:26:03:01:DA,-70,MFG_4C000215FDA50693A4E24FB1AFCFC6EB0764782500010002D8,2.0,Yes,mattress,0.5
3570407,ANCHOR_01,52:06:26:03:01:DA,-72,MFG_4C000215FDA50693A4E24FB1AFCFC6EB0764782500010002D8,2.0,Yes,mattress,0.5
3571387,ANCHOR_01,52:06:26:03:01:DA,-72,MFG_4C000215FDA50693A4E24FB1AFCFC6EB0764782500010002D8,2.0,Yes,mattress,0.5
3572417,ANCHOR_01,52:06:26:03:01:DA,-82,MFG_4C000215FDA50693A4E24FB1AFCFC6EB0764782500010002D8,2.0,Yes,mattress,0.5
3573407,ANCHOR_01,52:06:26:03:01:DA,-81,MFG_4C000215FDA50693A4E24FB1AFCFC6EB0764782500010002D8,2.0,Yes,mattress,0.5
3574427,ANCHOR_01,52:06:26:03:01:DA,-70,MFG_4C000215FDA50693A4E24FB1AFCFC6EB0764782500010002D8,2.0,Yes,mattress,0.5
3575407,ANCHOR_01,52:06:26:03:01:DA,-70,MFG_4C000215FDA50693A4E24FB1AFCFC6EB0764782500010002D8,2.0,Yes,mattress,0.5
3576407,ANCHOR_01,52:06:26:03:01:DA,-70,MFG_4C000215FDA50693A4E24FB1AFCFC6EB0764782500010002D8,2.0,Yes,mattress,0.5
3577427,ANCHOR_01,52:06:26:03:01:DA,-73,MFG_4C000215FDA50693A4E24FB1AFCFC6EB0764782500010002D8,2.0,Yes,mattress,0.5
3578447,ANCHOR_01,52:06:26:03:01:DA,-82,MFG_4C000215FDA50693A4E24FB1AFCFC6EB0764782500010002D8,2.0,Yes,mattress,0.5
3579437,ANCHOR_01,52:06:26:03:01:DA,-82,MFG_4C000215FDA50693A4E24FB1AFCFC6EB0764782500010002D8,2.0,Yes,mattress,0.5
3580457,ANCHOR_01,52:06:26:03:01:DA,-69,MFG_4C000215FDA50693A4E24FB1AFCFC6EB0764782500010002D8,2.0,Yes,mattress,0.5
3581447,ANCHOR_01,52:06:26:03:01:DA,-70,MFG_4C000215FDA50693A4E24FB1AFCFC6EB0764782500010002D8,2.0,Yes,mattress,0.5
3582457,ANCHOR_01,52:06:26:03:01:DA,-73,MFG_4C000215FDA50693A4E24FB1AFCFC6EB0764782500010002D8,2.0,Yes,mattress,0.5
3583457,ANCHOR_01,52:06:26:03:01:DA,-72,MFG_4C000215FDA50693A4E24FB1AFCFC6EB0764782500010002D8,2.0,Yes,mattress,0.5
3584477,ANCHOR_01,52:06:26:03:01:DA,-82,MFG_4C000215FDA50693A4E24FB1AFCFC6EB0764782500010002D8,2.0,Yes,mattress,0.5
3586487,ANCHOR_01,52:06:26:03:01:DA,-70,MFG_4C000215FDA50693A4E24FB1AFCFC6EB0764782500010002D8,2.0,Yes,mattress,0.5
3587507,ANCHOR_01,52:06:26:03:01:DA,-72,MFG_4C000215FDA50693A4E24FB1AFCFC6EB0764782500010002D8,2.0,Yes,mattress,0.5
3588497,ANCHOR_01,52:06:26:03:01:DA,-72,MFG_4C000215FDA50693A4E24FB1AFCFC6EB0764782500010002D8,2.0,Yes,mattress,0.5
3589497,ANCHOR_01,52:06:26:03:01:DA,-83,MFG_4C000215FDA50693A4E24FB1AFCFC6EB0764782500010002D8,2.0,Yes,mattress,0.5
3590507,ANCHOR_01,52:06:26:03:01:DA,-84,MFG_4C000215FDA50693A4E24FB1AFCFC6EB0764782500010002D8,2.0,Yes,mattress,0.5
3591527,ANCHOR_01,52:06:26:03:01:DA,-69,MFG_4C000215FDA50693A4E24FB1AFCFC6EB0764782500010002D8,2.0,Yes,mattress,0.5
3592517,ANCHOR_01,52:06:26:03:01:DA,-69,MFG_4C000215FDA50693A4E24FB1AFCFC6EB0764782500010002D8,2.0,Yes,mattress,0.5
3593537,ANCHOR_01,52:06:26:03:01:DA,-72,MFG_4C000215FDA50693A4E24FB1AFCFC6EB0764782500010002D8,2.0,Yes,mattress,0.5
3594527,ANCHOR_01,52:06:26:03:01:DA,-72,MFG_4C000215FDA50693A4E24FB1AFCFC6EB0764782500010002D8,2.0,Yes,mattress,0.5
3595547,ANCHOR_01,52:06:26:03:01:DA,-82,MFG_4C000215FDA50693A4E24FB1AFCFC6EB0764782500010002D8,2.0,Yes,mattress,0.5
3596537,ANCHOR_01,52:06:26:03:01:DA,-84,MFG_4C000215FDA50693A4E24FB1AFCFC6EB0764782500010002D8,2.0,Yes,mattress,0.5
3597537,ANCHOR_01,52:06:26:03:01:DA,-69,MFG_4C000215FDA50693A4E24FB1AFCFC6EB0764782500010002D8,2.0,Yes,mattress,0.5
3598547,ANCHOR_01,52:06:26:03:01:DA,-70,MFG_4C000215FDA50693A4E24FB1AFCFC6EB0764782500010002D8,2.0,Yes,mattress,0.5
3599567,ANCHOR_01,52:06:26:03:01:DA,-72,MFG_4C000215FDA50693A4E24FB1AFCFC6EB0764782500010002D8,2.0,Yes,mattress,0.5
3600557,ANCHOR_01,52:06:26:03:01:DA,-72,MFG_4C000215FDA50693A4E24FB1AFCFC6EB0764782500010002D8,2.0,Yes,mattress,0.5
3601577,ANCHOR_01,52:06:26:03:01:DA,-82,MFG_4C000215FDA50693A4E24FB1AFCFC6EB0764782500010002D8,2.0,Yes,mattress,0.5
3602567,ANCHOR_01,52:06:26:03:01:DA,-83,MFG_4C000215FDA50693A4E24FB1AFCFC6EB0764782500010002D8,2.0,Yes,mattress,0.5
3603567,ANCHOR_01,52:06:26:03:01:DA,-70,MFG_4C000215FDA50693A4E24FB1AFCFC6EB0764782500010002D8,2.0,Yes,mattress,0.5
3604577,ANCHOR_01,52:06:26:03:01:DA,-70,MFG_4C000215FDA50693A4E24FB1AFCFC6EB0764782500010002D8,2.0,Yes,mattress,0.5
3605567,ANCHOR_01,52:06:26:03:01:DA,-69,MFG_4C000215FDA50693A4E24FB1AFCFC6EB0764782500010002D8,2.0,Yes,mattress,0.5
3606587,ANCHOR_01,52:06:26:03:01:DA,-73,MFG_4C000215FDA50693A4E24FB1AFCFC6EB0764782500010002D8,2.0,Yes,mattress,0.5
3607577,ANCHOR_01,52:06:26:03:01:DA,-72,MFG_4C000215FDA50693A4E24FB1AFCFC6EB0764782500010002D8,2.0,Yes,mattress,0.5
3608577,ANCHOR_01,52:06:26:03:01:DA,-81,MFG_4C000215FDA50693A4E24FB1AFCFC6EB0764782500010002D8,2.0,Yes,mattress,0.5
3609587,ANCHOR_01,52:06:26:03:01:DA,-81,MFG_4C000215FDA50693A4E24FB1AFCFC6EB0764782500010002D8,2.0,Yes,mattress,0.5
3610597,ANCHOR_01,52:06:26:03:01:DA,-70,MFG_4C000215FDA50693A4E24FB1AFCFC6EB0764782500010002D8,2.0,Yes,mattress,0.5
3611597,ANCHOR_01,52:06:26:03:01:DA,-70,MFG_4C000215FDA50693A4E24FB1AFCFC6EB0764782500010002D8,2.0,Yes,mattress,0.5
3612617,ANCHOR_01,52:06:26:03:01:DA,-72,MFG_4C000215FDA50693A4E24FB1AFCFC6EB0764782500010002D8,2.0,Yes,mattress,0.5
3613597,ANCHOR_01,52:06:26:03:01:DA,-73,MFG_4C000215FDA50693A4E24FB1AFCFC6EB0764782500010002D8,2.0,Yes,mattress,0.5
3614627,ANCHOR_01,52:06:26:03:01:DA,-82,MFG_4C000215FDA50693A4E24FB1AFCFC6EB0764782500010002D8,2.0,Yes,mattress,0.5
3615617,ANCHOR_01,52:06:26:03:01:DA,-82,MFG_4C000215FDA50693A4E24FB1AFCFC6EB0764782500010002D8,2.0,Yes,mattress,0.5
3616607,ANCHOR_01,52:06:26:03:01:DA,-82,MFG_4C000215FDA50693A4E24FB1AFCFC6EB0764782500010002D8,2.0,Yes,mattress,0.5
3617627,ANCHOR_01,52:06:26:03:01:DA,-69,MFG_4C000215FDA50693A4E24FB1AFCFC6EB0764782500010002D8,2.0,Yes,mattress,0.5
3618617,ANCHOR_01,52:06:26:03:01:DA,-70,MFG_4C000215FDA50693A4E24FB1AFCFC6EB0764782500010002D8,2.0,Yes,mattress,0.5
3619637,ANCHOR_01,52:06:26:03:01:DA,-73,MFG_4C000215FDA50693A4E24FB1AFCFC6EB0764782500010002D8,2.0,Yes,mattress,0.5
3620627,ANCHOR_01,52:06:26:03:01:DA,-73,MFG_4C000215FDA50693A4E24FB1AFCFC6EB0764782500010002D8,2.0,Yes,mattress,0.5
3621647,ANCHOR_01,52:06:26:03:01:DA,-83,MFG_4C000215FDA50693A4E24FB1AFCFC6EB0764782500010002D8,2.0,Yes,mattress,0.5
3623637,ANCHOR_01,52:06:26:03:01:DA,-69,MFG_4C000215FDA50693A4E24FB1AFCFC6EB0764782500010002D8,2.0,Yes,mattress,0.5
3624647,ANCHOR_01,52:06:26:03:01:DA,-69,MFG_4C000215FDA50693A4E24FB1AFCFC6EB0764782500010002D8,2.0,Yes,mattress,0.5
3625667,ANCHOR_01,52:06:26:03:01:DA,-72,MFG_4C000215FDA50693A4E24FB1AFCFC6EB0764782500010002D8,2.0,Yes,mattress,0.5
3626687,ANCHOR_01,52:06:26:03:01:DA,-84,MFG_4C000215FDA50693A4E24FB1AFCFC6EB0764782500010002D8,2.0,Yes,mattress,0.5
3627677,ANCHOR_01,52:06:26:03:01:DA,-83,MFG_4C000215FDA50693A4E24FB1AFCFC6EB0764782500010002D8,2.0,Yes,mattress,0.5
3628677,ANCHOR_01,52:06:26:03:01:DA,-70,MFG_4C000215FDA50693A4E24FB1AFCFC6EB0764782500010002D8,2.0,Yes,mattress,0.5
3629687,ANCHOR_01,52:06:26:03:01:DA,-69,MFG_4C000215FDA50693A4E24FB1AFCFC6EB0764782500010002D8,2.0,Yes,mattress,0.5
3630707,ANCHOR_01,52:06:26:03:01:DA,-72,MFG_4C000215FDA50693A4E24FB1AFCFC6EB0764782500010002D8,2.0,Yes,mattress,0.5
3631697,ANCHOR_01,52:06:26:03:01:DA,-72,MFG_4C000215FDA50693A4E24FB1AFCFC6EB0764782500010002D8,2.0,Yes,mattress,0.5
3632717,ANCHOR_01,52:06:26:03:01:DA,-82,MFG_4C000215FDA50693A4E24FB1AFCFC6EB0764782500010002D8,2.0,Yes,mattress,0.5
3633707,ANCHOR_01,52:06:26:03:01:DA,-83,MFG_4C000215FDA50693A4E24FB1AFCFC6EB0764782500010002D8,2.0,Yes,mattress,0.5
3635707,ANCHOR_01,52:06:26:03:01:DA,-69,MFG_4C000215FDA50693A4E24FB1AFCFC6EB0764782500010002D8,2.0,Yes,mattress,0.5
3636727,ANCHOR_01,52:06:26:03:01:DA,-73,MFG_4C000215FDA50693A4E24FB1AFCFC6EB0764782500010002D8,2.0,Yes,mattress,0.5
3637727,ANCHOR_01,52:06:26:03:01:DA,-73,MFG_4C000215FDA50693A4E24FB1AFCFC6EB0764782500010002D8,2.0,Yes,mattress,0.5
3639737,ANCHOR_01,52:06:26:03:01:DA,-83,MFG_4C000215FDA50693A4E24FB1AFCFC6EB0764782500010002D8,2.0,Yes,mattress,0.5
3641727,ANCHOR_01,52:06:26:03:01:DA,-70,MFG_4C000215FDA50693A4E24FB1AFCFC6EB0764782500010002D8,2.0,Yes,mattress,0.5
3642737,ANCHOR_01,52:06:26:03:01:DA,-70,MFG_4C000215FDA50693A4E24FB1AFCFC6EB0764782500010002D8,2.0,Yes,mattress,0.5
3643747,ANCHOR_01,52:06:26:03:01:DA,-72,MFG_4C000215FDA50693A4E24FB1AFCFC6EB0764782500010002D8,2.0,Yes,mattress,0.5
3644747,ANCHOR_01,52:06:26:03:01:DA,-72,MFG_4C000215FDA50693A4E24FB1AFCFC6EB0764782500010002D8,2.0,Yes,mattress,0.5
3645767,ANCHOR_01,52:06:26:03:01:DA,-81,MFG_4C000215FDA50693A4E24FB1AFCFC6EB0764782500010002D8,2.0,Yes,mattress,0.5
3647777,ANCHOR_01,52:06:26:03:01:DA,-70,MFG_4C000215FDA50693A4E24FB1AFCFC6EB0764782500010002D8,2.0,Yes,mattress,0.5
3648797,ANCHOR_01,52:06:26:03:01:DA,-73,MFG_4C000215FDA50693A4E24FB1AFCFC6EB0764782500010002D8,2.0,Yes,mattress,0.5
3649787,ANCHOR_01,52:06:26:03:01:DA,-72,MFG_4C000215FDA50693A4E24FB1AFCFC6EB0764782500010002D8,2.0,Yes,mattress,0.5
3650807,ANCHOR_01,52:06:26:03:01:DA,-81,MFG_4C000215FDA50693A4E24FB1AFCFC6EB0764782500010002D8,2.0,Yes,mattress,0.5
3651797,ANCHOR_01,52:06:26:03:01:DA,-82,MFG_4C000215FDA50693A4E24FB1AFCFC6EB0764782500010002D8,2.0,Yes,mattress,0.5
3652797,ANCHOR_01,52:06:26:03:01:DA,-69,MFG_4C000215FDA50693A4E24FB1AFCFC6EB0764782500010002D8,2.0,Yes,mattress,0.5
3653807,ANCHOR_01,52:06:26:03:01:DA,-70,MFG_4C000215FDA50693A4E24FB1AFCFC6EB0764782500010002D8,2.0,Yes,mattress,0.5
3654827,ANCHOR_01,52:06:26:03:01:DA,-73,MFG_4C000215FDA50693A4E24FB1AFCFC6EB0764782500010002D8,2.0,Yes,mattress,0.5
3655807,ANCHOR_01,52:06:26:03:01:DA,-73,MFG_4C000215FDA50693A4E24FB1AFCFC6EB0764782500010002D8,2.0,Yes,mattress,0.5
3656827,ANCHOR_01,52:06:26:03:01:DA,-83,MFG_4C000215FDA50693A4E24FB1AFCFC6EB0764782500010002D8,2.0,Yes,mattress,0.5
3657827,ANCHOR_01,52:06:26:03:01:DA,-83,MFG_4C000215FDA50693A4E24FB1AFCFC6EB0764782500010002D8,2.0,Yes,mattress,0.5
3658847,ANCHOR_01,52:06:26:03:01:DA,-69,MFG_4C000215FDA50693A4E24FB1AFCFC6EB0764782500010002D8,2.0,Yes,mattress,0.5
3659827,ANCHOR_01,52:06:26:03:01:DA,-70,MFG_4C000215FDA50693A4E24FB1AFCFC6EB0764782500010002D8,2.0,Yes,mattress,0.5
3661827,ANCHOR_01,52:06:26:03:01:DA,-73,MFG_4C000215FDA50693A4E24FB1AFCFC6EB0764782500010002D8,2.0,Yes,mattress,0.5
3662867,ANCHOR_01,52:06:26:03:01:DA,-83,MFG_4C000215FDA50693A4E24FB1AFCFC6EB0764782500010002D8,2.0,Yes,mattress,0.5
3663857,ANCHOR_01,52:06:26:03:01:DA,-82,MFG_4C000215FDA50693A4E24FB1AFCFC6EB0764782500010002D8,2.0,Yes,mattress,0.5
3665867,ANCHOR_01,52:06:26:03:01:DA,-69,MFG_4C000215FDA50693A4E24FB1AFCFC6EB0764782500010002D8,2.0,Yes,mattress,0.5
3666887,ANCHOR_01,52:06:26:03:01:DA,-72,MFG_4C000215FDA50693A4E24FB1AFCFC6EB0764782500010002D8,2.0,Yes,mattress,0.5
3667877,ANCHOR_01,52:06:26:03:01:DA,-72,MFG_4C000215FDA50693A4E24FB1AFCFC6EB0764782500010002D8,2.0,Yes,mattress,0.5
3668897,ANCHOR_01,52:06:26:03:01:DA,-84,MFG_4C000215FDA50693A4E24FB1AFCFC6EB0764782500010002D8,2.0,Yes,mattress,0.5
3669887,ANCHOR_01,52:06:26:03:01:DA,-82,MFG_4C000215FDA50693A4E24FB1AFCFC6EB0764782500010002D8,2.0,Yes,mattress,0.5
3670907,ANCHOR_01,52:06:26:03:01:DA,-69,MFG_4C000215FDA50693A4E24FB1AFCFC6EB0764782500010002D8,2.0,Yes,mattress,0.5
3671897,ANCHOR_01,52:06:26:03:01:DA,-69,MFG_4C000215FDA50693A4E24FB1AFCFC6EB0764782500010002D8,2.0,Yes,mattress,0.5
3672917,ANCHOR_01,52:06:26:03:01:DA,-72,MFG_4C000215FDA50693A4E24FB1AFCFC6EB0764782500010002D8,2.0,Yes,mattress,0.5
3673897,ANCHOR_01,52:06:26:03:01:DA,-72,MFG_4C000215FDA50693A4E24FB1AFCFC6EB0764782500010002D8,2.0,Yes,mattress,0.5
3674917,ANCHOR_01,52:06:26:03:01:DA,-82,MFG_4C000215FDA50693A4E24FB1AFCFC6EB0764782500010002D8,2.0,Yes,mattress,0.5
3675917,ANCHOR_01,52:06:26:03:01:DA,-82,MFG_4C000215FDA50693A4E24FB1AFCFC6EB0764782500010002D8,2.0,Yes,mattress,0.5
3676937,ANCHOR_01,52:06:26:03:01:DA,-70,MFG_4C000215FDA50693A4E24FB1AFCFC6EB0764782500010002D8,2.0,Yes,mattress,0.5
3677927,ANCHOR_01,52:06:26:03:01:DA,-70,MFG_4C000215FDA50693A4E24FB1AFCFC6EB0764782500010002D8,2.0,Yes,mattress,0.5
3678947,ANCHOR_01,52:06:26:03:01:DA,-72,MFG_4C000215FDA50693A4E24FB1AFCFC6EB0764782500010002D8,2.0,Yes,mattress,0.5
3679937,ANCHOR_01,52:06:26:03:01:DA,-73,MFG_4C000215FDA50693A4E24FB1AFCFC6EB0764782500010002D8,2.0,Yes,mattress,0.5
3680957,ANCHOR_01,52:06:26:03:01:DA,-83,MFG_4C000215FDA50693A4E24FB1AFCFC6EB0764782500010002D8,2.0,Yes,mattress,0.5
3681947,ANCHOR_01,52:06:26:03:01:DA,-83,MFG_4C000215FDA50693A4E24FB1AFCFC6EB0764782500010002D8,2.0,Yes,mattress,0.5
3682967,ANCHOR_01,52:06:26:03:01:DA,-70,MFG_4C000215FDA50693A4E24FB1AFCFC6EB0764782500010002D8,2.0,Yes,mattress,0.5
3683947,ANCHOR_01,52:06:26:03:01:DA,-70,MFG_4C000215FDA50693A4E24FB1AFCFC6EB0764782500010002D8,2.0,Yes,mattress,0.5
3684977,ANCHOR_01,52:06:26:03:01:DA,-73,MFG_4C000215FDA50693A4E24FB1AFCFC6EB0764782500010002D8,2.0,Yes,mattress,0.5
3685967,ANCHOR_01,52:06:26:03:01:DA,-72,MFG_4C000215FDA50693A4E24FB1AFCFC6EB0764782500010002D8,2.0,Yes,mattress,0.5
3687967,ANCHOR_01,52:06:26:03:01:DA,-83,MFG_4C000215FDA50693A4E24FB1AFCFC6EB0764782500010002D8,2.0,Yes,mattress,0.5
3689967,ANCHOR_01,52:06:26:03:01:DA,-70,MFG_4C000215FDA50693A4E24FB1AFCFC6EB0764782500010002D8,2.0,Yes,mattress,0.5
3691007,ANCHOR_01,52:06:26:03:01:DA,-72,MFG_4C000215FDA50693A4E24FB1AFCFC6EB0764782500010002D8,2.0,Yes,mattress,0.5
3691997,ANCHOR_01,52:06:26:03:01:DA,-72,MFG_4C000215FDA50693A4E24FB1AFCFC6EB0764782500010002D8,2.0,Yes,mattress,0.5
3693017,ANCHOR_01,52:06:26:03:01:DA,-81,MFG_4C000215FDA50693A4E24FB1AFCFC6EB0764782500010002D8,2.0,Yes,mattress,0.5
3694007,ANCHOR_01,52:06:26:03:01:DA,-82,MFG_4C000215FDA50693A4E24FB1AFCFC6EB0764782500010002D8,2.0,Yes,mattress,0.5
3695007,ANCHOR_01,52:06:26:03:01:DA,-69,MFG_4C000215FDA50693A4E24FB1AFCFC6EB0764782500010002D8,2.0,Yes,mattress,0.5
3696017,ANCHOR_01,52:06:26:03:01:DA,-70,MFG_4C000215FDA50693A4E24FB1AFCFC6EB0764782500010002D8,2.0,Yes,mattress,0.5
3698007,ANCHOR_01,52:06:26:03:01:DA,-72,MFG_4C000215FDA50693A4E24FB1AFCFC6EB0764782500010002D8,2.0,Yes,mattress,0.5
3699017,ANCHOR_01,52:06:26:03:01:DA,-72,MFG_4C000215FDA50693A4E24FB1AFCFC6EB0764782500010002D8,2.0,Yes,mattress,0.5
3700037,ANCHOR_01,52:06:26:03:01:DA,-85,MFG_4C000215FDA50693A4E24FB1AFCFC6EB0764782500010002D8,2.0,Yes,mattress,0.5
3701027,ANCHOR_01,52:06:26:03:01:DA,-83,MFG_4C000215FDA50693A4E24FB1AFCFC6EB0764782500010002D8,2.0,Yes,mattress,0.5
3702047,ANCHOR_01,52:06:26:03:01:DA,-69,MFG_4C000215FDA50693A4E24FB1AFCFC6EB0764782500010002D8,2.0,Yes,mattress,0.5
3703037,ANCHOR_01,52:06:26:03:01:DA,-69,MFG_4C000215FDA50693A4E24FB1AFCFC6EB0764782500010002D8,2.0,Yes,mattress,0.5
3704057,ANCHOR_01,52:06:26:03:01:DA,-73,MFG_4C000215FDA50693A4E24FB1AFCFC6EB0764782500010002D8,2.0,Yes,mattress,0.5
3705037,ANCHOR_01,52:06:26:03:01:DA,-72,MFG_4C000215FDA50693A4E24FB1AFCFC6EB0764782500010002D8,2.0,Yes,mattress,0.5
3706067,ANCHOR_01,52:06:26:03:01:DA,-82,MFG_4C000215FDA50693A4E24FB1AFCFC6EB0764782500010002D8,2.0,Yes,mattress,0.5
3707047,ANCHOR_01,52:06:26:03:01:DA,-83,MFG_4C000215FDA50693A4E24FB1AFCFC6EB0764782500010002D8,2.0,Yes,mattress,0.5
3708077,ANCHOR_01,52:06:26:03:01:DA,-69,MFG_4C000215FDA50693A4E24FB1AFCFC6EB0764782500010002D8,2.0,Yes,mattress,0.5
3709067,ANCHOR_01,52:06:26:03:01:DA,-69,MFG_4C000215FDA50693A4E24FB1AFCFC6EB0764782500010002D8,2.0,Yes,mattress,0.5
3710067,ANCHOR_01,52:06:26:03:01:DA,-73,MFG_4C000215FDA50693A4E24FB1AFCFC6EB0764782500010002D8,2.0,Yes,mattress,0.5
3711077,ANCHOR_01,52:06:26:03:01:DA,-72,MFG_4C000215FDA50693A4E24FB1AFCFC6EB0764782500010002D8,2.0,Yes,mattress,0.5
3712077,ANCHOR_01,52:06:26:03:01:DA,-81,MFG_4C000215FDA50693A4E24FB1AFCFC6EB0764782500010002D8,2.0,Yes,mattress,0.5
3713087,ANCHOR_01,52:06:26:03:01:DA,-83,MFG_4C000215FDA50693A4E24FB1AFCFC6EB0764782500010002D8,2.0,Yes,mattress,0.5
3715097,ANCHOR_01,52:06:26:03:01:DA,-70,MFG_4C000215FDA50693A4E24FB1AFCFC6EB0764782500010002D8,2.0,Yes,mattress,0.5
3716087,ANCHOR_01,52:06:26:03:01:DA,-70,MFG_4C000215FDA50693A4E24FB1AFCFC6EB0764782500010002D8,2.0,Yes,mattress,0.5
3717107,ANCHOR_01,52:06:26:03:01:DA,-72,MFG_4C000215FDA50693A4E24FB1AFCFC6EB0764782500010002D8,2.0,Yes,mattress,0.5
3718097,ANCHOR_01,52:06:26:03:01:DA,-73,MFG_4C000215FDA50693A4E24FB1AFCFC6EB0764782500010002D8,2.0,Yes,mattress,0.5
3719117,ANCHOR_01,52:06:26:03:01:DA,-82,MFG_4C000215FDA50693A4E24FB1AFCFC6EB0764782500010002D8,2.0,Yes,mattress,0.5
3720107,ANCHOR_01,52:06:26:03:01:DA,-84,MFG_4C000215FDA50693A4E24FB1AFCFC6EB0764782500010002D8,2.0,Yes,mattress,0.5
3721127,ANCHOR_01,52:06:26:03:01:DA,-70,MFG_4C000215FDA50693A4E24FB1AFCFC6EB0764782500010002D8,2.0,Yes,mattress,0.5
3722117,ANCHOR_01,52:06:26:03:01:DA,-70,MFG_4C000215FDA50693A4E24FB1AFCFC6EB0764782500010002D8,2.0,Yes,mattress,0.5
3723137,ANCHOR_01,52:06:26:03:01:DA,-73,MFG_4C000215FDA50693A4E24FB1AFCFC6EB0764782500010002D8,2.0,Yes,mattress,0.5
3724117,ANCHOR_01,52:06:26:03:01:DA,-72,MFG_4C000215FDA50693A4E24FB1AFCFC6EB0764782500010002D8,2.0,Yes,mattress,0.5
3725147,ANCHOR_01,52:06:26:03:01:DA,-82,MFG_4C000215FDA50693A4E24FB1AFCFC6EB0764782500010002D8,2.0,Yes,mattress,0.5
3726137,ANCHOR_01,52:06:26:03:01:DA,-82,MFG_4C000215FDA50693A4E24FB1AFCFC6EB0764782500010002D8,2.0,Yes,mattress,0.5
3727147,ANCHOR_01,52:06:26:03:01:DA,-69,MFG_4C000215FDA50693A4E24FB1AFCFC6EB0764782500010002D8,2.0,Yes,mattress,0.5
3728147,ANCHOR_01,52:06:26:03:01:DA,-70,MFG_4C000215FDA50693A4E24FB1AFCFC6EB0764782500010002D8,2.0,Yes,mattress,0.5
3729137,ANCHOR_01,52:06:26:03:01:DA,-69,MFG_4C000215FDA50693A4E24FB1AFCFC6EB0764782500010002D8,2.0,Yes,mattress,0.5
3730157,ANCHOR_01,52:06:26:03:01:DA,-72,MFG_4C000215FDA50693A4E24FB1AFCFC6EB0764782500010002D8,2.0,Yes,mattress,0.5
3731147,ANCHOR_01,52:06:26:03:01:DA,-73,MFG_4C000215FDA50693A4E24FB1AFCFC6EB0764782500010002D8,2.0,Yes,mattress,0.5
3732157,ANCHOR_01,52:06:26:03:01:DA,-83,MFG_4C000215FDA50693A4E24FB1AFCFC6EB0764782500010002D8,2.0,Yes,mattress,0.5
3733157,ANCHOR_01,52:06:26:03:01:DA,-84,MFG_4C000215FDA50693A4E24FB1AFCFC6EB0764782500010002D8,2.0,Yes,mattress,0.5
3734157,ANCHOR_01,52:06:26:03:01:DA,-69,MFG_4C000215FDA50693A4E24FB1AFCFC6EB0764782500010002D8,2.0,Yes,mattress,0.5
3735167,ANCHOR_01,52:06:26:03:01:DA,-70,MFG_4C000215FDA50693A4E24FB1AFCFC6EB0764782500010002D8,2.0,Yes,mattress,0.5
3736187,ANCHOR_01,52:06:26:03:01:DA,-73,MFG_4C000215FDA50693A4E24FB1AFCFC6EB0764782500010002D8,2.0,Yes,mattress,0.5
3737207,ANCHOR_01,52:06:26:03:01:DA,-81,MFG_4C000215FDA50693A4E24FB1AFCFC6EB0764782500010002D8,2.0,Yes,mattress,0.5
3738197,ANCHOR_01,52:06:26:03:01:DA,-83,MFG_4C000215FDA50693A4E24FB1AFCFC6EB0764782500010002D8,2.0,Yes,mattress,0.5
3739207,ANCHOR_01,52:06:26:03:01:DA,-70,MFG_4C000215FDA50693A4E24FB1AFCFC6EB0764782500010002D8,2.0,Yes,mattress,0.5
3740207,ANCHOR_01,52:06:26:03:01:DA,-69,MFG_4C000215FDA50693A4E24FB1AFCFC6EB0764782500010002D8,2.0,Yes,mattress,0.5
3741217,ANCHOR_01,52:06:26:03:01:DA,-72,MFG_4C000215FDA50693A4E24FB1AFCFC6EB0764782500010002D8,2.0,Yes,mattress,0.5
3742217,ANCHOR_01,52:06:26:03:01:DA,-73,MFG_4C000215FDA50693A4E24FB1AFCFC6EB0764782500010002D8,2.0,Yes,mattress,0.5
3743207,ANCHOR_01,52:06:26:03:01:DA,-72,MFG_4C000215FDA50693A4E24FB1AFCFC6EB0764782500010002D8,2.0,Yes,mattress,0.5
3744217,ANCHOR_01,52:06:26:03:01:DA,-83,MFG_4C000215FDA50693A4E24FB1AFCFC6EB0764782500010002D8,2.0,Yes,mattress,0.5
3745217,ANCHOR_01,52:06:26:03:01:DA,-84,MFG_4C000215FDA50693A4E24FB1AFCFC6EB0764782500010002D8,2.0,Yes,mattress,0.5
3746237,ANCHOR_01,52:06:26:03:01:DA,-70,MFG_4C000215FDA50693A4E24FB1AFCFC6EB0764782500010002D8,2.0,Yes,mattress,0.5
3747217,ANCHOR_01,52:06:26:03:01:DA,-70,MFG_4C000215FDA50693A4E24FB1AFCFC6EB0764782500010002D8,2.0,Yes,mattress,0.5
3748227,ANCHOR_01,52:06:26:03:01:DA,-72,MFG_4C000215FDA50693A4E24FB1AFCFC6EB0764782500010002D8,2.0,Yes,mattress,0.5
3749237,ANCHOR_01,52:06:26:03:01:DA,-73,MFG_4C000215FDA50693A4E24FB1AFCFC6EB0764782500010002D8,2.0,Yes,mattress,0.5
3750257,ANCHOR_01,52:06:26:03:01:DA,-84,MFG_4C000215FDA50693A4E24FB1AFCFC6EB0764782500010002D8,2.0,Yes,mattress,0.5
3751247,ANCHOR_01,52:06:26:03:01:DA,-83,MFG_4C000215FDA50693A4E24FB1AFCFC6EB0764782500010002D8,2.0,Yes,mattress,0.5
3752267,ANCHOR_01,52:06:26:03:01:DA,-69,MFG_4C000215FDA50693A4E24FB1AFCFC6EB0764782500010002D8,2.0,Yes,mattress,0.5
3753257,ANCHOR_01,52:06:26:03:01:DA,-69,MFG_4C000215FDA50693A4E24FB1AFCFC6EB0764782500010002D8,2.0,Yes,mattress,0.5
3754267,ANCHOR_01,52:06:26:03:01:DA,-73,MFG_4C000215FDA50693A4E24FB1AFCFC6EB0764782500010002D8,2.0,Yes,mattress,0.5
3756287,ANCHOR_01,52:06:26:03:01:DA,-82,MFG_4C000215FDA50693A4E24FB1AFCFC6EB0764782500010002D8,2.0,Yes,mattress,0.5
3758297,ANCHOR_01,52:06:26:03:01:DA,-69,MFG_4C000215FDA50693A4E24FB1AFCFC6EB0764782500010002D8,2.0,Yes,mattress,0.5
3760307,ANCHOR_01,52:06:26:03:01:DA,-73,MFG_4C000215FDA50693A4E24FB1AFCFC6EB0764782500010002D8,2.0,Yes,mattress,0.5
3762297,ANCHOR_01,52:06:26:03:01:DA,-82,MFG_4C000215FDA50693A4E24FB1AFCFC6EB0764782500010002D8,2.0,Yes,mattress,0.5
3764327,ANCHOR_01,52:06:26:03:01:DA,-70,MFG_4C000215FDA50693A4E24FB1AFCFC6EB0764782500010002D8,2.0,Yes,mattress,0.5
3766337,ANCHOR_01,52:06:26:03:01:DA,-73,MFG_4C000215FDA50693A4E24FB1AFCFC6EB0764782500010002D8,2.0,Yes,mattress,0.5
3767327,ANCHOR_01,52:06:26:03:01:DA,-72,MFG_4C000215FDA50693A4E24FB1AFCFC6EB0764782500010002D8,2.0,Yes,mattress,0.5
3768347,ANCHOR_01,52:06:26:03:01:DA,-82,MFG_4C000215FDA50693A4E24FB1AFCFC6EB0764782500010002D8,2.0,Yes,mattress,0.5
3770357,ANCHOR_01,52:06:26:03:01:DA,-70,MFG_4C000215FDA50693A4E24FB1AFCFC6EB0764782500010002D8,2.0,Yes,mattress,0.5
3772367,ANCHOR_01,52:06:26:03:01:DA,-73,MFG_4C000215FDA50693A4E24FB1AFCFC6EB0764782500010002D8,2.0,Yes,mattress,0.5
3773387,ANCHOR_01,52:06:26:03:01:DA,-83,MFG_4C000215FDA50693A4E24FB1AFCFC6EB0764782500010002D8,2.0,Yes,mattress,0.5
3774367,ANCHOR_01,52:06:26:03:01:DA,-83,MFG_4C000215FDA50693A4E24FB1AFCFC6EB0764782500010002D8,2.0,Yes,mattress,0.5
3775387,ANCHOR_01,52:06:26:03:01:DA,-69,MFG_4C000215FDA50693A4E24FB1AFCFC6EB0764782500010002D8,2.0,Yes,mattress,0.5
3776387,ANCHOR_01,52:06:26:03:01:DA,-70,MFG_4C000215FDA50693A4E24FB1AFCFC6EB0764782500010002D8,2.0,Yes,mattress,0.5
3777407,ANCHOR_01,52:06:26:03:01:DA,-73,MFG_4C000215FDA50693A4E24FB1AFCFC6EB0764782500010002D8,2.0,Yes,mattress,0.5
3778397,ANCHOR_01,52:06:26:03:01:DA,-72,MFG_4C000215FDA50693A4E24FB1AFCFC6EB0764782500010002D8,2.0,Yes,mattress,0.5
3779417,ANCHOR_01,52:06:26:03:01:DA,-83,MFG_4C000215FDA50693A4E24FB1AFCFC6EB0764782500010002D8,2.0,Yes,mattress,0.5
3781427,ANCHOR_01,52:06:26:03:01:DA,-69,MFG_4C000215FDA50693A4E24FB1AFCFC6EB0764782500010002D8,2.0,Yes,mattress,0.5
3782427,ANCHOR_01,52:06:26:03:01:DA,-73,MFG_4C000215FDA50693A4E24FB1AFCFC6EB0764782500010002D8,2.0,Yes,mattress,0.5
3783437,ANCHOR_01,52:06:26:03:01:DA,-73,MFG_4C000215FDA50693A4E24FB1AFCFC6EB0764782500010002D8,2.0,Yes,mattress,0.5
3784447,ANCHOR_01,52:06:26:03:01:DA,-84,MFG_4C000215FDA50693A4E24FB1AFCFC6EB0764782500010002D8,2.0,Yes,mattress,0.5
3785437,ANCHOR_01,52:06:26:03:01:DA,-83,MFG_4C000215FDA50693A4E24FB1AFCFC6EB0764782500010002D8,2.0,Yes,mattress,0.5
3786437,ANCHOR_01,52:06:26:03:01:DA,-70,MFG_4C000215FDA50693A4E24FB1AFCFC6EB0764782500010002D8,2.0,Yes,mattress,0.5
3787457,ANCHOR_01,52:06:26:03:01:DA,-70,MFG_4C000215FDA50693A4E24FB1AFCFC6EB0764782500010002D8,2.0,Yes,mattress,0.5
3788477,ANCHOR_01,52:06:26:03:01:DA,-73,MFG_4C000215FDA50693A4E24FB1AFCFC6EB0764782500010002D8,2.0,Yes,mattress,0.5
3789467,ANCHOR_01,52:06:26:03:01:DA,-72,MFG_4C000215FDA50693A4E24FB1AFCFC6EB0764782500010002D8,2.0,Yes,mattress,0.5
3791477,ANCHOR_01,52:06:26:03:01:DA,-83,MFG_4C000215FDA50693A4E24FB1AFCFC6EB0764782500010002D8,2.0,Yes,mattress,0.5
3792497,ANCHOR_01,52:06:26:03:01:DA,-69,MFG_4C000215FDA50693A4E24FB1AFCFC6EB0764782500010002D8,2.0,Yes,mattress,0.5
3793477,ANCHOR_01,52:06:26:03:01:DA,-69,MFG_4C000215FDA50693A4E24FB1AFCFC6EB0764782500010002D8,2.0,Yes,mattress,0.5
3795497,ANCHOR_01,52:06:26:03:01:DA,-72,MFG_4C000215FDA50693A4E24FB1AFCFC6EB0764782500010002D8,2.0,Yes,mattress,0.5
3796487,ANCHOR_01,52:06:26:03:01:DA,-72,MFG_4C000215FDA50693A4E24FB1AFCFC6EB0764782500010002D8,2.0,Yes,mattress,0.5
3797507,ANCHOR_01,52:06:26:03:01:DA,-81,MFG_4C000215FDA50693A4E24FB1AFCFC6EB0764782500010002D8,2.0,Yes,mattress,0.5
3799517,ANCHOR_01,52:06:26:03:01:DA,-69,MFG_4C000215FDA50693A4E24FB1AFCFC6EB0764782500010002D8,2.0,Yes,mattress,0.5
3801527,ANCHOR_01,52:06:26:03:01:DA,-72,MFG_4C000215FDA50693A4E24FB1AFCFC6EB0764782500010002D8,2.0,Yes,mattress,0.5
3802517,ANCHOR_01,52:06:26:03:01:DA,-73,MFG_4C000215FDA50693A4E24FB1AFCFC6EB0764782500010002D8,2.0,Yes,mattress,0.5
3803527,ANCHOR_01,52:06:26:03:01:DA,-83,MFG_4C000215FDA50693A4E24FB1AFCFC6EB0764782500010002D8,2.0,Yes,mattress,0.5
3804527,ANCHOR_01,52:06:26:03:01:DA,-83,MFG_4C000215FDA50693A4E24FB1AFCFC6EB0764782500010002D8,2.0,Yes,mattress,0.5
3805527,ANCHOR_01,52:06:26:03:01:DA,-69,MFG_4C000215FDA50693A4E24FB1AFCFC6EB0764782500010002D8,2.0,Yes,mattress,0.5
3806537,ANCHOR_01,52:06:26:03:01:DA,-69,MFG_4C000215FDA50693A4E24FB1AFCFC6EB0764782500010002D8,2.0,Yes,mattress,0.5
3807537,ANCHOR_01,52:06:26:03:01:DA,-73,MFG_4C000215FDA50693A4E24FB1AFCFC6EB0764782500010002D8,2.0,Yes,mattress,0.5
3808547,ANCHOR_01,52:06:26:03:01:DA,-72,MFG_4C000215FDA50693A4E24FB1AFCFC6EB0764782500010002D8,2.0,Yes,mattress,0.5
3809567,ANCHOR_01,52:06:26:03:01:DA,-82,MFG_4C000215FDA50693A4E24FB1AFCFC6EB0764782500010002D8,2.0,Yes,mattress,0.5
3811577,ANCHOR_01,52:06:26:03:01:DA,-70,MFG_4C000215FDA50693A4E24FB1AFCFC6EB0764782500010002D8,2.0,Yes,mattress,0.5
3812567,ANCHOR_01,52:06:26:03:01:DA,-70,MFG_4C000215FDA50693A4E24FB1AFCFC6EB0764782500010002D8,2.0,Yes,mattress,0.5
3813567,ANCHOR_01,52:06:26:03:01:DA,-73,MFG_4C000215FDA50693A4E24FB1AFCFC6EB0764782500010002D8,2.0,Yes,mattress,0.5
3815597,ANCHOR_01,52:06:26:03:01:DA,-82,MFG_4C000215FDA50693A4E24FB1AFCFC6EB0764782500010002D8,2.0,Yes,mattress,0.5
3816597,ANCHOR_01,52:06:26:03:01:DA,-69,MFG_4C000215FDA50693A4E24FB1AFCFC6EB0764782500010002D8,2.0,Yes,mattress,0.5
3817607,ANCHOR_01,52:06:26:03:01:DA,-70,MFG_4C000215FDA50693A4E24FB1AFCFC6EB0764782500010002D8,2.0,Yes,mattress,0.5
3818627,ANCHOR_01,52:06:26:03:01:DA,-72,MFG_4C000215FDA50693A4E24FB1AFCFC6EB0764782500010002D8,2.0,Yes,mattress,0.5
3819617,ANCHOR_01,52:06:26:03:01:DA,-72,MFG_4C000215FDA50693A4E24FB1AFCFC6EB0764782500010002D8,2.0,Yes,mattress,0.5
3820637,ANCHOR_01,52:06:26:03:01:DA,-84,MFG_4C000215FDA50693A4E24FB1AFCFC6EB0764782500010002D8,2.0,Yes,mattress,0.5
3821627,ANCHOR_01,52:06:26:03:01:DA,-81,MFG_4C000215FDA50693A4E24FB1AFCFC6EB0764782500010002D8,2.0,Yes,mattress,0.5
3822647,ANCHOR_01,52:06:26:03:01:DA,-69,MFG_4C000215FDA50693A4E24FB1AFCFC6EB0764782500010002D8,2.0,Yes,mattress,0.5
3823637,ANCHOR_01,52:06:26:03:01:DA,-70,MFG_4C000215FDA50693A4E24FB1AFCFC6EB0764782500010002D8,2.0,Yes,mattress,0.5
3824657,ANCHOR_01,52:06:26:03:01:DA,-72,MFG_4C000215FDA50693A4E24FB1AFCFC6EB0764782500010002D8,2.0,Yes,mattress,0.5
3825647,ANCHOR_01,52:06:26:03:01:DA,-72,MFG_4C000215FDA50693A4E24FB1AFCFC6EB0764782500010002D8,2.0,Yes,mattress,0.5
3826667,ANCHOR_01,52:06:26:03:01:DA,-83,MFG_4C000215FDA50693A4E24FB1AFCFC6EB0764782500010002D8,2.0,Yes,mattress,0.5
3827647,ANCHOR_01,52:06:26:03:01:DA,-83,MFG_4C000215FDA50693A4E24FB1AFCFC6EB0764782500010002D8,2.0,Yes,mattress,0.5
3828677,ANCHOR_01,52:06:26:03:01:DA,-70,MFG_4C000215FDA50693A4E24FB1AFCFC6EB0764782500010002D8,2.0,Yes,mattress,0.5
3829667,ANCHOR_01,52:06:26:03:01:DA,-69,MFG_4C000215FDA50693A4E24FB1AFCFC6EB0764782500010002D8,2.0,Yes,mattress,0.5
3830687,ANCHOR_01,52:06:26:03:01:DA,-73,MFG_4C000215FDA50693A4E24FB1AFCFC6EB0764782500010002D8,2.0,Yes,mattress,0.5
3831677,ANCHOR_01,52:06:26:03:01:DA,-73,MFG_4C000215FDA50693A4E24FB1AFCFC6EB0764782500010002D8,2.0,Yes,mattress,0.5
3832697,ANCHOR_01,52:06:26:03:01:DA,-83,MFG_4C000215FDA50693A4E24FB1AFCFC6EB0764782500010002D8,2.0,Yes,mattress,0.5
3834707,ANCHOR_01,52:06:26:03:01:DA,-69,MFG_4C000215FDA50693A4E24FB1AFCFC6EB0764782500010002D8,2.0,Yes,mattress,0.5
3835687,ANCHOR_01,52:06:26:03:01:DA,-70,MFG_4C000215FDA50693A4E24FB1AFCFC6EB0764782500010002D8,2.0,Yes,mattress,0.5
3836717,ANCHOR_01,52:06:26:03:01:DA,-72,MFG_4C000215FDA50693A4E24FB1AFCFC6EB0764782500010002D8,2.0,Yes,mattress,0.5
3837707,ANCHOR_01,52:06:26:03:01:DA,-72,MFG_4C000215FDA50693A4E24FB1AFCFC6EB0764782500010002D8,2.0,Yes,mattress,0.5
3838717,ANCHOR_01,52:06:26:03:01:DA,-81,MFG_4C000215FDA50693A4E24FB1AFCFC6EB0764782500010002D8,2.0,Yes,mattress,0.5
3839717,ANCHOR_01,52:06:26:03:01:DA,-83,MFG_4C000215FDA50693A4E24FB1AFCFC6EB0764782500010002D8,2.0,Yes,mattress,0.5
3840737,ANCHOR_01,52:06:26:03:01:DA,-69,MFG_4C000215FDA50693A4E24FB1AFCFC6EB0764782500010002D8,2.0,Yes,mattress,0.5
3841717,ANCHOR_01,52:06:26:03:01:DA,-69,MFG_4C000215FDA50693A4E24FB1AFCFC6EB0764782500010002D8,2.0,Yes,mattress,0.5
3842747,ANCHOR_01,52:06:26:03:01:DA,-73,MFG_4C000215FDA50693A4E24FB1AFCFC6EB0764782500010002D8,2.0,Yes,mattress,0.5
3844757,ANCHOR_01,52:06:26:03:01:DA,-82,MFG_4C000215FDA50693A4E24FB1AFCFC6EB0764782500010002D8,2.0,Yes,mattress,0.5
3845747,ANCHOR_01,52:06:26:03:01:DA,-81,MFG_4C000215FDA50693A4E24FB1AFCFC6EB0764782500010002D8,2.0,Yes,mattress,0.5
3846757,ANCHOR_01,52:06:26:03:01:DA,-70,MFG_4C000215FDA50693A4E24FB1AFCFC6EB0764782500010002D8,2.0,Yes,mattress,0.5
3847757,ANCHOR_01,52:06:26:03:01:DA,-69,MFG_4C000215FDA50693A4E24FB1AFCFC6EB0764782500010002D8,2.0,Yes,mattress,0.5
3849767,ANCHOR_01,52:06:26:03:01:DA,-72,MFG_4C000215FDA50693A4E24FB1AFCFC6EB0764782500010002D8,2.0,Yes,mattress,0.5
3850787,ANCHOR_01,52:06:26:03:01:DA,-82,MFG_4C000215FDA50693A4E24FB1AFCFC6EB0764782500010002D8,2.0,Yes,mattress,0.5
3851767,ANCHOR_01,52:06:26:03:01:DA,-82,MFG_4C000215FDA50693A4E24FB1AFCFC6EB0764782500010002D8,2.0,Yes,mattress,0.5
3852777,ANCHOR_01,52:06:26:03:01:DA,-69,MFG_4C000215FDA50693A4E24FB1AFCFC6EB0764782500010002D8,2.0,Yes,mattress,0.5
3853787,ANCHOR_01,52:06:26:03:01:DA,-70,MFG_4C000215FDA50693A4E24FB1AFCFC6EB0764782500010002D8,2.0,Yes,mattress,0.5
3854777,ANCHOR_01,52:06:26:03:01:DA,-70,MFG_4C000215FDA50693A4E24FB1AFCFC6EB0764782500010002D8,2.0,Yes,mattress,0.5
3855797,ANCHOR_01,52:06:26:03:01:DA,-72,MFG_4C000215FDA50693A4E24FB1AFCFC6EB0764782500010002D8,2.0,Yes,mattress,0.5
3856777,ANCHOR_01,52:06:26:03:01:DA,-72,MFG_4C000215FDA50693A4E24FB1AFCFC6EB0764782500010002D8,2.0,Yes,mattress,0.5
3857807,ANCHOR_01,52:06:26:03:01:DA,-84,MFG_4C000215FDA50693A4E24FB1AFCFC6EB0764782500010002D8,2.0,Yes,mattress,0.5
3858797,ANCHOR_01,52:06:26:03:01:DA,-83,MFG_4C000215FDA50693A4E24FB1AFCFC6EB0764782500010002D8,2.0,Yes,mattress,0.5
3859797,ANCHOR_01,52:06:26:03:01:DA,-70,MFG_4C000215FDA50693A4E24FB1AFCFC6EB0764782500010002D8,2.0,Yes,mattress,0.5
3860807,ANCHOR_01,52:06:26:03:01:DA,-70,MFG_4C000215FDA50693A4E24FB1AFCFC6EB0764782500010002D8,2.0,Yes,mattress,0.5
3862807,ANCHOR_01,52:06:26:03:01:DA,-72,MFG_4C000215FDA50693A4E24FB1AFCFC6EB0764782500010002D8,2.0,Yes,mattress,0.5
3863837,ANCHOR_01,52:06:26:03:01:DA,-83,MFG_4C000215FDA50693A4E24FB1AFCFC6EB0764782500010002D8,2.0,Yes,mattress,0.5
3864827,ANCHOR_01,52:06:26:03:01:DA,-83,MFG_4C000215FDA50693A4E24FB1AFCFC6EB0764782500010002D8,2.0,Yes,mattress,0.5
3867827,ANCHOR_01,52:06:26:03:01:DA,-70,MFG_4C000215FDA50693A4E24FB1AFCFC6EB0764782500010002D8,2.0,Yes,mattress,0.5
3868847,ANCHOR_01,52:06:26:03:01:DA,-72,MFG_4C000215FDA50693A4E24FB1AFCFC6EB0764782500010002D8,2.0,Yes,mattress,0.5
3869837,ANCHOR_01,52:06:26:03:01:DA,-72,MFG_4C000215FDA50693A4E24FB1AFCFC6EB0764782500010002D8,2.0,Yes,mattress,0.5
3870857,ANCHOR_01,52:06:26:03:01:DA,-84,MFG_4C000215FDA50693A4E24FB1AFCFC6EB0764782500010002D8,2.0,Yes,mattress,0.5
3871847,ANCHOR_01,52:06:26:03:01:DA,-82,MFG_4C000215FDA50693A4E24FB1AFCFC6EB0764782500010002D8,2.0,Yes,mattress,0.5
3872867,ANCHOR_01,52:06:26:03:01:DA,-70,MFG_4C000215FDA50693A4E24FB1AFCFC6EB0764782500010002D8,2.0,Yes,mattress,0.5
3873877,ANCHOR_01,52:06:26:03:01:DA,-73,MFG_4C000215FDA50693A4E24FB1AFCFC6EB0764782500010002D8,2.0,Yes,mattress,0.5
3874877,ANCHOR_01,52:06:26:03:01:DA,-72,MFG_4C000215FDA50693A4E24FB1AFCFC6EB0764782500010002D8,2.0,Yes,mattress,0.5
3875897,ANCHOR_01,52:06:26:03:01:DA,-84,MFG_4C000215FDA50693A4E24FB1AFCFC6EB0764782500010002D8,2.0,Yes,mattress,0.5
3876877,ANCHOR_01,52:06:26:03:01:DA,-82,MFG_4C000215FDA50693A4E24FB1AFCFC6EB0764782500010002D8,2.0,Yes,mattress,0.5
3877887,ANCHOR_01,52:06:26:03:01:DA,-70,MFG_4C000215FDA50693A4E24FB1AFCFC6EB0764782500010002D8,2.0,Yes,mattress,0.5
3878897,ANCHOR_01,52:06:26:03:01:DA,-70,MFG_4C000215FDA50693A4E24FB1AFCFC6EB0764782500010002D8,2.0,Yes,mattress,0.5
3879887,ANCHOR_01,52:06:26:03:01:DA,-70,MFG_4C000215FDA50693A4E24FB1AFCFC6EB0764782500010002D8,2.0,Yes,mattress,0.5
3880907,ANCHOR_01,52:06:26:03:01:DA,-72,MFG_4C000215FDA50693A4E24FB1AFCFC6EB0764782500010002D8,2.0,Yes,mattress,0.5
3881897,ANCHOR_01,52:06:26:03:01:DA,-73,MFG_4C000215FDA50693A4E24FB1AFCFC6EB0764782500010002D8,2.0,Yes,mattress,0.5
3882917,ANCHOR_01,52:06:26:03:01:DA,-83,MFG_4C000215FDA50693A4E24FB1AFCFC6EB0764782500010002D8,2.0,Yes,mattress,0.5
3883897,ANCHOR_01,52:06:26:03:01:DA,-84,MFG_4C000215FDA50693A4E24FB1AFCFC6EB0764782500010002D8,2.0,Yes,mattress,0.5
3885907,ANCHOR_01,52:06:26:03:01:DA,-69,MFG_4C000215FDA50693A4E24FB1AFCFC6EB0764782500010002D8,2.0,Yes,mattress,0.5
3886937,ANCHOR_01,52:06:26:03:01:DA,-72,MFG_4C000215FDA50693A4E24FB1AFCFC6EB0764782500010002D8,2.0,Yes,mattress,0.5
3887927,ANCHOR_01,52:06:26:03:01:DA,-72,MFG_4C000215FDA50693A4E24FB1AFCFC6EB0764782500010002D8,2.0,Yes,mattress,0.5
3888947,ANCHOR_01,52:06:26:03:01:DA,-82,MFG_4C000215FDA50693A4E24FB1AFCFC6EB0764782500010002D8,2.0,Yes,mattress,0.5
3889927,ANCHOR_01,52:06:26:03:01:DA,-84,MFG_4C000215FDA50693A4E24FB1AFCFC6EB0764782500010002D8,2.0,Yes,mattress,0.5
3890957,ANCHOR_01,52:06:26:03:01:DA,-70,MFG_4C000215FDA50693A4E24FB1AFCFC6EB0764782500010002D8,2.0,Yes,mattress,0.5
3891947,ANCHOR_01,52:06:26:03:01:DA,-69,MFG_4C000215FDA50693A4E24FB1AFCFC6EB0764782500010002D8,2.0,Yes,mattress,0.5
3893947,ANCHOR_01,52:06:26:03:01:DA,-72,MFG_4C000215FDA50693A4E24FB1AFCFC6EB0764782500010002D8,2.0,Yes,mattress,0.5
3894977,ANCHOR_01,52:06:26:03:01:DA,-82,MFG_4C000215FDA50693A4E24FB1AFCFC6EB0764782500010002D8,2.0,Yes,mattress,0.5
3895967,ANCHOR_01,52:06:26:03:01:DA,-82,MFG_4C000215FDA50693A4E24FB1AFCFC6EB0764782500010002D8,2.0,Yes,mattress,0.5
3896987,ANCHOR_01,52:06:26:03:01:DA,-70,MFG_4C000215FDA50693A4E24FB1AFCFC6EB0764782500010002D8,2.0,Yes,mattress,0.5
3897977,ANCHOR_01,52:06:26:03:01:DA,-69,MFG_4C000215FDA50693A4E24FB1AFCFC6EB0764782500010002D8,2.0,Yes,mattress,0.5
3899987,ANCHOR_01,52:06:26:03:01:DA,-73,MFG_4C000215FDA50693A4E24FB1AFCFC6EB0764782500010002D8,2.0,Yes,mattress,0.5
3901007,ANCHOR_01,52:06:26:03:01:DA,-82,MFG_4C000215FDA50693A4E24FB1AFCFC6EB0764782500010002D8,2.0,Yes,mattress,0.5
3901987,ANCHOR_01,52:06:26:03:01:DA,-82,MFG_4C000215FDA50693A4E24FB1AFCFC6EB0764782500010002D8,2.0,Yes,mattress,0.5
3903017,ANCHOR_01,52:06:26:03:01:DA,-70,MFG_4C000215FDA50693A4E24FB1AFCFC6EB0764782500010002D8,2.0,Yes,mattress,0.5
3904007,ANCHOR_01,52:06:26:03:01:DA,-69,MFG_4C000215FDA50693A4E24FB1AFCFC6EB0764782500010002D8,2.0,Yes,mattress,0.5
3906017,ANCHOR_01,52:06:26:03:01:DA,-72,MFG_4C000215FDA50693A4E24FB1AFCFC6EB0764782500010002D8,2.0,Yes,mattress,0.5
3907007,ANCHOR_01,52:06:26:03:01:DA,-72,MFG_4C000215FDA50693A4E24FB1AFCFC6EB0764782500010002D8,2.0,Yes,mattress,0.5
3908027,ANCHOR_01,52:06:26:03:01:DA,-83,MFG_4C000215FDA50693A4E24FB1AFCFC6EB0764782500010002D8,2.0,Yes,mattress,0.5
3909017,ANCHOR_01,52:06:26:03:01:DA,-83,MFG_4C000215FDA50693A4E24FB1AFCFC6EB0764782500010002D8,2.0,Yes,mattress,0.5
3910037,ANCHOR_01,52:06:26:03:01:DA,-70,MFG_4C000215FDA50693A4E24FB1AFCFC6EB0764782500010002D8,2.0,Yes,mattress,0.5
3911027,ANCHOR_01,52:06:26:03:01:DA,-70,MFG_4C000215FDA50693A4E24FB1AFCFC6EB0764782500010002D8,2.0,Yes,mattress,0.5
3912047,ANCHOR_01,52:06:26:03:01:DA,-72,MFG_4C000215FDA50693A4E24FB1AFCFC6EB0764782500010002D8,2.0,Yes,mattress,0.5
3913037,ANCHOR_01,52:06:26:03:01:DA,-73,MFG_4C000215FDA50693A4E24FB1AFCFC6EB0764782500010002D8,2.0,Yes,mattress,0.5
3914057,ANCHOR_01,52:06:26:03:01:DA,-81,MFG_4C000215FDA50693A4E24FB1AFCFC6EB0764782500010002D8,2.0,Yes,mattress,0.5
3915047,ANCHOR_01,52:06:26:03:01:DA,-82,MFG_4C000215FDA50693A4E24FB1AFCFC6EB0764782500010002D8,2.0,Yes,mattress,0.5
3916067,ANCHOR_01,52:06:26:03:01:DA,-70,MFG_4C000215FDA50693A4E24FB1AFCFC6EB0764782500010002D8,2.0,Yes,mattress,0.5
3917057,ANCHOR_01,52:06:26:03:01:DA,-70,MFG_4C000215FDA50693A4E24FB1AFCFC6EB0764782500010002D8,2.0,Yes,mattress,0.5
3918067,ANCHOR_01,52:06:26:03:01:DA,-73,MFG_4C000215FDA50693A4E24FB1AFCFC6EB0764782500010002D8,2.0,Yes,mattress,0.5
3919097,ANCHOR_01,52:06:26:03:01:DA,-83,MFG_4C000215FDA50693A4E24FB1AFCFC6EB0764782500010002D8,2.0,Yes,mattress,0.5
3920077,ANCHOR_01,52:06:26:03:01:DA,-82,MFG_4C000215FDA50693A4E24FB1AFCFC6EB0764782500010002D8,2.0,Yes,mattress,0.5
3922097,ANCHOR_01,52:06:26:03:01:DA,-70,MFG_4C000215FDA50693A4E24FB1AFCFC6EB0764782500010002D8,2.0,Yes,mattress,0.5
3924107,ANCHOR_01,52:06:26:03:01:DA,-72,MFG_4C000215FDA50693A4E24FB1AFCFC6EB0764782500010002D8,2.0,Yes,mattress,0.5
3925117,ANCHOR_01,52:06:26:03:01:DA,-84,MFG_4C000215FDA50693A4E24FB1AFCFC6EB0764782500010002D8,2.0,Yes,mattress,0.5
3926107,ANCHOR_01,52:06:26:03:01:DA,-81,MFG_4C000215FDA50693A4E24FB1AFCFC6EB0764782500010002D8,2.0,Yes,mattress,0.5
3927117,ANCHOR_01,52:06:26:03:01:DA,-70,MFG_4C000215FDA50693A4E24FB1AFCFC6EB0764782500010002D8,2.0,Yes,mattress,0.5
3928127,ANCHOR_01,52:06:26:03:01:DA,-69,MFG_4C000215FDA50693A4E24FB1AFCFC6EB0764782500010002D8,2.0,Yes,mattress,0.5
3929147,ANCHOR_01,52:06:26:03:01:DA,-72,MFG_4C000215FDA50693A4E24FB1AFCFC6EB0764782500010002D8,2.0,Yes,mattress,0.5
3930137,ANCHOR_01,52:06:26:03:01:DA,-72,MFG_4C000215FDA50693A4E24FB1AFCFC6EB0764782500010002D8,2.0,Yes,mattress,0.5
3931157,ANCHOR_01,52:06:26:03:01:DA,-83,MFG_4C000215FDA50693A4E24FB1AFCFC6EB0764782500010002D8,2.0,Yes,mattress,0.5
3933157,ANCHOR_01,52:06:26:03:01:DA,-70,MFG_4C000215FDA50693A4E24FB1AFCFC6EB0764782500010002D8,2.0,Yes,mattress,0.5
3935177,ANCHOR_01,52:06:26:03:01:DA,-72,MFG_4C000215FDA50693A4E24FB1AFCFC6EB0764782500010002D8,2.0,Yes,mattress,0.5
3936167,ANCHOR_01,52:06:26:03:01:DA,-72,MFG_4C000215FDA50693A4E24FB1AFCFC6EB0764782500010002D8,2.0,Yes,mattress,0.5
3937187,ANCHOR_01,52:06:26:03:01:DA,-83,MFG_4C000215FDA50693A4E24FB1AFCFC6EB0764782500010002D8,2.0,Yes,mattress,0.5
3939197,ANCHOR_01,52:06:26:03:01:DA,-70,MFG_4C000215FDA50693A4E24FB1AFCFC6EB0764782500010002D8,2.0,Yes,mattress,0.5
3940217,ANCHOR_01,52:06:26:03:01:DA,-72,MFG_4C000215FDA50693A4E24FB1AFCFC6EB0764782500010002D8,2.0,Yes,mattress,0.5
3941207,ANCHOR_01,52:06:26:03:01:DA,-72,MFG_4C000215FDA50693A4E24FB1AFCFC6EB0764782500010002D8,2.0,Yes,mattress,0.5
3942227,ANCHOR_01,52:06:26:03:01:DA,-82,MFG_4C000215FDA50693A4E24FB1AFCFC6EB0764782500010002D8,2.0,Yes,mattress,0.5
3943207,ANCHOR_01,52:06:26:03:01:DA,-82,MFG_4C000215FDA50693A4E24FB1AFCFC6EB0764782500010002D8,2.0,Yes,mattress,0.5
3944237,ANCHOR_01,52:06:26:03:01:DA,-70,MFG_4C000215FDA50693A4E24FB1AFCFC6EB0764782500010002D8,2.0,Yes,mattress,0.5
3945227,ANCHOR_01,52:06:26:03:01:DA,-70,MFG_4C000215FDA50693A4E24FB1AFCFC6EB0764782500010002D8,2.0,Yes,mattress,0.5
3946237,ANCHOR_01,52:06:26:03:01:DA,-72,MFG_4C000215FDA50693A4E24FB1AFCFC6EB0764782500010002D8,2.0,Yes,mattress,0.5
3947227,ANCHOR_01,52:06:26:03:01:DA,-72,MFG_4C000215FDA50693A4E24FB1AFCFC6EB0764782500010002D8,2.0,Yes,mattress,0.5
3948237,ANCHOR_01,52:06:26:03:01:DA,-82,MFG_4C000215FDA50693A4E24FB1AFCFC6EB0764782500010002D8,2.0,Yes,mattress,0.5
3949247,ANCHOR_01,52:06:26:03:01:DA,-82,MFG_4C000215FDA50693A4E24FB1AFCFC6EB0764782500010002D8,2.0,Yes,mattress,0.5
3950237,ANCHOR_01,52:06:26:03:01:DA,-83,MFG_4C000215FDA50693A4E24FB1AFCFC6EB0764782500010002D8,2.0,Yes,mattress,0.5
3951257,ANCHOR_01,52:06:26:03:01:DA,-70,MFG_4C000215FDA50693A4E24FB1AFCFC6EB0764782500010002D8,2.0,Yes,mattress,0.5
3952247,ANCHOR_01,52:06:26:03:01:DA,-69,MFG_4C000215FDA50693A4E24FB1AFCFC6EB0764782500010002D8,2.0,Yes,mattress,0.5
3953247,ANCHOR_01,52:06:26:03:01:DA,-72,MFG_4C000215FDA50693A4E24FB1AFCFC6EB0764782500010002D8,2.0,Yes,mattress,0.5
3955257,ANCHOR_01,52:06:26:03:01:DA,-82,MFG_4C000215FDA50693A4E24FB1AFCFC6EB0764782500010002D8,2.0,Yes,mattress,0.5
3956267,ANCHOR_01,52:06:26:03:01:DA,-82,MFG_4C000215FDA50693A4E24FB1AFCFC6EB0764782500010002D8,2.0,Yes,mattress,0.5
3957287,ANCHOR_01,52:06:26:03:01:DA,-70,MFG_4C000215FDA50693A4E24FB1AFCFC6EB0764782500010002D8,2.0,Yes,mattress,0.5
3958277,ANCHOR_01,52:06:26:03:01:DA,-70,MFG_4C000215FDA50693A4E24FB1AFCFC6EB0764782500010002D8,2.0,Yes,mattress,0.5
3960277,ANCHOR_01,52:06:26:03:01:DA,-72,MFG_4C000215FDA50693A4E24FB1AFCFC6EB0764782500010002D8,2.0,Yes,mattress,0.5
3961277,ANCHOR_01,52:06:26:03:01:DA,-72,MFG_4C000215FDA50693A4E24FB1AFCFC6EB0764782500010002D8,2.0,Yes,mattress,0.5
3963287,ANCHOR_01,52:06:26:03:01:DA,-83,MFG_4C000215FDA50693A4E24FB1AFCFC6EB0764782500010002D8,2.0,Yes,mattress,0.5
3964307,ANCHOR_01,52:06:26:03:01:DA,-69,MFG_4C000215FDA50693A4E24FB1AFCFC6EB0764782500010002D8,2.0,Yes,mattress,0.5
3965297,ANCHOR_01,52:06:26:03:01:DA,-70,MFG_4C000215FDA50693A4E24FB1AFCFC6EB0764782500010002D8,2.0,Yes,mattress,0.5
3966317,ANCHOR_01,52:06:26:03:01:DA,-72,MFG_4C000215FDA50693A4E24FB1AFCFC6EB0764782500010002D8,2.0,Yes,mattress,0.5
3967307,ANCHOR_01,52:06:26:03:01:DA,-72,MFG_4C000215FDA50693A4E24FB1AFCFC6EB0764782500010002D8,2.0,Yes,mattress,0.5
3968327,ANCHOR_01,52:06:26:03:01:DA,-82,MFG_4C000215FDA50693A4E24FB1AFCFC6EB0764782500010002D8,2.0,Yes,mattress,0.5
3969307,ANCHOR_01,52:06:26:03:01:DA,-82,MFG_4C000215FDA50693A4E24FB1AFCFC6EB0764782500010002D8,2.0,Yes,mattress,0.5
3971317,ANCHOR_01,52:06:26:03:01:DA,-70,MFG_4C000215FDA50693A4E24FB1AFCFC6EB0764782500010002D8,2.0,Yes,mattress,0.5
3972317,ANCHOR_01,52:06:26:03:01:DA,-70,MFG_4C000215FDA50693A4E24FB1AFCFC6EB0764782500010002D8,2.0,Yes,mattress,0.5
3973337,ANCHOR_01,52:06:26:03:01:DA,-72,MFG_4C000215FDA50693A4E24FB1AFCFC6EB0764782500010002D8,2.0,Yes,mattress,0.5
3974357,ANCHOR_01,52:06:26:03:01:DA,-82,MFG_4C000215FDA50693A4E24FB1AFCFC6EB0764782500010002D8,2.0,Yes,mattress,0.5
3975347,ANCHOR_01,52:06:26:03:01:DA,-83,MFG_4C000215FDA50693A4E24FB1AFCFC6EB0764782500010002D8,2.0,Yes,mattress,0.5
3977357,ANCHOR_01,52:06:26:03:01:DA,-70,MFG_4C000215FDA50693A4E24FB1AFCFC6EB0764782500010002D8,2.0,Yes,mattress,0.5
3978357,ANCHOR_01,52:06:26:03:01:DA,-72,MFG_4C000215FDA50693A4E24FB1AFCFC6EB0764782500010002D8,2.0,Yes,mattress,0.5
3979367,ANCHOR_01,52:06:26:03:01:DA,-72,MFG_4C000215FDA50693A4E24FB1AFCFC6EB0764782500010002D8,2.0,Yes,mattress,0.5
3980367,ANCHOR_01,52:06:26:03:01:DA,-83,MFG_4C000215FDA50693A4E24FB1AFCFC6EB0764782500010002D8,2.0,Yes,mattress,0.5
3981377,ANCHOR_01,52:06:26:03:01:DA,-82,MFG_4C000215FDA50693A4E24FB1AFCFC6EB0764782500010002D8,2.0,Yes,mattress,0.5
3982397,ANCHOR_01,52:06:26:03:01:DA,-70,MFG_4C000215FDA50693A4E24FB1AFCFC6EB0764782500010002D8,2.0,Yes,mattress,0.5
3983387,ANCHOR_01,52:06:26:03:01:DA,-70,MFG_4C000215FDA50693A4E24FB1AFCFC6EB0764782500010002D8,2.0,Yes,mattress,0.5
3984407,ANCHOR_01,52:06:26:03:01:DA,-72,MFG_4C000215FDA50693A4E24FB1AFCFC6EB0764782500010002D8,2.0,Yes,mattress,0.5
3985397,ANCHOR_01,52:06:26:03:01:DA,-72,MFG_4C000215FDA50693A4E24FB1AFCFC6EB0764782500010002D8,2.0,Yes,mattress,0.5
3987407,ANCHOR_01,52:06:26:03:01:DA,-81,MFG_4C000215FDA50693A4E24FB1AFCFC6EB0764782500010002D8,2.0,Yes,mattress,0.5
3989417,ANCHOR_01,52:06:26:03:01:DA,-69,MFG_4C000215FDA50693A4E24FB1AFCFC6EB0764782500010002D8,2.0,Yes,mattress,0.5
3990437,ANCHOR_01,52:06:26:03:01:DA,-73,MFG_4C000215FDA50693A4E24FB1AFCFC6EB0764782500010002D8,2.0,Yes,mattress,0.5
3991417,ANCHOR_01,52:06:26:03:01:DA,-72,MFG_4C000215FDA50693A4E24FB1AFCFC6EB0764782500010002D8,2.0,Yes,mattress,0.5
3992447,ANCHOR_01,52:06:26:03:01:DA,-86,MFG_4C000215FDA50693A4E24FB1AFCFC6EB0764782500010002D8,2.0,Yes,mattress,0.5
3993437,ANCHOR_01,52:06:26:03:01:DA,-79,MFG_4C000215FDA50693A4E24FB1AFCFC6EB0764782500010002D8,2.0,Yes,mattress,0.5
3995447,ANCHOR_01,52:06:26:03:01:DA,-71,MFG_4C000215FDA50693A4E24FB1AFCFC6EB0764782500010002D8,2.0,Yes,mattress,0.5
3996437,ANCHOR_01,52:06:26:03:01:DA,-72,MFG_4C000215FDA50693A4E24FB1AFCFC6EB0764782500010002D8,2.0,Yes,mattress,0.5
3997457,ANCHOR_01,52:06:26:03:01:DA,-72,MFG_4C000215FDA50693A4E24FB1AFCFC6EB0764782500010002D8,2.0,Yes,mattress,0.5
3998477,ANCHOR_01,52:06:26:03:01:DA,-78,MFG_4C000215FDA50693A4E24FB1AFCFC6EB0764782500010002D8,2.0,Yes,mattress,0.5
3999467,ANCHOR_01,52:06:26:03:01:DA,-79,MFG_4C000215FDA50693A4E24FB1AFCFC6EB0764782500010002D8,2.0,Yes,mattress,0.5
4000487,ANCHOR_01,52:06:26:03:01:DA,-72,MFG_4C000215FDA50693A4E24FB1AFCFC6EB0764782500010002D8,2.0,Yes,mattress,0.5
4001467,ANCHOR_01,52:06:26:03:01:DA,-73,MFG_4C000215FDA50693A4E24FB1AFCFC6EB0764782500010002D8,2.0,Yes,mattress,0.5
4002487,ANCHOR_01,52:06:26:03:01:DA,-73,MFG_4C000215FDA50693A4E24FB1AFCFC6EB0764782500010002D8,2.0,Yes,mattress,0.5
4003487,ANCHOR_01,52:06:26:03:01:DA,-72,MFG_4C000215FDA50693A4E24FB1AFCFC6EB0764782500010002D8,2.0,Yes,mattress,0.5
4004507,ANCHOR_01,52:06:26:03:01:DA,-77,MFG_4C000215FDA50693A4E24FB1AFCFC6EB0764782500010002D8,2.0,Yes,mattress,0.5
