timestamp,anchor,mac,rssi,name,distance_m,obstacle,obstacle_type
1494727,ANCHOR_01,52:06:26:03:01:DA,-82,MFG_4C000215FDA50693A4E24FB1AFCFC6EB0764782500010002D8,1.0,Yes,Human Body
1495717,ANCHOR_01,52:06:26:03:01:DA,-85,MFG_4C000215FDA50693A4E24FB1AFCFC6EB0764782500010002D8,1.0,Yes,Human Body
1498747,ANCHOR_01,52:06:26:03:01:DA,-77,MFG_4C000215FDA50693A4E24FB1AFCFC6EB0764782500010002D8,1.0,Yes,Human Body
1499737,ANCHOR_01,52:06:26:03:01:DA,-78,MFG_4C000215FDA50693A4E24FB1AFCFC6EB0764782500010002D8,1.0,Yes,Human Body
1500757,ANCHOR_01,52:06:26:03:01:DA,-84,MFG_4C000215FDA50693A4E24FB1AFCFC6EB0764782500010002D8,1.0,Yes,Human Body
1501747,ANCHOR_01,52:06:26:03:01:DA,-84,MFG_4C000215FDA50693A4E24FB1AFCFC6EB0764782500010002D8,1.0,Yes,Human Body
1502767,ANCHOR_01,52:06:26:03:01:DA,-93,MFG_4C000215FDA50693A4E24FB1AFCFC6EB0764782500010002D8,1.0,Yes,Human Body
1503757,ANCHOR_01,52:06:26:03:01:DA,-95,MFG_4C000215FDA50693A4E24FB1AFCFC6EB0764782500010002D8,1.0,Yes,Human Body
1504777,ANCHOR_01,52:06:26:03:01:DA,-77,MFG_4C000215FDA50693A4E24FB1AFCFC6EB0764782500010002D8,1.0,Yes,Human Body
1505767,ANCHOR_01,52:06:26:03:01:DA,-78,MFG_4C000215FDA50693A4E24FB1AFCFC6EB0764782500010002D8,1.0,Yes,Human Body
1506757,ANCHOR_01,52:06:26:03:01:DA,-77,MFG_4C000215FDA50693A4E24FB1AFCFC6EB0764782500010002D8,1.0,Yes,Human Body
1507777,ANCHOR_01,52:06:26:03:01:DA,-83,MFG_4C000215FDA50693A4E24FB1AFCFC6EB0764782500010002D8,1.0,Yes,Human Body
1508797,ANCHOR_01,52:06:26:03:01:DA,-97,MFG_4C000215FDA50693A4E24FB1AFCFC6EB0764782500010002D8,1.0,Yes,Human Body
1509787,ANCHOR_01,52:06:26:03:01:DA,-94,MFG_4C000215FDA50693A4E24FB1AFCFC6EB0764782500010002D8,1.0,Yes,Human Body
1511797,ANCHOR_01,52:06:26:03:01:DA,-78,MFG_4C000215FDA50693A4E24FB1AFCFC6EB0764782500010002D8,1.0,Yes,Human Body
1512817,ANCHOR_01,52:06:26:03:01:DA,-83,MFG_4C000215FDA50693A4E24FB1AFCFC6EB0764782500010002D8,1.0,Yes,Human Body
1513807,ANCHOR_01,52:06:26:03:01:DA,-83,MFG_4C000215FDA50693A4E24FB1AFCFC6EB0764782500010002D8,1.0,Yes,Human Body
1514827,ANCHOR_01,52:06:26:03:01:DA,-98,MFG_4C000215FDA50693A4E24FB1AFCFC6EB0764782500010002D8,1.0,Yes,Human Body
1516837,ANCHOR_01,52:06:26:03:01:DA,-77,MFG_4C000215FDA50693A4E24FB1AFCFC6EB0764782500010002D8,1.0,Yes,Human Body
1517827,ANCHOR_01,52:06:26:03:01:DA,-78,MFG_4C000215FDA50693A4E24FB1AFCFC6EB0764782500010002D8,1.0,Yes,Human Body
1518847,ANCHOR_01,52:06:26:03:01:DA,-83,MFG_4C000215FDA50693A4E24FB1AFCFC6EB0764782500010002D8,1.0,Yes,Human Body
1519837,ANCHOR_01,52:06:26:03:01:DA,-83,MFG_4C000215FDA50693A4E24FB1AFCFC6EB0764782500010002D8,1.0,Yes,Human Body
1520827,ANCHOR_01,52:06:26:03:01:DA,-83,MFG_4C000215FDA50693A4E24FB1AFCFC6EB0764782500010002D8,1.0,Yes,Human Body
1521847,ANCHOR_01,52:06:26:03:01:DA,-96,MFG_4C000215FDA50693A4E24FB1AFCFC6EB0764782500010002D8,1.0,Yes,Human Body
1522837,ANCHOR_01,52:06:26:03:01:DA,-91,MFG_4C000215FDA50693A4E24FB1AFCFC6EB0764782500010002D8,1.0,Yes,Human Body
1523857,ANCHOR_01,52:06:26:03:01:DA,-78,MFG_4C000215FDA50693A4E24FB1AFCFC6EB0764782500010002D8,1.0,Yes,Human Body
1524847,ANCHOR_01,52:06:26:03:01:DA,-77,MFG_4C000215FDA50693A4E24FB1AFCFC6EB0764782500010002D8,1.0,Yes,Human Body
1525867,ANCHOR_01,52:06:26:03:01:DA,-83,MFG_4C000215FDA50693A4E24FB1AFCFC6EB0764782500010002D8,1.0,Yes,Human Body
1526857,ANCHOR_01,52:06:26:03:01:DA,-83,MFG_4C000215FDA50693A4E24FB1AFCFC6EB0764782500010002D8,1.0,Yes,Human Body
1527877,ANCHOR_01,52:06:26:03:01:DA,-94,MFG_4C000215FDA50693A4E24FB1AFCFC6EB0764782500010002D8,1.0,Yes,Human Body
1528867,ANCHOR_01,52:06:26:03:01:DA,-95,MFG_4C000215FDA50693A4E24FB1AFCFC6EB0764782500010002D8,1.0,Yes,Human Body
1530877,ANCHOR_01,52:06:26:03:01:DA,-78,MFG_4C000215FDA50693A4E24FB1AFCFC6EB0764782500010002D8,1.0,Yes,Human Body
1531897,ANCHOR_01,52:06:26:03:01:DA,-82,MFG_4C000215FDA50693A4E24FB1AFCFC6EB0764782500010002D8,1.0,Yes,Human Body
1532887,ANCHOR_01,52:06:26:03:01:DA,-82,MFG_4C000215FDA50693A4E24FB1AFCFC6EB0764782500010002D8,1.0,Yes,Human Body
1533907,ANCHOR_01,52:06:26:03:01:DA,-90,MFG_4C000215FDA50693A4E24FB1AFCFC6EB0764782500010002D8,1.0,Yes,Human Body
1534897,ANCHOR_01,52:06:26:03:01:DA,-89,MFG_4C000215FDA50693A4E24FB1AFCFC6EB0764782500010002D8,1.0,Yes,Human Body
1535917,ANCHOR_01,52:06:26:03:01:DA,-77,MFG_4C000215FDA50693A4E24FB1AFCFC6EB0764782500010002D8,1.0,Yes,Human Body
1536907,ANCHOR_01,52:06:26:03:01:DA,-78,MFG_4C000215FDA50693A4E24FB1AFCFC6EB0764782500010002D8,1.0,Yes,Human Body
1537927,ANCHOR_01,52:06:26:03:01:DA,-82,MFG_4C000215FDA50693A4E24FB1AFCFC6EB0764782500010002D8,1.0,Yes,Human Body
1538917,ANCHOR_01,52:06:26:03:01:DA,-83,MFG_4C000215FDA50693A4E24FB1AFCFC6EB0764782500010002D8,1.0,Yes,Human Body
1539937,ANCHOR_01,52:06:26:03:01:DA,-91,MFG_4C000215FDA50693A4E24FB1AFCFC6EB0764782500010002D8,1.0,Yes,Human Body
1541947,ANCHOR_01,52:06:26:03:01:DA,-77,MFG_4C000215FDA50693A4E24FB1AFCFC6EB0764782500010002D8,1.0,Yes,Human Body
1542937,ANCHOR_01,52:06:26:03:01:DA,-77,MFG_4C000215FDA50693A4E24FB1AFCFC6EB0764782500010002D8,1.0,Yes,Human Body
1543957,ANCHOR_01,52:06:26:03:01:DA,-82,MFG_4C000215FDA50693A4E24FB1AFCFC6EB0764782500010002D8,1.0,Yes,Human Body
1544947,ANCHOR_01,52:06:26:03:01:DA,-83,MFG_4C000215FDA50693A4E24FB1AFCFC6EB0764782500010002D8,1.0,Yes,Human Body
1545967,ANCHOR_01,52:06:26:03:01:DA,-90,MFG_4C000215FDA50693A4E24FB1AFCFC6EB0764782500010002D8,1.0,Yes,Human Body
1547977,ANCHOR_01,52:06:26:03:01:DA,-77,MFG_4C000215FDA50693A4E24FB1AFCFC6EB0764782500010002D8,1.0,Yes,Human Body
1548967,ANCHOR_01,52:06:26:03:01:DA,-77,MFG_4C000215FDA50693A4E24FB1AFCFC6EB0764782500010002D8,1.0,Yes,Human Body
1549987,ANCHOR_01,52:06:26:03:01:DA,-82,MFG_4C000215FDA50693A4E24FB1AFCFC6EB0764782500010002D8,1.0,Yes,Human Body
1551997,ANCHOR_01,52:06:26:03:01:DA,-90,MFG_4C000215FDA50693A4E24FB1AFCFC6EB0764782500010002D8,1.0,Yes,Human Body
1552987,ANCHOR_01,52:06:26:03:01:DA,-92,MFG_4C000215FDA50693A4E24FB1AFCFC6EB0764782500010002D8,1.0,Yes,Human Body
1554007,ANCHOR_01,52:06:26:03:01:DA,-77,MFG_4C000215FDA50693A4E24FB1AFCFC6EB0764782500010002D8,1.0,Yes,Human Body
1554997,ANCHOR_01,52:06:26:03:01:DA,-76,MFG_4C000215FDA50693A4E24FB1AFCFC6EB0764782500010002D8,1.0,Yes,Human Body
1556017,ANCHOR_01,52:06:26:03:01:DA,-82,MFG_4C000215FDA50693A4E24FB1AFCFC6EB0764782500010002D8,1.0,Yes,Human Body
1559017,ANCHOR_01,52:06:26:03:01:DA,-94,MFG_4C000215FDA50693A4E24FB1AFCFC6EB0764782500010002D8,1.0,Yes,Human Body
1561057,ANCHOR_01,52:06:26:03:01:DA,-82,MFG_4C000215FDA50693A4E24FB1AFCFC6EB0764782500010002D8,1.0,Yes,Human Body
1562047,ANCHOR_01,52:06:26:03:01:DA,-83,MFG_4C000215FDA50693A4E24FB1AFCFC6EB0764782500010002D8,1.0,Yes,Human Body
1565077,ANCHOR_01,52:06:26:03:01:DA,-76,MFG_4C000215FDA50693A4E24FB1AFCFC6EB0764782500010002D8,1.0,Yes,Human Body
1566067,ANCHOR_01,52:06:26:03:01:DA,-77,MFG_4C000215FDA50693A4E24FB1AFCFC6EB0764782500010002D8,1.0,Yes,Human Body
1567087,ANCHOR_01,52:06:26:03:01:DA,-83,MFG_4C000215FDA50693A4E24FB1AFCFC6EB0764782500010002D8,1.0,Yes,Human Body
1568077,ANCHOR_01,52:06:26:03:01:DA,-84,MFG_4C000215FDA50693A4E24FB1AFCFC6EB0764782500010002D8,1.0,Yes,Human Body
1569067,ANCHOR_01,52:06:26:03:01:DA,-82,MFG_4C000215FDA50693A4E24FB1AFCFC6EB0764782500010002D8,1.0,Yes,Human Body
1572097,ANCHOR_01,52:06:26:03:01:DA,-76,MFG_4C000215FDA50693A4E24FB1AFCFC6EB0764782500010002D8,1.0,Yes,Human Body
1573087,ANCHOR_01,52:06:26:03:01:DA,-77,MFG_4C000215FDA50693A4E24FB1AFCFC6EB0764782500010002D8,1.0,Yes,Human Body
1574107,ANCHOR_01,52:06:26:03:01:DA,-87,MFG_4C000215FDA50693A4E24FB1AFCFC6EB0764782500010002D8,1.0,Yes,Human Body
1575097,ANCHOR_01,52:06:26:03:01:DA,-84,MFG_4C000215FDA50693A4E24FB1AFCFC6EB0764782500010002D8,1.0,Yes,Human Body
1579117,ANCHOR_01,52:06:26:03:01:DA,-77,MFG_4C000215FDA50693A4E24FB1AFCFC6EB0764782500010002D8,1.0,Yes,Human Body
1580137,ANCHOR_01,52:06:26:03:01:DA,-82,MFG_4C000215FDA50693A4E24FB1AFCFC6EB0764782500010002D8,1.0,Yes,Human Body
1581127,ANCHOR_01,52:06:26:03:01:DA,-84,MFG_4C000215FDA50693A4E24FB1AFCFC6EB0764782500010002D8,1.0,Yes,Human Body
1582147,ANCHOR_01,52:06:26:03:01:DA,-90,MFG_4C000215FDA50693A4E24FB1AFCFC6EB0764782500010002D8,1.0,Yes,Human Body
1583137,ANCHOR_01,52:06:26:03:01:DA,-95,MFG_4C000215FDA50693A4E24FB1AFCFC6EB0764782500010002D8,1.0,Yes,Human Body
1584157,ANCHOR_01,52:06:26:03:01:DA,-77,MFG_4C000215FDA50693A4E24FB1AFCFC6EB0764782500010002D8,1.0,Yes,Human Body
1585147,ANCHOR_01,52:06:26:03:01:DA,-77,MFG_4C000215FDA50693A4E24FB1AFCFC6EB0764782500010002D8,1.0,Yes,Human Body
1586167,ANCHOR_01,52:06:26:03:01:DA,-84,MFG_4C000215FDA50693A4E24FB1AFCFC6EB0764782500010002D8,1.0,Yes,Human Body
1587157,ANCHOR_01,52:06:26:03:01:DA,-84,MFG_4C000215FDA50693A4E24FB1AFCFC6EB0764782500010002D8,1.0,Yes,Human Body
1588177,ANCHOR_01,52:06:26:03:01:DA,-97,MFG_4C000215FDA50693A4E24FB1AFCFC6EB0764782500010002D8,1.0,Yes,Human Body
1589167,ANCHOR_01,52:06:26:03:01:DA,-91,MFG_4C000215FDA50693A4E24FB1AFCFC6EB0764782500010002D8,1.0,Yes,Human Body
1590187,ANCHOR_01,52:06:26:03:01:DA,-77,MFG_4C000215FDA50693A4E24FB1AFCFC6EB0764782500010002D8,1.0,Yes,Human Body
1592197,ANCHOR_01,52:06:26:03:01:DA,-83,MFG_4C000215FDA50693A4E24FB1AFCFC6EB0764782500010002D8,1.0,Yes,Human Body
1593217,ANCHOR_01,52:06:26:03:01:DA,-93,MFG_4C000215FDA50693A4E24FB1AFCFC6EB0764782500010002D8,1.0,Yes,Human Body
1594207,ANCHOR_01,52:06:26:03:01:DA,-95,MFG_4C000215FDA50693A4E24FB1AFCFC6EB0764782500010002D8,1.0,Yes,Human Body
1595227,ANCHOR_01,52:06:26:03:01:DA,-78,MFG_4C000215FDA50693A4E24FB1AFCFC6EB0764782500010002D8,1.0,Yes,Human Body
1596217,ANCHOR_01,52:06:26:03:01:DA,-77,MFG_4C000215FDA50693A4E24FB1AFCFC6EB0764782500010002D8,1.0,Yes,Human Body
1597237,ANCHOR_01,52:06:26:03:01:DA,-80,MFG_4C000215FDA50693A4E24FB1AFCFC6EB0764782500010002D8,1.0,Yes,Human Body
1599247,ANCHOR_01,52:06:26:03:01:DA,-88,MFG_4C000215FDA50693A4E24FB1AFCFC6EB0764782500010002D8,1.0,Yes,Human Body
1601257,ANCHOR_01,52:06:26:03:01:DA,-78,MFG_4C000215FDA50693A4E24FB1AFCFC6EB0764782500010002D8,1.0,Yes,Human Body
1603267,ANCHOR_01,52:06:26:03:01:DA,-81,MFG_4C000215FDA50693A4E24FB1AFCFC6EB0764782500010002D8,1.0,Yes,Human Body
1604287,ANCHOR_01,52:06:26:03:01:DA,-92,MFG_4C000215FDA50693A4E24FB1AFCFC6EB0764782500010002D8,1.0,Yes,Human Body
1605277,ANCHOR_01,52:06:26:03:01:DA,-89,MFG_4C000215FDA50693A4E24FB1AFCFC6EB0764782500010002D8,1.0,Yes,Human Body
1606297,ANCHOR_01,52:06:26:03:01:DA,-77,MFG_4C000215FDA50693A4E24FB1AFCFC6EB0764782500010002D8,1.0,Yes,Human Body
1607287,ANCHOR_01,52:06:26:03:01:DA,-77,MFG_4C000215FDA50693A4E24FB1AFCFC6EB0764782500010002D8,1.0,Yes,Human Body
1608277,ANCHOR_01,52:06:26:03:01:DA,-76,MFG_4C000215FDA50693A4E24FB1AFCFC6EB0764782500010002D8,1.0,Yes,Human Body
1609297,ANCHOR_01,52:06:26:03:01:DA,-82,MFG_4C000215FDA50693A4E24FB1AFCFC6EB0764782500010002D8,1.0,Yes,Human Body
1610287,ANCHOR_01,52:06:26:03:01:DA,-82,MFG_4C000215FDA50693A4E24FB1AFCFC6EB0764782500010002D8,1.0,Yes,Human Body
1611307,ANCHOR_01,52:06:26:03:01:DA,-88,MFG_4C000215FDA50693A4E24FB1AFCFC6EB0764782500010002D8,1.0,Yes,Human Body
1612297,ANCHOR_01,52:06:26:03:01:DA,-87,MFG_4C000215FDA50693A4E24FB1AFCFC6EB0764782500010002D8,1.0,Yes,Human Body
1613317,ANCHOR_01,52:06:26:03:01:DA,-77,MFG_4C000215FDA50693A4E24FB1AFCFC6EB0764782500010002D8,1.0,Yes,Human Body
1614307,ANCHOR_01,52:06:26:03:01:DA,-77,MFG_4C000215FDA50693A4E24FB1AFCFC6EB0764782500010002D8,1.0,Yes,Human Body
1615327,ANCHOR_01,52:06:26:03:01:DA,-82,MFG_4C000215FDA50693A4E24FB1AFCFC6EB0764782500010002D8,1.0,Yes,Human Body
1616317,ANCHOR_01,52:06:26:03:01:DA,-81,MFG_4C000215FDA50693A4E24FB1AFCFC6EB0764782500010002D8,1.0,Yes,Human Body
1617337,ANCHOR_01,52:06:26:03:01:DA,-85,MFG_4C000215FDA50693A4E24FB1AFCFC6EB0764782500010002D8,1.0,Yes,Human Body
1619347,ANCHOR_01,52:06:26:03:01:DA,-77,MFG_4C000215FDA50693A4E24FB1AFCFC6EB0764782500010002D8,1.0,Yes,Human Body
1621357,ANCHOR_01,52:06:26:03:01:DA,-82,MFG_4C000215FDA50693A4E24FB1AFCFC6EB0764782500010002D8,1.0,Yes,Human Body
1622377,ANCHOR_01,52:06:26:03:01:DA,-85,MFG_4C000215FDA50693A4E24FB1AFCFC6EB0764782500010002D8,1.0,Yes,Human Body
1623367,ANCHOR_01,52:06:26:03:01:DA,-87,MFG_4C000215FDA50693A4E24FB1AFCFC6EB0764782500010002D8,1.0,Yes,Human Body
1625377,ANCHOR_01,52:06:26:03:01:DA,-77,MFG_4C000215FDA50693A4E24FB1AFCFC6EB0764782500010002D8,1.0,Yes,Human Body
1626367,ANCHOR_01,52:06:26:03:01:DA,-77,MFG_4C000215FDA50693A4E24FB1AFCFC6EB0764782500010002D8,1.0,Yes,Human Body
1627387,ANCHOR_01,52:06:26:03:01:DA,-82,MFG_4C000215FDA50693A4E24FB1AFCFC6EB0764782500010002D8,1.0,Yes,Human Body
1628407,ANCHOR_01,52:06:26:03:01:DA,-85,MFG_4C000215FDA50693A4E24FB1AFCFC6EB0764782500010002D8,1.0,Yes,Human Body
1629397,ANCHOR_01,52:06:26:03:01:DA,-86,MFG_4C000215FDA50693A4E24FB1AFCFC6EB0764782500010002D8,1.0,Yes,Human Body
1630417,ANCHOR_01,52:06:26:03:01:DA,-77,MFG_4C000215FDA50693A4E24FB1AFCFC6EB0764782500010002D8,1.0,Yes,Human Body
1631407,ANCHOR_01,52:06:26:03:01:DA,-77,MFG_4C000215FDA50693A4E24FB1AFCFC6EB0764782500010002D8,1.0,Yes,Human Body
1632427,ANCHOR_01,52:06:26:03:01:DA,-82,MFG_4C000215FDA50693A4E24FB1AFCFC6EB0764782500010002D8,1.0,Yes,Human Body
1633417,ANCHOR_01,52:06:26:03:01:DA,-81,MFG_4C000215FDA50693A4E24FB1AFCFC6EB0764782500010002D8,1.0,Yes,Human Body
1634437,ANCHOR_01,52:06:26:03:01:DA,-84,MFG_4C000215FDA50693A4E24FB1AFCFC6EB0764782500010002D8,1.0,Yes,Human Body
1636447,ANCHOR_01,52:06:26:03:01:DA,-77,MFG_4C000215FDA50693A4E24FB1AFCFC6EB0764782500010002D8,1.0,Yes,Human Body
1637437,ANCHOR_01,52:06:26:03:01:DA,-78,MFG_4C000215FDA50693A4E24FB1AFCFC6EB0764782500010002D8,1.0,Yes,Human Body
1638457,ANCHOR_01,52:06:26:03:01:DA,-82,MFG_4C000215FDA50693A4E24FB1AFCFC6EB0764782500010002D8,1.0,Yes,Human Body
1639447,ANCHOR_01,52:06:26:03:01:DA,-82,MFG_4C000215FDA50693A4E24FB1AFCFC6EB0764782500010002D8,1.0,Yes,Human Body
1640467,ANCHOR_01,52:06:26:03:01:DA,-84,MFG_4C000215FDA50693A4E24FB1AFCFC6EB0764782500010002D8,1.0,Yes,Human Body
1641457,ANCHOR_01,52:06:26:03:01:DA,-85,MFG_4C000215FDA50693A4E24FB1AFCFC6EB0764782500010002D8,1.0,Yes,Human Body
1642477,ANCHOR_01,52:06:26:03:01:DA,-78,MFG_4C000215FDA50693A4E24FB1AFCFC6EB0764782500010002D8,1.0,Yes,Human Body
1643467,ANCHOR_01,52:06:26:03:01:DA,-77,MFG_4C000215FDA50693A4E24FB1AFCFC6EB0764782500010002D8,1.0,Yes,Human Body
1644457,ANCHOR_01,52:06:26:03:01:DA,-77,MFG_4C000215FDA50693A4E24FB1AFCFC6EB0764782500010002D8,1.0,Yes,Human Body
1645477,ANCHOR_01,52:06:26:03:01:DA,-83,MFG_4C000215FDA50693A4E24FB1AFCFC6EB0764782500010002D8,1.0,Yes,Human Body
1646467,ANCHOR_01,52:06:26:03:01:DA,-82,MFG_4C000215FDA50693A4E24FB1AFCFC6EB0764782500010002D8,1.0,Yes,Human Body
1647487,ANCHOR_01,52:06:26:03:01:DA,-86,MFG_4C000215FDA50693A4E24FB1AFCFC6EB0764782500010002D8,1.0,Yes,Human Body
1649497,ANCHOR_01,52:06:26:03:01:DA,-77,MFG_4C000215FDA50693A4E24FB1AFCFC6EB0764782500010002D8,1.0,Yes,Human Body
1650517,ANCHOR_01,52:06:26:03:01:DA,-82,MFG_4C000215FDA50693A4E24FB1AFCFC6EB0764782500010002D8,1.0,Yes,Human Body
1651507,ANCHOR_01,52:06:26:03:01:DA,-82,MFG_4C000215FDA50693A4E24FB1AFCFC6EB0764782500010002D8,1.0,Yes,Human Body
1652527,ANCHOR_01,52:06:26:03:01:DA,-85,MFG_4C000215FDA50693A4E24FB1AFCFC6EB0764782500010002D8,1.0,Yes,Human Body
1653517,ANCHOR_01,52:06:26:03:01:DA,-85,MFG_4C000215FDA50693A4E24FB1AFCFC6EB0764782500010002D8,1.0,Yes,Human Body
1654537,ANCHOR_01,52:06:26:03:01:DA,-77,MFG_4C000215FDA50693A4E24FB1AFCFC6EB0764782500010002D8,1.0,Yes,Human Body
1655527,ANCHOR_01,52:06:26:03:01:DA,-77,MFG_4C000215FDA50693A4E24FB1AFCFC6EB0764782500010002D8,1.0,Yes,Human Body
1656547,ANCHOR_01,52:06:26:03:01:DA,-82,MFG_4C000215FDA50693A4E24FB1AFCFC6EB0764782500010002D8,1.0,Yes,Human Body
1657537,ANCHOR_01,52:06:26:03:01:DA,-83,MFG_4C000215FDA50693A4E24FB1AFCFC6EB0764782500010002D8,1.0,Yes,Human Body
1658557,ANCHOR_01,52:06:26:03:01:DA,-85,MFG_4C000215FDA50693A4E24FB1AFCFC6EB0764782500010002D8,1.0,Yes,Human Body
1659547,ANCHOR_01,52:06:26:03:01:DA,-85,MFG_4C000215FDA50693A4E24FB1AFCFC6EB0764782500010002D8,1.0,Yes,Human Body
1660567,ANCHOR_01,52:06:26:03:01:DA,-78,MFG_4C000215FDA50693A4E24FB1AFCFC6EB0764782500010002D8,1.0,Yes,Human Body
1661557,ANCHOR_01,52:06:26:03:01:DA,-77,MFG_4C000215FDA50693A4E24FB1AFCFC6EB0764782500010002D8,1.0,Yes,Human Body
1662547,ANCHOR_01,52:06:26:03:01:DA,-78,MFG_4C000215FDA50693A4E24FB1AFCFC6EB0764782500010002D8,1.0,Yes,Human Body
1663567,ANCHOR_01,52:06:26:03:01:DA,-82,MFG_4C000215FDA50693A4E24FB1AFCFC6EB0764782500010002D8,1.0,Yes,Human Body
1665577,ANCHOR_01,52:06:26:03:01:DA,-85,MFG_4C000215FDA50693A4E24FB1AFCFC6EB0764782500010002D8,1.0,Yes,Human Body
1667587,ANCHOR_01,52:06:26:03:01:DA,-77,MFG_4C000215FDA50693A4E24FB1AFCFC6EB0764782500010002D8,1.0,Yes,Human Body
1668577,ANCHOR_01,52:06:26:03:01:DA,-78,MFG_4C000215FDA50693A4E24FB1AFCFC6EB0764782500010002D8,1.0,Yes,Human Body
1669597,ANCHOR_01,52:06:26:03:01:DA,-82,MFG_4C000215FDA50693A4E24FB1AFCFC6EB0764782500010002D8,1.0,Yes,Human Body
1670587,ANCHOR_01,52:06:26:03:01:DA,-83,MFG_4C000215FDA50693A4E24FB1AFCFC6EB0764782500010002D8,1.0,Yes,Human Body
1671607,ANCHOR_01,52:06:26:03:01:DA,-84,MFG_4C000215FDA50693A4E24FB1AFCFC6EB0764782500010002D8,1.0,Yes,Human Body
1672597,ANCHOR_01,52:06:26:03:01:DA,-83,MFG_4C000215FDA50693A4E24FB1AFCFC6EB0764782500010002D8,1.0,Yes,Human Body
1674607,ANCHOR_01,52:06:26:03:01:DA,-78,MFG_4C000215FDA50693A4E24FB1AFCFC6EB0764782500010002D8,1.0,Yes,Human Body
1675627,ANCHOR_01,52:06:26:03:01:DA,-82,MFG_4C000215FDA50693A4E24FB1AFCFC6EB0764782500010002D8,1.0,Yes,Human Body
1676617,ANCHOR_01,52:06:26:03:01:DA,-83,MFG_4C000215FDA50693A4E24FB1AFCFC6EB0764782500010002D8,1.0,Yes,Human Body
1677637,ANCHOR_01,52:06:26:03:01:DA,-85,MFG_4C000215FDA50693A4E24FB1AFCFC6EB0764782500010002D8,1.0,Yes,Human Body
1678627,ANCHOR_01,52:06:26:03:01:DA,-84,MFG_4C000215FDA50693A4E24FB1AFCFC6EB0764782500010002D8,1.0,Yes,Human Body
1679647,ANCHOR_01,52:06:26:03:01:DA,-78,MFG_4C000215FDA50693A4E24FB1AFCFC6EB0764782500010002D8,1.0,Yes,Human Body
1680637,ANCHOR_01,52:06:26:03:01:DA,-78,MFG_4C000215FDA50693A4E24FB1AFCFC6EB0764782500010002D8,1.0,Yes,Human Body
1681657,ANCHOR_01,52:06:26:03:01:DA,-81,MFG_4C000215FDA50693A4E24FB1AFCFC6EB0764782500010002D8,1.0,Yes,Human Body
1682647,ANCHOR_01,52:06:26:03:01:DA,-82,MFG_4C000215FDA50693A4E24FB1AFCFC6EB0764782500010002D8,1.0,Yes,Human Body
1683667,ANCHOR_01,52:06:26:03:01:DA,-85,MFG_4C000215FDA50693A4E24FB1AFCFC6EB0764782500010002D8,1.0,Yes,Human Body
1684657,ANCHOR_01,52:06:26:03:01:DA,-84,MFG_4C000215FDA50693A4E24FB1AFCFC6EB0764782500010002D8,1.0,Yes,Human Body
1685677,ANCHOR_01,52:06:26:03:01:DA,-79,MFG_4C000215FDA50693A4E24FB1AFCFC6EB0764782500010002D8,1.0,Yes,Human Body
1686697,ANCHOR_01,52:06:26:03:01:DA,-83,MFG_4C000215FDA50693A4E24FB1AFCFC6EB0764782500010002D8,1.0,Yes,Human Body
1687687,ANCHOR_01,52:06:26:03:01:DA,-84,MFG_4C000215FDA50693A4E24FB1AFCFC6EB0764782500010002D8,1.0,Yes,Human Body
1688707,ANCHOR_01,52:06:26:03:01:DA,-87,MFG_4C000215FDA50693A4E24FB1AFCFC6EB0764782500010002D8,1.0,Yes,Human Body
1689697,ANCHOR_01,52:06:26:03:01:DA,-89,MFG_4C000215FDA50693A4E24FB1AFCFC6EB0764782500010002D8,1.0,Yes,Human Body
1690717,ANCHOR_01,52:06:26:03:01:DA,-79,MFG_4C000215FDA50693A4E24FB1AFCFC6EB0764782500010002D8,1.0,Yes,Human Body
1691707,ANCHOR_01,52:06:26:03:01:DA,-78,MFG_4C000215FDA50693A4E24FB1AFCFC6EB0764782500010002D8,1.0,Yes,Human Body
1692727,ANCHOR_01,52:06:26:03:01:DA,-83,MFG_4C000215FDA50693A4E24FB1AFCFC6EB0764782500010002D8,1.0,Yes,Human Body
1693717,ANCHOR_01,52:06:26:03:01:DA,-83,MFG_4C000215FDA50693A4E24FB1AFCFC6EB0764782500010002D8,1.0,Yes,Human Body
1695727,ANCHOR_01,52:06:26:03:01:DA,-89,MFG_4C000215FDA50693A4E24FB1AFCFC6EB0764782500010002D8,1.0,Yes,Human Body
1696717,ANCHOR_01,52:06:26:03:01:DA,-88,MFG_4C000215FDA50693A4E24FB1AFCFC6EB0764782500010002D8,1.0,Yes,Human Body
1697737,ANCHOR_01,52:06:26:03:01:DA,-79,MFG_4C000215FDA50693A4E24FB1AFCFC6EB0764782500010002D8,1.0,Yes,Human Body
1698727,ANCHOR_01,52:06:26:03:01:DA,-81,MFG_4C000215FDA50693A4E24FB1AFCFC6EB0764782500010002D8,1.0,Yes,Human Body
1699747,ANCHOR_01,52:06:26:03:01:DA,-82,MFG_4C000215FDA50693A4E24FB1AFCFC6EB0764782500010002D8,1.0,Yes,Human Body
1700737,ANCHOR_01,52:06:26:03:01:DA,-82,MFG_4C000215FDA50693A4E24FB1AFCFC6EB0764782500010002D8,1.0,Yes,Human Body
1701757,ANCHOR_01,52:06:26:03:01:DA,-87,MFG_4C000215FDA50693A4E24FB1AFCFC6EB0764782500010002D8,1.0,Yes,Human Body
1702747,ANCHOR_01,52:06:26:03:01:DA,-86,MFG_4C000215FDA50693A4E24FB1AFCFC6EB0764782500010002D8,1.0,Yes,Human Body
1703767,ANCHOR_01,52:06:26:03:01:DA,-81,MFG_4C000215FDA50693A4E24FB1AFCFC6EB0764782500010002D8,1.0,Yes,Human Body
1704757,ANCHOR_01,52:06:26:03:01:DA,-79,MFG_4C000215FDA50693A4E24FB1AFCFC6EB0764782500010002D8,1.0,Yes,Human Body
1705777,ANCHOR_01,52:06:26:03:01:DA,-84,MFG_4C000215FDA50693A4E24FB1AFCFC6EB0764782500010002D8,1.0,Yes,Human Body
1706767,ANCHOR_01,52:06:26:03:01:DA,-85,MFG_4C000215FDA50693A4E24FB1AFCFC6EB0764782500010002D8,1.0,Yes,Human Body
1707787,ANCHOR_01,52:06:26:03:01:DA,-91,MFG_4C000215FDA50693A4E24FB1AFCFC6EB0764782500010002D8,1.0,Yes,Human Body
1708777,ANCHOR_01,52:06:26:03:01:DA,-92,MFG_4C000215FDA50693A4E24FB1AFCFC6EB0764782500010002D8,1.0,Yes,Human Body
1709797,ANCHOR_01,52:06:26:03:01:DA,-79,MFG_4C000215FDA50693A4E24FB1AFCFC6EB0764782500010002D8,1.0,Yes,Human Body
1710787,ANCHOR_01,52:06:26:03:01:DA,-80,MFG_4C000215FDA50693A4E24FB1AFCFC6EB0764782500010002D8,1.0,Yes,Human Body
1711807,ANCHOR_01,52:06:26:03:01:DA,-85,MFG_4C000215FDA50693A4E24FB1AFCFC6EB0764782500010002D8,1.0,Yes,Human Body
1712797,ANCHOR_01,52:06:26:03:01:DA,-85,MFG_4C000215FDA50693A4E24FB1AFCFC6EB0764782500010002D8,1.0,Yes,Human Body
1713817,ANCHOR_01,52:06:26:03:01:DA,-92,MFG_4C000215FDA50693A4E24FB1AFCFC6EB0764782500010002D8,1.0,Yes,Human Body
1714807,ANCHOR_01,52:06:26:03:01:DA,-91,MFG_4C000215FDA50693A4E24FB1AFCFC6EB0764782500010002D8,1.0,Yes,Human Body
1716817,ANCHOR_01,52:06:26:03:01:DA,-80,MFG_4C000215FDA50693A4E24FB1AFCFC6EB0764782500010002D8,1.0,Yes,Human Body
1717837,ANCHOR_01,52:06:26:03:01:DA,-85,MFG_4C000215FDA50693A4E24FB1AFCFC6EB0764782500010002D8,1.0,Yes,Human Body
1718827,ANCHOR_01,52:06:26:03:01:DA,-86,MFG_4C000215FDA50693A4E24FB1AFCFC6EB0764782500010002D8,1.0,Yes,Human Body
1719847,ANCHOR_01,52:06:26:03:01:DA,-94,MFG_4C000215FDA50693A4E24FB1AFCFC6EB0764782500010002D8,1.0,Yes,Human Body
1720837,ANCHOR_01,52:06:26:03:01:DA,-91,MFG_4C000215FDA50693A4E24FB1AFCFC6EB0764782500010002D8,1.0,Yes,Human Body
1721827,ANCHOR_01,52:06:26:03:01:DA,-90,MFG_4C000215FDA50693A4E24FB1AFCFC6EB0764782500010002D8,1.0,Yes,Human Body
1722847,ANCHOR_01,52:06:26:03:01:DA,-80,MFG_4C000215FDA50693A4E24FB1AFCFC6EB0764782500010002D8,1.0,Yes,Human Body
1723867,ANCHOR_01,52:06:26:03:01:DA,-85,MFG_4C000215FDA50693A4E24FB1AFCFC6EB0764782500010002D8,1.0,Yes,Human Body
1724857,ANCHOR_01,52:06:26:03:01:DA,-85,MFG_4C000215FDA50693A4E24FB1AFCFC6EB0764782500010002D8,1.0,Yes,Human Body
1726867,ANCHOR_01,52:06:26:03:01:DA,-95,MFG_4C000215FDA50693A4E24FB1AFCFC6EB0764782500010002D8,1.0,Yes,Human Body
1727857,ANCHOR_01,52:06:26:03:01:DA,-92,MFG_4C000215FDA50693A4E24FB1AFCFC6EB0764782500010002D8,1.0,Yes,Human Body
1728877,ANCHOR_01,52:06:26:03:01:DA,-81,MFG_4C000215FDA50693A4E24FB1AFCFC6EB0764782500010002D8,1.0,Yes,Human Body
1729867,ANCHOR_01,52:06:26:03:01:DA,-80,MFG_4C000215FDA50693A4E24FB1AFCFC6EB0764782500010002D8,1.0,Yes,Human Body
1730887,ANCHOR_01,52:06:26:03:01:DA,-84,MFG_4C000215FDA50693A4E24FB1AFCFC6EB0764782500010002D8,1.0,Yes,Human Body
1731877,ANCHOR_01,52:06:26:03:01:DA,-85,MFG_4C000215FDA50693A4E24FB1AFCFC6EB0764782500010002D8,1.0,Yes,Human Body
1732897,ANCHOR_01,52:06:26:03:01:DA,-93,MFG_4C000215FDA50693A4E24FB1AFCFC6EB0764782500010002D8,1.0,Yes,Human Body
1733887,ANCHOR_01,52:06:26:03:01:DA,-91,MFG_4C000215FDA50693A4E24FB1AFCFC6EB0764782500010002D8,1.0,Yes,Human Body
1735897,ANCHOR_01,52:06:26:03:01:DA,-79,MFG_4C000215FDA50693A4E24FB1AFCFC6EB0764782500010002D8,1.0,Yes,Human Body
1736917,ANCHOR_01,52:06:26:03:01:DA,-84,MFG_4C000215FDA50693A4E24FB1AFCFC6EB0764782500010002D8,1.0,Yes,Human Body
1737907,ANCHOR_01,52:06:26:03:01:DA,-85,MFG_4C000215FDA50693A4E24FB1AFCFC6EB0764782500010002D8,1.0,Yes,Human Body
1738897,ANCHOR_01,52:06:26:03:01:DA,-84,MFG_4C000215FDA50693A4E24FB1AFCFC6EB0764782500010002D8,1.0,Yes,Human Body
1739917,ANCHOR_01,52:06:26:03:01:DA,-93,MFG_4C000215FDA50693A4E24FB1AFCFC6EB0764782500010002D8,1.0,Yes,Human Body
1740907,ANCHOR_01,52:06:26:03:01:DA,-94,MFG_4C000215FDA50693A4E24FB1AFCFC6EB0764782500010002D8,1.0,Yes,Human Body
1741927,ANCHOR_01,52:06:26:03:01:DA,-80,MFG_4C000215FDA50693A4E24FB1AFCFC6EB0764782500010002D8,1.0,Yes,Human Body
1742917,ANCHOR_01,52:06:26:03:01:DA,-80,MFG_4C000215FDA50693A4E24FB1AFCFC6EB0764782500010002D8,1.0,Yes,Human Body
1743937,ANCHOR_01,52:06:26:03:01:DA,-84,MFG_4C000215FDA50693A4E24FB1AFCFC6EB0764782500010002D8,1.0,Yes,Human Body
1744927,ANCHOR_01,52:06:26:03:01:DA,-83,MFG_4C000215FDA50693A4E24FB1AFCFC6EB0764782500010002D8,1.0,Yes,Human Body
1746937,ANCHOR_01,52:06:26:03:01:DA,-89,MFG_4C000215FDA50693A4E24FB1AFCFC6EB0764782500010002D8,1.0,Yes,Human Body
1747957,ANCHOR_01,52:06:26:03:01:DA,-80,MFG_4C000215FDA50693A4E24FB1AFCFC6EB0764782500010002D8,1.0,Yes,Human Body
1748947,ANCHOR_01,52:06:26:03:01:DA,-79,MFG_4C000215FDA50693A4E24FB1AFCFC6EB0764782500010002D8,1.0,Yes,Human Body
1750957,ANCHOR_01,52:06:26:03:01:DA,-82,MFG_4C000215FDA50693A4E24FB1AFCFC6EB0764782500010002D8,1.0,Yes,Human Body
1751977,ANCHOR_01,52:06:26:03:01:DA,-92,MFG_4C000215FDA50693A4E24FB1AFCFC6EB0764782500010002D8,1.0,Yes,Human Body
1752967,ANCHOR_01,52:06:26:03:01:DA,-91,MFG_4C000215FDA50693A4E24FB1AFCFC6EB0764782500010002D8,1.0,Yes,Human Body
1753987,ANCHOR_01,52:06:26:03:01:DA,-80,MFG_4C000215FDA50693A4E24FB1AFCFC6EB0764782500010002D8,1.0,Yes,Human Body
1754977,ANCHOR_01,52:06:26:03:01:DA,-80,MFG_4C000215FDA50693A4E24FB1AFCFC6EB0764782500010002D8,1.0,Yes,Human Body
1755997,ANCHOR_01,52:06:26:03:01:DA,-83,MFG_4C000215FDA50693A4E24FB1AFCFC6EB0764782500010002D8,1.0,Yes,Human Body
1756987,ANCHOR_01,52:06:26:03:01:DA,-83,MFG_4C000215FDA50693A4E24FB1AFCFC6EB0764782500010002D8,1.0,Yes,Human Body
1758007,ANCHOR_01,52:06:26:03:01:DA,-89,MFG_4C000215FDA50693A4E24FB1AFCFC6EB0764782500010002D8,1.0,Yes,Human Body
1758997,ANCHOR_01,52:06:26:03:01:DA,-90,MFG_4C000215FDA50693A4E24FB1AFCFC6EB0764782500010002D8,1.0,Yes,Human Body
1760017,ANCHOR_01,52:06:26:03:01:DA,-79,MFG_4C000215FDA50693A4E24FB1AFCFC6EB0764782500010002D8,1.0,Yes,Human Body
1761007,ANCHOR_01,52:06:26:03:01:DA,-80,MFG_4C000215FDA50693A4E24FB1AFCFC6EB0764782500010002D8,1.0,Yes,Human Body
1762027,ANCHOR_01,52:06:26:03:01:DA,-84,MFG_4C000215FDA50693A4E24FB1AFCFC6EB0764782500010002D8,1.0,Yes,Human Body
1763017,ANCHOR_01,52:06:26:03:01:DA,-83,MFG_4C000215FDA50693A4E24FB1AFCFC6EB0764782500010002D8,1.0,Yes,Human Body
1764037,ANCHOR_01,52:06:26:03:01:DA,-93,MFG_4C000215FDA50693A4E24FB1AFCFC6EB0764782500010002D8,1.0,Yes,Human Body
1766047,ANCHOR_01,52:06:26:03:01:DA,-80,MFG_4C000215FDA50693A4E24FB1AFCFC6EB0764782500010002D8,1.0,Yes,Human Body
1768057,ANCHOR_01,52:06:26:03:01:DA,-83,MFG_4C000215FDA50693A4E24FB1AFCFC6EB0764782500010002D8,1.0,Yes,Human Body
1769047,ANCHOR_01,52:06:26:03:01:DA,-83,MFG_4C000215FDA50693A4E24FB1AFCFC6EB0764782500010002D8,1.0,Yes,Human Body
1772077,ANCHOR_01,52:06:26:03:01:DA,-78,MFG_4C000215FDA50693A4E24FB1AFCFC6EB0764782500010002D8,1.0,Yes,Human Body
1773097,ANCHOR_01,52:06:26:03:01:DA,-85,MFG_4C000215FDA50693A4E24FB1AFCFC6EB0764782500010002D8,1.0,Yes,Human Body
1774087,ANCHOR_01,52:06:26:03:01:DA,-84,MFG_4C000215FDA50693A4E24FB1AFCFC6EB0764782500010002D8,1.0,Yes,Human Body
1775107,ANCHOR_01,52:06:26:03:01:DA,-94,MFG_4C000215FDA50693A4E24FB1AFCFC6EB0764782500010002D8,1.0,Yes,Human Body
1776097,ANCHOR_01,52:06:26:03:01:DA,-95,MFG_4C000215FDA50693A4E24FB1AFCFC6EB0764782500010002D8,1.0,Yes,Human Body
1778107,ANCHOR_01,52:06:26:03:01:DA,-82,MFG_4C000215FDA50693A4E24FB1AFCFC6EB0764782500010002D8,1.0,Yes,Human Body
1780117,ANCHOR_01,52:06:26:03:01:DA,-85,MFG_4C000215FDA50693A4E24FB1AFCFC6EB0764782500010002D8,1.0,Yes,Human Body
1781137,ANCHOR_01,52:06:26:03:01:DA,-91,MFG_4C000215FDA50693A4E24FB1AFCFC6EB0764782500010002D8,1.0,Yes,Human Body
1782127,ANCHOR_01,52:06:26:03:01:DA,-93,MFG_4C000215FDA50693A4E24FB1AFCFC6EB0764782500010002D8,1.0,Yes,Human Body
1783147,ANCHOR_01,52:06:26:03:01:DA,-82,MFG_4C000215FDA50693A4E24FB1AFCFC6EB0764782500010002D8,1.0,Yes,Human Body
1784137,ANCHOR_01,52:06:26:03:01:DA,-81,MFG_4C000215FDA50693A4E24FB1AFCFC6EB0764782500010002D8,1.0,Yes,Human Body
1786147,ANCHOR_01,52:06:26:03:01:DA,-85,MFG_4C000215FDA50693A4E24FB1AFCFC6EB0764782500010002D8,1.0,Yes,Human Body
1787137,ANCHOR_01,52:06:26:03:01:DA,-84,MFG_4C000215FDA50693A4E24FB1AFCFC6EB0764782500010002D8,1.0,Yes,Human Body
1788157,ANCHOR_01,52:06:26:03:01:DA,-93,MFG_4C000215FDA50693A4E24FB1AFCFC6EB0764782500010002D8,1.0,Yes,Human Body
1790167,ANCHOR_01,52:06:26:03:01:DA,-81,MFG_4C000215FDA50693A4E24FB1AFCFC6EB0764782500010002D8,1.0,Yes,Human Body
1792177,ANCHOR_01,52:06:26:03:01:DA,-84,MFG_4C000215FDA50693A4E24FB1AFCFC6EB0764782500010002D8,1.0,Yes,Human Body
1793197,ANCHOR_01,52:06:26:03:01:DA,-91,MFG_4C000215FDA50693A4E24FB1AFCFC6EB0764782500010002D8,1.0,Yes,Human Body
1794187,ANCHOR_01,52:06:26:03:01:DA,-92,MFG_4C000215FDA50693A4E24FB1AFCFC6EB0764782500010002D8,1.0,Yes,Human Body
1795207,ANCHOR_01,52:06:26:03:01:DA,-81,MFG_4C000215FDA50693A4E24FB1AFCFC6EB0764782500010002D8,1.0,Yes,Human Body
1797217,ANCHOR_01,52:06:26:03:01:DA,-85,MFG_4C000215FDA50693A4E24FB1AFCFC6EB0764782500010002D8,1.0,Yes,Human Body
1798207,ANCHOR_01,52:06:26:03:01:DA,-85,MFG_4C000215FDA50693A4E24FB1AFCFC6EB0764782500010002D8,1.0,Yes,Human Body
1799227,ANCHOR_01,52:06:26:03:01:DA,-90,MFG_4C000215FDA50693A4E24FB1AFCFC6EB0764782500010002D8,1.0,Yes,Human Body
1800217,ANCHOR_01,52:06:26:03:01:DA,-89,MFG_4C000215FDA50693A4E24FB1AFCFC6EB0764782500010002D8,1.0,Yes,Human Body
1801237,ANCHOR_01,52:06:26:03:01:DA,-81,MFG_4C000215FDA50693A4E24FB1AFCFC6EB0764782500010002D8,1.0,Yes,Human Body
1803247,ANCHOR_01,52:06:26:03:01:DA,-84,MFG_4C000215FDA50693A4E24FB1AFCFC6EB0764782500010002D8,1.0,Yes,Human Body
1804267,ANCHOR_01,52:06:26:03:01:DA,-89,MFG_4C000215FDA50693A4E24FB1AFCFC6EB0764782500010002D8,1.0,Yes,Human Body
1805257,ANCHOR_01,52:06:26:03:01:DA,-89,MFG_4C000215FDA50693A4E24FB1AFCFC6EB0764782500010002D8,1.0,Yes,Human Body
1807267,ANCHOR_01,52:06:26:03:01:DA,-82,MFG_4C000215FDA50693A4E24FB1AFCFC6EB0764782500010002D8,1.0,Yes,Human Body
1808287,ANCHOR_01,52:06:26:03:01:DA,-84,MFG_4C000215FDA50693A4E24FB1AFCFC6EB0764782500010002D8,1.0,Yes,Human Body
1809277,ANCHOR_01,52:06:26:03:01:DA,-83,MFG_4C000215FDA50693A4E24FB1AFCFC6EB0764782500010002D8,1.0,Yes,Human Body
1810267,ANCHOR_01,52:06:26:03:01:DA,-82,MFG_4C000215FDA50693A4E24FB1AFCFC6EB0764782500010002D8,1.0,Yes,Human Body
1811287,ANCHOR_01,52:06:26:03:01:DA,-91,MFG_4C000215FDA50693A4E24FB1AFCFC6EB0764782500010002D8,1.0,Yes,Human Body
1813297,ANCHOR_01,52:06:26:03:01:DA,-81,MFG_4C000215FDA50693A4E24FB1AFCFC6EB0764782500010002D8,1.0,Yes,Human Body
1814287,ANCHOR_01,52:06:26:03:01:DA,-81,MFG_4C000215FDA50693A4E24FB1AFCFC6EB0764782500010002D8,1.0,Yes,Human Body
1815307,ANCHOR_01,52:06:26:03:01:DA,-86,MFG_4C000215FDA50693A4E24FB1AFCFC6EB0764782500010002D8,1.0,Yes,Human Body
1816297,ANCHOR_01,52:06:26:03:01:DA,-83,MFG_4C000215FDA50693A4E24FB1AFCFC6EB0764782500010002D8,1.0,Yes,Human Body
1817317,ANCHOR_01,52:06:26:03:01:DA,-90,MFG_4C000215FDA50693A4E24FB1AFCFC6EB0764782500010002D8,1.0,Yes,Human Body
1818307,ANCHOR_01,52:06:26:03:01:DA,-88,MFG_4C000215FDA50693A4E24FB1AFCFC6EB0764782500010002D8,1.0,Yes,Human Body
1819327,ANCHOR_01,52:06:26:03:01:DA,-80,MFG_4C000215FDA50693A4E24FB1AFCFC6EB0764782500010002D8,1.0,Yes,Human Body
1820317,ANCHOR_01,52:06:26:03:01:DA,-80,MFG_4C000215FDA50693A4E24FB1AFCFC6EB0764782500010002D8,1.0,Yes,Human Body
1821337,ANCHOR_01,52:06:26:03:01:DA,-81,MFG_4C000215FDA50693A4E24FB1AFCFC6EB0764782500010002D8,1.0,Yes,Human Body
1823347,ANCHOR_01,52:06:26:03:01:DA,-89,MFG_4C000215FDA50693A4E24FB1AFCFC6EB0764782500010002D8,1.0,Yes,Human Body
1825357,ANCHOR_01,52:06:26:03:01:DA,-78,MFG_4C000215FDA50693A4E24FB1AFCFC6EB0764782500010002D8,1.0,Yes,Human Body
1826377,ANCHOR_01,52:06:26:03:01:DA,-78,MFG_4C000215FDA50693A4E24FB1AFCFC6EB0764782500010002D8,1.0,Yes,Human Body
1827367,ANCHOR_01,52:06:26:03:01:DA,-78,MFG_4C000215FDA50693A4E24FB1AFCFC6EB0764782500010002D8,1.0,Yes,Human Body
1828387,ANCHOR_01,52:06:26:03:01:DA,-87,MFG_4C000215FDA50693A4E24FB1AFCFC6EB0764782500010002D8,1.0,Yes,Human Body
1829377,ANCHOR_01,52:06:26:03:01:DA,-91,MFG_4C000215FDA50693A4E24FB1AFCFC6EB0764782500010002D8,1.0,Yes,Human Body
1830397,ANCHOR_01,52:06:26:03:01:DA,-76,MFG_4C000215FDA50693A4E24FB1AFCFC6EB0764782500010002D8,1.0,Yes,Human Body
1831417,ANCHOR_01,52:06:26:03:01:DA,-82,MFG_4C000215FDA50693A4E24FB1AFCFC6EB0764782500010002D8,1.0,Yes,Human Body
1832407,ANCHOR_01,52:06:26:03:01:DA,-82,MFG_4C000215FDA50693A4E24FB1AFCFC6EB0764782500010002D8,1.0,Yes,Human Body
1834417,ANCHOR_01,52:06:26:03:01:DA,-85,MFG_4C000215FDA50693A4E24FB1AFCFC6EB0764782500010002D8,1.0,Yes,Human Body
1835437,ANCHOR_01,52:06:26:03:01:DA,-78,MFG_4C000215FDA50693A4E24FB1AFCFC6EB0764782500010002D8,1.0,Yes,Human Body
1836427,ANCHOR_01,52:06:26:03:01:DA,-78,MFG_4C000215FDA50693A4E24FB1AFCFC6EB0764782500010002D8,1.0,Yes,Human Body
1837447,ANCHOR_01,52:06:26:03:01:DA,-82,MFG_4C000215FDA50693A4E24FB1AFCFC6EB0764782500010002D8,1.0,Yes,Human Body
1838437,ANCHOR_01,52:06:26:03:01:DA,-82,MFG_4C000215FDA50693A4E24FB1AFCFC6EB0764782500010002D8,1.0,Yes,Human Body
1839457,ANCHOR_01,52:06:26:03:01:DA,-93,MFG_4C000215FDA50693A4E24FB1AFCFC6EB0764782500010002D8,1.0,Yes,Human Body
1840447,ANCHOR_01,52:06:26:03:01:DA,-94,MFG_4C000215FDA50693A4E24FB1AFCFC6EB0764782500010002D8,1.0,Yes,Human Body
1841467,ANCHOR_01,52:06:26:03:01:DA,-78,MFG_4C000215FDA50693A4E24FB1AFCFC6EB0764782500010002D8,1.0,Yes,Human Body
1842457,ANCHOR_01,52:06:26:03:01:DA,-77,MFG_4C000215FDA50693A4E24FB1AFCFC6EB0764782500010002D8,1.0,Yes,Human Body
1843477,ANCHOR_01,52:06:26:03:01:DA,-81,MFG_4C000215FDA50693A4E24FB1AFCFC6EB0764782500010002D8,1.0,Yes,Human Body
1844467,ANCHOR_01,52:06:26:03:01:DA,-82,MFG_4C000215FDA50693A4E24FB1AFCFC6EB0764782500010002D8,1.0,Yes,Human Body
1845487,ANCHOR_01,52:06:26:03:01:DA,-83,MFG_4C000215FDA50693A4E24FB1AFCFC6EB0764782500010002D8,1.0,Yes,Human Body
1846477,ANCHOR_01,52:06:26:03:01:DA,-87,MFG_4C000215FDA50693A4E24FB1AFCFC6EB0764782500010002D8,1.0,Yes,Human Body
1847497,ANCHOR_01,52:06:26:03:01:DA,-72,MFG_4C000215FDA50693A4E24FB1AFCFC6EB0764782500010002D8,1.0,Yes,Human Body
1848517,ANCHOR_01,52:06:26:03:01:DA,-81,MFG_4C000215FDA50693A4E24FB1AFCFC6EB0764782500010002D8,1.0,Yes,Human Body
1849507,ANCHOR_01,52:06:26:03:01:DA,-80,MFG_4C000215FDA50693A4E24FB1AFCFC6EB0764782500010002D8,1.0,Yes,Human Body
1850527,ANCHOR_01,52:06:26:03:01:DA,-81,MFG_4C000215FDA50693A4E24FB1AFCFC6EB0764782500010002D8,1.0,Yes,Human Body
1851517,ANCHOR_01,52:06:26:03:01:DA,-84,MFG_4C000215FDA50693A4E24FB1AFCFC6EB0764782500010002D8,1.0,Yes,Human Body
1852537,ANCHOR_01,52:06:26:03:01:DA,-73,MFG_4C000215FDA50693A4E24FB1AFCFC6EB0764782500010002D8,1.0,Yes,Human Body
1853527,ANCHOR_01,52:06:26:03:01:DA,-74,MFG_4C000215FDA50693A4E24FB1AFCFC6EB0764782500010002D8,1.0,Yes,Human Body
1854547,ANCHOR_01,52:06:26:03:01:DA,-78,MFG_4C000215FDA50693A4E24FB1AFCFC6EB0764782500010002D8,1.0,Yes,Human Body
1855537,ANCHOR_01,52:06:26:03:01:DA,-77,MFG_4C000215FDA50693A4E24FB1AFCFC6EB0764782500010002D8,1.0,Yes,Human Body
1856557,ANCHOR_01,52:06:26:03:01:DA,-88,MFG_4C000215FDA50693A4E24FB1AFCFC6EB0764782500010002D8,1.0,Yes,Human Body
1858567,ANCHOR_01,52:06:26:03:01:DA,-73,MFG_4C000215FDA50693A4E24FB1AFCFC6EB0764782500010002D8,1.0,Yes,Human Body
1859587,ANCHOR_01,52:06:26:03:01:DA,-80,MFG_4C000215FDA50693A4E24FB1AFCFC6EB0764782500010002D8,1.0,Yes,Human Body
1860577,ANCHOR_01,52:06:26:03:01:DA,-79,MFG_4C000215FDA50693A4E24FB1AFCFC6EB0764782500010002D8,1.0,Yes,Human Body
1861597,ANCHOR_01,52:06:26:03:01:DA,-85,MFG_4C000215FDA50693A4E24FB1AFCFC6EB0764782500010002D8,1.0,Yes,Human Body
1863607,ANCHOR_01,52:06:26:03:01:DA,-73,MFG_4C000215FDA50693A4E24FB1AFCFC6EB0764782500010002D8,1.0,Yes,Human Body
1864627,ANCHOR_01,52:06:26:03:01:DA,-78,MFG_4C000215FDA50693A4E24FB1AFCFC6EB0764782500010002D8,1.0,Yes,Human Body
1865617,ANCHOR_01,52:06:26:03:01:DA,-78,MFG_4C000215FDA50693A4E24FB1AFCFC6EB0764782500010002D8,1.0,Yes,Human Body
1866637,ANCHOR_01,52:06:26:03:01:DA,-88,MFG_4C000215FDA50693A4E24FB1AFCFC6EB0764782500010002D8,1.0,Yes,Human Body
1867627,ANCHOR_01,52:06:26:03:01:DA,-89,MFG_4C000215FDA50693A4E24FB1AFCFC6EB0764782500010002D8,1.0,Yes,Human Body
1868647,ANCHOR_01,52:06:26:03:01:DA,-73,MFG_4C000215FDA50693A4E24FB1AFCFC6EB0764782500010002D8,1.0,Yes,Human Body
1869637,ANCHOR_01,52:06:26:03:01:DA,-74,MFG_4C000215FDA50693A4E24FB1AFCFC6EB0764782500010002D8,1.0,Yes,Human Body
1870657,ANCHOR_01,52:06:26:03:01:DA,-79,MFG_4C000215FDA50693A4E24FB1AFCFC6EB0764782500010002D8,1.0,Yes,Human Body
1871677,ANCHOR_01,52:06:26:03:01:DA,-87,MFG_4C000215FDA50693A4E24FB1AFCFC6EB0764782500010002D8,1.0,Yes,Human Body
1872667,ANCHOR_01,52:06:26:03:01:DA,-87,MFG_4C000215FDA50693A4E24FB1AFCFC6EB0764782500010002D8,1.0,Yes,Human Body
1874677,ANCHOR_01,52:06:26:03:01:DA,-73,MFG_4C000215FDA50693A4E24FB1AFCFC6EB0764782500010002D8,1.0,Yes,Human Body
1876687,ANCHOR_01,52:06:26:03:01:DA,-78,MFG_4C000215FDA50693A4E24FB1AFCFC6EB0764782500010002D8,1.0,Yes,Human Body
1878697,ANCHOR_01,52:06:26:03:01:DA,-87,MFG_4C000215FDA50693A4E24FB1AFCFC6EB0764782500010002D8,1.0,Yes,Human Body
1879717,ANCHOR_01,52:06:26:03:01:DA,-73,MFG_4C000215FDA50693A4E24FB1AFCFC6EB0764782500010002D8,1.0,Yes,Human Body
1880707,ANCHOR_01,52:06:26:03:01:DA,-73,MFG_4C000215FDA50693A4E24FB1AFCFC6EB0764782500010002D8,1.0,Yes,Human Body
1881697,ANCHOR_01,52:06:26:03:01:DA,-74,MFG_4C000215FDA50693A4E24FB1AFCFC6EB0764782500010002D8,1.0,Yes,Human Body
1882717,ANCHOR_01,52:06:26:03:01:DA,-78,MFG_4C000215FDA50693A4E24FB1AFCFC6EB0764782500010002D8,1.0,Yes,Human Body
1884727,ANCHOR_01,52:06:26:03:01:DA,-87,MFG_4C000215FDA50693A4E24FB1AFCFC6EB0764782500010002D8,1.0,Yes,Human Body
1886737,ANCHOR_01,52:06:26:03:01:DA,-74,MFG_4C000215FDA50693A4E24FB1AFCFC6EB0764782500010002D8,1.0,Yes,Human Body
1888747,ANCHOR_01,52:06:26:03:01:DA,-77,MFG_4C000215FDA50693A4E24FB1AFCFC6EB0764782500010002D8,1.0,Yes,Human Body
1890757,ANCHOR_01,52:06:26:03:01:DA,-87,MFG_4C000215FDA50693A4E24FB1AFCFC6EB0764782500010002D8,1.0,Yes,Human Body
1891777,ANCHOR_01,52:06:26:03:01:DA,-74,MFG_4C000215FDA50693A4E24FB1AFCFC6EB0764782500010002D8,1.0,Yes,Human Body
1892767,ANCHOR_01,52:06:26:03:01:DA,-73,MFG_4C000215FDA50693A4E24FB1AFCFC6EB0764782500010002D8,1.0,Yes,Human Body
1893787,ANCHOR_01,52:06:26:03:01:DA,-78,MFG_4C000215FDA50693A4E24FB1AFCFC6EB0764782500010002D8,1.0,Yes,Human Body
1894777,ANCHOR_01,52:06:26:03:01:DA,-78,MFG_4C000215FDA50693A4E24FB1AFCFC6EB0764782500010002D8,1.0,Yes,Human Body
1895797,ANCHOR_01,52:06:26:03:01:DA,-85,MFG_4C000215FDA50693A4E24FB1AFCFC6EB0764782500010002D8,1.0,Yes,Human Body
1897807,ANCHOR_01,52:06:26:03:01:DA,-73,MFG_4C000215FDA50693A4E24FB1AFCFC6EB0764782500010002D8,1.0,Yes,Human Body
1898827,ANCHOR_01,52:06:26:03:01:DA,-78,MFG_4C000215FDA50693A4E24FB1AFCFC6EB0764782500010002D8,1.0,Yes,Human Body
1899817,ANCHOR_01,52:06:26:03:01:DA,-78,MFG_4C000215FDA50693A4E24FB1AFCFC6EB0764782500010002D8,1.0,Yes,Human Body
1901827,ANCHOR_01,52:06:26:03:01:DA,-85,MFG_4C000215FDA50693A4E24FB1AFCFC6EB0764782500010002D8,1.0,Yes,Human Body
1902847,ANCHOR_01,52:06:26:03:01:DA,-73,MFG_4C000215FDA50693A4E24FB1AFCFC6EB0764782500010002D8,1.0,Yes,Human Body
1903837,ANCHOR_01,52:06:26:03:01:DA,-73,MFG_4C000215FDA50693A4E24FB1AFCFC6EB0764782500010002D8,1.0,Yes,Human Body
1904857,ANCHOR_01,52:06:26:03:01:DA,-79,MFG_4C000215FDA50693A4E24FB1AFCFC6EB0764782500010002D8,1.0,Yes,Human Body
1905847,ANCHOR_01,52:06:26:03:01:DA,-79,MFG_4C000215FDA50693A4E24FB1AFCFC6EB0764782500010002D8,1.0,Yes,Human Body
1906867,ANCHOR_01,52:06:26:03:01:DA,-84,MFG_4C000215FDA50693A4E24FB1AFCFC6EB0764782500010002D8,1.0,Yes,Human Body
1907857,ANCHOR_01,52:06:26:03:01:DA,-86,MFG_4C000215FDA50693A4E24FB1AFCFC6EB0764782500010002D8,1.0,Yes,Human Body
1908877,ANCHOR_01,52:06:26:03:01:DA,-73,MFG_4C000215FDA50693A4E24FB1AFCFC6EB0764782500010002D8,1.0,Yes,Human Body
1909867,ANCHOR_01,52:06:26:03:01:DA,-73,MFG_4C000215FDA50693A4E24FB1AFCFC6EB0764782500010002D8,1.0,Yes,Human Body
1910887,ANCHOR_01,52:06:26:03:01:DA,-78,MFG_4C000215FDA50693A4E24FB1AFCFC6EB0764782500010002D8,1.0,Yes,Human Body
1911877,ANCHOR_01,52:06:26:03:01:DA,-78,MFG_4C000215FDA50693A4E24FB1AFCFC6EB0764782500010002D8,1.0,Yes,Human Body
1912897,ANCHOR_01,52:06:26:03:01:DA,-86,MFG_4C000215FDA50693A4E24FB1AFCFC6EB0764782500010002D8,1.0,Yes,Human Body
1913887,ANCHOR_01,52:06:26:03:01:DA,-85,MFG_4C000215FDA50693A4E24FB1AFCFC6EB0764782500010002D8,1.0,Yes,Human Body
1914907,ANCHOR_01,52:06:26:03:01:DA,-73,MFG_4C000215FDA50693A4E24FB1AFCFC6EB0764782500010002D8,1.0,Yes,Human Body
1915897,ANCHOR_01,52:06:26:03:01:DA,-73,MFG_4C000215FDA50693A4E24FB1AFCFC6EB0764782500010002D8,1.0,Yes,Human Body
1916917,ANCHOR_01,52:06:26:03:01:DA,-78,MFG_4C000215FDA50693A4E24FB1AFCFC6EB0764782500010002D8,1.0,Yes,Human Body
1917907,ANCHOR_01,52:06:26:03:01:DA,-78,MFG_4C000215FDA50693A4E24FB1AFCFC6EB0764782500010002D8,1.0,Yes,Human Body
1918927,ANCHOR_01,52:06:26:03:01:DA,-85,MFG_4C000215FDA50693A4E24FB1AFCFC6EB0764782500010002D8,1.0,Yes,Human Body
1920937,ANCHOR_01,52:06:26:03:01:DA,-73,MFG_4C000215FDA50693A4E24FB1AFCFC6EB0764782500010002D8,1.0,Yes,Human Body
1921927,ANCHOR_01,52:06:26:03:01:DA,-73,MFG_4C000215FDA50693A4E24FB1AFCFC6EB0764782500010002D8,1.0,Yes,Human Body
1922947,ANCHOR_01,52:06:26:03:01:DA,-78,MFG_4C000215FDA50693A4E24FB1AFCFC6EB0764782500010002D8,1.0,Yes,Human Body
1923937,ANCHOR_01,52:06:26:03:01:DA,-78,MFG_4C000215FDA50693A4E24FB1AFCFC6EB0764782500010002D8,1.0,Yes,Human Body
1924957,ANCHOR_01,52:06:26:03:01:DA,-86,MFG_4C000215FDA50693A4E24FB1AFCFC6EB0764782500010002D8,1.0,Yes,Human Body
1925947,ANCHOR_01,52:06:26:03:01:DA,-85,MFG_4C000215FDA50693A4E24FB1AFCFC6EB0764782500010002D8,1.0,Yes,Human Body
1926967,ANCHOR_01,52:06:26:03:01:DA,-73,MFG_4C000215FDA50693A4E24FB1AFCFC6EB0764782500010002D8,1.0,Yes,Human Body
1927957,ANCHOR_01,52:06:26:03:01:DA,-73,MFG_4C000215FDA50693A4E24FB1AFCFC6EB0764782500010002D8,1.0,Yes,Human Body
1928977,ANCHOR_01,52:06:26:03:01:DA,-78,MFG_4C000215FDA50693A4E24FB1AFCFC6EB0764782500010002D8,1.0,Yes,Human Body
1929967,ANCHOR_01,52:06:26:03:01:DA,-78,MFG_4C000215FDA50693A4E24FB1AFCFC6EB0764782500010002D8,1.0,Yes,Human Body
1930987,ANCHOR_01,52:06:26:03:01:DA,-84,MFG_4C000215FDA50693A4E24FB1AFCFC6EB0764782500010002D8,1.0,Yes,Human Body
1931977,ANCHOR_01,52:06:26:03:01:DA,-86,MFG_4C000215FDA50693A4E24FB1AFCFC6EB0764782500010002D8,1.0,Yes,Human Body
1932997,ANCHOR_01,52:06:26:03:01:DA,-73,MFG_4C000215FDA50693A4E24FB1AFCFC6EB0764782500010002D8,1.0,Yes,Human Body
1933987,ANCHOR_01,52:06:26:03:01:DA,-73,MFG_4C000215FDA50693A4E24FB1AFCFC6EB0764782500010002D8,1.0,Yes,Human Body
1935007,ANCHOR_01,52:06:26:03:01:DA,-78,MFG_4C000215FDA50693A4E24FB1AFCFC6EB0764782500010002D8,1.0,Yes,Human Body
1935997,ANCHOR_01,52:06:26:03:01:DA,-78,MFG_4C000215FDA50693A4E24FB1AFCFC6EB0764782500010002D8,1.0,Yes,Human Body
1937017,ANCHOR_01,52:06:26:03:01:DA,-84,MFG_4C000215FDA50693A4E24FB1AFCFC6EB0764782500010002D8,1.0,Yes,Human Body
1939027,ANCHOR_01,52:06:26:03:01:DA,-73,MFG_4C000215FDA50693A4E24FB1AFCFC6EB0764782500010002D8,1.0,Yes,Human Body
1940017,ANCHOR_01,52:06:26:03:01:DA,-74,MFG_4C000215FDA50693A4E24FB1AFCFC6EB0764782500010002D8,1.0,Yes,Human Body
1941037,ANCHOR_01,52:06:26:03:01:DA,-78,MFG_4C000215FDA50693A4E24FB1AFCFC6EB0764782500010002D8,1.0,Yes,Human Body
1942027,ANCHOR_01,52:06:26:03:01:DA,-78,MFG_4C000215FDA50693A4E24FB1AFCFC6EB0764782500010002D8,1.0,Yes,Human Body
1943047,ANCHOR_01,52:06:26:03:01:DA,-85,MFG_4C000215FDA50693A4E24FB1AFCFC6EB0764782500010002D8,1.0,Yes,Human Body
1944037,ANCHOR_01,52:06:26:03:01:DA,-86,MFG_4C000215FDA50693A4E24FB1AFCFC6EB0764782500010002D8,1.0,Yes,Human Body
1945057,ANCHOR_01,52:06:26:03:01:DA,-74,MFG_4C000215FDA50693A4E24FB1AFCFC6EB0764782500010002D8,1.0,Yes,Human Body
1946047,ANCHOR_01,52:06:26:03:01:DA,-74,MFG_4C000215FDA50693A4E24FB1AFCFC6EB0764782500010002D8,1.0,Yes,Human Body
1947067,ANCHOR_01,52:06:26:03:01:DA,-78,MFG_4C000215FDA50693A4E24FB1AFCFC6EB0764782500010002D8,1.0,Yes,Human Body
1948057,ANCHOR_01,52:06:26:03:01:DA,-78,MFG_4C000215FDA50693A4E24FB1AFCFC6EB0764782500010002D8,1.0,Yes,Human Body
1949077,ANCHOR_01,52:06:26:03:01:DA,-84,MFG_4C000215FDA50693A4E24FB1AFCFC6EB0764782500010002D8,1.0,Yes,Human Body
1951087,ANCHOR_01,52:06:26:03:01:DA,-74,MFG_4C000215FDA50693A4E24FB1AFCFC6EB0764782500010002D8,1.0,Yes,Human Body
1952077,ANCHOR_01,52:06:26:03:01:DA,-74,MFG_4C000215FDA50693A4E24FB1AFCFC6EB0764782500010002D8,1.0,Yes,Human Body
1953097,ANCHOR_01,52:06:26:03:01:DA,-78,MFG_4C000215FDA50693A4E24FB1AFCFC6EB0764782500010002D8,1.0,Yes,Human Body
1954087,ANCHOR_01,52:06:26:03:01:DA,-78,MFG_4C000215FDA50693A4E24FB1AFCFC6EB0764782500010002D8,1.0,Yes,Human Body
1955107,ANCHOR_01,52:06:26:03:01:DA,-85,MFG_4C000215FDA50693A4E24FB1AFCFC6EB0764782500010002D8,1.0,Yes,Human Body
1956097,ANCHOR_01,52:06:26:03:01:DA,-86,MFG_4C000215FDA50693A4E24FB1AFCFC6EB0764782500010002D8,1.0,Yes,Human Body
1957117,ANCHOR_01,52:06:26:03:01:DA,-74,MFG_4C000215FDA50693A4E24FB1AFCFC6EB0764782500010002D8,1.0,Yes,Human Body
1958107,ANCHOR_01,52:06:26:03:01:DA,-74,MFG_4C000215FDA50693A4E24FB1AFCFC6EB0764782500010002D8,1.0,Yes,Human Body
1959127,ANCHOR_01,52:06:26:03:01:DA,-78,MFG_4C000215FDA50693A4E24FB1AFCFC6EB0764782500010002D8,1.0,Yes,Human Body
1960117,ANCHOR_01,52:06:26:03:01:DA,-78,MFG_4C000215FDA50693A4E24FB1AFCFC6EB0764782500010002D8,1.0,Yes,Human Body
1961137,ANCHOR_01,52:06:26:03:01:DA,-85,MFG_4C000215FDA50693A4E24FB1AFCFC6EB0764782500010002D8,1.0,Yes,Human Body
1962127,ANCHOR_01,52:06:26:03:01:DA,-85,MFG_4C000215FDA50693A4E24FB1AFCFC6EB0764782500010002D8,1.0,Yes,Human Body
1963147,ANCHOR_01,52:06:26:03:01:DA,-73,MFG_4C000215FDA50693A4E24FB1AFCFC6EB0764782500010002D8,1.0,Yes,Human Body
1964137,ANCHOR_01,52:06:26:03:01:DA,-73,MFG_4C000215FDA50693A4E24FB1AFCFC6EB0764782500010002D8,1.0,Yes,Human Body
1965157,ANCHOR_01,52:06:26:03:01:DA,-78,MFG_4C000215FDA50693A4E24FB1AFCFC6EB0764782500010002D8,1.0,Yes,Human Body
1966147,ANCHOR_01,52:06:26:03:01:DA,-78,MFG_4C000215FDA50693A4E24FB1AFCFC6EB0764782500010002D8,1.0,Yes,Human Body
1967167,ANCHOR_01,52:06:26:03:01:DA,-86,MFG_4C000215FDA50693A4E24FB1AFCFC6EB0764782500010002D8,1.0,Yes,Human Body
1968157,ANCHOR_01,52:06:26:03:01:DA,-86,MFG_4C000215FDA50693A4E24FB1AFCFC6EB0764782500010002D8,1.0,Yes,Human Body
1969177,ANCHOR_01,52:06:26:03:01:DA,-74,MFG_4C000215FDA50693A4E24FB1AFCFC6EB0764782500010002D8,1.0,Yes,Human Body
1970167,ANCHOR_01,52:06:26:03:01:DA,-73,MFG_4C000215FDA50693A4E24FB1AFCFC6EB0764782500010002D8,1.0,Yes,Human Body
1971187,ANCHOR_01,52:06:26:03:01:DA,-78,MFG_4C000215FDA50693A4E24FB1AFCFC6EB0764782500010002D8,1.0,Yes,Human Body
1972177,ANCHOR_01,52:06:26:03:01:DA,-78,MFG_4C000215FDA50693A4E24FB1AFCFC6EB0764782500010002D8,1.0,Yes,Human Body
1973167,ANCHOR_01,52:06:26:03:01:DA,-78,MFG_4C000215FDA50693A4E24FB1AFCFC6EB0764782500010002D8,1.0,Yes,Human Body
1974187,ANCHOR_01,52:06:26:03:01:DA,-85,MFG_4C000215FDA50693A4E24FB1AFCFC6EB0764782500010002D8,1.0,Yes,Human Body
1976197,ANCHOR_01,52:06:26:03:01:DA,-74,MFG_4C000215FDA50693A4E24FB1AFCFC6EB0764782500010002D8,1.0,Yes,Human Body
1978207,ANCHOR_01,52:06:26:03:01:DA,-78,MFG_4C000215FDA50693A4E24FB1AFCFC6EB0764782500010002D8,1.0,Yes,Human Body
1979227,ANCHOR_01,52:06:26:03:01:DA,-87,MFG_4C000215FDA50693A4E24FB1AFCFC6EB0764782500010002D8,1.0,Yes,Human Body
1980217,ANCHOR_01,52:06:26:03:01:DA,-86,MFG_4C000215FDA50693A4E24FB1AFCFC6EB0764782500010002D8,1.0,Yes,Human Body
1981237,ANCHOR_01,52:06:26:03:01:DA,-74,MFG_4C000215FDA50693A4E24FB1AFCFC6EB0764782500010002D8,1.0,Yes,Human Body
1982227,ANCHOR_01,52:06:26:03:01:DA,-74,MFG_4C000215FDA50693A4E24FB1AFCFC6EB0764782500010002D8,1.0,Yes,Human Body
1983247,ANCHOR_01,52:06:26:03:01:DA,-78,MFG_4C000215FDA50693A4E24FB1AFCFC6EB0764782500010002D8,1.0,Yes,Human Body
1984237,ANCHOR_01,52:06:26:03:01:DA,-78,MFG_4C000215FDA50693A4E24FB1AFCFC6EB0764782500010002D8,1.0,Yes,Human Body
1985257,ANCHOR_01,52:06:26:03:01:DA,-87,MFG_4C000215FDA50693A4E24FB1AFCFC6EB0764782500010002D8,1.0,Yes,Human Body
1986247,ANCHOR_01,52:06:26:03:01:DA,-86,MFG_4C000215FDA50693A4E24FB1AFCFC6EB0764782500010002D8,1.0,Yes,Human Body
1987267,ANCHOR_01,52:06:26:03:01:DA,-74,MFG_4C000215FDA50693A4E24FB1AFCFC6EB0764782500010002D8,1.0,Yes,Human Body
1988257,ANCHOR_01,52:06:26:03:01:DA,-73,MFG_4C000215FDA50693A4E24FB1AFCFC6EB0764782500010002D8,1.0,Yes,Human Body
1989277,ANCHOR_01,52:06:26:03:01:DA,-78,MFG_4C000215FDA50693A4E24FB1AFCFC6EB0764782500010002D8,1.0,Yes,Human Body
1990267,ANCHOR_01,52:06:26:03:01:DA,-78,MFG_4C000215FDA50693A4E24FB1AFCFC6EB0764782500010002D8,1.0,Yes,Human Body
1991257,ANCHOR_01,52:06:26:03:01:DA,-78,MFG_4C000215FDA50693A4E24FB1AFCFC6EB0764782500010002D8,1.0,Yes,Human Body
1992277,ANCHOR_01,52:06:26:03:01:DA,-88,MFG_4C000215FDA50693A4E24FB1AFCFC6EB0764782500010002D8,1.0,Yes,Human Body
1993267,ANCHOR_01,52:06:26:03:01:DA,-86,MFG_4C000215FDA50693A4E24FB1AFCFC6EB0764782500010002D8,1.0,Yes,Human Body
1995277,ANCHOR_01,52:06:26:03:01:DA,-73,MFG_4C000215FDA50693A4E24FB1AFCFC6EB0764782500010002D8,1.0,Yes,Human Body
1997287,ANCHOR_01,52:06:26:03:01:DA,-78,MFG_4C000215FDA50693A4E24FB1AFCFC6EB0764782500010002D8,1.0,Yes,Human Body
1998277,ANCHOR_01,52:06:26:03:01:DA,-78,MFG_4C000215FDA50693A4E24FB1AFCFC6EB0764782500010002D8,1.0,Yes,Human Body
1999297,ANCHOR_01,52:06:26:03:01:DA,-87,MFG_4C000215FDA50693A4E24FB1AFCFC6EB0764782500010002D8,1.0,Yes,Human Body
2000287,ANCHOR_01,52:06:26:03:01:DA,-87,MFG_4C000215FDA50693A4E24FB1AFCFC6EB0764782500010002D8,1.0,Yes,Human Body
2001307,ANCHOR_01,52:06:26:03:01:DA,-74,MFG_4C000215FDA50693A4E24FB1AFCFC6EB0764782500010002D8,1.0,Yes,Human Body
2002297,ANCHOR_01,52:06:26:03:01:DA,-74,MFG_4C000215FDA50693A4E24FB1AFCFC6EB0764782500010002D8,1.0,Yes,Human Body
2004307,ANCHOR_01,52:06:26:03:01:DA,-78,MFG_4C000215FDA50693A4E24FB1AFCFC6EB0764782500010002D8,1.0,Yes,Human Body
2005297,ANCHOR_01,52:06:26:03:01:DA,-78,MFG_4C000215FDA50693A4E24FB1AFCFC6EB0764782500010002D8,1.0,Yes,Human Body
2006317,ANCHOR_01,52:06:26:03:01:DA,-87,MFG_4C000215FDA50693A4E24FB1AFCFC6EB0764782500010002D8,1.0,Yes,Human Body
2008327,ANCHOR_01,52:06:26:03:01:DA,-73,MFG_4C000215FDA50693A4E24FB1AFCFC6EB0764782500010002D8,1.0,Yes,Human Body
2009317,ANCHOR_01,52:06:26:03:01:DA,-73,MFG_4C000215FDA50693A4E24FB1AFCFC6EB0764782500010002D8,1.0,Yes,Human Body
2010337,ANCHOR_01,52:06:26:03:01:DA,-78,MFG_4C000215FDA50693A4E24FB1AFCFC6EB0764782500010002D8,1.0,Yes,Human Body
2011327,ANCHOR_01,52:06:26:03:01:DA,-78,MFG_4C000215FDA50693A4E24FB1AFCFC6EB0764782500010002D8,1.0,Yes,Human Body
2012347,ANCHOR_01,52:06:26:03:01:DA,-86,MFG_4C000215FDA50693A4E24FB1AFCFC6EB0764782500010002D8,1.0,Yes,Human Body
2013337,ANCHOR_01,52:06:26:03:01:DA,-85,MFG_4C000215FDA50693A4E24FB1AFCFC6EB0764782500010002D8,1.0,Yes,Human Body
2015347,ANCHOR_01,52:06:26:03:01:DA,-73,MFG_4C000215FDA50693A4E24FB1AFCFC6EB0764782500010002D8,1.0,Yes,Human Body
2016367,ANCHOR_01,52:06:26:03:01:DA,-78,MFG_4C000215FDA50693A4E24FB1AFCFC6EB0764782500010002D8,1.0,Yes,Human Body
2017357,ANCHOR_01,52:06:26:03:01:DA,-77,MFG_4C000215FDA50693A4E24FB1AFCFC6EB0764782500010002D8,1.0,Yes,Human Body
2018377,ANCHOR_01,52:06:26:03:01:DA,-86,MFG_4C000215FDA50693A4E24FB1AFCFC6EB0764782500010002D8,1.0,Yes,Human Body
2019367,ANCHOR_01,52:06:26:03:01:DA,-85,MFG_4C000215FDA50693A4E24FB1AFCFC6EB0764782500010002D8,1.0,Yes,Human Body
2020387,ANCHOR_01,52:06:26:03:01:DA,-74,MFG_4C000215FDA50693A4E24FB1AFCFC6EB0764782500010002D8,1.0,Yes,Human Body
2021377,ANCHOR_01,52:06:26:03:01:DA,-73,MFG_4C000215FDA50693A4E24FB1AFCFC6EB0764782500010002D8,1.0,Yes,Human Body
2022397,ANCHOR_01,52:06:26:03:01:DA,-79,MFG_4C000215FDA50693A4E24FB1AFCFC6EB0764782500010002D8,1.0,Yes,Human Body
2023387,ANCHOR_01,52:06:26:03:01:DA,-78,MFG_4C000215FDA50693A4E24FB1AFCFC6EB0764782500010002D8,1.0,Yes,Human Body
2024407,ANCHOR_01,52:06:26:03:01:DA,-85,MFG_4C000215FDA50693A4E24FB1AFCFC6EB0764782500010002D8,1.0,Yes,Human Body
2025397,ANCHOR_01,52:06:26:03:01:DA,-85,MFG_4C000215FDA50693A4E24FB1AFCFC6EB0764782500010002D8,1.0,Yes,Human Body
2026417,ANCHOR_01,52:06:26:03:01:DA,-74,MFG_4C000215FDA50693A4E24FB1AFCFC6EB0764782500010002D8,1.0,Yes,Human Body
2027407,ANCHOR_01,52:06:26:03:01:DA,-73,MFG_4C000215FDA50693A4E24FB1AFCFC6EB0764782500010002D8,1.0,Yes,Human Body
2028427,ANCHOR_01,52:06:26:03:01:DA,-78,MFG_4C000215FDA50693A4E24FB1AFCFC6EB0764782500010002D8,1.0,Yes,Human Body
2029417,ANCHOR_01,52:06:26:03:01:DA,-78,MFG_4C000215FDA50693A4E24FB1AFCFC6EB0764782500010002D8,1.0,Yes,Human Body
2030437,ANCHOR_01,52:06:26:03:01:DA,-86,MFG_4C000215FDA50693A4E24FB1AFCFC6EB0764782500010002D8,1.0,Yes,Human Body
2032447,ANCHOR_01,52:06:26:03:01:DA,-74,MFG_4C000215FDA50693A4E24FB1AFCFC6EB0764782500010002D8,1.0,Yes,Human Body
2034457,ANCHOR_01,52:06:26:03:01:DA,-78,MFG_4C000215FDA50693A4E24FB1AFCFC6EB0764782500010002D8,1.0,Yes,Human Body
2035447,ANCHOR_01,52:06:26:03:01:DA,-78,MFG_4C000215FDA50693A4E24FB1AFCFC6EB0764782500010002D8,1.0,Yes,Human Body
2036467,ANCHOR_01,52:06:26:03:01:DA,-88,MFG_4C000215FDA50693A4E24FB1AFCFC6EB0764782500010002D8,1.0,Yes,Human Body
2037457,ANCHOR_01,52:06:26:03:01:DA,-88,MFG_4C000215FDA50693A4E24FB1AFCFC6EB0764782500010002D8,1.0,Yes,Human Body
2038477,ANCHOR_01,52:06:26:03:01:DA,-74,MFG_4C000215FDA50693A4E24FB1AFCFC6EB0764782500010002D8,1.0,Yes,Human Body
2039467,ANCHOR_01,52:06:26:03:01:DA,-73,MFG_4C000215FDA50693A4E24FB1AFCFC6EB0764782500010002D8,1.0,Yes,Human Body
2040487,ANCHOR_01,52:06:26:03:01:DA,-78,MFG_4C000215FDA50693A4E24FB1AFCFC6EB0764782500010002D8,1.0,Yes,Human Body
2041477,ANCHOR_01,52:06:26:03:01:DA,-78,MFG_4C000215FDA50693A4E24FB1AFCFC6EB0764782500010002D8,1.0,Yes,Human Body
2042497,ANCHOR_01,52:06:26:03:01:DA,-90,MFG_4C000215FDA50693A4E24FB1AFCFC6EB0764782500010002D8,1.0,Yes,Human Body
2043487,ANCHOR_01,52:06:26:03:01:DA,-87,MFG_4C000215FDA50693A4E24FB1AFCFC6EB0764782500010002D8,1.0,Yes,Human Body
2044507,ANCHOR_01,52:06:26:03:01:DA,-74,MFG_4C000215FDA50693A4E24FB1AFCFC6EB0764782500010002D8,1.0,Yes,Human Body
2045497,ANCHOR_01,52:06:26:03:01:DA,-75,MFG_4C000215FDA50693A4E24FB1AFCFC6EB0764782500010002D8,1.0,Yes,Human Body
2046517,ANCHOR_01,52:06:26:03:01:DA,-78,MFG_4C000215FDA50693A4E24FB1AFCFC6EB0764782500010002D8,1.0,Yes,Human Body
2047507,ANCHOR_01,52:06:26:03:01:DA,-78,MFG_4C000215FDA50693A4E24FB1AFCFC6EB0764782500010002D8,1.0,Yes,Human Body
2048527,ANCHOR_01,52:06:26:03:01:DA,-87,MFG_4C000215FDA50693A4E24FB1AFCFC6EB0764782500010002D8,1.0,Yes,Human Body
2049517,ANCHOR_01,52:06:26:03:01:DA,-89,MFG_4C000215FDA50693A4E24FB1AFCFC6EB0764782500010002D8,1.0,Yes,Human Body
2051527,ANCHOR_01,52:06:26:03:01:DA,-73,MFG_4C000215FDA50693A4E24FB1AFCFC6EB0764782500010002D8,1.0,Yes,Human Body
2052547,ANCHOR_01,52:06:26:03:01:DA,-78,MFG_4C000215FDA50693A4E24FB1AFCFC6EB0764782500010002D8,1.0,Yes,Human Body
2053537,ANCHOR_01,52:06:26:03:01:DA,-77,MFG_4C000215FDA50693A4E24FB1AFCFC6EB0764782500010002D8,1.0,Yes,Human Body
2054557,ANCHOR_01,52:06:26:03:01:DA,-88,MFG_4C000215FDA50693A4E24FB1AFCFC6EB0764782500010002D8,1.0,Yes,Human Body
2055547,ANCHOR_01,52:06:26:03:01:DA,-87,MFG_4C000215FDA50693A4E24FB1AFCFC6EB0764782500010002D8,1.0,Yes,Human Body
2056567,ANCHOR_01,52:06:26:03:01:DA,-73,MFG_4C000215FDA50693A4E24FB1AFCFC6EB0764782500010002D8,1.0,Yes,Human Body
2057557,ANCHOR_01,52:06:26:03:01:DA,-72,MFG_4C000215FDA50693A4E24FB1AFCFC6EB0764782500010002D8,1.0,Yes,Human Body
2058577,ANCHOR_01,52:06:26:03:01:DA,-78,MFG_4C000215FDA50693A4E24FB1AFCFC6EB0764782500010002D8,1.0,Yes,Human Body
2059567,ANCHOR_01,52:06:26:03:01:DA,-78,MFG_4C000215FDA50693A4E24FB1AFCFC6EB0764782500010002D8,1.0,Yes,Human Body
2061577,ANCHOR_01,52:06:26:03:01:DA,-89,MFG_4C000215FDA50693A4E24FB1AFCFC6EB0764782500010002D8,1.0,Yes,Human Body
2063587,ANCHOR_01,52:06:26:03:01:DA,-74,MFG_4C000215FDA50693A4E24FB1AFCFC6EB0764782500010002D8,1.0,Yes,Human Body
2064607,ANCHOR_01,52:06:26:03:01:DA,-78,MFG_4C000215FDA50693A4E24FB1AFCFC6EB0764782500010002D8,1.0,Yes,Human Body
2065597,ANCHOR_01,52:06:26:03:01:DA,-78,MFG_4C000215FDA50693A4E24FB1AFCFC6EB0764782500010002D8,1.0,Yes,Human Body
2066617,ANCHOR_01,52:06:26:03:01:DA,-84,MFG_4C000215FDA50693A4E24FB1AFCFC6EB0764782500010002D8,1.0,Yes,Human Body
2068627,ANCHOR_01,52:06:26:03:01:DA,-72,MFG_4C000215FDA50693A4E24FB1AFCFC6EB0764782500010002D8,1.0,Yes,Human Body
2069617,ANCHOR_01,52:06:26:03:01:DA,-73,MFG_4C000215FDA50693A4E24FB1AFCFC6EB0764782500010002D8,1.0,Yes,Human Body
2070637,ANCHOR_01,52:06:26:03:01:DA,-79,MFG_4C000215FDA50693A4E24FB1AFCFC6EB0764782500010002D8,1.0,Yes,Human Body
2071627,ANCHOR_01,52:06:26:03:01:DA,-78,MFG_4C000215FDA50693A4E24FB1AFCFC6EB0764782500010002D8,1.0,Yes,Human Body
2073637,ANCHOR_01,52:06:26:03:01:DA,-78,MFG_4C000215FDA50693A4E24FB1AFCFC6EB0764782500010002D8,1.0,Yes,Human Body
2074657,ANCHOR_01,52:06:26:03:01:DA,-70,MFG_4C000215FDA50693A4E24FB1AFCFC6EB0764782500010002D8,1.0,Yes,Human Body
2075647,ANCHOR_01,52:06:26:03:01:DA,-75,MFG_4C000215FDA50693A4E24FB1AFCFC6EB0764782500010002D8,1.0,Yes,Human Body
2076667,ANCHOR_01,52:06:26:03:01:DA,-77,MFG_4C000215FDA50693A4E24FB1AFCFC6EB0764782500010002D8,1.0,Yes,Human Body
2077657,ANCHOR_01,52:06:26:03:01:DA,-76,MFG_4C000215FDA50693A4E24FB1AFCFC6EB0764782500010002D8,1.0,Yes,Human Body
2078677,ANCHOR_01,52:06:26:03:01:DA,-87,MFG_4C000215FDA50693A4E24FB1AFCFC6EB0764782500010002D8,1.0,Yes,Human Body
2080687,ANCHOR_01,52:06:26:03:01:DA,-71,MFG_4C000215FDA50693A4E24FB1AFCFC6EB0764782500010002D8,1.0,Yes,Human Body
2081677,ANCHOR_01,52:06:26:03:01:DA,-70,MFG_4C000215FDA50693A4E24FB1AFCFC6EB0764782500010002D8,1.0,Yes,Human Body
2082697,ANCHOR_01,52:06:26:03:01:DA,-76,MFG_4C000215FDA50693A4E24FB1AFCFC6EB0764782500010002D8,1.0,Yes,Human Body
2084707,ANCHOR_01,52:06:26:03:01:DA,-93,MFG_4C000215FDA50693A4E24FB1AFCFC6EB0764782500010002D8,1.0,Yes,Human Body
2085697,ANCHOR_01,52:06:26:03:01:DA,-91,MFG_4C000215FDA50693A4E24FB1AFCFC6EB0764782500010002D8,1.0,Yes,Human Body
2086717,ANCHOR_01,52:06:26:03:01:DA,-70,MFG_4C000215FDA50693A4E24FB1AFCFC6EB0764782500010002D8,1.0,Yes,Human Body
2087707,ANCHOR_01,52:06:26:03:01:DA,-70,MFG_4C000215FDA50693A4E24FB1AFCFC6EB0764782500010002D8,1.0,Yes,Human Body
2088727,ANCHOR_01,52:06:26:03:01:DA,-77,MFG_4C000215FDA50693A4E24FB1AFCFC6EB0764782500010002D8,1.0,Yes,Human Body
2089717,ANCHOR_01,52:06:26:03:01:DA,-77,MFG_4C000215FDA50693A4E24FB1AFCFC6EB0764782500010002D8,1.0,Yes,Human Body
2090737,ANCHOR_01,52:06:26:03:01:DA,-98,MFG_4C000215FDA50693A4E24FB1AFCFC6EB0764782500010002D8,1.0,Yes,Human Body
2091727,ANCHOR_01,52:06:26:03:01:DA,-92,MFG_4C000215FDA50693A4E24FB1AFCFC6EB0764782500010002D8,1.0,Yes,Human Body
2092747,ANCHOR_01,52:06:26:03:01:DA,-70,MFG_4C000215FDA50693A4E24FB1AFCFC6EB0764782500010002D8,1.0,Yes,Human Body
2093737,ANCHOR_01,52:06:26:03:01:DA,-70,MFG_4C000215FDA50693A4E24FB1AFCFC6EB0764782500010002D8,1.0,Yes,Human Body
2094757,ANCHOR_01,52:06:26:03:01:DA,-76,MFG_4C000215FDA50693A4E24FB1AFCFC6EB0764782500010002D8,1.0,Yes,Human Body
2096767,ANCHOR_01,52:06:26:03:01:DA,-90,MFG_4C000215FDA50693A4E24FB1AFCFC6EB0764782500010002D8,1.0,Yes,Human Body
2097757,ANCHOR_01,52:06:26:03:01:DA,-89,MFG_4C000215FDA50693A4E24FB1AFCFC6EB0764782500010002D8,1.0,Yes,Human Body
2098777,ANCHOR_01,52:06:26:03:01:DA,-72,MFG_4C000215FDA50693A4E24FB1AFCFC6EB0764782500010002D8,1.0,Yes,Human Body
2099767,ANCHOR_01,52:06:26:03:01:DA,-72,MFG_4C000215FDA50693A4E24FB1AFCFC6EB0764782500010002D8,1.0,Yes,Human Body
2100787,ANCHOR_01,52:06:26:03:01:DA,-76,MFG_4C000215FDA50693A4E24FB1AFCFC6EB0764782500010002D8,1.0,Yes,Human Body
2101777,ANCHOR_01,52:06:26:03:01:DA,-76,MFG_4C000215FDA50693A4E24FB1AFCFC6EB0764782500010002D8,1.0,Yes,Human Body
2102797,ANCHOR_01,52:06:26:03:01:DA,-92,MFG_4C000215FDA50693A4E24FB1AFCFC6EB0764782500010002D8,1.0,Yes,Human Body
2103787,ANCHOR_01,52:06:26:03:01:DA,-90,MFG_4C000215FDA50693A4E24FB1AFCFC6EB0764782500010002D8,1.0,Yes,Human Body
2104807,ANCHOR_01,52:06:26:03:01:DA,-71,MFG_4C000215FDA50693A4E24FB1AFCFC6EB0764782500010002D8,1.0,Yes,Human Body
2105797,ANCHOR_01,52:06:26:03:01:DA,-72,MFG_4C000215FDA50693A4E24FB1AFCFC6EB0764782500010002D8,1.0,Yes,Human Body
2106817,ANCHOR_01,52:06:26:03:01:DA,-75,MFG_4C000215FDA50693A4E24FB1AFCFC6EB0764782500010002D8,1.0,Yes,Human Body
2107807,ANCHOR_01,52:06:26:03:01:DA,-75,MFG_4C000215FDA50693A4E24FB1AFCFC6EB0764782500010002D8,1.0,Yes,Human Body
2108827,ANCHOR_01,52:06:26:03:01:DA,-89,MFG_4C000215FDA50693A4E24FB1AFCFC6EB0764782500010002D8,1.0,Yes,Human Body
2109817,ANCHOR_01,52:06:26:03:01:DA,-90,MFG_4C000215FDA50693A4E24FB1AFCFC6EB0764782500010002D8,1.0,Yes,Human Body
2110837,ANCHOR_01,52:06:26:03:01:DA,-72,MFG_4C000215FDA50693A4E24FB1AFCFC6EB0764782500010002D8,1.0,Yes,Human Body
2112847,ANCHOR_01,52:06:26:03:01:DA,-75,MFG_4C000215FDA50693A4E24FB1AFCFC6EB0764782500010002D8,1.0,Yes,Human Body
2113837,ANCHOR_01,52:06:26:03:01:DA,-75,MFG_4C000215FDA50693A4E24FB1AFCFC6EB0764782500010002D8,1.0,Yes,Human Body
2115847,ANCHOR_01,52:06:26:03:01:DA,-93,MFG_4C000215FDA50693A4E24FB1AFCFC6EB0764782500010002D8,1.0,Yes,Human Body
2116867,ANCHOR_01,52:06:26:03:01:DA,-71,MFG_4C000215FDA50693A4E24FB1AFCFC6EB0764782500010002D8,1.0,Yes,Human Body
2117857,ANCHOR_01,52:06:26:03:01:DA,-71,MFG_4C000215FDA50693A4E24FB1AFCFC6EB0764782500010002D8,1.0,Yes,Human Body
2118877,ANCHOR_01,52:06:26:03:01:DA,-75,MFG_4C000215FDA50693A4E24FB1AFCFC6EB0764782500010002D8,1.0,Yes,Human Body
2120887,ANCHOR_01,52:06:26:03:01:DA,-94,MFG_4C000215FDA50693A4E24FB1AFCFC6EB0764782500010002D8,1.0,Yes,Human Body
2121907,ANCHOR_01,52:06:26:03:01:DA,-72,MFG_4C000215FDA50693A4E24FB1AFCFC6EB0764782500010002D8,1.0,Yes,Human Body
2122897,ANCHOR_01,52:06:26:03:01:DA,-72,MFG_4C000215FDA50693A4E24FB1AFCFC6EB0764782500010002D8,1.0,Yes,Human Body
2124907,ANCHOR_01,52:06:26:03:01:DA,-75,MFG_4C000215FDA50693A4E24FB1AFCFC6EB0764782500010002D8,1.0,Yes,Human Body
2125897,ANCHOR_01,52:06:26:03:01:DA,-75,MFG_4C000215FDA50693A4E24FB1AFCFC6EB0764782500010002D8,1.0,Yes,Human Body
2126917,ANCHOR_01,52:06:26:03:01:DA,-91,MFG_4C000215FDA50693A4E24FB1AFCFC6EB0764782500010002D8,1.0,Yes,Human Body
2128927,ANCHOR_01,52:06:26:03:01:DA,-72,MFG_4C000215FDA50693A4E24FB1AFCFC6EB0764782500010002D8,1.0,Yes,Human Body
2129917,ANCHOR_01,52:06:26:03:01:DA,-72,MFG_4C000215FDA50693A4E24FB1AFCFC6EB0764782500010002D8,1.0,Yes,Human Body
2130937,ANCHOR_01,52:06:26:03:01:DA,-75,MFG_4C000215FDA50693A4E24FB1AFCFC6EB0764782500010002D8,1.0,Yes,Human Body
2131927,ANCHOR_01,52:06:26:03:01:DA,-75,MFG_4C000215FDA50693A4E24FB1AFCFC6EB0764782500010002D8,1.0,Yes,Human Body
2132947,ANCHOR_01,52:06:26:03:01:DA,-89,MFG_4C000215FDA50693A4E24FB1AFCFC6EB0764782500010002D8,1.0,Yes,Human Body
2133937,ANCHOR_01,52:06:26:03:01:DA,-91,MFG_4C000215FDA50693A4E24FB1AFCFC6EB0764782500010002D8,1.0,Yes,Human Body
2134957,ANCHOR_01,52:06:26:03:01:DA,-71,MFG_4C000215FDA50693A4E24FB1AFCFC6EB0764782500010002D8,1.0,Yes,Human Body
2135947,ANCHOR_01,52:06:26:03:01:DA,-71,MFG_4C000215FDA50693A4E24FB1AFCFC6EB0764782500010002D8,1.0,Yes,Human Body
2136967,ANCHOR_01,52:06:26:03:01:DA,-76,MFG_4C000215FDA50693A4E24FB1AFCFC6EB0764782500010002D8,1.0,Yes,Human Body
2137987,ANCHOR_01,52:06:26:03:01:DA,-90,MFG_4C000215FDA50693A4E24FB1AFCFC6EB0764782500010002D8,1.0,Yes,Human Body
2138977,ANCHOR_01,52:06:26:03:01:DA,-91,MFG_4C000215FDA50693A4E24FB1AFCFC6EB0764782500010002D8,1.0,Yes,Human Body
2139967,ANCHOR_01,52:06:26:03:01:DA,-93,MFG_4C000215FDA50693A4E24FB1AFCFC6EB0764782500010002D8,1.0,Yes,Human Body
2140987,ANCHOR_01,52:06:26:03:01:DA,-72,MFG_4C000215FDA50693A4E24FB1AFCFC6EB0764782500010002D8,1.0,Yes,Human Body
2141977,ANCHOR_01,52:06:26:03:01:DA,-71,MFG_4C000215FDA50693A4E24FB1AFCFC6EB0764782500010002D8,1.0,Yes,Human Body
2142997,ANCHOR_01,52:06:26:03:01:DA,-76,MFG_4C000215FDA50693A4E24FB1AFCFC6EB0764782500010002D8,1.0,Yes,Human Body
2143987,ANCHOR_01,52:06:26:03:01:DA,-75,MFG_4C000215FDA50693A4E24FB1AFCFC6EB0764782500010002D8,1.0,Yes,Human Body
2145007,ANCHOR_01,52:06:26:03:01:DA,-95,MFG_4C000215FDA50693A4E24FB1AFCFC6EB0764782500010002D8,1.0,Yes,Human Body
2147017,ANCHOR_01,52:06:26:03:01:DA,-72,MFG_4C000215FDA50693A4E24FB1AFCFC6EB0764782500010002D8,1.0,Yes,Human Body
2148007,ANCHOR_01,52:06:26:03:01:DA,-72,MFG_4C000215FDA50693A4E24FB1AFCFC6EB0764782500010002D8,1.0,Yes,Human Body
2149027,ANCHOR_01,52:06:26:03:01:DA,-76,MFG_4C000215FDA50693A4E24FB1AFCFC6EB0764782500010002D8,1.0,Yes,Human Body
2150047,ANCHOR_01,52:06:26:03:01:DA,-92,MFG_4C000215FDA50693A4E24FB1AFCFC6EB0764782500010002D8,1.0,Yes,Human Body
2151037,ANCHOR_01,52:06:26:03:01:DA,-91,MFG_4C000215FDA50693A4E24FB1AFCFC6EB0764782500010002D8,1.0,Yes,Human Body
2152057,ANCHOR_01,52:06:26:03:01:DA,-72,MFG_4C000215FDA50693A4E24FB1AFCFC6EB0764782500010002D8,1.0,Yes,Human Body
2154067,ANCHOR_01,52:06:26:03:01:DA,-76,MFG_4C000215FDA50693A4E24FB1AFCFC6EB0764782500010002D8,1.0,Yes,Human Body
2156077,ANCHOR_01,52:06:26:03:01:DA,-95,MFG_4C000215FDA50693A4E24FB1AFCFC6EB0764782500010002D8,1.0,Yes,Human Body
2158087,ANCHOR_01,52:06:26:03:01:DA,-72,MFG_4C000215FDA50693A4E24FB1AFCFC6EB0764782500010002D8,1.0,Yes,Human Body
2159077,ANCHOR_01,52:06:26:03:01:DA,-72,MFG_4C000215FDA50693A4E24FB1AFCFC6EB0764782500010002D8,1.0,Yes,Human Body
2160097,ANCHOR_01,52:06:26:03:01:DA,-75,MFG_4C000215FDA50693A4E24FB1AFCFC6EB0764782500010002D8,1.0,Yes,Human Body
2161117,ANCHOR_01,52:06:26:03:01:DA,-95,MFG_4C000215FDA50693A4E24FB1AFCFC6EB0764782500010002D8,1.0,Yes,Human Body
2162107,ANCHOR_01,52:06:26:03:01:DA,-97,MFG_4C000215FDA50693A4E24FB1AFCFC6EB0764782500010002D8,1.0,Yes,Human Body
2163127,ANCHOR_01,52:06:26:03:01:DA,-72,MFG_4C000215FDA50693A4E24FB1AFCFC6EB0764782500010002D8,1.0,Yes,Human Body
2164117,ANCHOR_01,52:06:26:03:01:DA,-72,MFG_4C000215FDA50693A4E24FB1AFCFC6EB0764782500010002D8,1.0,Yes,Human Body
2165137,ANCHOR_01,52:06:26:03:01:DA,-75,MFG_4C000215FDA50693A4E24FB1AFCFC6EB0764782500010002D8,1.0,Yes,Human Body
2166127,ANCHOR_01,52:06:26:03:01:DA,-75,MFG_4C000215FDA50693A4E24FB1AFCFC6EB0764782500010002D8,1.0,Yes,Human Body
2167147,ANCHOR_01,52:06:26:03:01:DA,-96,MFG_4C000215FDA50693A4E24FB1AFCFC6EB0764782500010002D8,1.0,Yes,Human Body
2168137,ANCHOR_01,52:06:26:03:01:DA,-96,MFG_4C000215FDA50693A4E24FB1AFCFC6EB0764782500010002D8,1.0,Yes,Human Body
2169157,ANCHOR_01,52:06:26:03:01:DA,-71,MFG_4C000215FDA50693A4E24FB1AFCFC6EB0764782500010002D8,1.0,Yes,Human Body
2170147,ANCHOR_01,52:06:26:03:01:DA,-72,MFG_4C000215FDA50693A4E24FB1AFCFC6EB0764782500010002D8,1.0,Yes,Human Body
2171167,ANCHOR_01,52:06:26:03:01:DA,-75,MFG_4C000215FDA50693A4E24FB1AFCFC6EB0764782500010002D8,1.0,Yes,Human Body
2172157,ANCHOR_01,52:06:26:03:01:DA,-75,MFG_4C000215FDA50693A4E24FB1AFCFC6EB0764782500010002D8,1.0,Yes,Human Body
2173177,ANCHOR_01,52:06:26:03:01:DA,-95,MFG_4C000215FDA50693A4E24FB1AFCFC6EB0764782500010002D8,1.0,Yes,Human Body
2174167,ANCHOR_01,52:06:26:03:01:DA,-91,MFG_4C000215FDA50693A4E24FB1AFCFC6EB0764782500010002D8,1.0,Yes,Human Body
2175187,ANCHOR_01,52:06:26:03:01:DA,-73,MFG_4C000215FDA50693A4E24FB1AFCFC6EB0764782500010002D8,1.0,Yes,Human Body
2176177,ANCHOR_01,52:06:26:03:01:DA,-72,MFG_4C000215FDA50693A4E24FB1AFCFC6EB0764782500010002D8,1.0,Yes,Human Body
2177197,ANCHOR_01,52:06:26:03:01:DA,-75,MFG_4C000215FDA50693A4E24FB1AFCFC6EB0764782500010002D8,1.0,Yes,Human Body
2178187,ANCHOR_01,52:06:26:03:01:DA,-75,MFG_4C000215FDA50693A4E24FB1AFCFC6EB0764782500010002D8,1.0,Yes,Human Body
2179207,ANCHOR_01,52:06:26:03:01:DA,-93,MFG_4C000215FDA50693A4E24FB1AFCFC6EB0764782500010002D8,1.0,Yes,Human Body
2180197,ANCHOR_01,52:06:26:03:01:DA,-94,MFG_4C000215FDA50693A4E24FB1AFCFC6EB0764782500010002D8,1.0,Yes,Human Body
2181217,ANCHOR_01,52:06:26:03:01:DA,-72,MFG_4C000215FDA50693A4E24FB1AFCFC6EB0764782500010002D8,1.0,Yes,Human Body
2182207,ANCHOR_01,52:06:26:03:01:DA,-72,MFG_4C000215FDA50693A4E24FB1AFCFC6EB0764782500010002D8,1.0,Yes,Human Body
2183227,ANCHOR_01,52:06:26:03:01:DA,-75,MFG_4C000215FDA50693A4E24FB1AFCFC6EB0764782500010002D8,1.0,Yes,Human Body
2184217,ANCHOR_01,52:06:26:03:01:DA,-75,MFG_4C000215FDA50693A4E24FB1AFCFC6EB0764782500010002D8,1.0,Yes,Human Body
2185237,ANCHOR_01,52:06:26:03:01:DA,-95,MFG_4C000215FDA50693A4E24FB1AFCFC6EB0764782500010002D8,1.0,Yes,Human Body
2186227,ANCHOR_01,52:06:26:03:01:DA,-94,MFG_4C000215FDA50693A4E24FB1AFCFC6EB0764782500010002D8,1.0,Yes,Human Body
2188237,ANCHOR_01,52:06:26:03:01:DA,-73,MFG_4C000215FDA50693A4E24FB1AFCFC6EB0764782500010002D8,1.0,Yes,Human Body
2189227,ANCHOR_01,52:06:26:03:01:DA,-72,MFG_4C000215FDA50693A4E24FB1AFCFC6EB0764782500010002D8,1.0,Yes,Human Body
2190247,ANCHOR_01,52:06:26:03:01:DA,-74,MFG_4C000215FDA50693A4E24FB1AFCFC6EB0764782500010002D8,1.0,Yes,Human Body
2192257,ANCHOR_01,52:06:26:03:01:DA,-91,MFG_4C000215FDA50693A4E24FB1AFCFC6EB0764782500010002D8,1.0,Yes,Human Body
2193247,ANCHOR_01,52:06:26:03:01:DA,-93,MFG_4C000215FDA50693A4E24FB1AFCFC6EB0764782500010002D8,1.0,Yes,Human Body
2194267,ANCHOR_01,52:06:26:03:01:DA,-72,MFG_4C000215FDA50693A4E24FB1AFCFC6EB0764782500010002D8,1.0,Yes,Human Body
2195257,ANCHOR_01,52:06:26:03:01:DA,-72,MFG_4C000215FDA50693A4E24FB1AFCFC6EB0764782500010002D8,1.0,Yes,Human Body
2196277,ANCHOR_01,52:06:26:03:01:DA,-75,MFG_4C000215FDA50693A4E24FB1AFCFC6EB0764782500010002D8,1.0,Yes,Human Body
2197267,ANCHOR_01,52:06:26:03:01:DA,-74,MFG_4C000215FDA50693A4E24FB1AFCFC6EB0764782500010002D8,1.0,Yes,Human Body
2198257,ANCHOR_01,52:06:26:03:01:DA,-74,MFG_4C000215FDA50693A4E24FB1AFCFC6EB0764782500010002D8,1.0,Yes,Human Body
2199277,ANCHOR_01,52:06:26:03:01:DA,-92,MFG_4C000215FDA50693A4E24FB1AFCFC6EB0764782500010002D8,1.0,Yes,Human Body
2200267,ANCHOR_01,52:06:26:03:01:DA,-92,MFG_4C000215FDA50693A4E24FB1AFCFC6EB0764782500010002D8,1.0,Yes,Human Body
2201287,ANCHOR_01,52:06:26:03:01:DA,-73,MFG_4C000215FDA50693A4E24FB1AFCFC6EB0764782500010002D8,1.0,Yes,Human Body
2202277,ANCHOR_01,52:06:26:03:01:DA,-72,MFG_4C000215FDA50693A4E24FB1AFCFC6EB0764782500010002D8,1.0,Yes,Human Body
2203297,ANCHOR_01,52:06:26:03:01:DA,-75,MFG_4C000215FDA50693A4E24FB1AFCFC6EB0764782500010002D8,1.0,Yes,Human Body
2204287,ANCHOR_01,52:06:26:03:01:DA,-76,MFG_4C000215FDA50693A4E24FB1AFCFC6EB0764782500010002D8,1.0,Yes,Human Body
2205307,ANCHOR_01,52:06:26:03:01:DA,-90,MFG_4C000215FDA50693A4E24FB1AFCFC6EB0764782500010002D8,1.0,Yes,Human Body
2206327,ANCHOR_01,52:06:26:03:01:DA,-72,MFG_4C000215FDA50693A4E24FB1AFCFC6EB0764782500010002D8,1.0,Yes,Human Body
2207317,ANCHOR_01,52:06:26:03:01:DA,-73,MFG_4C000215FDA50693A4E24FB1AFCFC6EB0764782500010002D8,1.0,Yes,Human Body
2208337,ANCHOR_01,52:06:26:03:01:DA,-74,MFG_4C000215FDA50693A4E24FB1AFCFC6EB0764782500010002D8,1.0,Yes,Human Body
2209327,ANCHOR_01,52:06:26:03:01:DA,-74,MFG_4C000215FDA50693A4E24FB1AFCFC6EB0764782500010002D8,1.0,Yes,Human Body
2210347,ANCHOR_01,52:06:26:03:01:DA,-92,MFG_4C000215FDA50693A4E24FB1AFCFC6EB0764782500010002D8,1.0,Yes,Human Body
2212357,ANCHOR_01,52:06:26:03:01:DA,-72,MFG_4C000215FDA50693A4E24FB1AFCFC6EB0764782500010002D8,1.0,Yes,Human Body
2213377,ANCHOR_01,52:06:26:03:01:DA,-75,MFG_4C000215FDA50693A4E24FB1AFCFC6EB0764782500010002D8,1.0,Yes,Human Body
2214367,ANCHOR_01,52:06:26:03:01:DA,-75,MFG_4C000215FDA50693A4E24FB1AFCFC6EB0764782500010002D8,1.0,Yes,Human Body
2217397,ANCHOR_01,52:06:26:03:01:DA,-72,MFG_4C000215FDA50693A4E24FB1AFCFC6EB0764782500010002D8,1.0,Yes,Human Body
2218387,ANCHOR_01,52:06:26:03:01:DA,-72,MFG_4C000215FDA50693A4E24FB1AFCFC6EB0764782500010002D8,1.0,Yes,Human Body
2219407,ANCHOR_01,52:06:26:03:01:DA,-75,MFG_4C000215FDA50693A4E24FB1AFCFC6EB0764782500010002D8,1.0,Yes,Human Body
2220397,ANCHOR_01,52:06:26:03:01:DA,-74,MFG_4C000215FDA50693A4E24FB1AFCFC6EB0764782500010002D8,1.0,Yes,Human Body
2221417,ANCHOR_01,52:06:26:03:01:DA,-94,MFG_4C000215FDA50693A4E24FB1AFCFC6EB0764782500010002D8,1.0,Yes,Human Body
2223427,ANCHOR_01,52:06:26:03:01:DA,-72,MFG_4C000215FDA50693A4E24FB1AFCFC6EB0764782500010002D8,1.0,Yes,Human Body
2224417,ANCHOR_01,52:06:26:03:01:DA,-73,MFG_4C000215FDA50693A4E24FB1AFCFC6EB0764782500010002D8,1.0,Yes,Human Body
2225437,ANCHOR_01,52:06:26:03:01:DA,-75,MFG_4C000215FDA50693A4E24FB1AFCFC6EB0764782500010002D8,1.0,Yes,Human Body
2226427,ANCHOR_01,52:06:26:03:01:DA,-75,MFG_4C000215FDA50693A4E24FB1AFCFC6EB0764782500010002D8,1.0,Yes,Human Body
2227447,ANCHOR_01,52:06:26:03:01:DA,-94,MFG_4C000215FDA50693A4E24FB1AFCFC6EB0764782500010002D8,1.0,Yes,Human Body
2228437,ANCHOR_01,52:06:26:03:01:DA,-90,MFG_4C000215FDA50693A4E24FB1AFCFC6EB0764782500010002D8,1.0,Yes,Human Body
2229457,ANCHOR_01,52:06:26:03:01:DA,-73,MFG_4C000215FDA50693A4E24FB1AFCFC6EB0764782500010002D8,1.0,Yes,Human Body
2230447,ANCHOR_01,52:06:26:03:01:DA,-73,MFG_4C000215FDA50693A4E24FB1AFCFC6EB0764782500010002D8,1.0,Yes,Human Body
2231467,ANCHOR_01,52:06:26:03:01:DA,-75,MFG_4C000215FDA50693A4E24FB1AFCFC6EB0764782500010002D8,1.0,Yes,Human Body
2232457,ANCHOR_01,52:06:26:03:01:DA,-74,MFG_4C000215FDA50693A4E24FB1AFCFC6EB0764782500010002D8,1.0,Yes,Human Body
2233477,ANCHOR_01,52:06:26:03:01:DA,-92,MFG_4C000215FDA50693A4E24FB1AFCFC6EB0764782500010002D8,1.0,Yes,Human Body
2234467,ANCHOR_01,52:06:26:03:01:DA,-91,MFG_4C000215FDA50693A4E24FB1AFCFC6EB0764782500010002D8,1.0,Yes,Human Body
2235487,ANCHOR_01,52:06:26:03:01:DA,-73,MFG_4C000215FDA50693A4E24FB1AFCFC6EB0764782500010002D8,1.0,Yes,Human Body
2236507,ANCHOR_01,52:06:26:03:01:DA,-74,MFG_4C000215FDA50693A4E24FB1AFCFC6EB0764782500010002D8,1.0,Yes,Human Body
2237497,ANCHOR_01,52:06:26:03:01:DA,-74,MFG_4C000215FDA50693A4E24FB1AFCFC6EB0764782500010002D8,1.0,Yes,Human Body
2238517,ANCHOR_01,52:06:26:03:01:DA,-92,MFG_4C000215FDA50693A4E24FB1AFCFC6EB0764782500010002D8,1.0,Yes,Human Body
2239507,ANCHOR_01,52:06:26:03:01:DA,-91,MFG_4C000215FDA50693A4E24FB1AFCFC6EB0764782500010002D8,1.0,Yes,Human Body
2241517,ANCHOR_01,52:06:26:03:01:DA,-73,MFG_4C000215FDA50693A4E24FB1AFCFC6EB0764782500010002D8,1.0,Yes,Human Body
2242537,ANCHOR_01,52:06:26:03:01:DA,-74,MFG_4C000215FDA50693A4E24FB1AFCFC6EB0764782500010002D8,1.0,Yes,Human Body
2243527,ANCHOR_01,52:06:26:03:01:DA,-74,MFG_4C000215FDA50693A4E24FB1AFCFC6EB0764782500010002D8,1.0,Yes,Human Body
2244547,ANCHOR_01,52:06:26:03:01:DA,-94,MFG_4C000215FDA50693A4E24FB1AFCFC6EB0764782500010002D8,1.0,Yes,Human Body
2245537,ANCHOR_01,52:06:26:03:01:DA,-92,MFG_4C000215FDA50693A4E24FB1AFCFC6EB0764782500010002D8,1.0,Yes,Human Body
2246557,ANCHOR_01,52:06:26:03:01:DA,-72,MFG_4C000215FDA50693A4E24FB1AFCFC6EB0764782500010002D8,1.0,Yes,Human Body
2247547,ANCHOR_01,52:06:26:03:01:DA,-72,MFG_4C000215FDA50693A4E24FB1AFCFC6EB0764782500010002D8,1.0,Yes,Human Body
2248567,ANCHOR_01,52:06:26:03:01:DA,-74,MFG_4C000215FDA50693A4E24FB1AFCFC6EB0764782500010002D8,1.0,Yes,Human Body
2249557,ANCHOR_01,52:06:26:03:01:DA,-75,MFG_4C000215FDA50693A4E24FB1AFCFC6EB0764782500010002D8,1.0,Yes,Human Body
2250577,ANCHOR_01,52:06:26:03:01:DA,-93,MFG_4C000215FDA50693A4E24FB1AFCFC6EB0764782500010002D8,1.0,Yes,Human Body
2251567,ANCHOR_01,52:06:26:03:01:DA,-90,MFG_4C000215FDA50693A4E24FB1AFCFC6EB0764782500010002D8,1.0,Yes,Human Body
2252587,ANCHOR_01,52:06:26:03:01:DA,-72,MFG_4C000215FDA50693A4E24FB1AFCFC6EB0764782500010002D8,1.0,Yes,Human Body
2253577,ANCHOR_01,52:06:26:03:01:DA,-73,MFG_4C000215FDA50693A4E24FB1AFCFC6EB0764782500010002D8,1.0,Yes,Human Body
2254597,ANCHOR_01,52:06:26:03:01:DA,-74,MFG_4C000215FDA50693A4E24FB1AFCFC6EB0764782500010002D8,1.0,Yes,Human Body
2255587,ANCHOR_01,52:06:26:03:01:DA,-74,MFG_4C000215FDA50693A4E24FB1AFCFC6EB0764782500010002D8,1.0,Yes,Human Body
2256607,ANCHOR_01,52:06:26:03:01:DA,-91,MFG_4C000215FDA50693A4E24FB1AFCFC6EB0764782500010002D8,1.0,Yes,Human Body
2258617,ANCHOR_01,52:06:26:03:01:DA,-72,MFG_4C000215FDA50693A4E24FB1AFCFC6EB0764782500010002D8,1.0,Yes,Human Body
2259637,ANCHOR_01,52:06:26:03:01:DA,-74,MFG_4C000215FDA50693A4E24FB1AFCFC6EB0764782500010002D8,1.0,Yes,Human Body
2260627,ANCHOR_01,52:06:26:03:01:DA,-74,MFG_4C000215FDA50693A4E24FB1AFCFC6EB0764782500010002D8,1.0,Yes,Human Body
2261647,ANCHOR_01,52:06:26:03:01:DA,-92,MFG_4C000215FDA50693A4E24FB1AFCFC6EB0764782500010002D8,1.0,Yes,Human Body
2262637,ANCHOR_01,52:06:26:03:01:DA,-91,MFG_4C000215FDA50693A4E24FB1AFCFC6EB0764782500010002D8,1.0,Yes,Human Body
2263657,ANCHOR_01,52:06:26:03:01:DA,-72,MFG_4C000215FDA50693A4E24FB1AFCFC6EB0764782500010002D8,1.0,Yes,Human Body
2264647,ANCHOR_01,52:06:26:03:01:DA,-73,MFG_4C000215FDA50693A4E24FB1AFCFC6EB0764782500010002D8,1.0,Yes,Human Body
2265667,ANCHOR_01,52:06:26:03:01:DA,-74,MFG_4C000215FDA50693A4E24FB1AFCFC6EB0764782500010002D8,1.0,Yes,Human Body
2266657,ANCHOR_01,52:06:26:03:01:DA,-74,MFG_4C000215FDA50693A4E24FB1AFCFC6EB0764782500010002D8,1.0,Yes,Human Body
2267677,ANCHOR_01,52:06:26:03:01:DA,-94,MFG_4C000215FDA50693A4E24FB1AFCFC6EB0764782500010002D8,1.0,Yes,Human Body
2268667,ANCHOR_01,52:06:26:03:01:DA,-90,MFG_4C000215FDA50693A4E24FB1AFCFC6EB0764782500010002D8,1.0,Yes,Human Body
2269687,ANCHOR_01,52:06:26:03:01:DA,-72,MFG_4C000215FDA50693A4E24FB1AFCFC6EB0764782500010002D8,1.0,Yes,Human Body
2270677,ANCHOR_01,52:06:26:03:01:DA,-73,MFG_4C000215FDA50693A4E24FB1AFCFC6EB0764782500010002D8,1.0,Yes,Human Body
2271697,ANCHOR_01,52:06:26:03:01:DA,-74,MFG_4C000215FDA50693A4E24FB1AFCFC6EB0764782500010002D8,1.0,Yes,Human Body
2272687,ANCHOR_01,52:06:26:03:01:DA,-74,MFG_4C000215FDA50693A4E24FB1AFCFC6EB0764782500010002D8,1.0,Yes,Human Body
2273707,ANCHOR_01,52:06:26:03:01:DA,-90,MFG_4C000215FDA50693A4E24FB1AFCFC6EB0764782500010002D8,1.0,Yes,Human Body
2274697,ANCHOR_01,52:06:26:03:01:DA,-94,MFG_4C000215FDA50693A4E24FB1AFCFC6EB0764782500010002D8,1.0,Yes,Human Body
2275717,ANCHOR_01,52:06:26:03:01:DA,-72,MFG_4C000215FDA50693A4E24FB1AFCFC6EB0764782500010002D8,1.0,Yes,Human Body
2276737,ANCHOR_01,52:06:26:03:01:DA,-74,MFG_4C000215FDA50693A4E24FB1AFCFC6EB0764782500010002D8,1.0,Yes,Human Body
2277727,ANCHOR_01,52:06:26:03:01:DA,-74,MFG_4C000215FDA50693A4E24FB1AFCFC6EB0764782500010002D8,1.0,Yes,Human Body
2278747,ANCHOR_01,52:06:26:03:01:DA,-92,MFG_4C000215FDA50693A4E24FB1AFCFC6EB0764782500010002D8,1.0,Yes,Human Body
2279737,ANCHOR_01,52:06:26:03:01:DA,-92,MFG_4C000215FDA50693A4E24FB1AFCFC6EB0764782500010002D8,1.0,Yes,Human Body
2281747,ANCHOR_01,52:06:26:03:01:DA,-72,MFG_4C000215FDA50693A4E24FB1AFCFC6EB0764782500010002D8,1.0,Yes,Human Body
2282737,ANCHOR_01,52:06:26:03:01:DA,-73,MFG_4C000215FDA50693A4E24FB1AFCFC6EB0764782500010002D8,1.0,Yes,Human Body
2283757,ANCHOR_01,52:06:26:03:01:DA,-74,MFG_4C000215FDA50693A4E24FB1AFCFC6EB0764782500010002D8,1.0,Yes,Human Body
2284747,ANCHOR_01,52:06:26:03:01:DA,-74,MFG_4C000215FDA50693A4E24FB1AFCFC6EB0764782500010002D8,1.0,Yes,Human Body
2285767,ANCHOR_01,52:06:26:03:01:DA,-93,MFG_4C000215FDA50693A4E24FB1AFCFC6EB0764782500010002D8,1.0,Yes,Human Body
2286757,ANCHOR_01,52:06:26:03:01:DA,-92,MFG_4C000215FDA50693A4E24FB1AFCFC6EB0764782500010002D8,1.0,Yes,Human Body
2287777,ANCHOR_01,52:06:26:03:01:DA,-72,MFG_4C000215FDA50693A4E24FB1AFCFC6EB0764782500010002D8,1.0,Yes,Human Body
2288767,ANCHOR_01,52:06:26:03:01:DA,-73,MFG_4C000215FDA50693A4E24FB1AFCFC6EB0764782500010002D8,1.0,Yes,Human Body
2289787,ANCHOR_01,52:06:26:03:01:DA,-74,MFG_4C000215FDA50693A4E24FB1AFCFC6EB0764782500010002D8,1.0,Yes,Human Body
2290777,ANCHOR_01,52:06:26:03:01:DA,-74,MFG_4C000215FDA50693A4E24FB1AFCFC6EB0764782500010002D8,1.0,Yes,Human Body
2291797,ANCHOR_01,52:06:26:03:01:DA,-91,MFG_4C000215FDA50693A4E24FB1AFCFC6EB0764782500010002D8,1.0,Yes,Human Body
2292787,ANCHOR_01,52:06:26:03:01:DA,-91,MFG_4C000215FDA50693A4E24FB1AFCFC6EB0764782500010002D8,1.0,Yes,Human Body
2293807,ANCHOR_01,52:06:26:03:01:DA,-72,MFG_4C000215FDA50693A4E24FB1AFCFC6EB0764782500010002D8,1.0,Yes,Human Body
2294797,ANCHOR_01,52:06:26:03:01:DA,-72,MFG_4C000215FDA50693A4E24FB1AFCFC6EB0764782500010002D8,1.0,Yes,Human Body
2295817,ANCHOR_01,52:06:26:03:01:DA,-74,MFG_4C000215FDA50693A4E24FB1AFCFC6EB0764782500010002D8,1.0,Yes,Human Body
2296807,ANCHOR_01,52:06:26:03:01:DA,-74,MFG_4C000215FDA50693A4E24FB1AFCFC6EB0764782500010002D8,1.0,Yes,Human Body
2297827,ANCHOR_01,52:06:26:03:01:DA,-89,MFG_4C000215FDA50693A4E24FB1AFCFC6EB0764782500010002D8,1.0,Yes,Human Body
2298817,ANCHOR_01,52:06:26:03:01:DA,-93,MFG_4C000215FDA50693A4E24FB1AFCFC6EB0764782500010002D8,1.0,Yes,Human Body
2299837,ANCHOR_01,52:06:26:03:01:DA,-73,MFG_4C000215FDA50693A4E24FB1AFCFC6EB0764782500010002D8,1.0,Yes,Human Body
2300827,ANCHOR_01,52:06:26:03:01:DA,-72,MFG_4C000215FDA50693A4E24FB1AFCFC6EB0764782500010002D8,1.0,Yes,Human Body
2301847,ANCHOR_01,52:06:26:03:01:DA,-74,MFG_4C000215FDA50693A4E24FB1AFCFC6EB0764782500010002D8,1.0,Yes,Human Body
2302837,ANCHOR_01,52:06:26:03:01:DA,-74,MFG_4C000215FDA50693A4E24FB1AFCFC6EB0764782500010002D8,1.0,Yes,Human Body
2303857,ANCHOR_01,52:06:26:03:01:DA,-90,MFG_4C000215FDA50693A4E24FB1AFCFC6EB0764782500010002D8,1.0,Yes,Human Body
2304847,ANCHOR_01,52:06:26:03:01:DA,-91,MFG_4C000215FDA50693A4E24FB1AFCFC6EB0764782500010002D8,1.0,Yes,Human Body
2305867,ANCHOR_01,52:06:26:03:01:DA,-72,MFG_4C000215FDA50693A4E24FB1AFCFC6EB0764782500010002D8,1.0,Yes,Human Body
2306857,ANCHOR_01,52:06:26:03:01:DA,-72,MFG_4C000215FDA50693A4E24FB1AFCFC6EB0764782500010002D8,1.0,Yes,Human Body
2307877,ANCHOR_01,52:06:26:03:01:DA,-74,MFG_4C000215FDA50693A4E24FB1AFCFC6EB0764782500010002D8,1.0,Yes,Human Body
2308867,ANCHOR_01,52:06:26:03:01:DA,-74,MFG_4C000215FDA50693A4E24FB1AFCFC6EB0764782500010002D8,1.0,Yes,Human Body
2309887,ANCHOR_01,52:06:26:03:01:DA,-93,MFG_4C000215FDA50693A4E24FB1AFCFC6EB0764782500010002D8,1.0,Yes,Human Body
2310877,ANCHOR_01,52:06:26:03:01:DA,-94,MFG_4C000215FDA50693A4E24FB1AFCFC6EB0764782500010002D8,1.0,Yes,Human Body
2311897,ANCHOR_01,52:06:26:03:01:DA,-72,MFG_4C000215FDA50693A4E24FB1AFCFC6EB0764782500010002D8,1.0,Yes,Human Body
2312887,ANCHOR_01,52:06:26:03:01:DA,-73,MFG_4C000215FDA50693A4E24FB1AFCFC6EB0764782500010002D8,1.0,Yes,Human Body
2313877,ANCHOR_01,52:06:26:03:01:DA,-72,MFG_4C000215FDA50693A4E24FB1AFCFC6EB0764782500010002D8,1.0,Yes,Human Body
2314897,ANCHOR_01,52:06:26:03:01:DA,-74,MFG_4C000215FDA50693A4E24FB1AFCFC6EB0764782500010002D8,1.0,Yes,Human Body
2315887,ANCHOR_01,52:06:26:03:01:DA,-74,MFG_4C000215FDA50693A4E24FB1AFCFC6EB0764782500010002D8,1.0,Yes,Human Body
2316907,ANCHOR_01,52:06:26:03:01:DA,-91,MFG_4C000215FDA50693A4E24FB1AFCFC6EB0764782500010002D8,1.0,Yes,Human Body
2318917,ANCHOR_01,52:06:26:03:01:DA,-72,MFG_4C000215FDA50693A4E24FB1AFCFC6EB0764782500010002D8,1.0,Yes,Human Body
2319907,ANCHOR_01,52:06:26:03:01:DA,-73,MFG_4C000215FDA50693A4E24FB1AFCFC6EB0764782500010002D8,1.0,Yes,Human Body
2320927,ANCHOR_01,52:06:26:03:01:DA,-74,MFG_4C000215FDA50693A4E24FB1AFCFC6EB0764782500010002D8,1.0,Yes,Human Body
2321917,ANCHOR_01,52:06:26:03:01:DA,-74,MFG_4C000215FDA50693A4E24FB1AFCFC6EB0764782500010002D8,1.0,Yes,Human Body
2323927,ANCHOR_01,52:06:26:03:01:DA,-92,MFG_4C000215FDA50693A4E24FB1AFCFC6EB0764782500010002D8,1.0,Yes,Human Body
2324947,ANCHOR_01,52:06:26:03:01:DA,-72,MFG_4C000215FDA50693A4E24FB1AFCFC6EB0764782500010002D8,1.0,Yes,Human Body
2325937,ANCHOR_01,52:06:26:03:01:DA,-73,MFG_4C000215FDA50693A4E24FB1AFCFC6EB0764782500010002D8,1.0,Yes,Human Body
2326957,ANCHOR_01,52:06:26:03:01:DA,-74,MFG_4C000215FDA50693A4E24FB1AFCFC6EB0764782500010002D8,1.0,Yes,Human Body
2327947,ANCHOR_01,52:06:26:03:01:DA,-74,MFG_4C000215FDA50693A4E24FB1AFCFC6EB0764782500010002D8,1.0,Yes,Human Body
2328967,ANCHOR_01,52:06:26:03:01:DA,-93,MFG_4C000215FDA50693A4E24FB1AFCFC6EB0764782500010002D8,1.0,Yes,Human Body
2329957,ANCHOR_01,52:06:26:03:01:DA,-91,MFG_4C000215FDA50693A4E24FB1AFCFC6EB0764782500010002D8,1.0,Yes,Human Body
2330977,ANCHOR_01,52:06:26:03:01:DA,-72,MFG_4C000215FDA50693A4E24FB1AFCFC6EB0764782500010002D8,1.0,Yes,Human Body
2331967,ANCHOR_01,52:06:26:03:01:DA,-73,MFG_4C000215FDA50693A4E24FB1AFCFC6EB0764782500010002D8,1.0,Yes,Human Body
2332987,ANCHOR_01,52:06:26:03:01:DA,-74,MFG_4C000215FDA50693A4E24FB1AFCFC6EB0764782500010002D8,1.0,Yes,Human Body
2333977,ANCHOR_01,52:06:26:03:01:DA,-74,MFG_4C000215FDA50693A4E24FB1AFCFC6EB0764782500010002D8,1.0,Yes,Human Body
2334997,ANCHOR_01,52:06:26:03:01:DA,-93,MFG_4C000215FDA50693A4E24FB1AFCFC6EB0764782500010002D8,1.0,Yes,Human Body
2337007,ANCHOR_01,52:06:26:03:01:DA,-72,MFG_4C000215FDA50693A4E24FB1AFCFC6EB0764782500010002D8,1.0,Yes,Human Body
2338027,ANCHOR_01,52:06:26:03:01:DA,-74,MFG_4C000215FDA50693A4E24FB1AFCFC6EB0764782500010002D8,1.0,Yes,Human Body
2339017,ANCHOR_01,52:06:26:03:01:DA,-74,MFG_4C000215FDA50693A4E24FB1AFCFC6EB0764782500010002D8,1.0,Yes,Human Body
2340037,ANCHOR_01,52:06:26:03:01:DA,-94,MFG_4C000215FDA50693A4E24FB1AFCFC6EB0764782500010002D8,1.0,Yes,Human Body
2341027,ANCHOR_01,52:06:26:03:01:DA,-91,MFG_4C000215FDA50693A4E24FB1AFCFC6EB0764782500010002D8,1.0,Yes,Human Body
2342047,ANCHOR_01,52:06:26:03:01:DA,-72,MFG_4C000215FDA50693A4E24FB1AFCFC6EB0764782500010002D8,1.0,Yes,Human Body
2343037,ANCHOR_01,52:06:26:03:01:DA,-73,MFG_4C000215FDA50693A4E24FB1AFCFC6EB0764782500010002D8,1.0,Yes,Human Body
2344057,ANCHOR_01,52:06:26:03:01:DA,-74,MFG_4C000215FDA50693A4E24FB1AFCFC6EB0764782500010002D8,1.0,Yes,Human Body
2345047,ANCHOR_01,52:06:26:03:01:DA,-74,MFG_4C000215FDA50693A4E24FB1AFCFC6EB0764782500010002D8,1.0,Yes,Human Body
2346067,ANCHOR_01,52:06:26:03:01:DA,-90,MFG_4C000215FDA50693A4E24FB1AFCFC6EB0764782500010002D8,1.0,Yes,Human Body
2347057,ANCHOR_01,52:06:26:03:01:DA,-93,MFG_4C000215FDA50693A4E24FB1AFCFC6EB0764782500010002D8,1.0,Yes,Human Body
2348077,ANCHOR_01,52:06:26:03:01:DA,-73,MFG_4C000215FDA50693A4E24FB1AFCFC6EB0764782500010002D8,1.0,Yes,Human Body
2349067,ANCHOR_01,52:06:26:03:01:DA,-72,MFG_4C000215FDA50693A4E24FB1AFCFC6EB0764782500010002D8,1.0,Yes,Human Body
2351077,ANCHOR_01,52:06:26:03:01:DA,-74,MFG_4C000215FDA50693A4E24FB1AFCFC6EB0764782500010002D8,1.0,Yes,Human Body
2352067,ANCHOR_01,52:06:26:03:01:DA,-74,MFG_4C000215FDA50693A4E24FB1AFCFC6EB0764782500010002D8,1.0,Yes,Human Body
2353087,ANCHOR_01,52:06:26:03:01:DA,-94,MFG_4C000215FDA50693A4E24FB1AFCFC6EB0764782500010002D8,1.0,Yes,Human Body
2355097,ANCHOR_01,52:06:26:03:01:DA,-72,MFG_4C000215FDA50693A4E24FB1AFCFC6EB0764782500010002D8,1.0,Yes,Human Body
2356087,ANCHOR_01,52:06:26:03:01:DA,-72,MFG_4C000215FDA50693A4E24FB1AFCFC6EB0764782500010002D8,1.0,Yes,Human Body
2357107,ANCHOR_01,52:06:26:03:01:DA,-74,MFG_4C000215FDA50693A4E24FB1AFCFC6EB0764782500010002D8,1.0,Yes,Human Body
2358127,ANCHOR_01,52:06:26:03:01:DA,-93,MFG_4C000215FDA50693A4E24FB1AFCFC6EB0764782500010002D8,1.0,Yes,Human Body
2359117,ANCHOR_01,52:06:26:03:01:DA,-91,MFG_4C000215FDA50693A4E24FB1AFCFC6EB0764782500010002D8,1.0,Yes,Human Body
2360137,ANCHOR_01,52:06:26:03:01:DA,-73,MFG_4C000215FDA50693A4E24FB1AFCFC6EB0764782500010002D8,1.0,Yes,Human Body
2361127,ANCHOR_01,52:06:26:03:01:DA,-72,MFG_4C000215FDA50693A4E24FB1AFCFC6EB0764782500010002D8,1.0,Yes,Human Body
2363137,ANCHOR_01,52:06:26:03:01:DA,-74,MFG_4C000215FDA50693A4E24FB1AFCFC6EB0764782500010002D8,1.0,Yes,Human Body
2364157,ANCHOR_01,52:06:26:03:01:DA,-90,MFG_4C000215FDA50693A4E24FB1AFCFC6EB0764782500010002D8,1.0,Yes,Human Body
2365147,ANCHOR_01,52:06:26:03:01:DA,-90,MFG_4C000215FDA50693A4E24FB1AFCFC6EB0764782500010002D8,1.0,Yes,Human Body
2366167,ANCHOR_01,52:06:26:03:01:DA,-72,MFG_4C000215FDA50693A4E24FB1AFCFC6EB0764782500010002D8,1.0,Yes,Human Body
2368177,ANCHOR_01,52:06:26:03:01:DA,-74,MFG_4C000215FDA50693A4E24FB1AFCFC6EB0764782500010002D8,1.0,Yes,Human Body
2369167,ANCHOR_01,52:06:26:03:01:DA,-74,MFG_4C000215FDA50693A4E24FB1AFCFC6EB0764782500010002D8,1.0,Yes,Human Body
2370187,ANCHOR_01,52:06:26:03:01:DA,-94,MFG_4C000215FDA50693A4E24FB1AFCFC6EB0764782500010002D8,1.0,Yes,Human Body
2371177,ANCHOR_01,52:06:26:03:01:DA,-92,MFG_4C000215FDA50693A4E24FB1AFCFC6EB0764782500010002D8,1.0,Yes,Human Body
2372197,ANCHOR_01,52:06:26:03:01:DA,-73,MFG_4C000215FDA50693A4E24FB1AFCFC6EB0764782500010002D8,1.0,Yes,Human Body
2373187,ANCHOR_01,52:06:26:03:01:DA,-73,MFG_4C000215FDA50693A4E24FB1AFCFC6EB0764782500010002D8,1.0,Yes,Human Body
2374207,ANCHOR_01,52:06:26:03:01:DA,-74,MFG_4C000215FDA50693A4E24FB1AFCFC6EB0764782500010002D8,1.0,Yes,Human Body
2375197,ANCHOR_01,52:06:26:03:01:DA,-74,MFG_4C000215FDA50693A4E24FB1AFCFC6EB0764782500010002D8,1.0,Yes,Human Body
2376217,ANCHOR_01,52:06:26:03:01:DA,-90,MFG_4C000215FDA50693A4E24FB1AFCFC6EB0764782500010002D8,1.0,Yes,Human Body
2377207,ANCHOR_01,52:06:26:03:01:DA,-92,MFG_4C000215FDA50693A4E24FB1AFCFC6EB0764782500010002D8,1.0,Yes,Human Body
2378227,ANCHOR_01,52:06:26:03:01:DA,-73,MFG_4C000215FDA50693A4E24FB1AFCFC6EB0764782500010002D8,1.0,Yes,Human Body
2379217,ANCHOR_01,52:06:26:03:01:DA,-72,MFG_4C000215FDA50693A4E24FB1AFCFC6EB0764782500010002D8,1.0,Yes,Human Body
2380207,ANCHOR_01,52:06:26:03:01:DA,-73,MFG_4C000215FDA50693A4E24FB1AFCFC6EB0764782500010002D8,1.0,Yes,Human Body
2381227,ANCHOR_01,52:06:26:03:01:DA,-74,MFG_4C000215FDA50693A4E24FB1AFCFC6EB0764782500010002D8,1.0,Yes,Human Body
2382217,ANCHOR_01,52:06:26:03:01:DA,-74,MFG_4C000215FDA50693A4E24FB1AFCFC6EB0764782500010002D8,1.0,Yes,Human Body
2383237,ANCHOR_01,52:06:26:03:01:DA,-89,MFG_4C000215FDA50693A4E24FB1AFCFC6EB0764782500010002D8,1.0,Yes,Human Body
2384227,ANCHOR_01,52:06:26:03:01:DA,-93,MFG_4C000215FDA50693A4E24FB1AFCFC6EB0764782500010002D8,1.0,Yes,Human Body
2385247,ANCHOR_01,52:06:26:03:01:DA,-73,MFG_4C000215FDA50693A4E24FB1AFCFC6EB0764782500010002D8,1.0,Yes,Human Body
2386237,ANCHOR_01,52:06:26:03:01:DA,-73,MFG_4C000215FDA50693A4E24FB1AFCFC6EB0764782500010002D8,1.0,Yes,Human Body
2387257,ANCHOR_01,52:06:26:03:01:DA,-74,MFG_4C000215FDA50693A4E24FB1AFCFC6EB0764782500010002D8,1.0,Yes,Human Body
2388247,ANCHOR_01,52:06:26:03:01:DA,-75,MFG_4C000215FDA50693A4E24FB1AFCFC6EB0764782500010002D8,1.0,Yes,Human Body
2389267,ANCHOR_01,52:06:26:03:01:DA,-95,MFG_4C000215FDA50693A4E24FB1AFCFC6EB0764782500010002D8,1.0,Yes,Human Body
2390257,ANCHOR_01,52:06:26:03:01:DA,-91,MFG_4C000215FDA50693A4E24FB1AFCFC6EB0764782500010002D8,1.0,Yes,Human Body
2391277,ANCHOR_01,52:06:26:03:01:DA,-73,MFG_4C000215FDA50693A4E24FB1AFCFC6EB0764782500010002D8,1.0,Yes,Human Body
2392267,ANCHOR_01,52:06:26:03:01:DA,-73,MFG_4C000215FDA50693A4E24FB1AFCFC6EB0764782500010002D8,1.0,Yes,Human Body
2393287,ANCHOR_01,52:06:26:03:01:DA,-75,MFG_4C000215FDA50693A4E24FB1AFCFC6EB0764782500010002D8,1.0,Yes,Human Body
2394277,ANCHOR_01,52:06:26:03:01:DA,-75,MFG_4C000215FDA50693A4E24FB1AFCFC6EB0764782500010002D8,1.0,Yes,Human Body
2395297,ANCHOR_01,52:06:26:03:01:DA,-92,MFG_4C000215FDA50693A4E24FB1AFCFC6EB0764782500010002D8,1.0,Yes,Human Body
2396317,ANCHOR_01,52:06:26:03:01:DA,-73,MFG_4C000215FDA50693A4E24FB1AFCFC6EB0764782500010002D8,1.0,Yes,Human Body
2397307,ANCHOR_01,52:06:26:03:01:DA,-71,MFG_4C000215FDA50693A4E24FB1AFCFC6EB0764782500010002D8,1.0,Yes,Human Body
2399317,ANCHOR_01,52:06:26:03:01:DA,-75,MFG_4C000215FDA50693A4E24FB1AFCFC6EB0764782500010002D8,1.0,Yes,Human Body
2400337,ANCHOR_01,52:06:26:03:01:DA,-86,MFG_4C000215FDA50693A4E24FB1AFCFC6EB0764782500010002D8,1.0,Yes,Human Body
2401327,ANCHOR_01,52:06:26:03:01:DA,-89,MFG_4C000215FDA50693A4E24FB1AFCFC6EB0764782500010002D8,1.0,Yes,Human Body
2402347,ANCHOR_01,52:06:26:03:01:DA,-72,MFG_4C000215FDA50693A4E24FB1AFCFC6EB0764782500010002D8,1.0,Yes,Human Body
2403337,ANCHOR_01,52:06:26:03:01:DA,-72,MFG_4C000215FDA50693A4E24FB1AFCFC6EB0764782500010002D8,1.0,Yes,Human Body
2404357,ANCHOR_01,52:06:26:03:01:DA,-75,MFG_4C000215FDA50693A4E24FB1AFCFC6EB0764782500010002D8,1.0,Yes,Human Body
2405347,ANCHOR_01,52:06:26:03:01:DA,-76,MFG_4C000215FDA50693A4E24FB1AFCFC6EB0764782500010002D8,1.0,Yes,Human Body
2406367,ANCHOR_01,52:06:26:03:01:DA,-90,MFG_4C000215FDA50693A4E24FB1AFCFC6EB0764782500010002D8,1.0,Yes,Human Body
2407357,ANCHOR_01,52:06:26:03:01:DA,-91,MFG_4C000215FDA50693A4E24FB1AFCFC6EB0764782500010002D8,1.0,Yes,Human Body
2408377,ANCHOR_01,52:06:26:03:01:DA,-72,MFG_4C000215FDA50693A4E24FB1AFCFC6EB0764782500010002D8,1.0,Yes,Human Body
2409367,ANCHOR_01,52:06:26:03:01:DA,-71,MFG_4C000215FDA50693A4E24FB1AFCFC6EB0764782500010002D8,1.0,Yes,Human Body
2410387,ANCHOR_01,52:06:26:03:01:DA,-75,MFG_4C000215FDA50693A4E24FB1AFCFC6EB0764782500010002D8,1.0,Yes,Human Body
2411377,ANCHOR_01,52:06:26:03:01:DA,-76,MFG_4C000215FDA50693A4E24FB1AFCFC6EB0764782500010002D8,1.0,Yes,Human Body
2412397,ANCHOR_01,52:06:26:03:01:DA,-89,MFG_4C000215FDA50693A4E24FB1AFCFC6EB0764782500010002D8,1.0,Yes,Human Body
2414407,ANCHOR_01,52:06:26:03:01:DA,-72,MFG_4C000215FDA50693A4E24FB1AFCFC6EB0764782500010002D8,1.0,Yes,Human Body
2415427,ANCHOR_01,52:06:26:03:01:DA,-76,MFG_4C000215FDA50693A4E24FB1AFCFC6EB0764782500010002D8,1.0,Yes,Human Body
2416417,ANCHOR_01,52:06:26:03:01:DA,-76,MFG_4C000215FDA50693A4E24FB1AFCFC6EB0764782500010002D8,1.0,Yes,Human Body
2417437,ANCHOR_01,52:06:26:03:01:DA,-90,MFG_4C000215FDA50693A4E24FB1AFCFC6EB0764782500010002D8,1.0,Yes,Human Body
2418427,ANCHOR_01,52:06:26:03:01:DA,-89,MFG_4C000215FDA50693A4E24FB1AFCFC6EB0764782500010002D8,1.0,Yes,Human Body
2419447,ANCHOR_01,52:06:26:03:01:DA,-72,MFG_4C000215FDA50693A4E24FB1AFCFC6EB0764782500010002D8,1.0,Yes,Human Body
2420437,ANCHOR_01,52:06:26:03:01:DA,-71,MFG_4C000215FDA50693A4E24FB1AFCFC6EB0764782500010002D8,1.0,Yes,Human Body
2421457,ANCHOR_01,52:06:26:03:01:DA,-75,MFG_4C000215FDA50693A4E24FB1AFCFC6EB0764782500010002D8,1.0,Yes,Human Body
2422447,ANCHOR_01,52:06:26:03:01:DA,-76,MFG_4C000215FDA50693A4E24FB1AFCFC6EB0764782500010002D8,1.0,Yes,Human Body
2423467,ANCHOR_01,52:06:26:03:01:DA,-92,MFG_4C000215FDA50693A4E24FB1AFCFC6EB0764782500010002D8,1.0,Yes,Human Body
2424457,ANCHOR_01,52:06:26:03:01:DA,-91,MFG_4C000215FDA50693A4E24FB1AFCFC6EB0764782500010002D8,1.0,Yes,Human Body
2425477,ANCHOR_01,52:06:26:03:01:DA,-72,MFG_4C000215FDA50693A4E24FB1AFCFC6EB0764782500010002D8,1.0,Yes,Human Body
2426467,ANCHOR_01,52:06:26:03:01:DA,-72,MFG_4C000215FDA50693A4E24FB1AFCFC6EB0764782500010002D8,1.0,Yes,Human Body
2427487,ANCHOR_01,52:06:26:03:01:DA,-76,MFG_4C000215FDA50693A4E24FB1AFCFC6EB0764782500010002D8,1.0,Yes,Human Body
2428477,ANCHOR_01,52:06:26:03:01:DA,-76,MFG_4C000215FDA50693A4E24FB1AFCFC6EB0764782500010002D8,1.0,Yes,Human Body
2429497,ANCHOR_01,52:06:26:03:01:DA,-91,MFG_4C000215FDA50693A4E24FB1AFCFC6EB0764782500010002D8,1.0,Yes,Human Body
2430487,ANCHOR_01,52:06:26:03:01:DA,-90,MFG_4C000215FDA50693A4E24FB1AFCFC6EB0764782500010002D8,1.0,Yes,Human Body
2431507,ANCHOR_01,52:06:26:03:01:DA,-72,MFG_4C000215FDA50693A4E24FB1AFCFC6EB0764782500010002D8,1.0,Yes,Human Body
2432497,ANCHOR_01,52:06:26:03:01:DA,-72,MFG_4C000215FDA50693A4E24FB1AFCFC6EB0764782500010002D8,1.0,Yes,Human Body
2433517,ANCHOR_01,52:06:26:03:01:DA,-75,MFG_4C000215FDA50693A4E24FB1AFCFC6EB0764782500010002D8,1.0,Yes,Human Body
2434537,ANCHOR_01,52:06:26:03:01:DA,-94,MFG_4C000215FDA50693A4E24FB1AFCFC6EB0764782500010002D8,1.0,Yes,Human Body
2435527,ANCHOR_01,52:06:26:03:01:DA,-92,MFG_4C000215FDA50693A4E24FB1AFCFC6EB0764782500010002D8,1.0,Yes,Human Body
2436547,ANCHOR_01,52:06:26:03:01:DA,-72,MFG_4C000215FDA50693A4E24FB1AFCFC6EB0764782500010002D8,1.0,Yes,Human Body
2437537,ANCHOR_01,52:06:26:03:01:DA,-72,MFG_4C000215FDA50693A4E24FB1AFCFC6EB0764782500010002D8,1.0,Yes,Human Body
2438527,ANCHOR_01,52:06:26:03:01:DA,-72,MFG_4C000215FDA50693A4E24FB1AFCFC6EB0764782500010002D8,1.0,Yes,Human Body
2439547,ANCHOR_01,52:06:26:03:01:DA,-75,MFG_4C000215FDA50693A4E24FB1AFCFC6EB0764782500010002D8,1.0,Yes,Human Body
2440537,ANCHOR_01,52:06:26:03:01:DA,-76,MFG_4C000215FDA50693A4E24FB1AFCFC6EB0764782500010002D8,1.0,Yes,Human Body
2441557,ANCHOR_01,52:06:26:03:01:DA,-89,MFG_4C000215FDA50693A4E24FB1AFCFC6EB0764782500010002D8,1.0,Yes,Human Body
2442547,ANCHOR_01,52:06:26:03:01:DA,-92,MFG_4C000215FDA50693A4E24FB1AFCFC6EB0764782500010002D8,1.0,Yes,Human Body
2443567,ANCHOR_01,52:06:26:03:01:DA,-72,MFG_4C000215FDA50693A4E24FB1AFCFC6EB0764782500010002D8,1.0,Yes,Human Body
2444557,ANCHOR_01,52:06:26:03:01:DA,-72,MFG_4C000215FDA50693A4E24FB1AFCFC6EB0764782500010002D8,1.0,Yes,Human Body
2445577,ANCHOR_01,52:06:26:03:01:DA,-75,MFG_4C000215FDA50693A4E24FB1AFCFC6EB0764782500010002D8,1.0,Yes,Human Body
2446597,ANCHOR_01,52:06:26:03:01:DA,-91,MFG_4C000215FDA50693A4E24FB1AFCFC6EB0764782500010002D8,1.0,Yes,Human Body
2447587,ANCHOR_01,52:06:26:03:01:DA,-91,MFG_4C000215FDA50693A4E24FB1AFCFC6EB0764782500010002D8,1.0,Yes,Human Body
2448607,ANCHOR_01,52:06:26:03:01:DA,-72,MFG_4C000215FDA50693A4E24FB1AFCFC6EB0764782500010002D8,1.0,Yes,Human Body
2449597,ANCHOR_01,52:06:26:03:01:DA,-72,MFG_4C000215FDA50693A4E24FB1AFCFC6EB0764782500010002D8,1.0,Yes,Human Body
2450617,ANCHOR_01,52:06:26:03:01:DA,-76,MFG_4C000215FDA50693A4E24FB1AFCFC6EB0764782500010002D8,1.0,Yes,Human Body
2451607,ANCHOR_01,52:06:26:03:01:DA,-75,MFG_4C000215FDA50693A4E24FB1AFCFC6EB0764782500010002D8,1.0,Yes,Human Body
2452627,ANCHOR_01,52:06:26:03:01:DA,-90,MFG_4C000215FDA50693A4E24FB1AFCFC6EB0764782500010002D8,1.0,Yes,Human Body
2453617,ANCHOR_01,52:06:26:03:01:DA,-90,MFG_4C000215FDA50693A4E24FB1AFCFC6EB0764782500010002D8,1.0,Yes,Human Body
2454637,ANCHOR_01,52:06:26:03:01:DA,-71,MFG_4C000215FDA50693A4E24FB1AFCFC6EB0764782500010002D8,1.0,Yes,Human Body
2455627,ANCHOR_01,52:06:26:03:01:DA,-73,MFG_4C000215FDA50693A4E24FB1AFCFC6EB0764782500010002D8,1.0,Yes,Human Body
2456647,ANCHOR_01,52:06:26:03:01:DA,-76,MFG_4C000215FDA50693A4E24FB1AFCFC6EB0764782500010002D8,1.0,Yes,Human Body
2457637,ANCHOR_01,52:06:26:03:01:DA,-75,MFG_4C000215FDA50693A4E24FB1AFCFC6EB0764782500010002D8,1.0,Yes,Human Body
2458657,ANCHOR_01,52:06:26:03:01:DA,-90,MFG_4C000215FDA50693A4E24FB1AFCFC6EB0764782500010002D8,1.0,Yes,Human Body
2459647,ANCHOR_01,52:06:26:03:01:DA,-88,MFG_4C000215FDA50693A4E24FB1AFCFC6EB0764782500010002D8,1.0,Yes,Human Body
2460637,ANCHOR_01,52:06:26:03:01:DA,-88,MFG_4C000215FDA50693A4E24FB1AFCFC6EB0764782500010002D8,1.0,Yes,Human Body
2461657,ANCHOR_01,52:06:26:03:01:DA,-71,MFG_4C000215FDA50693A4E24FB1AFCFC6EB0764782500010002D8,1.0,Yes,Human Body
2462647,ANCHOR_01,52:06:26:03:01:DA,-71,MFG_4C000215FDA50693A4E24FB1AFCFC6EB0764782500010002D8,1.0,Yes,Human Body
2463667,ANCHOR_01,52:06:26:03:01:DA,-75,MFG_4C000215FDA50693A4E24FB1AFCFC6EB0764782500010002D8,1.0,Yes,Human Body
2464657,ANCHOR_01,52:06:26:03:01:DA,-75,MFG_4C000215FDA50693A4E24FB1AFCFC6EB0764782500010002D8,1.0,Yes,Human Body
2465677,ANCHOR_01,52:06:26:03:01:DA,-91,MFG_4C000215FDA50693A4E24FB1AFCFC6EB0764782500010002D8,1.0,Yes,Human Body
2466667,ANCHOR_01,52:06:26:03:01:DA,-90,MFG_4C000215FDA50693A4E24FB1AFCFC6EB0764782500010002D8,1.0,Yes,Human Body
2467687,ANCHOR_01,52:06:26:03:01:DA,-72,MFG_4C000215FDA50693A4E24FB1AFCFC6EB0764782500010002D8,1.0,Yes,Human Body
2468677,ANCHOR_01,52:06:26:03:01:DA,-73,MFG_4C000215FDA50693A4E24FB1AFCFC6EB0764782500010002D8,1.0,Yes,Human Body
2469697,ANCHOR_01,52:06:26:03:01:DA,-74,MFG_4C000215FDA50693A4E24FB1AFCFC6EB0764782500010002D8,1.0,Yes,Human Body
2470687,ANCHOR_01,52:06:26:03:01:DA,-74,MFG_4C000215FDA50693A4E24FB1AFCFC6EB0764782500010002D8,1.0,Yes,Human Body
2471707,ANCHOR_01,52:06:26:03:01:DA,-88,MFG_4C000215FDA50693A4E24FB1AFCFC6EB0764782500010002D8,1.0,Yes,Human Body
2472697,ANCHOR_01,52:06:26:03:01:DA,-88,MFG_4C000215FDA50693A4E24FB1AFCFC6EB0764782500010002D8,1.0,Yes,Human Body
2473717,ANCHOR_01,52:06:26:03:01:DA,-73,MFG_4C000215FDA50693A4E24FB1AFCFC6EB0764782500010002D8,1.0,Yes,Human Body
2474707,ANCHOR_01,52:06:26:03:01:DA,-72,MFG_4C000215FDA50693A4E24FB1AFCFC6EB0764782500010002D8,1.0,Yes,Human Body
2475727,ANCHOR_01,52:06:26:03:01:DA,-74,MFG_4C000215FDA50693A4E24FB1AFCFC6EB0764782500010002D8,1.0,Yes,Human Body
2476717,ANCHOR_01,52:06:26:03:01:DA,-75,MFG_4C000215FDA50693A4E24FB1AFCFC6EB0764782500010002D8,1.0,Yes,Human Body
2477737,ANCHOR_01,52:06:26:03:01:DA,-89,MFG_4C000215FDA50693A4E24FB1AFCFC6EB0764782500010002D8,1.0,Yes,Human Body
2478757,ANCHOR_01,52:06:26:03:01:DA,-73,MFG_4C000215FDA50693A4E24FB1AFCFC6EB0764782500010002D8,1.0,Yes,Human Body
2479747,ANCHOR_01,52:06:26:03:01:DA,-72,MFG_4C000215FDA50693A4E24FB1AFCFC6EB0764782500010002D8,1.0,Yes,Human Body
2480737,ANCHOR_01,52:06:26:03:01:DA,-73,MFG_4C000215FDA50693A4E24FB1AFCFC6EB0764782500010002D8,1.0,Yes,Human Body
2481757,ANCHOR_01,52:06:26:03:01:DA,-74,MFG_4C000215FDA50693A4E24FB1AFCFC6EB0764782500010002D8,1.0,Yes,Human Body
2482777,ANCHOR_01,52:06:26:03:01:DA,-86,MFG_4C000215FDA50693A4E24FB1AFCFC6EB0764782500010002D8,1.0,Yes,Human Body
2483767,ANCHOR_01,52:06:26:03:01:DA,-84,MFG_4C000215FDA50693A4E24FB1AFCFC6EB0764782500010002D8,1.0,Yes,Human Body
2484757,ANCHOR_01,52:06:26:03:01:DA,-88,MFG_4C000215FDA50693A4E24FB1AFCFC6EB0764782500010002D8,1.0,Yes,Human Body
2485777,ANCHOR_01,52:06:26:03:01:DA,-72,MFG_4C000215FDA50693A4E24FB1AFCFC6EB0764782500010002D8,1.0,Yes,Human Body
2486767,ANCHOR_01,52:06:26:03:01:DA,-72,MFG_4C000215FDA50693A4E24FB1AFCFC6EB0764782500010002D8,1.0,Yes,Human Body
2487787,ANCHOR_01,52:06:26:03:01:DA,-76,MFG_4C000215FDA50693A4E24FB1AFCFC6EB0764782500010002D8,1.0,Yes,Human Body
2488777,ANCHOR_01,52:06:26:03:01:DA,-76,MFG_4C000215FDA50693A4E24FB1AFCFC6EB0764782500010002D8,1.0,Yes,Human Body
2489797,ANCHOR_01,52:06:26:03:01:DA,-86,MFG_4C000215FDA50693A4E24FB1AFCFC6EB0764782500010002D8,1.0,Yes,Human Body
2490787,ANCHOR_01,52:06:26:03:01:DA,-87,MFG_4C000215FDA50693A4E24FB1AFCFC6EB0764782500010002D8,1.0,Yes,Human Body
2491807,ANCHOR_01,52:06:26:03:01:DA,-72,MFG_4C000215FDA50693A4E24FB1AFCFC6EB0764782500010002D8,1.0,Yes,Human Body
2492797,ANCHOR_01,52:06:26:03:01:DA,-72,MFG_4C000215FDA50693A4E24FB1AFCFC6EB0764782500010002D8,1.0,Yes,Human Body
2493817,ANCHOR_01,52:06:26:03:01:DA,-75,MFG_4C000215FDA50693A4E24FB1AFCFC6EB0764782500010002D8,1.0,Yes,Human Body
2494807,ANCHOR_01,52:06:26:03:01:DA,-74,MFG_4C000215FDA50693A4E24FB1AFCFC6EB0764782500010002D8,1.0,Yes,Human Body
2495827,ANCHOR_01,52:06:26:03:01:DA,-86,MFG_4C000215FDA50693A4E24FB1AFCFC6EB0764782500010002D8,1.0,Yes,Human Body
2496817,ANCHOR_01,52:06:26:03:01:DA,-80,MFG_4C000215FDA50693A4E24FB1AFCFC6EB0764782500010002D8,1.0,Yes,Human Body
2497837,ANCHOR_01,52:06:26:03:01:DA,-75,MFG_4C000215FDA50693A4E24FB1AFCFC6EB0764782500010002D8,1.0,Yes,Human Body
2498827,ANCHOR_01,52:06:26:03:01:DA,-76,MFG_4C000215FDA50693A4E24FB1AFCFC6EB0764782500010002D8,1.0,Yes,Human Body
2499847,ANCHOR_01,52:06:26:03:01:DA,-78,MFG_4C000215FDA50693A4E24FB1AFCFC6EB0764782500010002D8,1.0,Yes,Human Body
2500837,ANCHOR_01,52:06:26:03:01:DA,-76,MFG_4C000215FDA50693A4E24FB1AFCFC6EB0764782500010002D8,1.0,Yes,Human Body
2501857,ANCHOR_01,52:06:26:03:01:DA,-84,MFG_4C000215FDA50693A4E24FB1AFCFC6EB0764782500010002D8,1.0,Yes,Human Body
2502877,ANCHOR_01,52:06:26:03:01:DA,-78,MFG_4C000215FDA50693A4E24FB1AFCFC6EB0764782500010002D8,1.0,Yes,Human Body
2503867,ANCHOR_01,52:06:26:03:01:DA,-78,MFG_4C000215FDA50693A4E24FB1AFCFC6EB0764782500010002D8,1.0,Yes,Human Body
2504887,ANCHOR_01,52:06:26:03:01:DA,-77,MFG_4C000215FDA50693A4E24FB1AFCFC6EB0764782500010002D8,1.0,Yes,Human Body
2505877,ANCHOR_01,52:06:26:03:01:DA,-77,MFG_4C000215FDA50693A4E24FB1AFCFC6EB0764782500010002D8,1.0,Yes,Human Body
2506897,ANCHOR_01,52:06:26:03:01:DA,-78,MFG_4C000215FDA50693A4E24FB1AFCFC6EB0764782500010002D8,1.0,Yes,Human Body
2507887,ANCHOR_01,52:06:26:03:01:DA,-86,MFG_4C000215FDA50693A4E24FB1AFCFC6EB0764782500010002D8,1.0,Yes,Human Body
2509897,ANCHOR_01,52:06:26:03:01:DA,-74,MFG_4C000215FDA50693A4E24FB1AFCFC6EB0764782500010002D8,1.0,Yes,Human Body
2511907,ANCHOR_01,52:06:26:03:01:DA,-75,MFG_4C000215FDA50693A4E24FB1AFCFC6EB0764782500010002D8,1.0,Yes,Human Body
2512927,ANCHOR_01,52:06:26:03:01:DA,-81,MFG_4C000215FDA50693A4E24FB1AFCFC6EB0764782500010002D8,1.0,Yes,Human Body
2513917,ANCHOR_01,52:06:26:03:01:DA,-84,MFG_4C000215FDA50693A4E24FB1AFCFC6EB0764782500010002D8,1.0,Yes,Human Body
2514937,ANCHOR_01,52:06:26:03:01:DA,-80,MFG_4C000215FDA50693A4E24FB1AFCFC6EB0764782500010002D8,1.0,Yes,Human Body
