timestamp,anchor,mac,rssi,name,distance_m,obstacle,obstacle_type,height_m,motion,duplicate_candidate
1500417,ANCHOR_01,52:06:26:03:01:DA,-65,MFG_4C000215FDA50693A4E24FB1AFCFC6EB0764782500010002D8,0.6,Yes,phone,0.0,stationary,False
1501417,ANCHOR_01,52:06:26:03:01:DA,-68,MFG_4C000215FDA50693A4E24FB1AFCFC6EB0764782500010002D8,0.6,Yes,phone,0.0,stationary,False
1502427,ANCHOR_01,52:06:26:03:01:DA,-62,MFG_4C000215FDA50693A4E24FB1AFCFC6EB0764782500010002D8,0.6,Yes,phone,0.0,stationary,False
1503427,ANCHOR_01,52:06:26:03:01:DA,-60,MFG_4C000215FDA50693A4E24FB1AFCFC6EB0764782500010002D8,0.6,Yes,phone,0.0,stationary,False
1504437,ANCHOR_01,52:06:26:03:01:DA,-62,MFG_4C000215FDA50693A4E24FB1AFCFC6EB0764782500010002D8,0.6,Yes,phone,0.0,stationary,False
1505437,ANCHOR_01,52:06:26:03:01:DA,-60,MFG_4C000215FDA50693A4E24FB1AFCFC6EB0764782500010002D8,0.6,Yes,phone,0.0,stationary,False
1506457,ANCHOR_01,52:06:26:03:01:DA,-66,MFG_4C000215FDA50693A4E24FB1AFCFC6EB0764782500010002D8,0.6,Yes,phone,0.0,stationary,False
1507447,ANCHOR_01,52:06:26:03:01:DA,-66,MFG_4C000215FDA50693A4E24FB1AFCFC6EB0764782500010002D8,0.6,Yes,phone,0.0,stationary,False
1508457,ANCHOR_01,52:06:26:03:01:DA,-60,MFG_4C000215FDA50693A4E24FB1AFCFC6EB0764782500010002D8,0.6,Yes,phone,0.0,stationary,False
1509477,ANCHOR_01,52:06:26:03:01:DA,-59,MFG_4C000215FDA50693A4E24FB1AFCFC6EB0764782500010002D8,0.6,Yes,phone,0.0,stationary,False
1510477,ANCHOR_01,52:06:26:03:01:DA,-60,MFG_4C000215FDA50693A4E24FB1AFCFC6EB0764782500010002D8,0.6,Yes,phone,0.0,stationary,False
1511477,ANCHOR_01,52:06:26:03:01:DA,-67,MFG_4C000215FDA50693A4E24FB1AFCFC6EB0764782500010002D8,0.6,Yes,phone,0.0,stationary,False
1512487,ANCHOR_01,52:06:26:03:01:DA,-67,MFG_4C000215FDA50693A4E24FB1AFCFC6EB0764782500010002D8,0.6,Yes,phone,0.0,stationary,False
1513497,ANCHOR_01,52:06:26:03:01:DA,-61,MFG_4C000215FDA50693A4E24FB1AFCFC6EB0764782500010002D8,0.6,Yes,phone,0.0,stationary,False
1514497,ANCHOR_01,52:06:26:03:01:DA,-61,MFG_4C000215FDA50693A4E24FB1AFCFC6EB0764782500010002D8,0.6,Yes,phone,0.0,stationary,False
1515507,ANCHOR_01,52:06:26:03:01:DA,-61,MFG_4C000215FDA50693A4E24FB1AFCFC6EB0764782500010002D8,0.6,Yes,phone,0.0,stationary,False
1516507,ANCHOR_01,52:06:26:03:01:DA,-60,MFG_4C000215FDA50693A4E24FB1AFCFC6EB0764782500010002D8,0.6,Yes,phone,0.0,stationary,False
1517507,ANCHOR_01,52:06:26:03:01:DA,-67,MFG_4C000215FDA50693A4E24FB1AFCFC6EB0764782500010002D8,0.6,Yes,phone,0.0,stationary,False
1518517,ANCHOR_01,52:06:26:03:01:DA,-68,MFG_4C000215FDA50693A4E24FB1AFCFC6EB0764782500010002D8,0.6,Yes,phone,0.0,stationary,False
1520527,ANCHOR_01,52:06:26:03:01:DA,-61,MFG_4C000215FDA50693A4E24FB1AFCFC6EB0764782500010002D8,0.6,Yes,phone,0.0,stationary,False
1521537,ANCHOR_01,52:06:26:03:01:DA,-61,MFG_4C000215FDA50693A4E24FB1AFCFC6EB0764782500010002D8,0.6,Yes,phone,0.0,stationary,False
1522537,ANCHOR_01,52:06:26:03:01:DA,-61,MFG_4C000215FDA50693A4E24FB1AFCFC6EB0764782500010002D8,0.6,Yes,phone,0.0,stationary,False
1523547,ANCHOR_01,52:06:26:03:01:DA,-68,MFG_4C000215FDA50693A4E24FB1AFCFC6EB0764782500010002D8,0.6,Yes,phone,0.0,stationary,False
1524547,ANCHOR_01,52:06:26:03:01:DA,-67,MFG_4C000215FDA50693A4E24FB1AFCFC6EB0764782500010002D8,0.6,Yes,phone,0.0,stationary,False
1525567,ANCHOR_01,52:06:26:03:01:DA,-62,MFG_4C000215FDA50693A4E24FB1AFCFC6EB0764782500010002D8,0.6,Yes,phone,0.0,stationary,False
1526557,ANCHOR_01,52:06:26:03:01:DA,-61,MFG_4C000215FDA50693A4E24FB1AFCFC6EB0764782500010002D8,0.6,Yes,phone,0.0,stationary,False
1527557,ANCHOR_01,52:06:26:03:01:DA,-61,MFG_4C000215FDA50693A4E24FB1AFCFC6EB0764782500010002D8,0.6,Yes,phone,0.0,stationary,False
1528567,ANCHOR_01,52:06:26:03:01:DA,-61,MFG_4C000215FDA50693A4E24FB1AFCFC6EB0764782500010002D8,0.6,Yes,phone,0.0,stationary,False
1529587,ANCHOR_01,52:06:26:03:01:DA,-67,MFG_4C000215FDA50693A4E24FB1AFCFC6EB0764782500010002D8,0.6,Yes,phone,0.0,stationary,False
1530577,ANCHOR_01,52:06:26:03:01:DA,-69,MFG_4C000215FDA50693A4E24FB1AFCFC6EB0764782500010002D8,0.6,Yes,phone,0.0,stationary,False
1531587,ANCHOR_01,52:06:26:03:01:DA,-61,MFG_4C000215FDA50693A4E24FB1AFCFC6EB0764782500010002D8,0.6,Yes,phone,0.0,stationary,False
1533597,ANCHOR_01,52:06:26:03:01:DA,-60,MFG_4C000215FDA50693A4E24FB1AFCFC6EB0764782500010002D8,0.6,Yes,phone,0.0,stationary,False
1535617,ANCHOR_01,52:06:26:03:01:DA,-70,MFG_4C000215FDA50693A4E24FB1AFCFC6EB0764782500010002D8,0.6,Yes,phone,0.0,stationary,False
1536617,ANCHOR_01,52:06:26:03:01:DA,-63,MFG_4C000215FDA50693A4E24FB1AFCFC6EB0764782500010002D8,0.6,Yes,phone,0.0,stationary,False
1537627,ANCHOR_01,52:06:26:03:01:DA,-62,MFG_4C000215FDA50693A4E24FB1AFCFC6EB0764782500010002D8,0.6,Yes,phone,0.0,stationary,False
1538627,ANCHOR_01,52:06:26:03:01:DA,-61,MFG_4C000215FDA50693A4E24FB1AFCFC6EB0764782500010002D8,0.6,Yes,phone,0.0,stationary,False
1539637,ANCHOR_01,52:06:26:03:01:DA,-61,MFG_4C000215FDA50693A4E24FB1AFCFC6EB0764782500010002D8,0.6,Yes,phone,0.0,stationary,False
1540647,ANCHOR_01,52:06:26:03:01:DA,-70,MFG_4C000215FDA50693A4E24FB1AFCFC6EB0764782500010002D8,0.6,Yes,phone,0.0,stationary,False
1541647,ANCHOR_01,52:06:26:03:01:DA,-71,MFG_4C000215FDA50693A4E24FB1AFCFC6EB0764782500010002D8,0.6,Yes,phone,0.0,stationary,False
1542647,ANCHOR_01,52:06:26:03:01:DA,-62,MFG_4C000215FDA50693A4E24FB1AFCFC6EB0764782500010002D8,0.6,Yes,phone,0.0,stationary,False
1543647,ANCHOR_01,52:06:26:03:01:DA,-62,MFG_4C000215FDA50693A4E24FB1AFCFC6EB0764782500010002D8,0.6,Yes,phone,0.0,stationary,False
1544657,ANCHOR_01,52:06:26:03:01:DA,-61,MFG_4C000215FDA50693A4E24FB1AFCFC6EB0764782500010002D8,0.6,Yes,phone,0.0,stationary,False
1545667,ANCHOR_01,52:06:26:03:01:DA,-61,MFG_4C000215FDA50693A4E24FB1AFCFC6EB0764782500010002D8,0.6,Yes,phone,0.0,stationary,False
1546677,ANCHOR_01,52:06:26:03:01:DA,-71,MFG_4C000215FDA50693A4E24FB1AFCFC6EB0764782500010002D8,0.6,Yes,phone,0.0,stationary,False
1548677,ANCHOR_01,52:06:26:03:01:DA,-62,MFG_4C000215FDA50693A4E24FB1AFCFC6EB0764782500010002D8,0.6,Yes,phone,0.0,stationary,False
1550707,ANCHOR_01,52:06:26:03:01:DA,-61,MFG_4C000215FDA50693A4E24FB1AFCFC6EB0764782500010002D8,0.6,Yes,phone,0.0,stationary,False
1551697,ANCHOR_01,52:06:26:03:01:DA,-62,MFG_4C000215FDA50693A4E24FB1AFCFC6EB0764782500010002D8,0.6,Yes,phone,0.0,stationary,False
1552717,ANCHOR_01,52:06:26:03:01:DA,-72,MFG_4C000215FDA50693A4E24FB1AFCFC6EB0764782500010002D8,0.6,Yes,phone,0.0,stationary,False
1553707,ANCHOR_01,52:06:26:03:01:DA,-71,MFG_4C000215FDA50693A4E24FB1AFCFC6EB0764782500010002D8,0.6,Yes,phone,0.0,stationary,False
1554707,ANCHOR_01,52:06:26:03:01:DA,-63,MFG_4C000215FDA50693A4E24FB1AFCFC6EB0764782500010002D8,0.6,Yes,phone,0.0,stationary,False
1555717,ANCHOR_01,52:06:26:03:01:DA,-63,MFG_4C000215FDA50693A4E24FB1AFCFC6EB0764782500010002D8,0.6,Yes,phone,0.0,stationary,False
1556737,ANCHOR_01,52:06:26:03:01:DA,-62,MFG_4C000215FDA50693A4E24FB1AFCFC6EB0764782500010002D8,0.6,Yes,phone,0.0,stationary,False
1557727,ANCHOR_01,52:06:26:03:01:DA,-61,MFG_4C000215FDA50693A4E24FB1AFCFC6EB0764782500010002D8,0.6,Yes,phone,0.0,stationary,False
1559737,ANCHOR_01,52:06:26:03:01:DA,-68,MFG_4C000215FDA50693A4E24FB1AFCFC6EB0764782500010002D8,0.6,Yes,phone,0.0,stationary,False
1560737,ANCHOR_01,52:06:26:03:01:DA,-63,MFG_4C000215FDA50693A4E24FB1AFCFC6EB0764782500010002D8,0.6,Yes,phone,0.0,stationary,False
1561747,ANCHOR_01,52:06:26:03:01:DA,-63,MFG_4C000215FDA50693A4E24FB1AFCFC6EB0764782500010002D8,0.6,Yes,phone,0.0,stationary,False
1562737,ANCHOR_01,52:06:26:03:01:DA,-63,MFG_4C000215FDA50693A4E24FB1AFCFC6EB0764782500010002D8,0.6,Yes,phone,0.0,stationary,False
1563747,ANCHOR_01,52:06:26:03:01:DA,-62,MFG_4C000215FDA50693A4E24FB1AFCFC6EB0764782500010002D8,0.6,Yes,phone,0.0,stationary,False
1564747,ANCHOR_01,52:06:26:03:01:DA,-62,MFG_4C000215FDA50693A4E24FB1AFCFC6EB0764782500010002D8,0.6,Yes,phone,0.0,stationary,False
1565767,ANCHOR_01,52:06:26:03:01:DA,-69,MFG_4C000215FDA50693A4E24FB1AFCFC6EB0764782500010002D8,0.6,Yes,phone,0.0,stationary,False
1566747,ANCHOR_01,52:06:26:03:01:DA,-69,MFG_4C000215FDA50693A4E24FB1AFCFC6EB0764782500010002D8,0.6,Yes,phone,0.0,stationary,False
1568767,ANCHOR_01,52:06:26:03:01:DA,-63,MFG_4C000215FDA50693A4E24FB1AFCFC6EB0764782500010002D8,0.6,Yes,phone,0.0,stationary,False
1569757,ANCHOR_01,52:06:26:03:01:DA,-63,MFG_4C000215FDA50693A4E24FB1AFCFC6EB0764782500010002D8,0.6,Yes,phone,0.0,stationary,False
1570777,ANCHOR_01,52:06:26:03:01:DA,-63,MFG_4C000215FDA50693A4E24FB1AFCFC6EB0764782500010002D8,0.6,Yes,phone,0.0,stationary,False
1571767,ANCHOR_01,52:06:26:03:01:DA,-62,MFG_4C000215FDA50693A4E24FB1AFCFC6EB0764782500010002D8,0.6,Yes,phone,0.0,stationary,False
1572787,ANCHOR_01,52:06:26:03:01:DA,-71,MFG_4C000215FDA50693A4E24FB1AFCFC6EB0764782500010002D8,0.6,Yes,phone,0.0,stationary,False
1573777,ANCHOR_01,52:06:26:03:01:DA,-71,MFG_4C000215FDA50693A4E24FB1AFCFC6EB0764782500010002D8,0.6,Yes,phone,0.0,stationary,False
1574787,ANCHOR_01,52:06:26:03:01:DA,-63,MFG_4C000215FDA50693A4E24FB1AFCFC6EB0764782500010002D8,0.6,Yes,phone,0.0,stationary,False
1575787,ANCHOR_01,52:06:26:03:01:DA,-63,MFG_4C000215FDA50693A4E24FB1AFCFC6EB0764782500010002D8,0.6,Yes,phone,0.0,stationary,False
1576807,ANCHOR_01,52:06:26:03:01:DA,-62,MFG_4C000215FDA50693A4E24FB1AFCFC6EB0764782500010002D8,0.6,Yes,phone,0.0,stationary,False
1578817,ANCHOR_01,52:06:26:03:01:DA,-69,MFG_4C000215FDA50693A4E24FB1AFCFC6EB0764782500010002D8,0.6,Yes,phone,0.0,stationary,False
1580827,ANCHOR_01,52:06:26:03:01:DA,-62,MFG_4C000215FDA50693A4E24FB1AFCFC6EB0764782500010002D8,0.6,Yes,phone,0.0,stationary,False
1581817,ANCHOR_01,52:06:26:03:01:DA,-63,MFG_4C000215FDA50693A4E24FB1AFCFC6EB0764782500010002D8,0.6,Yes,phone,0.0,stationary,False
1582827,ANCHOR_01,52:06:26:03:01:DA,-62,MFG_4C000215FDA50693A4E24FB1AFCFC6EB0764782500010002D8,0.6,Yes,phone,0.0,stationary,False
1583827,ANCHOR_01,52:06:26:03:01:DA,-62,MFG_4C000215FDA50693A4E24FB1AFCFC6EB0764782500010002D8,0.6,Yes,phone,0.0,stationary,False
1584847,ANCHOR_01,52:06:26:03:01:DA,-70,MFG_4C000215FDA50693A4E24FB1AFCFC6EB0764782500010002D8,0.6,Yes,phone,0.0,stationary,False
1585837,ANCHOR_01,52:06:26:03:01:DA,-70,MFG_4C000215FDA50693A4E24FB1AFCFC6EB0764782500010002D8,0.6,Yes,phone,0.0,stationary,False
1586847,ANCHOR_01,52:06:26:03:01:DA,-62,MFG_4C000215FDA50693A4E24FB1AFCFC6EB0764782500010002D8,0.6,Yes,phone,0.0,stationary,False
1587847,ANCHOR_01,52:06:26:03:01:DA,-62,MFG_4C000215FDA50693A4E24FB1AFCFC6EB0764782500010002D8,0.6,Yes,phone,0.0,stationary,False
1588857,ANCHOR_01,52:06:26:03:01:DA,-62,MFG_4C000215FDA50693A4E24FB1AFCFC6EB0764782500010002D8,0.6,Yes,phone,0.0,stationary,False
1590877,ANCHOR_01,52:06:26:03:01:DA,-72,MFG_4C000215FDA50693A4E24FB1AFCFC6EB0764782500010002D8,0.6,Yes,phone,0.0,stationary,False
1591877,ANCHOR_01,52:06:26:03:01:DA,-63,MFG_4C000215FDA50693A4E24FB1AFCFC6EB0764782500010002D8,0.6,Yes,phone,0.0,stationary,False
1592887,ANCHOR_01,52:06:26:03:01:DA,-63,MFG_4C000215FDA50693A4E24FB1AFCFC6EB0764782500010002D8,0.6,Yes,phone,0.0,stationary,False
1593887,ANCHOR_01,52:06:26:03:01:DA,-62,MFG_4C000215FDA50693A4E24FB1AFCFC6EB0764782500010002D8,0.6,Yes,phone,0.0,stationary,False
1594897,ANCHOR_01,52:06:26:03:01:DA,-62,MFG_4C000215FDA50693A4E24FB1AFCFC6EB0764782500010002D8,0.6,Yes,phone,0.0,stationary,False
1595907,ANCHOR_01,52:06:26:03:01:DA,-71,MFG_4C000215FDA50693A4E24FB1AFCFC6EB0764782500010002D8,0.6,Yes,phone,0.0,stationary,False
1596897,ANCHOR_01,52:06:26:03:01:DA,-71,MFG_4C000215FDA50693A4E24FB1AFCFC6EB0764782500010002D8,0.6,Yes,phone,0.0,stationary,False
1598917,ANCHOR_01,52:06:26:03:01:DA,-62,MFG_4C000215FDA50693A4E24FB1AFCFC6EB0764782500010002D8,0.6,Yes,phone,0.0,stationary,False
1599927,ANCHOR_01,52:06:26:03:01:DA,-62,MFG_4C000215FDA50693A4E24FB1AFCFC6EB0764782500010002D8,0.6,Yes,phone,0.0,stationary,False
1600927,ANCHOR_01,52:06:26:03:01:DA,-62,MFG_4C000215FDA50693A4E24FB1AFCFC6EB0764782500010002D8,0.6,Yes,phone,0.0,stationary,False
1602937,ANCHOR_01,52:06:26:03:01:DA,-70,MFG_4C000215FDA50693A4E24FB1AFCFC6EB0764782500010002D8,0.6,Yes,phone,0.0,stationary,False
1603957,ANCHOR_01,52:06:26:03:01:DA,-62,MFG_4C000215FDA50693A4E24FB1AFCFC6EB0764782500010002D8,0.6,Yes,phone,0.0,stationary,False
1604947,ANCHOR_01,52:06:26:03:01:DA,-62,MFG_4C000215FDA50693A4E24FB1AFCFC6EB0764782500010002D8,0.6,Yes,phone,0.0,stationary,False
1605947,ANCHOR_01,52:06:26:03:01:DA,-62,MFG_4C000215FDA50693A4E24FB1AFCFC6EB0764782500010002D8,0.6,Yes,phone,0.0,stationary,False
1606957,ANCHOR_01,52:06:26:03:01:DA,-62,MFG_4C000215FDA50693A4E24FB1AFCFC6EB0764782500010002D8,0.6,Yes,phone,0.0,stationary,False
1607957,ANCHOR_01,52:06:26:03:01:DA,-67,MFG_4C000215FDA50693A4E24FB1AFCFC6EB0764782500010002D8,0.6,Yes,phone,0.0,stationary,False
1608957,ANCHOR_01,52:06:26:03:01:DA,-66,MFG_4C000215FDA50693A4E24FB1AFCFC6EB0764782500010002D8,0.6,Yes,phone,0.0,stationary,False
1609957,ANCHOR_01,52:06:26:03:01:DA,-68,MFG_4C000215FDA50693A4E24FB1AFCFC6EB0764782500010002D8,0.6,Yes,phone,0.0,stationary,False
1610957,ANCHOR_01,52:06:26:03:01:DA,-63,MFG_4C000215FDA50693A4E24FB1AFCFC6EB0764782500010002D8,0.6,Yes,phone,0.0,stationary,False
1611967,ANCHOR_01,52:06:26:03:01:DA,-62,MFG_4C000215FDA50693A4E24FB1AFCFC6EB0764782500010002D8,0.6,Yes,phone,0.0,stationary,False
1612977,ANCHOR_01,52:06:26:03:01:DA,-61,MFG_4C000215FDA50693A4E24FB1AFCFC6EB0764782500010002D8,0.6,Yes,phone,0.0,stationary,False
1613977,ANCHOR_01,52:06:26:03:01:DA,-62,MFG_4C000215FDA50693A4E24FB1AFCFC6EB0764782500010002D8,0.6,Yes,phone,0.0,stationary,False
1614997,ANCHOR_01,52:06:26:03:01:DA,-68,MFG_4C000215FDA50693A4E24FB1AFCFC6EB0764782500010002D8,0.6,Yes,phone,0.0,stationary,False
1618027,ANCHOR_01,52:06:26:03:01:DA,-61,MFG_4C000215FDA50693A4E24FB1AFCFC6EB0764782500010002D8,0.6,Yes,phone,0.0,stationary,False
1619007,ANCHOR_01,52:06:26:03:01:DA,-62,MFG_4C000215FDA50693A4E24FB1AFCFC6EB0764782500010002D8,0.6,Yes,phone,0.0,stationary,False
1621017,ANCHOR_01,52:06:26:03:01:DA,-66,MFG_4C000215FDA50693A4E24FB1AFCFC6EB0764782500010002D8,0.6,Yes,phone,0.0,stationary,False
1622017,ANCHOR_01,52:06:26:03:01:DA,-66,MFG_4C000215FDA50693A4E24FB1AFCFC6EB0764782500010002D8,0.6,Yes,phone,0.0,stationary,False
1623037,ANCHOR_01,52:06:26:03:01:DA,-62,MFG_4C000215FDA50693A4E24FB1AFCFC6EB0764782500010002D8,0.6,Yes,phone,0.0,stationary,False
1624027,ANCHOR_01,52:06:26:03:01:DA,-63,MFG_4C000215FDA50693A4E24FB1AFCFC6EB0764782500010002D8,0.6,Yes,phone,0.0,stationary,False
1625037,ANCHOR_01,52:06:26:03:01:DA,-61,MFG_4C000215FDA50693A4E24FB1AFCFC6EB0764782500010002D8,0.6,Yes,phone,0.0,stationary,False
1626037,ANCHOR_01,52:06:26:03:01:DA,-61,MFG_4C000215FDA50693A4E24FB1AFCFC6EB0764782500010002D8,0.6,Yes,phone,0.0,stationary,False
1627057,ANCHOR_01,52:06:26:03:01:DA,-68,MFG_4C000215FDA50693A4E24FB1AFCFC6EB0764782500010002D8,0.6,Yes,phone,0.0,stationary,False
1628047,ANCHOR_01,52:06:26:03:01:DA,-66,MFG_4C000215FDA50693A4E24FB1AFCFC6EB0764782500010002D8,0.6,Yes,phone,0.0,stationary,False
1629057,ANCHOR_01,52:06:26:03:01:DA,-64,MFG_4C000215FDA50693A4E24FB1AFCFC6EB0764782500010002D8,0.6,Yes,phone,0.0,stationary,False
1630057,ANCHOR_01,52:06:26:03:01:DA,-62,MFG_4C000215FDA50693A4E24FB1AFCFC6EB0764782500010002D8,0.6,Yes,phone,0.0,stationary,False
1631067,ANCHOR_01,52:06:26:03:01:DA,-62,MFG_4C000215FDA50693A4E24FB1AFCFC6EB0764782500010002D8,0.6,Yes,phone,0.0,stationary,False
1632067,ANCHOR_01,52:06:26:03:01:DA,-61,MFG_4C000215FDA50693A4E24FB1AFCFC6EB0764782500010002D8,0.6,Yes,phone,0.0,stationary,False
1634077,ANCHOR_01,52:06:26:03:01:DA,-67,MFG_4C000215FDA50693A4E24FB1AFCFC6EB0764782500010002D8,0.6,Yes,phone,0.0,stationary,False
1635087,ANCHOR_01,52:06:26:03:01:DA,-63,MFG_4C000215FDA50693A4E24FB1AFCFC6EB0764782500010002D8,0.6,Yes,phone,0.0,stationary,False
1636117,ANCHOR_01,52:06:26:03:01:DA,-62,MFG_4C000215FDA50693A4E24FB1AFCFC6EB0764782500010002D8,0.6,Yes,phone,0.0,stationary,False
1637107,ANCHOR_01,52:06:26:03:01:DA,-62,MFG_4C000215FDA50693A4E24FB1AFCFC6EB0764782500010002D8,0.6,Yes,phone,0.0,stationary,False
1638127,ANCHOR_01,52:06:26:03:01:DA,-66,MFG_4C000215FDA50693A4E24FB1AFCFC6EB0764782500010002D8,0.6,Yes,phone,0.0,stationary,False
1639117,ANCHOR_01,52:06:26:03:01:DA,-66,MFG_4C000215FDA50693A4E24FB1AFCFC6EB0764782500010002D8,0.6,Yes,phone,0.0,stationary,False
1640137,ANCHOR_01,52:06:26:03:01:DA,-65,MFG_4C000215FDA50693A4E24FB1AFCFC6EB0764782500010002D8,0.6,Yes,phone,0.0,stationary,False
1641117,ANCHOR_01,52:06:26:03:01:DA,-64,MFG_4C000215FDA50693A4E24FB1AFCFC6EB0764782500010002D8,0.6,Yes,phone,0.0,stationary,False
1642117,ANCHOR_01,52:06:26:03:01:DA,-65,MFG_4C000215FDA50693A4E24FB1AFCFC6EB0764782500010002D8,0.6,Yes,phone,0.0,stationary,False
1643127,ANCHOR_01,52:06:26:03:01:DA,-62,MFG_4C000215FDA50693A4E24FB1AFCFC6EB0764782500010002D8,0.6,Yes,phone,0.0,stationary,False
1644127,ANCHOR_01,52:06:26:03:01:DA,-61,MFG_4C000215FDA50693A4E24FB1AFCFC6EB0764782500010002D8,0.6,Yes,phone,0.0,stationary,False
1645147,ANCHOR_01,52:06:26:03:01:DA,-66,MFG_4C000215FDA50693A4E24FB1AFCFC6EB0764782500010002D8,0.6,Yes,phone,0.0,stationary,False
1646127,ANCHOR_01,52:06:26:03:01:DA,-65,MFG_4C000215FDA50693A4E24FB1AFCFC6EB0764782500010002D8,0.6,Yes,phone,0.0,stationary,False
1647137,ANCHOR_01,52:06:26:03:01:DA,-63,MFG_4C000215FDA50693A4E24FB1AFCFC6EB0764782500010002D8,0.6,Yes,phone,0.0,stationary,False
1648147,ANCHOR_01,52:06:26:03:01:DA,-64,MFG_4C000215FDA50693A4E24FB1AFCFC6EB0764782500010002D8,0.6,Yes,phone,0.0,stationary,False
1649167,ANCHOR_01,52:06:26:03:01:DA,-60,MFG_4C000215FDA50693A4E24FB1AFCFC6EB0764782500010002D8,0.6,Yes,phone,0.0,stationary,False
1650157,ANCHOR_01,52:06:26:03:01:DA,-60,MFG_4C000215FDA50693A4E24FB1AFCFC6EB0764782500010002D8,0.6,Yes,phone,0.0,stationary,False
1651177,ANCHOR_01,52:06:26:03:01:DA,-68,MFG_4C000215FDA50693A4E24FB1AFCFC6EB0764782500010002D8,0.6,Yes,phone,0.0,stationary,False
1652167,ANCHOR_01,52:06:26:03:01:DA,-67,MFG_4C000215FDA50693A4E24FB1AFCFC6EB0764782500010002D8,0.6,Yes,phone,0.0,stationary,False
1653167,ANCHOR_01,52:06:26:03:01:DA,-62,MFG_4C000215FDA50693A4E24FB1AFCFC6EB0764782500010002D8,0.6,Yes,phone,0.0,stationary,False
1654167,ANCHOR_01,52:06:26:03:01:DA,-61,MFG_4C000215FDA50693A4E24FB1AFCFC6EB0764782500010002D8,0.6,Yes,phone,0.0,stationary,False
1655187,ANCHOR_01,52:06:26:03:01:DA,-61,MFG_4C000215FDA50693A4E24FB1AFCFC6EB0764782500010002D8,0.6,Yes,phone,0.0,stationary,False
1657207,ANCHOR_01,52:06:26:03:01:DA,-67,MFG_4C000215FDA50693A4E24FB1AFCFC6EB0764782500010002D8,0.6,Yes,phone,0.0,stationary,False
1658197,ANCHOR_01,52:06:26:03:01:DA,-70,MFG_4C000215FDA50693A4E24FB1AFCFC6EB0764782500010002D8,0.6,Yes,phone,0.0,stationary,False
1659197,ANCHOR_01,52:06:26:03:01:DA,-61,MFG_4C000215FDA50693A4E24FB1AFCFC6EB0764782500010002D8,0.6,Yes,phone,0.0,stationary,False
1660207,ANCHOR_01,52:06:26:03:01:DA,-62,MFG_4C000215FDA50693A4E24FB1AFCFC6EB0764782500010002D8,0.6,Yes,phone,0.0,stationary,False
1661227,ANCHOR_01,52:06:26:03:01:DA,-60,MFG_4C000215FDA50693A4E24FB1AFCFC6EB0764782500010002D8,0.6,Yes,phone,0.0,stationary,False
1663237,ANCHOR_01,52:06:26:03:01:DA,-70,MFG_4C000215FDA50693A4E24FB1AFCFC6EB0764782500010002D8,0.6,Yes,phone,0.0,stationary,False
1664247,ANCHOR_01,52:06:26:03:01:DA,-62,MFG_4C000215FDA50693A4E24FB1AFCFC6EB0764782500010002D8,0.6,Yes,phone,0.0,stationary,False
1665247,ANCHOR_01,52:06:26:03:01:DA,-62,MFG_4C000215FDA50693A4E24FB1AFCFC6EB0764782500010002D8,0.6,Yes,phone,0.0,stationary,False
1666257,ANCHOR_01,52:06:26:03:01:DA,-60,MFG_4C000215FDA50693A4E24FB1AFCFC6EB0764782500010002D8,0.6,Yes,phone,0.0,stationary,False
1667257,ANCHOR_01,52:06:26:03:01:DA,-61,MFG_4C000215FDA50693A4E24FB1AFCFC6EB0764782500010002D8,0.6,Yes,phone,0.0,stationary,False
1669267,ANCHOR_01,52:06:26:03:01:DA,-70,MFG_4C000215FDA50693A4E24FB1AFCFC6EB0764782500010002D8,0.6,Yes,phone,0.0,stationary,False
1670287,ANCHOR_01,52:06:26:03:01:DA,-62,MFG_4C000215FDA50693A4E24FB1AFCFC6EB0764782500010002D8,0.6,Yes,phone,0.0,stationary,False
1671277,ANCHOR_01,52:06:26:03:01:DA,-63,MFG_4C000215FDA50693A4E24FB1AFCFC6EB0764782500010002D8,0.6,Yes,phone,0.0,stationary,False
1672287,ANCHOR_01,52:06:26:03:01:DA,-61,MFG_4C000215FDA50693A4E24FB1AFCFC6EB0764782500010002D8,0.6,Yes,phone,0.0,stationary,False
1674297,ANCHOR_01,52:06:26:03:01:DA,-68,MFG_4C000215FDA50693A4E24FB1AFCFC6EB0764782500010002D8,0.6,Yes,phone,0.0,stationary,False
1675297,ANCHOR_01,52:06:26:03:01:DA,-66,MFG_4C000215FDA50693A4E24FB1AFCFC6EB0764782500010002D8,0.6,Yes,phone,0.0,stationary,False
1676317,ANCHOR_01,52:06:26:03:01:DA,-63,MFG_4C000215FDA50693A4E24FB1AFCFC6EB0764782500010002D8,0.6,Yes,phone,0.0,stationary,False
1677307,ANCHOR_01,52:06:26:03:01:DA,-60,MFG_4C000215FDA50693A4E24FB1AFCFC6EB0764782500010002D8,0.6,Yes,phone,0.0,stationary,False
1678327,ANCHOR_01,52:06:26:03:01:DA,-58,MFG_4C000215FDA50693A4E24FB1AFCFC6EB0764782500010002D8,0.6,Yes,phone,0.0,stationary,False
1681327,ANCHOR_01,52:06:26:03:01:DA,-65,MFG_4C000215FDA50693A4E24FB1AFCFC6EB0764782500010002D8,0.6,Yes,phone,0.0,stationary,False
1682347,ANCHOR_01,52:06:26:03:01:DA,-60,MFG_4C000215FDA50693A4E24FB1AFCFC6EB0764782500010002D8,0.6,Yes,phone,0.0,stationary,False
1683337,ANCHOR_01,52:06:26:03:01:DA,-61,MFG_4C000215FDA50693A4E24FB1AFCFC6EB0764782500010002D8,0.6,Yes,phone,0.0,stationary,False
1684327,ANCHOR_01,52:06:26:03:01:DA,-61,MFG_4C000215FDA50693A4E24FB1AFCFC6EB0764782500010002D8,0.6,Yes,phone,0.0,stationary,False
1685347,ANCHOR_01,52:06:26:03:01:DA,-62,MFG_4C000215FDA50693A4E24FB1AFCFC6EB0764782500010002D8,0.6,Yes,phone,0.0,stationary,False
1686337,ANCHOR_01,52:06:26:03:01:DA,-61,MFG_4C000215FDA50693A4E24FB1AFCFC6EB0764782500010002D8,0.6,Yes,phone,0.0,stationary,False
1687347,ANCHOR_01,52:06:26:03:01:DA,-68,MFG_4C000215FDA50693A4E24FB1AFCFC6EB0764782500010002D8,0.6,Yes,phone,0.0,stationary,False
1688347,ANCHOR_01,52:06:26:03:01:DA,-68,MFG_4C000215FDA50693A4E24FB1AFCFC6EB0764782500010002D8,0.6,Yes,phone,0.0,stationary,False
1689367,ANCHOR_01,52:06:26:03:01:DA,-60,MFG_4C000215FDA50693A4E24FB1AFCFC6EB0764782500010002D8,0.6,Yes,phone,0.0,stationary,False
1690387,ANCHOR_01,52:06:26:03:01:DA,-62,MFG_4C000215FDA50693A4E24FB1AFCFC6EB0764782500010002D8,0.6,Yes,phone,0.0,stationary,False
1691367,ANCHOR_01,52:06:26:03:01:DA,-61,MFG_4C000215FDA50693A4E24FB1AFCFC6EB0764782500010002D8,0.6,Yes,phone,0.0,stationary,False
1692387,ANCHOR_01,52:06:26:03:01:DA,-65,MFG_4C000215FDA50693A4E24FB1AFCFC6EB0764782500010002D8,0.6,Yes,phone,0.0,stationary,False
1693387,ANCHOR_01,52:06:26:03:01:DA,-68,MFG_4C000215FDA50693A4E24FB1AFCFC6EB0764782500010002D8,0.6,Yes,phone,0.0,stationary,False
1694397,ANCHOR_01,52:06:26:03:01:DA,-60,MFG_4C000215FDA50693A4E24FB1AFCFC6EB0764782500010002D8,0.6,Yes,phone,0.0,stationary,False
1695397,ANCHOR_01,52:06:26:03:01:DA,-60,MFG_4C000215FDA50693A4E24FB1AFCFC6EB0764782500010002D8,0.6,Yes,phone,0.0,stationary,False
1696407,ANCHOR_01,52:06:26:03:01:DA,-60,MFG_4C000215FDA50693A4E24FB1AFCFC6EB0764782500010002D8,0.6,Yes,phone,0.0,stationary,False
1697407,ANCHOR_01,52:06:26:03:01:DA,-61,MFG_4C000215FDA50693A4E24FB1AFCFC6EB0764782500010002D8,0.6,Yes,phone,0.0,stationary,False
1698417,ANCHOR_01,52:06:26:03:01:DA,-65,MFG_4C000215FDA50693A4E24FB1AFCFC6EB0764782500010002D8,0.6,Yes,phone,0.0,stationary,False
1699417,ANCHOR_01,52:06:26:03:01:DA,-65,MFG_4C000215FDA50693A4E24FB1AFCFC6EB0764782500010002D8,0.6,Yes,phone,0.0,stationary,False
1700417,ANCHOR_01,52:06:26:03:01:DA,-61,MFG_4C000215FDA50693A4E24FB1AFCFC6EB0764782500010002D8,0.6,Yes,phone,0.0,stationary,False
1701417,ANCHOR_01,52:06:26:03:01:DA,-60,MFG_4C000215FDA50693A4E24FB1AFCFC6EB0764782500010002D8,0.6,Yes,phone,0.0,stationary,False
1702447,ANCHOR_01,52:06:26:03:01:DA,-58,MFG_4C000215FDA50693A4E24FB1AFCFC6EB0764782500010002D8,0.6,Yes,phone,0.0,stationary,False
1703437,ANCHOR_01,52:06:26:03:01:DA,-58,MFG_4C000215FDA50693A4E24FB1AFCFC6EB0764782500010002D8,0.6,Yes,phone,0.0,stationary,False
1704447,ANCHOR_01,52:06:26:03:01:DA,-71,MFG_4C000215FDA50693A4E24FB1AFCFC6EB0764782500010002D8,0.6,Yes,phone,0.0,stationary,False
1705447,ANCHOR_01,52:06:26:03:01:DA,-70,MFG_4C000215FDA50693A4E24FB1AFCFC6EB0764782500010002D8,0.6,Yes,phone,0.0,stationary,False
1706447,ANCHOR_01,52:06:26:03:01:DA,-61,MFG_4C000215FDA50693A4E24FB1AFCFC6EB0764782500010002D8,0.6,Yes,phone,0.0,stationary,False
1707457,ANCHOR_01,52:06:26:03:01:DA,-61,MFG_4C000215FDA50693A4E24FB1AFCFC6EB0764782500010002D8,0.6,Yes,phone,0.0,stationary,False
1708477,ANCHOR_01,52:06:26:03:01:DA,-60,MFG_4C000215FDA50693A4E24FB1AFCFC6EB0764782500010002D8,0.6,Yes,phone,0.0,stationary,False
1709467,ANCHOR_01,52:06:26:03:01:DA,-59,MFG_4C000215FDA50693A4E24FB1AFCFC6EB0764782500010002D8,0.6,Yes,phone,0.0,stationary,False
1710487,ANCHOR_01,52:06:26:03:01:DA,-68,MFG_4C000215FDA50693A4E24FB1AFCFC6EB0764782500010002D8,0.6,Yes,phone,0.0,stationary,False
1711467,ANCHOR_01,52:06:26:03:01:DA,-68,MFG_4C000215FDA50693A4E24FB1AFCFC6EB0764782500010002D8,0.6,Yes,phone,0.0,stationary,False
1713487,ANCHOR_01,52:06:26:03:01:DA,-61,MFG_4C000215FDA50693A4E24FB1AFCFC6EB0764782500010002D8,0.6,Yes,phone,0.0,stationary,False
1714507,ANCHOR_01,52:06:26:03:01:DA,-59,MFG_4C000215FDA50693A4E24FB1AFCFC6EB0764782500010002D8,0.6,Yes,phone,0.0,stationary,False
1715487,ANCHOR_01,52:06:26:03:01:DA,-60,MFG_4C000215FDA50693A4E24FB1AFCFC6EB0764782500010002D8,0.6,Yes,phone,0.0,stationary,False
1717507,ANCHOR_01,52:06:26:03:01:DA,-67,MFG_4C000215FDA50693A4E24FB1AFCFC6EB0764782500010002D8,0.6,Yes,phone,0.0,stationary,False
1718497,ANCHOR_01,52:06:26:03:01:DA,-67,MFG_4C000215FDA50693A4E24FB1AFCFC6EB0764782500010002D8,0.6,Yes,phone,0.0,stationary,False
1719507,ANCHOR_01,52:06:26:03:01:DA,-60,MFG_4C000215FDA50693A4E24FB1AFCFC6EB0764782500010002D8,0.6,Yes,phone,0.0,stationary,False
1720517,ANCHOR_01,52:06:26:03:01:DA,-60,MFG_4C000215FDA50693A4E24FB1AFCFC6EB0764782500010002D8,0.6,Yes,phone,0.0,stationary,False
1721527,ANCHOR_01,52:06:26:03:01:DA,-60,MFG_4C000215FDA50693A4E24FB1AFCFC6EB0764782500010002D8,0.6,Yes,phone,0.0,stationary,False
1723527,ANCHOR_01,52:06:26:03:01:DA,-67,MFG_4C000215FDA50693A4E24FB1AFCFC6EB0764782500010002D8,0.6,Yes,phone,0.0,stationary,False
1724527,ANCHOR_01,52:06:26:03:01:DA,-67,MFG_4C000215FDA50693A4E24FB1AFCFC6EB0764782500010002D8,0.6,Yes,phone,0.0,stationary,False
1725537,ANCHOR_01,52:06:26:03:01:DA,-61,MFG_4C000215FDA50693A4E24FB1AFCFC6EB0764782500010002D8,0.6,Yes,phone,0.0,stationary,False
1726537,ANCHOR_01,52:06:26:03:01:DA,-61,MFG_4C000215FDA50693A4E24FB1AFCFC6EB0764782500010002D8,0.6,Yes,phone,0.0,stationary,False
1727557,ANCHOR_01,52:06:26:03:01:DA,-60,MFG_4C000215FDA50693A4E24FB1AFCFC6EB0764782500010002D8,0.6,Yes,phone,0.0,stationary,False
1728547,ANCHOR_01,52:06:26:03:01:DA,-61,MFG_4C000215FDA50693A4E24FB1AFCFC6EB0764782500010002D8,0.6,Yes,phone,0.0,stationary,False
1729547,ANCHOR_01,52:06:26:03:01:DA,-65,MFG_4C000215FDA50693A4E24FB1AFCFC6EB0764782500010002D8,0.6,Yes,phone,0.0,stationary,False
1730557,ANCHOR_01,52:06:26:03:01:DA,-66,MFG_4C000215FDA50693A4E24FB1AFCFC6EB0764782500010002D8,0.6,Yes,phone,0.0,stationary,False
1731567,ANCHOR_01,52:06:26:03:01:DA,-61,MFG_4C000215FDA50693A4E24FB1AFCFC6EB0764782500010002D8,0.6,Yes,phone,0.0,stationary,False
1732567,ANCHOR_01,52:06:26:03:01:DA,-61,MFG_4C000215FDA50693A4E24FB1AFCFC6EB0764782500010002D8,0.6,Yes,phone,0.0,stationary,False
1733577,ANCHOR_01,52:06:26:03:01:DA,-61,MFG_4C000215FDA50693A4E24FB1AFCFC6EB0764782500010002D8,0.6,Yes,phone,0.0,stationary,False
1734577,ANCHOR_01,52:06:26:03:01:DA,-61,MFG_4C000215FDA50693A4E24FB1AFCFC6EB0764782500010002D8,0.6,Yes,phone,0.0,stationary,False
1736577,ANCHOR_01,52:06:26:03:01:DA,-66,MFG_4C000215FDA50693A4E24FB1AFCFC6EB0764782500010002D8,0.6,Yes,phone,0.0,stationary,False
1737587,ANCHOR_01,52:06:26:03:01:DA,-61,MFG_4C000215FDA50693A4E24FB1AFCFC6EB0764782500010002D8,0.6,Yes,phone,0.0,stationary,False
1738587,ANCHOR_01,52:06:26:03:01:DA,-61,MFG_4C000215FDA50693A4E24FB1AFCFC6EB0764782500010002D8,0.6,Yes,phone,0.0,stationary,False
1739617,ANCHOR_01,52:06:26:03:01:DA,-61,MFG_4C000215FDA50693A4E24FB1AFCFC6EB0764782500010002D8,0.6,Yes,phone,0.0,stationary,False
1740607,ANCHOR_01,52:06:26:03:01:DA,-60,MFG_4C000215FDA50693A4E24FB1AFCFC6EB0764782500010002D8,0.6,Yes,phone,0.0,stationary,False
1741607,ANCHOR_01,52:06:26:03:01:DA,-68,MFG_4C000215FDA50693A4E24FB1AFCFC6EB0764782500010002D8,0.6,Yes,phone,0.0,stationary,False
1742617,ANCHOR_01,52:06:26:03:01:DA,-68,MFG_4C000215FDA50693A4E24FB1AFCFC6EB0764782500010002D8,0.6,Yes,phone,0.0,stationary,False
1743627,ANCHOR_01,52:06:26:03:01:DA,-60,MFG_4C000215FDA50693A4E24FB1AFCFC6EB0764782500010002D8,0.6,Yes,phone,0.0,stationary,False
1744627,ANCHOR_01,52:06:26:03:01:DA,-61,MFG_4C000215FDA50693A4E24FB1AFCFC6EB0764782500010002D8,0.6,Yes,phone,0.0,stationary,False
1745637,ANCHOR_01,52:06:26:03:01:DA,-60,MFG_4C000215FDA50693A4E24FB1AFCFC6EB0764782500010002D8,0.6,Yes,phone,0.0,stationary,False
1746637,ANCHOR_01,52:06:26:03:01:DA,-61,MFG_4C000215FDA50693A4E24FB1AFCFC6EB0764782500010002D8,0.6,Yes,phone,0.0,stationary,False
1747647,ANCHOR_01,52:06:26:03:01:DA,-68,MFG_4C000215FDA50693A4E24FB1AFCFC6EB0764782500010002D8,0.6,Yes,phone,0.0,stationary,False
1748647,ANCHOR_01,52:06:26:03:01:DA,-68,MFG_4C000215FDA50693A4E24FB1AFCFC6EB0764782500010002D8,0.6,Yes,phone,0.0,stationary,False
1749667,ANCHOR_01,52:06:26:03:01:DA,-61,MFG_4C000215FDA50693A4E24FB1AFCFC6EB0764782500010002D8,0.6,Yes,phone,0.0,stationary,False
1750677,ANCHOR_01,52:06:26:03:01:DA,-61,MFG_4C000215FDA50693A4E24FB1AFCFC6EB0764782500010002D8,0.6,Yes,phone,0.0,stationary,False
1751667,ANCHOR_01,52:06:26:03:01:DA,-61,MFG_4C000215FDA50693A4E24FB1AFCFC6EB0764782500010002D8,0.6,Yes,phone,0.0,stationary,False
1752687,ANCHOR_01,52:06:26:03:01:DA,-67,MFG_4C000215FDA50693A4E24FB1AFCFC6EB0764782500010002D8,0.6,Yes,phone,0.0,stationary,False
1753687,ANCHOR_01,52:06:26:03:01:DA,-67,MFG_4C000215FDA50693A4E24FB1AFCFC6EB0764782500010002D8,0.6,Yes,phone,0.0,stationary,False
1754687,ANCHOR_01,52:06:26:03:01:DA,-61,MFG_4C000215FDA50693A4E24FB1AFCFC6EB0764782500010002D8,0.6,Yes,phone,0.0,stationary,False
1755697,ANCHOR_01,52:06:26:03:01:DA,-60,MFG_4C000215FDA50693A4E24FB1AFCFC6EB0764782500010002D8,0.6,Yes,phone,0.0,stationary,False
1756717,ANCHOR_01,52:06:26:03:01:DA,-61,MFG_4C000215FDA50693A4E24FB1AFCFC6EB0764782500010002D8,0.6,Yes,phone,0.0,stationary,False
1757707,ANCHOR_01,52:06:26:03:01:DA,-61,MFG_4C000215FDA50693A4E24FB1AFCFC6EB0764782500010002D8,0.6,Yes,phone,0.0,stationary,False
1758707,ANCHOR_01,52:06:26:03:01:DA,-67,MFG_4C000215FDA50693A4E24FB1AFCFC6EB0764782500010002D8,0.6,Yes,phone,0.0,stationary,False
1760727,ANCHOR_01,52:06:26:03:01:DA,-61,MFG_4C000215FDA50693A4E24FB1AFCFC6EB0764782500010002D8,0.6,Yes,phone,0.0,stationary,False
1761717,ANCHOR_01,52:06:26:03:01:DA,-61,MFG_4C000215FDA50693A4E24FB1AFCFC6EB0764782500010002D8,0.6,Yes,phone,0.0,stationary,False
1762727,ANCHOR_01,52:06:26:03:01:DA,-61,MFG_4C000215FDA50693A4E24FB1AFCFC6EB0764782500010002D8,0.6,Yes,phone,0.0,stationary,False
1763727,ANCHOR_01,52:06:26:03:01:DA,-61,MFG_4C000215FDA50693A4E24FB1AFCFC6EB0764782500010002D8,0.6,Yes,phone,0.0,stationary,False
1765747,ANCHOR_01,52:06:26:03:01:DA,-67,MFG_4C000215FDA50693A4E24FB1AFCFC6EB0764782500010002D8,0.6,Yes,phone,0.0,stationary,False
1767757,ANCHOR_01,52:06:26:03:01:DA,-61,MFG_4C000215FDA50693A4E24FB1AFCFC6EB0764782500010002D8,0.6,Yes,phone,0.0,stationary,False
1768777,ANCHOR_01,52:06:26:03:01:DA,-60,MFG_4C000215FDA50693A4E24FB1AFCFC6EB0764782500010002D8,0.6,Yes,phone,0.0,stationary,False
1770787,ANCHOR_01,52:06:26:03:01:DA,-67,MFG_4C000215FDA50693A4E24FB1AFCFC6EB0764782500010002D8,0.6,Yes,phone,0.0,stationary,False
1771787,ANCHOR_01,52:06:26:03:01:DA,-62,MFG_4C000215FDA50693A4E24FB1AFCFC6EB0764782500010002D8,0.6,Yes,phone,0.0,stationary,False
1772787,ANCHOR_01,52:06:26:03:01:DA,-62,MFG_4C000215FDA50693A4E24FB1AFCFC6EB0764782500010002D8,0.6,Yes,phone,0.0,stationary,False
1773787,ANCHOR_01,52:06:26:03:01:DA,-62,MFG_4C000215FDA50693A4E24FB1AFCFC6EB0764782500010002D8,0.6,Yes,phone,0.0,stationary,False
1774797,ANCHOR_01,52:06:26:03:01:DA,-61,MFG_4C000215FDA50693A4E24FB1AFCFC6EB0764782500010002D8,0.6,Yes,phone,0.0,stationary,False
1776817,ANCHOR_01,52:06:26:03:01:DA,-69,MFG_4C000215FDA50693A4E24FB1AFCFC6EB0764782500010002D8,0.6,Yes,phone,0.0,stationary,False
1777837,ANCHOR_01,52:06:26:03:01:DA,-61,MFG_4C000215FDA50693A4E24FB1AFCFC6EB0764782500010002D8,0.6,Yes,phone,0.0,stationary,False
1778827,ANCHOR_01,52:06:26:03:01:DA,-62,MFG_4C000215FDA50693A4E24FB1AFCFC6EB0764782500010002D8,0.6,Yes,phone,0.0,stationary,False
1779827,ANCHOR_01,52:06:26:03:01:DA,-61,MFG_4C000215FDA50693A4E24FB1AFCFC6EB0764782500010002D8,0.6,Yes,phone,0.0,stationary,False
1780837,ANCHOR_01,52:06:26:03:01:DA,-61,MFG_4C000215FDA50693A4E24FB1AFCFC6EB0764782500010002D8,0.6,Yes,phone,0.0,stationary,False
1781857,ANCHOR_01,52:06:26:03:01:DA,-67,MFG_4C000215FDA50693A4E24FB1AFCFC6EB0764782500010002D8,0.6,Yes,phone,0.0,stationary,False
1782847,ANCHOR_01,52:06:26:03:01:DA,-67,MFG_4C000215FDA50693A4E24FB1AFCFC6EB0764782500010002D8,0.6,Yes,phone,0.0,stationary,False
1784857,ANCHOR_01,52:06:26:03:01:DA,-61,MFG_4C000215FDA50693A4E24FB1AFCFC6EB0764782500010002D8,0.6,Yes,phone,0.0,stationary,False
1785877,ANCHOR_01,52:06:26:03:01:DA,-60,MFG_4C000215FDA50693A4E24FB1AFCFC6EB0764782500010002D8,0.6,Yes,phone,0.0,stationary,False
1786867,ANCHOR_01,52:06:26:03:01:DA,-59,MFG_4C000215FDA50693A4E24FB1AFCFC6EB0764782500010002D8,0.6,Yes,phone,0.0,stationary,False
1787877,ANCHOR_01,52:06:26:03:01:DA,-69,MFG_4C000215FDA50693A4E24FB1AFCFC6EB0764782500010002D8,0.6,Yes,phone,0.0,stationary,False
1788877,ANCHOR_01,52:06:26:03:01:DA,-69,MFG_4C000215FDA50693A4E24FB1AFCFC6EB0764782500010002D8,0.6,Yes,phone,0.0,stationary,False
1789887,ANCHOR_01,52:06:26:03:01:DA,-62,MFG_4C000215FDA50693A4E24FB1AFCFC6EB0764782500010002D8,0.6,Yes,phone,0.0,stationary,False
1790877,ANCHOR_01,52:06:26:03:01:DA,-59,MFG_4C000215FDA50693A4E24FB1AFCFC6EB0764782500010002D8,0.6,Yes,phone,0.0,stationary,False
1791887,ANCHOR_01,52:06:26:03:01:DA,-60,MFG_4C000215FDA50693A4E24FB1AFCFC6EB0764782500010002D8,0.6,Yes,phone,0.0,stationary,False
1792887,ANCHOR_01,52:06:26:03:01:DA,-60,MFG_4C000215FDA50693A4E24FB1AFCFC6EB0764782500010002D8,0.6,Yes,phone,0.0,stationary,False
1793907,ANCHOR_01,52:06:26:03:01:DA,-67,MFG_4C000215FDA50693A4E24FB1AFCFC6EB0764782500010002D8,0.6,Yes,phone,0.0,stationary,False
1794907,ANCHOR_01,52:06:26:03:01:DA,-65,MFG_4C000215FDA50693A4E24FB1AFCFC6EB0764782500010002D8,0.6,Yes,phone,0.0,stationary,False
1795907,ANCHOR_01,52:06:26:03:01:DA,-59,MFG_4C000215FDA50693A4E24FB1AFCFC6EB0764782500010002D8,0.6,Yes,phone,0.0,stationary,False
1796917,ANCHOR_01,52:06:26:03:01:DA,-58,MFG_4C000215FDA50693A4E24FB1AFCFC6EB0764782500010002D8,0.6,Yes,phone,0.0,stationary,False
1798927,ANCHOR_01,52:06:26:03:01:DA,-60,MFG_4C000215FDA50693A4E24FB1AFCFC6EB0764782500010002D8,0.6,Yes,phone,0.0,stationary,False
1800927,ANCHOR_01,52:06:26:03:01:DA,-65,MFG_4C000215FDA50693A4E24FB1AFCFC6EB0764782500010002D8,0.6,Yes,phone,0.0,stationary,False
1801947,ANCHOR_01,52:06:26:03:01:DA,-58,MFG_4C000215FDA50693A4E24FB1AFCFC6EB0764782500010002D8,0.6,Yes,phone,0.0,stationary,False
1802947,ANCHOR_01,52:06:26:03:01:DA,-59,MFG_4C000215FDA50693A4E24FB1AFCFC6EB0764782500010002D8,0.6,Yes,phone,0.0,stationary,False
1803957,ANCHOR_01,52:06:26:03:01:DA,-58,MFG_4C000215FDA50693A4E24FB1AFCFC6EB0764782500010002D8,0.6,Yes,phone,0.0,stationary,False
1804957,ANCHOR_01,52:06:26:03:01:DA,-60,MFG_4C000215FDA50693A4E24FB1AFCFC6EB0764782500010002D8,0.6,Yes,phone,0.0,stationary,False
1805967,ANCHOR_01,52:06:26:03:01:DA,-67,MFG_4C000215FDA50693A4E24FB1AFCFC6EB0764782500010002D8,0.6,Yes,phone,0.0,stationary,False
1806967,ANCHOR_01,52:06:26:03:01:DA,-67,MFG_4C000215FDA50693A4E24FB1AFCFC6EB0764782500010002D8,0.6,Yes,phone,0.0,stationary,False
1807977,ANCHOR_01,52:06:26:03:01:DA,-60,MFG_4C000215FDA50693A4E24FB1AFCFC6EB0764782500010002D8,0.6,Yes,phone,0.0,stationary,False
1809987,ANCHOR_01,52:06:26:03:01:DA,-59,MFG_4C000215FDA50693A4E24FB1AFCFC6EB0764782500010002D8,0.6,Yes,phone,0.0,stationary,False
1811997,ANCHOR_01,52:06:26:03:01:DA,-67,MFG_4C000215FDA50693A4E24FB1AFCFC6EB0764782500010002D8,0.6,Yes,phone,0.0,stationary,False
1813017,ANCHOR_01,52:06:26:03:01:DA,-60,MFG_4C000215FDA50693A4E24FB1AFCFC6EB0764782500010002D8,0.6,Yes,phone,0.0,stationary,False
1814017,ANCHOR_01,52:06:26:03:01:DA,-59,MFG_4C000215FDA50693A4E24FB1AFCFC6EB0764782500010002D8,0.6,Yes,phone,0.0,stationary,False
1815037,ANCHOR_01,52:06:26:03:01:DA,-58,MFG_4C000215FDA50693A4E24FB1AFCFC6EB0764782500010002D8,0.6,Yes,phone,0.0,stationary,False
1816027,ANCHOR_01,52:06:26:03:01:DA,-59,MFG_4C000215FDA50693A4E24FB1AFCFC6EB0764782500010002D8,0.6,Yes,phone,0.0,stationary,False
1817047,ANCHOR_01,52:06:26:03:01:DA,-66,MFG_4C000215FDA50693A4E24FB1AFCFC6EB0764782500010002D8,0.6,Yes,phone,0.0,stationary,False
1818037,ANCHOR_01,52:06:26:03:01:DA,-66,MFG_4C000215FDA50693A4E24FB1AFCFC6EB0764782500010002D8,0.6,Yes,phone,0.0,stationary,False
1819037,ANCHOR_01,52:06:26:03:01:DA,-60,MFG_4C000215FDA50693A4E24FB1AFCFC6EB0764782500010002D8,0.6,Yes,phone,0.0,stationary,False
1820047,ANCHOR_01,52:06:26:03:01:DA,-59,MFG_4C000215FDA50693A4E24FB1AFCFC6EB0764782500010002D8,0.6,Yes,phone,0.0,stationary,False
1821057,ANCHOR_01,52:06:26:03:01:DA,-59,MFG_4C000215FDA50693A4E24FB1AFCFC6EB0764782500010002D8,0.6,Yes,phone,0.0,stationary,False
1822057,ANCHOR_01,52:06:26:03:01:DA,-59,MFG_4C000215FDA50693A4E24FB1AFCFC6EB0764782500010002D8,0.6,Yes,phone,0.0,stationary,False
1823067,ANCHOR_01,52:06:26:03:01:DA,-66,MFG_4C000215FDA50693A4E24FB1AFCFC6EB0764782500010002D8,0.6,Yes,phone,0.0,stationary,False
1824067,ANCHOR_01,52:06:26:03:01:DA,-66,MFG_4C000215FDA50693A4E24FB1AFCFC6EB0764782500010002D8,0.6,Yes,phone,0.0,stationary,False
1825087,ANCHOR_01,52:06:26:03:01:DA,-60,MFG_4C000215FDA50693A4E24FB1AFCFC6EB0764782500010002D8,0.6,Yes,phone,0.0,stationary,False
1826077,ANCHOR_01,52:06:26:03:01:DA,-60,MFG_4C000215FDA50693A4E24FB1AFCFC6EB0764782500010002D8,0.6,Yes,phone,0.0,stationary,False
1827087,ANCHOR_01,52:06:26:03:01:DA,-59,MFG_4C000215FDA50693A4E24FB1AFCFC6EB0764782500010002D8,0.6,Yes,phone,0.0,stationary,False
1828107,ANCHOR_01,52:06:26:03:01:DA,-64,MFG_4C000215FDA50693A4E24FB1AFCFC6EB0764782500010002D8,0.6,Yes,phone,0.0,stationary,False
1829107,ANCHOR_01,52:06:26:03:01:DA,-66,MFG_4C000215FDA50693A4E24FB1AFCFC6EB0764782500010002D8,0.6,Yes,phone,0.0,stationary,False
1830127,ANCHOR_01,52:06:26:03:01:DA,-60,MFG_4C000215FDA50693A4E24FB1AFCFC6EB0764782500010002D8,0.6,Yes,phone,0.0,stationary,False
1831117,ANCHOR_01,52:06:26:03:01:DA,-60,MFG_4C000215FDA50693A4E24FB1AFCFC6EB0764782500010002D8,0.6,Yes,phone,0.0,stationary,False
1832127,ANCHOR_01,52:06:26:03:01:DA,-59,MFG_4C000215FDA50693A4E24FB1AFCFC6EB0764782500010002D8,0.6,Yes,phone,0.0,stationary,False
1833157,ANCHOR_01,52:06:26:03:01:DA,-66,MFG_4C000215FDA50693A4E24FB1AFCFC6EB0764782500010002D8,0.6,Yes,phone,0.0,stationary,False
1834137,ANCHOR_01,52:06:26:03:01:DA,-67,MFG_4C000215FDA50693A4E24FB1AFCFC6EB0764782500010002D8,0.6,Yes,phone,0.0,stationary,False
1835147,ANCHOR_01,52:06:26:03:01:DA,-59,MFG_4C000215FDA50693A4E24FB1AFCFC6EB0764782500010002D8,0.6,Yes,phone,0.0,stationary,False
1836157,ANCHOR_01,52:06:26:03:01:DA,-60,MFG_4C000215FDA50693A4E24FB1AFCFC6EB0764782500010002D8,0.6,Yes,phone,0.0,stationary,False
1837177,ANCHOR_01,52:06:26:03:01:DA,-58,MFG_4C000215FDA50693A4E24FB1AFCFC6EB0764782500010002D8,0.6,Yes,phone,0.0,stationary,False
1838167,ANCHOR_01,52:06:26:03:01:DA,-58,MFG_4C000215FDA50693A4E24FB1AFCFC6EB0764782500010002D8,0.6,Yes,phone,0.0,stationary,False
1839167,ANCHOR_01,52:06:26:03:01:DA,-68,MFG_4C000215FDA50693A4E24FB1AFCFC6EB0764782500010002D8,0.6,Yes,phone,0.0,stationary,False
1840177,ANCHOR_01,52:06:26:03:01:DA,-67,MFG_4C000215FDA50693A4E24FB1AFCFC6EB0764782500010002D8,0.6,Yes,phone,0.0,stationary,False
1841197,ANCHOR_01,52:06:26:03:01:DA,-59,MFG_4C000215FDA50693A4E24FB1AFCFC6EB0764782500010002D8,0.6,Yes,phone,0.0,stationary,False
1842187,ANCHOR_01,52:06:26:03:01:DA,-59,MFG_4C000215FDA50693A4E24FB1AFCFC6EB0764782500010002D8,0.6,Yes,phone,0.0,stationary,False
1843207,ANCHOR_01,52:06:26:03:01:DA,-58,MFG_4C000215FDA50693A4E24FB1AFCFC6EB0764782500010002D8,0.6,Yes,phone,0.0,stationary,False
1845197,ANCHOR_01,52:06:26:03:01:DA,-67,MFG_4C000215FDA50693A4E24FB1AFCFC6EB0764782500010002D8,0.6,Yes,phone,0.0,stationary,False
1847217,ANCHOR_01,52:06:26:03:01:DA,-59,MFG_4C000215FDA50693A4E24FB1AFCFC6EB0764782500010002D8,0.6,Yes,phone,0.0,stationary,False
1848247,ANCHOR_01,52:06:26:03:01:DA,-60,MFG_4C000215FDA50693A4E24FB1AFCFC6EB0764782500010002D8,0.6,Yes,phone,0.0,stationary,False
1849237,ANCHOR_01,52:06:26:03:01:DA,-60,MFG_4C000215FDA50693A4E24FB1AFCFC6EB0764782500010002D8,0.6,Yes,phone,0.0,stationary,False
1850237,ANCHOR_01,52:06:26:03:01:DA,-68,MFG_4C000215FDA50693A4E24FB1AFCFC6EB0764782500010002D8,0.6,Yes,phone,0.0,stationary,False
1851247,ANCHOR_01,52:06:26:03:01:DA,-68,MFG_4C000215FDA50693A4E24FB1AFCFC6EB0764782500010002D8,0.6,Yes,phone,0.0,stationary,False
1852247,ANCHOR_01,52:06:26:03:01:DA,-60,MFG_4C000215FDA50693A4E24FB1AFCFC6EB0764782500010002D8,0.6,Yes,phone,0.0,stationary,False
1853257,ANCHOR_01,52:06:26:03:01:DA,-59,MFG_4C000215FDA50693A4E24FB1AFCFC6EB0764782500010002D8,0.6,Yes,phone,0.0,stationary,False
1854277,ANCHOR_01,52:06:26:03:01:DA,-59,MFG_4C000215FDA50693A4E24FB1AFCFC6EB0764782500010002D8,0.6,Yes,phone,0.0,stationary,False
1855257,ANCHOR_01,52:06:26:03:01:DA,-57,MFG_4C000215FDA50693A4E24FB1AFCFC6EB0764782500010002D8,0.6,Yes,phone,0.0,stationary,False
1856257,ANCHOR_01,52:06:26:03:01:DA,-58,MFG_4C000215FDA50693A4E24FB1AFCFC6EB0764782500010002D8,0.6,Yes,phone,0.0,stationary,False
1858267,ANCHOR_01,52:06:26:03:01:DA,-67,MFG_4C000215FDA50693A4E24FB1AFCFC6EB0764782500010002D8,0.6,Yes,phone,0.0,stationary,False
1859287,ANCHOR_01,52:06:26:03:01:DA,-60,MFG_4C000215FDA50693A4E24FB1AFCFC6EB0764782500010002D8,0.6,Yes,phone,0.0,stationary,False
1860277,ANCHOR_01,52:06:26:03:01:DA,-60,MFG_4C000215FDA50693A4E24FB1AFCFC6EB0764782500010002D8,0.6,Yes,phone,0.0,stationary,False
1861287,ANCHOR_01,52:06:26:03:01:DA,-60,MFG_4C000215FDA50693A4E24FB1AFCFC6EB0764782500010002D8,0.6,Yes,phone,0.0,stationary,False
1862287,ANCHOR_01,52:06:26:03:01:DA,-60,MFG_4C000215FDA50693A4E24FB1AFCFC6EB0764782500010002D8,0.6,Yes,phone,0.0,stationary,False
1863287,ANCHOR_01,52:06:26:03:01:DA,-66,MFG_4C000215FDA50693A4E24FB1AFCFC6EB0764782500010002D8,0.6,Yes,phone,0.0,stationary,False
1864297,ANCHOR_01,52:06:26:03:01:DA,-67,MFG_4C000215FDA50693A4E24FB1AFCFC6EB0764782500010002D8,0.6,Yes,phone,0.0,stationary,False
1865307,ANCHOR_01,52:06:26:03:01:DA,-60,MFG_4C000215FDA50693A4E24FB1AFCFC6EB0764782500010002D8,0.6,Yes,phone,0.0,stationary,False
1866307,ANCHOR_01,52:06:26:03:01:DA,-60,MFG_4C000215FDA50693A4E24FB1AFCFC6EB0764782500010002D8,0.6,Yes,phone,0.0,stationary,False
1867327,ANCHOR_01,52:06:26:03:01:DA,-60,MFG_4C000215FDA50693A4E24FB1AFCFC6EB0764782500010002D8,0.6,Yes,phone,0.0,stationary,False
1869317,ANCHOR_01,52:06:26:03:01:DA,-68,MFG_4C000215FDA50693A4E24FB1AFCFC6EB0764782500010002D8,0.6,Yes,phone,0.0,stationary,False
1870327,ANCHOR_01,52:06:26:03:01:DA,-66,MFG_4C000215FDA50693A4E24FB1AFCFC6EB0764782500010002D8,0.6,Yes,phone,0.0,stationary,False
1871347,ANCHOR_01,52:06:26:03:01:DA,-59,MFG_4C000215FDA50693A4E24FB1AFCFC6EB0764782500010002D8,0.6,Yes,phone,0.0,stationary,False
1872337,ANCHOR_01,52:06:26:03:01:DA,-59,MFG_4C000215FDA50693A4E24FB1AFCFC6EB0764782500010002D8,0.6,Yes,phone,0.0,stationary,False
1873347,ANCHOR_01,52:06:26:03:01:DA,-60,MFG_4C000215FDA50693A4E24FB1AFCFC6EB0764782500010002D8,0.6,Yes,phone,0.0,stationary,False
1874337,ANCHOR_01,52:06:26:03:01:DA,-60,MFG_4C000215FDA50693A4E24FB1AFCFC6EB0764782500010002D8,0.6,Yes,phone,0.0,stationary,False
1876357,ANCHOR_01,52:06:26:03:01:DA,-67,MFG_4C000215FDA50693A4E24FB1AFCFC6EB0764782500010002D8,0.6,Yes,phone,0.0,stationary,False
1877347,ANCHOR_01,52:06:26:03:01:DA,-67,MFG_4C000215FDA50693A4E24FB1AFCFC6EB0764782500010002D8,0.6,Yes,phone,0.0,stationary,False
1878357,ANCHOR_01,52:06:26:03:01:DA,-60,MFG_4C000215FDA50693A4E24FB1AFCFC6EB0764782500010002D8,0.6,Yes,phone,0.0,stationary,False
1879357,ANCHOR_01,52:06:26:03:01:DA,-60,MFG_4C000215FDA50693A4E24FB1AFCFC6EB0764782500010002D8,0.6,Yes,phone,0.0,stationary,False
1880367,ANCHOR_01,52:06:26:03:01:DA,-60,MFG_4C000215FDA50693A4E24FB1AFCFC6EB0764782500010002D8,0.6,Yes,phone,0.0,stationary,False
1882387,ANCHOR_01,52:06:26:03:01:DA,-68,MFG_4C000215FDA50693A4E24FB1AFCFC6EB0764782500010002D8,0.6,Yes,phone,0.0,stationary,False
1883377,ANCHOR_01,52:06:26:03:01:DA,-69,MFG_4C000215FDA50693A4E24FB1AFCFC6EB0764782500010002D8,0.6,Yes,phone,0.0,stationary,False
1884387,ANCHOR_01,52:06:26:03:01:DA,-59,MFG_4C000215FDA50693A4E24FB1AFCFC6EB0764782500010002D8,0.6,Yes,phone,0.0,stationary,False
1885387,ANCHOR_01,52:06:26:03:01:DA,-60,MFG_4C000215FDA50693A4E24FB1AFCFC6EB0764782500010002D8,0.6,Yes,phone,0.0,stationary,False
1886407,ANCHOR_01,52:06:26:03:01:DA,-60,MFG_4C000215FDA50693A4E24FB1AFCFC6EB0764782500010002D8,0.6,Yes,phone,0.0,stationary,False
1888407,ANCHOR_01,52:06:26:03:01:DA,-66,MFG_4C000215FDA50693A4E24FB1AFCFC6EB0764782500010002D8,0.6,Yes,phone,0.0,stationary,False
1889417,ANCHOR_01,52:06:26:03:01:DA,-60,MFG_4C000215FDA50693A4E24FB1AFCFC6EB0764782500010002D8,0.6,Yes,phone,0.0,stationary,False
1890427,ANCHOR_01,52:06:26:03:01:DA,-58,MFG_4C000215FDA50693A4E24FB1AFCFC6EB0764782500010002D8,0.6,Yes,phone,0.0,stationary,False
1891437,ANCHOR_01,52:06:26:03:01:DA,-60,MFG_4C000215FDA50693A4E24FB1AFCFC6EB0764782500010002D8,0.6,Yes,phone,0.0,stationary,False
1892437,ANCHOR_01,52:06:26:03:01:DA,-60,MFG_4C000215FDA50693A4E24FB1AFCFC6EB0764782500010002D8,0.6,Yes,phone,0.0,stationary,False
1894437,ANCHOR_01,52:06:26:03:01:DA,-66,MFG_4C000215FDA50693A4E24FB1AFCFC6EB0764782500010002D8,0.6,Yes,phone,0.0,stationary,False
1895447,ANCHOR_01,52:06:26:03:01:DA,-58,MFG_4C000215FDA50693A4E24FB1AFCFC6EB0764782500010002D8,0.6,Yes,phone,0.0,stationary,False
1896447,ANCHOR_01,52:06:26:03:01:DA,-58,MFG_4C000215FDA50693A4E24FB1AFCFC6EB0764782500010002D8,0.6,Yes,phone,0.0,stationary,False
1898457,ANCHOR_01,52:06:26:03:01:DA,-59,MFG_4C000215FDA50693A4E24FB1AFCFC6EB0764782500010002D8,0.6,Yes,phone,0.0,stationary,False
1899487,ANCHOR_01,52:06:26:03:01:DA,-68,MFG_4C000215FDA50693A4E24FB1AFCFC6EB0764782500010002D8,0.6,Yes,phone,0.0,stationary,False
1900467,ANCHOR_01,52:06:26:03:01:DA,-67,MFG_4C000215FDA50693A4E24FB1AFCFC6EB0764782500010002D8,0.6,Yes,phone,0.0,stationary,False
1901497,ANCHOR_01,52:06:26:03:01:DA,-59,MFG_4C000215FDA50693A4E24FB1AFCFC6EB0764782500010002D8,0.6,Yes,phone,0.0,stationary,False
1902477,ANCHOR_01,52:06:26:03:01:DA,-58,MFG_4C000215FDA50693A4E24FB1AFCFC6EB0764782500010002D8,0.6,Yes,phone,0.0,stationary,False
1903477,ANCHOR_01,52:06:26:03:01:DA,-59,MFG_4C000215FDA50693A4E24FB1AFCFC6EB0764782500010002D8,0.6,Yes,phone,0.0,stationary,False
1904487,ANCHOR_01,52:06:26:03:01:DA,-59,MFG_4C000215FDA50693A4E24FB1AFCFC6EB0764782500010002D8,0.6,Yes,phone,0.0,stationary,False
1905487,ANCHOR_01,52:06:26:03:01:DA,-59,MFG_4C000215FDA50693A4E24FB1AFCFC6EB0764782500010002D8,0.6,Yes,phone,0.0,stationary,False
1907497,ANCHOR_01,52:06:26:03:01:DA,-66,MFG_4C000215FDA50693A4E24FB1AFCFC6EB0764782500010002D8,0.6,Yes,phone,0.0,stationary,False
1908517,ANCHOR_01,52:06:26:03:01:DA,-60,MFG_4C000215FDA50693A4E24FB1AFCFC6EB0764782500010002D8,0.6,Yes,phone,0.0,stationary,False
1909507,ANCHOR_01,52:06:26:03:01:DA,-59,MFG_4C000215FDA50693A4E24FB1AFCFC6EB0764782500010002D8,0.6,Yes,phone,0.0,stationary,False
1910527,ANCHOR_01,52:06:26:03:01:DA,-59,MFG_4C000215FDA50693A4E24FB1AFCFC6EB0764782500010002D8,0.6,Yes,phone,0.0,stationary,False
1912537,ANCHOR_01,52:06:26:03:01:DA,-68,MFG_4C000215FDA50693A4E24FB1AFCFC6EB0764782500010002D8,0.6,Yes,phone,0.0,stationary,False
1913547,ANCHOR_01,52:06:26:03:01:DA,-59,MFG_4C000215FDA50693A4E24FB1AFCFC6EB0764782500010002D8,0.6,Yes,phone,0.0,stationary,False
1914537,ANCHOR_01,52:06:26:03:01:DA,-59,MFG_4C000215FDA50693A4E24FB1AFCFC6EB0764782500010002D8,0.6,Yes,phone,0.0,stationary,False
1915537,ANCHOR_01,52:06:26:03:01:DA,-59,MFG_4C000215FDA50693A4E24FB1AFCFC6EB0764782500010002D8,0.6,Yes,phone,0.0,stationary,False
1916547,ANCHOR_01,52:06:26:03:01:DA,-60,MFG_4C000215FDA50693A4E24FB1AFCFC6EB0764782500010002D8,0.6,Yes,phone,0.0,stationary,False
1917547,ANCHOR_01,52:06:26:03:01:DA,-61,MFG_4C000215FDA50693A4E24FB1AFCFC6EB0764782500010002D8,0.6,Yes,phone,0.0,stationary,False
1918567,ANCHOR_01,52:06:26:03:01:DA,-69,MFG_4C000215FDA50693A4E24FB1AFCFC6EB0764782500010002D8,0.6,Yes,phone,0.0,stationary,False
1919557,ANCHOR_01,52:06:26:03:01:DA,-69,MFG_4C000215FDA50693A4E24FB1AFCFC6EB0764782500010002D8,0.6,Yes,phone,0.0,stationary,False
1920557,ANCHOR_01,52:06:26:03:01:DA,-59,MFG_4C000215FDA50693A4E24FB1AFCFC6EB0764782500010002D8,0.6,Yes,phone,0.0,stationary,False
1921567,ANCHOR_01,52:06:26:03:01:DA,-59,MFG_4C000215FDA50693A4E24FB1AFCFC6EB0764782500010002D8,0.6,Yes,phone,0.0,stationary,False
1922587,ANCHOR_01,52:06:26:03:01:DA,-59,MFG_4C000215FDA50693A4E24FB1AFCFC6EB0764782500010002D8,0.6,Yes,phone,0.0,stationary,False
1923577,ANCHOR_01,52:06:26:03:01:DA,-60,MFG_4C000215FDA50693A4E24FB1AFCFC6EB0764782500010002D8,0.6,Yes,phone,0.0,stationary,False
1924577,ANCHOR_01,52:06:26:03:01:DA,-70,MFG_4C000215FDA50693A4E24FB1AFCFC6EB0764782500010002D8,0.6,Yes,phone,0.0,stationary,False
1925587,ANCHOR_01,52:06:26:03:01:DA,-70,MFG_4C000215FDA50693A4E24FB1AFCFC6EB0764782500010002D8,0.6,Yes,phone,0.0,stationary,False
1927587,ANCHOR_01,52:06:26:03:01:DA,-58,MFG_4C000215FDA50693A4E24FB1AFCFC6EB0764782500010002D8,0.6,Yes,phone,0.0,stationary,False
1928587,ANCHOR_01,52:06:26:03:01:DA,-60,MFG_4C000215FDA50693A4E24FB1AFCFC6EB0764782500010002D8,0.6,Yes,phone,0.0,stationary,False
1929597,ANCHOR_01,52:06:26:03:01:DA,-59,MFG_4C000215FDA50693A4E24FB1AFCFC6EB0764782500010002D8,0.6,Yes,phone,0.0,stationary,False
1931607,ANCHOR_01,52:06:26:03:01:DA,-69,MFG_4C000215FDA50693A4E24FB1AFCFC6EB0764782500010002D8,0.6,Yes,phone,0.0,stationary,False
1932607,ANCHOR_01,52:06:26:03:01:DA,-69,MFG_4C000215FDA50693A4E24FB1AFCFC6EB0764782500010002D8,0.6,Yes,phone,0.0,stationary,False
1933617,ANCHOR_01,52:06:26:03:01:DA,-59,MFG_4C000215FDA50693A4E24FB1AFCFC6EB0764782500010002D8,0.6,Yes,phone,0.0,stationary,False
1935637,ANCHOR_01,52:06:26:03:01:DA,-60,MFG_4C000215FDA50693A4E24FB1AFCFC6EB0764782500010002D8,0.6,Yes,phone,0.0,stationary,False
1936627,ANCHOR_01,52:06:26:03:01:DA,-60,MFG_4C000215FDA50693A4E24FB1AFCFC6EB0764782500010002D8,0.6,Yes,phone,0.0,stationary,False
1937637,ANCHOR_01,52:06:26:03:01:DA,-68,MFG_4C000215FDA50693A4E24FB1AFCFC6EB0764782500010002D8,0.6,Yes,phone,0.0,stationary,False
1938637,ANCHOR_01,52:06:26:03:01:DA,-69,MFG_4C000215FDA50693A4E24FB1AFCFC6EB0764782500010002D8,0.6,Yes,phone,0.0,stationary,False
1939647,ANCHOR_01,52:06:26:03:01:DA,-59,MFG_4C000215FDA50693A4E24FB1AFCFC6EB0764782500010002D8,0.6,Yes,phone,0.0,stationary,False
1941667,ANCHOR_01,52:06:26:03:01:DA,-60,MFG_4C000215FDA50693A4E24FB1AFCFC6EB0764782500010002D8,0.6,Yes,phone,0.0,stationary,False
1942657,ANCHOR_01,52:06:26:03:01:DA,-57,MFG_4C000215FDA50693A4E24FB1AFCFC6EB0764782500010002D8,0.6,Yes,phone,0.0,stationary,False
1943677,ANCHOR_01,52:06:26:03:01:DA,-68,MFG_4C000215FDA50693A4E24FB1AFCFC6EB0764782500010002D8,0.6,Yes,phone,0.0,stationary,False
1944667,ANCHOR_01,52:06:26:03:01:DA,-68,MFG_4C000215FDA50693A4E24FB1AFCFC6EB0764782500010002D8,0.6,Yes,phone,0.0,stationary,False
1945687,ANCHOR_01,52:06:26:03:01:DA,-59,MFG_4C000215FDA50693A4E24FB1AFCFC6EB0764782500010002D8,0.6,Yes,phone,0.0,stationary,False
1946677,ANCHOR_01,52:06:26:03:01:DA,-59,MFG_4C000215FDA50693A4E24FB1AFCFC6EB0764782500010002D8,0.6,Yes,phone,0.0,stationary,False
1947687,ANCHOR_01,52:06:26:03:01:DA,-60,MFG_4C000215FDA50693A4E24FB1AFCFC6EB0764782500010002D8,0.6,Yes,phone,0.0,stationary,False
1949697,ANCHOR_01,52:06:26:03:01:DA,-69,MFG_4C000215FDA50693A4E24FB1AFCFC6EB0764782500010002D8,0.6,Yes,phone,0.0,stationary,False
1950697,ANCHOR_01,52:06:26:03:01:DA,-69,MFG_4C000215FDA50693A4E24FB1AFCFC6EB0764782500010002D8,0.6,Yes,phone,0.0,stationary,False
1952707,ANCHOR_01,52:06:26:03:01:DA,-60,MFG_4C000215FDA50693A4E24FB1AFCFC6EB0764782500010002D8,0.6,Yes,phone,0.0,stationary,False
1953707,ANCHOR_01,52:06:26:03:01:DA,-60,MFG_4C000215FDA50693A4E24FB1AFCFC6EB0764782500010002D8,0.6,Yes,phone,0.0,stationary,False
1954717,ANCHOR_01,52:06:26:03:01:DA,-60,MFG_4C000215FDA50693A4E24FB1AFCFC6EB0764782500010002D8,0.6,Yes,phone,0.0,stationary,False
1955737,ANCHOR_01,52:06:26:03:01:DA,-68,MFG_4C000215FDA50693A4E24FB1AFCFC6EB0764782500010002D8,0.6,Yes,phone,0.0,stationary,False
1956717,ANCHOR_01,52:06:26:03:01:DA,-68,MFG_4C000215FDA50693A4E24FB1AFCFC6EB0764782500010002D8,0.6,Yes,phone,0.0,stationary,False
1957737,ANCHOR_01,52:06:26:03:01:DA,-61,MFG_4C000215FDA50693A4E24FB1AFCFC6EB0764782500010002D8,0.6,Yes,phone,0.0,stationary,False
1958737,ANCHOR_01,52:06:26:03:01:DA,-61,MFG_4C000215FDA50693A4E24FB1AFCFC6EB0764782500010002D8,0.6,Yes,phone,0.0,stationary,False
1960747,ANCHOR_01,52:06:26:03:01:DA,-61,MFG_4C000215FDA50693A4E24FB1AFCFC6EB0764782500010002D8,0.6,Yes,phone,0.0,stationary,False
1961747,ANCHOR_01,52:06:26:03:01:DA,-68,MFG_4C000215FDA50693A4E24FB1AFCFC6EB0764782500010002D8,0.6,Yes,phone,0.0,stationary,False
1962757,ANCHOR_01,52:06:26:03:01:DA,-68,MFG_4C000215FDA50693A4E24FB1AFCFC6EB0764782500010002D8,0.6,Yes,phone,0.0,stationary,False
1963747,ANCHOR_01,52:06:26:03:01:DA,-68,MFG_4C000215FDA50693A4E24FB1AFCFC6EB0764782500010002D8,0.6,Yes,phone,0.0,stationary,False
1964767,ANCHOR_01,52:06:26:03:01:DA,-61,MFG_4C000215FDA50693A4E24FB1AFCFC6EB0764782500010002D8,0.6,Yes,phone,0.0,stationary,False
1965787,ANCHOR_01,52:06:26:03:01:DA,-61,MFG_4C000215FDA50693A4E24FB1AFCFC6EB0764782500010002D8,0.6,Yes,phone,0.0,stationary,False
1966777,ANCHOR_01,52:06:26:03:01:DA,-61,MFG_4C000215FDA50693A4E24FB1AFCFC6EB0764782500010002D8,0.6,Yes,phone,0.0,stationary,False
1967777,ANCHOR_01,52:06:26:03:01:DA,-67,MFG_4C000215FDA50693A4E24FB1AFCFC6EB0764782500010002D8,0.6,Yes,phone,0.0,stationary,False
1968777,ANCHOR_01,52:06:26:03:01:DA,-69,MFG_4C000215FDA50693A4E24FB1AFCFC6EB0764782500010002D8,0.6,Yes,phone,0.0,stationary,False
1969797,ANCHOR_01,52:06:26:03:01:DA,-60,MFG_4C000215FDA50693A4E24FB1AFCFC6EB0764782500010002D8,0.6,Yes,phone,0.0,stationary,False
1970787,ANCHOR_01,52:06:26:03:01:DA,-61,MFG_4C000215FDA50693A4E24FB1AFCFC6EB0764782500010002D8,0.6,Yes,phone,0.0,stationary,False
1972807,ANCHOR_01,52:06:26:03:01:DA,-61,MFG_4C000215FDA50693A4E24FB1AFCFC6EB0764782500010002D8,0.6,Yes,phone,0.0,stationary,False
1973797,ANCHOR_01,52:06:26:03:01:DA,-61,MFG_4C000215FDA50693A4E24FB1AFCFC6EB0764782500010002D8,0.6,Yes,phone,0.0,stationary,False
1974797,ANCHOR_01,52:06:26:03:01:DA,-67,MFG_4C000215FDA50693A4E24FB1AFCFC6EB0764782500010002D8,0.6,Yes,phone,0.0,stationary,False
1975807,ANCHOR_01,52:06:26:03:01:DA,-68,MFG_4C000215FDA50693A4E24FB1AFCFC6EB0764782500010002D8,0.6,Yes,phone,0.0,stationary,False
1976827,ANCHOR_01,52:06:26:03:01:DA,-61,MFG_4C000215FDA50693A4E24FB1AFCFC6EB0764782500010002D8,0.6,Yes,phone,0.0,stationary,False
1977817,ANCHOR_01,52:06:26:03:01:DA,-61,MFG_4C000215FDA50693A4E24FB1AFCFC6EB0764782500010002D8,0.6,Yes,phone,0.0,stationary,False
1978817,ANCHOR_01,52:06:26:03:01:DA,-60,MFG_4C000215FDA50693A4E24FB1AFCFC6EB0764782500010002D8,0.6,Yes,phone,0.0,stationary,False
1981827,ANCHOR_01,52:06:26:03:01:DA,-70,MFG_4C000215FDA50693A4E24FB1AFCFC6EB0764782500010002D8,0.6,Yes,phone,0.0,stationary,False
1982837,ANCHOR_01,52:06:26:03:01:DA,-61,MFG_4C000215FDA50693A4E24FB1AFCFC6EB0764782500010002D8,0.6,Yes,phone,0.0,stationary,False
1983847,ANCHOR_01,52:06:26:03:01:DA,-61,MFG_4C000215FDA50693A4E24FB1AFCFC6EB0764782500010002D8,0.6,Yes,phone,0.0,stationary,False
1984867,ANCHOR_01,52:06:26:03:01:DA,-60,MFG_4C000215FDA50693A4E24FB1AFCFC6EB0764782500010002D8,0.6,Yes,phone,0.0,stationary,False
1985857,ANCHOR_01,52:06:26:03:01:DA,-60,MFG_4C000215FDA50693A4E24FB1AFCFC6EB0764782500010002D8,0.6,Yes,phone,0.0,stationary,False
1986877,ANCHOR_01,52:06:26:03:01:DA,-70,MFG_4C000215FDA50693A4E24FB1AFCFC6EB0764782500010002D8,0.6,Yes,phone,0.0,stationary,False
1987857,ANCHOR_01,52:06:26:03:01:DA,-70,MFG_4C000215FDA50693A4E24FB1AFCFC6EB0764782500010002D8,0.6,Yes,phone,0.0,stationary,False
1988857,ANCHOR_01,52:06:26:03:01:DA,-69,MFG_4C000215FDA50693A4E24FB1AFCFC6EB0764782500010002D8,0.6,Yes,phone,0.0,stationary,False
1989877,ANCHOR_01,52:06:26:03:01:DA,-61,MFG_4C000215FDA50693A4E24FB1AFCFC6EB0764782500010002D8,0.6,Yes,phone,0.0,stationary,False
1990867,ANCHOR_01,52:06:26:03:01:DA,-61,MFG_4C000215FDA50693A4E24FB1AFCFC6EB0764782500010002D8,0.6,Yes,phone,0.0,stationary,False
1991877,ANCHOR_01,52:06:26:03:01:DA,-60,MFG_4C000215FDA50693A4E24FB1AFCFC6EB0764782500010002D8,0.6,Yes,phone,0.0,stationary,False
1993897,ANCHOR_01,52:06:26:03:01:DA,-69,MFG_4C000215FDA50693A4E24FB1AFCFC6EB0764782500010002D8,0.6,Yes,phone,0.0,stationary,False
1994887,ANCHOR_01,52:06:26:03:01:DA,-71,MFG_4C000215FDA50693A4E24FB1AFCFC6EB0764782500010002D8,0.6,Yes,phone,0.0,stationary,False
1995887,ANCHOR_01,52:06:26:03:01:DA,-61,MFG_4C000215FDA50693A4E24FB1AFCFC6EB0764782500010002D8,0.6,Yes,phone,0.0,stationary,False
1996897,ANCHOR_01,52:06:26:03:01:DA,-60,MFG_4C000215FDA50693A4E24FB1AFCFC6EB0764782500010002D8,0.6,Yes,phone,0.0,stationary,False
1998907,ANCHOR_01,52:06:26:03:01:DA,-60,MFG_4C000215FDA50693A4E24FB1AFCFC6EB0764782500010002D8,0.6,Yes,phone,0.0,stationary,False
1999917,ANCHOR_01,52:06:26:03:01:DA,-69,MFG_4C000215FDA50693A4E24FB1AFCFC6EB0764782500010002D8,0.6,Yes,phone,0.0,stationary,False
2000917,ANCHOR_01,52:06:26:03:01:DA,-71,MFG_4C000215FDA50693A4E24FB1AFCFC6EB0764782500010002D8,0.6,Yes,phone,0.0,stationary,False
2001937,ANCHOR_01,52:06:26:03:01:DA,-61,MFG_4C000215FDA50693A4E24FB1AFCFC6EB0764782500010002D8,0.6,Yes,phone,0.0,stationary,False
2002927,ANCHOR_01,52:06:26:03:01:DA,-61,MFG_4C000215FDA50693A4E24FB1AFCFC6EB0764782500010002D8,0.6,Yes,phone,0.0,stationary,False
2003947,ANCHOR_01,52:06:26:03:01:DA,-61,MFG_4C000215FDA50693A4E24FB1AFCFC6EB0764782500010002D8,0.6,Yes,phone,0.0,stationary,False
2004937,ANCHOR_01,52:06:26:03:01:DA,-60,MFG_4C000215FDA50693A4E24FB1AFCFC6EB0764782500010002D8,0.6,Yes,phone,0.0,stationary,False
2005947,ANCHOR_01,52:06:26:03:01:DA,-69,MFG_4C000215FDA50693A4E24FB1AFCFC6EB0764782500010002D8,0.6,Yes,phone,0.0,stationary,False
2006967,ANCHOR_01,52:06:26:03:01:DA,-60,MFG_4C000215FDA50693A4E24FB1AFCFC6EB0764782500010002D8,0.6,Yes,phone,0.0,stationary,False
2008967,ANCHOR_01,52:06:26:03:01:DA,-60,MFG_4C000215FDA50693A4E24FB1AFCFC6EB0764782500010002D8,0.6,Yes,phone,0.0,stationary,False
2009977,ANCHOR_01,52:06:26:03:01:DA,-60,MFG_4C000215FDA50693A4E24FB1AFCFC6EB0764782500010002D8,0.6,Yes,phone,0.0,stationary,False
2010987,ANCHOR_01,52:06:26:03:01:DA,-69,MFG_4C000215FDA50693A4E24FB1AFCFC6EB0764782500010002D8,0.6,Yes,phone,0.0,stationary,False
2011987,ANCHOR_01,52:06:26:03:01:DA,-69,MFG_4C000215FDA50693A4E24FB1AFCFC6EB0764782500010002D8,0.6,Yes,phone,0.0,stationary,False
2012987,ANCHOR_01,52:06:26:03:01:DA,-60,MFG_4C000215FDA50693A4E24FB1AFCFC6EB0764782500010002D8,0.6,Yes,phone,0.0,stationary,False
2013997,ANCHOR_01,52:06:26:03:01:DA,-60,MFG_4C000215FDA50693A4E24FB1AFCFC6EB0764782500010002D8,0.6,Yes,phone,0.0,stationary,False
2015017,ANCHOR_01,52:06:26:03:01:DA,-61,MFG_4C000215FDA50693A4E24FB1AFCFC6EB0764782500010002D8,0.6,Yes,phone,0.0,stationary,False
2015997,ANCHOR_01,52:06:26:03:01:DA,-61,MFG_4C000215FDA50693A4E24FB1AFCFC6EB0764782500010002D8,0.6,Yes,phone,0.0,stationary,False
2017017,ANCHOR_01,52:06:26:03:01:DA,-69,MFG_4C000215FDA50693A4E24FB1AFCFC6EB0764782500010002D8,0.6,Yes,phone,0.0,stationary,False
2018017,ANCHOR_01,52:06:26:03:01:DA,-71,MFG_4C000215FDA50693A4E24FB1AFCFC6EB0764782500010002D8,0.6,Yes,phone,0.0,stationary,False
2019017,ANCHOR_01,52:06:26:03:01:DA,-61,MFG_4C000215FDA50693A4E24FB1AFCFC6EB0764782500010002D8,0.6,Yes,phone,0.0,stationary,False
2020017,ANCHOR_01,52:06:26:03:01:DA,-60,MFG_4C000215FDA50693A4E24FB1AFCFC6EB0764782500010002D8,0.6,Yes,phone,0.0,stationary,False
2021027,ANCHOR_01,52:06:26:03:01:DA,-60,MFG_4C000215FDA50693A4E24FB1AFCFC6EB0764782500010002D8,0.6,Yes,phone,0.0,stationary,False
2022027,ANCHOR_01,52:06:26:03:01:DA,-60,MFG_4C000215FDA50693A4E24FB1AFCFC6EB0764782500010002D8,0.6,Yes,phone,0.0,stationary,False
2024027,ANCHOR_01,52:06:26:03:01:DA,-70,MFG_4C000215FDA50693A4E24FB1AFCFC6EB0764782500010002D8,0.6,Yes,phone,0.0,stationary,False
2025037,ANCHOR_01,52:06:26:03:01:DA,-70,MFG_4C000215FDA50693A4E24FB1AFCFC6EB0764782500010002D8,0.6,Yes,phone,0.0,stationary,False
2026037,ANCHOR_01,52:06:26:03:01:DA,-60,MFG_4C000215FDA50693A4E24FB1AFCFC6EB0764782500010002D8,0.6,Yes,phone,0.0,stationary,False
2027047,ANCHOR_01,52:06:26:03:01:DA,-60,MFG_4C000215FDA50693A4E24FB1AFCFC6EB0764782500010002D8,0.6,Yes,phone,0.0,stationary,False
2028047,ANCHOR_01,52:06:26:03:01:DA,-60,MFG_4C000215FDA50693A4E24FB1AFCFC6EB0764782500010002D8,0.6,Yes,phone,0.0,stationary,False
2029057,ANCHOR_01,52:06:26:03:01:DA,-61,MFG_4C000215FDA50693A4E24FB1AFCFC6EB0764782500010002D8,0.6,Yes,phone,0.0,stationary,False
2030057,ANCHOR_01,52:06:26:03:01:DA,-71,MFG_4C000215FDA50693A4E24FB1AFCFC6EB0764782500010002D8,0.6,Yes,phone,0.0,stationary,False
2031067,ANCHOR_01,52:06:26:03:01:DA,-71,MFG_4C000215FDA50693A4E24FB1AFCFC6EB0764782500010002D8,0.6,Yes,phone,0.0,stationary,False
2032087,ANCHOR_01,52:06:26:03:01:DA,-60,MFG_4C000215FDA50693A4E24FB1AFCFC6EB0764782500010002D8,0.6,Yes,phone,0.0,stationary,False
2034087,ANCHOR_01,52:06:26:03:01:DA,-61,MFG_4C000215FDA50693A4E24FB1AFCFC6EB0764782500010002D8,0.6,Yes,phone,0.0,stationary,False
2036107,ANCHOR_01,52:06:26:03:01:DA,-69,MFG_4C000215FDA50693A4E24FB1AFCFC6EB0764782500010002D8,0.6,Yes,phone,0.0,stationary,False
2038117,ANCHOR_01,52:06:26:03:01:DA,-61,MFG_4C000215FDA50693A4E24FB1AFCFC6EB0764782500010002D8,0.6,Yes,phone,0.0,stationary,False
2040117,ANCHOR_01,52:06:26:03:01:DA,-62,MFG_4C000215FDA50693A4E24FB1AFCFC6EB0764782500010002D8,0.6,Yes,phone,0.0,stationary,False
2042137,ANCHOR_01,52:06:26:03:01:DA,-67,MFG_4C000215FDA50693A4E24FB1AFCFC6EB0764782500010002D8,0.6,Yes,phone,0.0,stationary,False
2043127,ANCHOR_01,52:06:26:03:01:DA,-69,MFG_4C000215FDA50693A4E24FB1AFCFC6EB0764782500010002D8,0.6,Yes,phone,0.0,stationary,False
2044147,ANCHOR_01,52:06:26:03:01:DA,-60,MFG_4C000215FDA50693A4E24FB1AFCFC6EB0764782500010002D8,0.6,Yes,phone,0.0,stationary,False
2046147,ANCHOR_01,52:06:26:03:01:DA,-61,MFG_4C000215FDA50693A4E24FB1AFCFC6EB0764782500010002D8,0.6,Yes,phone,0.0,stationary,False
2048157,ANCHOR_01,52:06:26:03:01:DA,-68,MFG_4C000215FDA50693A4E24FB1AFCFC6EB0764782500010002D8,0.6,Yes,phone,0.0,stationary,False
2049157,ANCHOR_01,52:06:26:03:01:DA,-69,MFG_4C000215FDA50693A4E24FB1AFCFC6EB0764782500010002D8,0.6,Yes,phone,0.0,stationary,False
2050177,ANCHOR_01,52:06:26:03:01:DA,-61,MFG_4C000215FDA50693A4E24FB1AFCFC6EB0764782500010002D8,0.6,Yes,phone,0.0,stationary,False
2051167,ANCHOR_01,52:06:26:03:01:DA,-61,MFG_4C000215FDA50693A4E24FB1AFCFC6EB0764782500010002D8,0.6,Yes,phone,0.0,stationary,False
2052177,ANCHOR_01,52:06:26:03:01:DA,-62,MFG_4C000215FDA50693A4E24FB1AFCFC6EB0764782500010002D8,0.6,Yes,phone,0.0,stationary,False
2053187,ANCHOR_01,52:06:26:03:01:DA,-69,MFG_4C000215FDA50693A4E24FB1AFCFC6EB0764782500010002D8,0.6,Yes,phone,0.0,stationary,False
2054197,ANCHOR_01,52:06:26:03:01:DA,-68,MFG_4C000215FDA50693A4E24FB1AFCFC6EB0764782500010002D8,0.6,Yes,phone,0.0,stationary,False
2055197,ANCHOR_01,52:06:26:03:01:DA,-61,MFG_4C000215FDA50693A4E24FB1AFCFC6EB0764782500010002D8,0.6,Yes,phone,0.0,stationary,False
2056207,ANCHOR_01,52:06:26:03:01:DA,-61,MFG_4C000215FDA50693A4E24FB1AFCFC6EB0764782500010002D8,0.6,Yes,phone,0.0,stationary,False
2057227,ANCHOR_01,52:06:26:03:01:DA,-62,MFG_4C000215FDA50693A4E24FB1AFCFC6EB0764782500010002D8,0.6,Yes,phone,0.0,stationary,False
2058217,ANCHOR_01,52:06:26:03:01:DA,-62,MFG_4C000215FDA50693A4E24FB1AFCFC6EB0764782500010002D8,0.6,Yes,phone,0.0,stationary,False
2059227,ANCHOR_01,52:06:26:03:01:DA,-69,MFG_4C000215FDA50693A4E24FB1AFCFC6EB0764782500010002D8,0.6,Yes,phone,0.0,stationary,False
2060227,ANCHOR_01,52:06:26:03:01:DA,-69,MFG_4C000215FDA50693A4E24FB1AFCFC6EB0764782500010002D8,0.6,Yes,phone,0.0,stationary,False
2061247,ANCHOR_01,52:06:26:03:01:DA,-61,MFG_4C000215FDA50693A4E24FB1AFCFC6EB0764782500010002D8,0.6,Yes,phone,0.0,stationary,False
2062237,ANCHOR_01,52:06:26:03:01:DA,-61,MFG_4C000215FDA50693A4E24FB1AFCFC6EB0764782500010002D8,0.6,Yes,phone,0.0,stationary,False
2063247,ANCHOR_01,52:06:26:03:01:DA,-62,MFG_4C000215FDA50693A4E24FB1AFCFC6EB0764782500010002D8,0.6,Yes,phone,0.0,stationary,False
2064257,ANCHOR_01,52:06:26:03:01:DA,-67,MFG_4C000215FDA50693A4E24FB1AFCFC6EB0764782500010002D8,0.6,Yes,phone,0.0,stationary,False
2065267,ANCHOR_01,52:06:26:03:01:DA,-68,MFG_4C000215FDA50693A4E24FB1AFCFC6EB0764782500010002D8,0.6,Yes,phone,0.0,stationary,False
2066267,ANCHOR_01,52:06:26:03:01:DA,-61,MFG_4C000215FDA50693A4E24FB1AFCFC6EB0764782500010002D8,0.6,Yes,phone,0.0,stationary,False
2068277,ANCHOR_01,52:06:26:03:01:DA,-61,MFG_4C000215FDA50693A4E24FB1AFCFC6EB0764782500010002D8,0.6,Yes,phone,0.0,stationary,False
2069287,ANCHOR_01,52:06:26:03:01:DA,-61,MFG_4C000215FDA50693A4E24FB1AFCFC6EB0764782500010002D8,0.6,Yes,phone,0.0,stationary,False
2070287,ANCHOR_01,52:06:26:03:01:DA,-68,MFG_4C000215FDA50693A4E24FB1AFCFC6EB0764782500010002D8,0.6,Yes,phone,0.0,stationary,False
2071297,ANCHOR_01,52:06:26:03:01:DA,-68,MFG_4C000215FDA50693A4E24FB1AFCFC6EB0764782500010002D8,0.6,Yes,phone,0.0,stationary,False
2072307,ANCHOR_01,52:06:26:03:01:DA,-61,MFG_4C000215FDA50693A4E24FB1AFCFC6EB0764782500010002D8,0.6,Yes,phone,0.0,stationary,False
2073307,ANCHOR_01,52:06:26:03:01:DA,-60,MFG_4C000215FDA50693A4E24FB1AFCFC6EB0764782500010002D8,0.6,Yes,phone,0.0,stationary,False
2074327,ANCHOR_01,52:06:26:03:01:DA,-61,MFG_4C000215FDA50693A4E24FB1AFCFC6EB0764782500010002D8,0.6,Yes,phone,0.0,stationary,False
2075317,ANCHOR_01,52:06:26:03:01:DA,-62,MFG_4C000215FDA50693A4E24FB1AFCFC6EB0764782500010002D8,0.6,Yes,phone,0.0,stationary,False
2076337,ANCHOR_01,52:06:26:03:01:DA,-68,MFG_4C000215FDA50693A4E24FB1AFCFC6EB0764782500010002D8,0.6,Yes,phone,0.0,stationary,False
2077327,ANCHOR_01,52:06:26:03:01:DA,-67,MFG_4C000215FDA50693A4E24FB1AFCFC6EB0764782500010002D8,0.6,Yes,phone,0.0,stationary,False
2079367,ANCHOR_01,52:06:26:03:01:DA,-62,MFG_4C000215FDA50693A4E24FB1AFCFC6EB0764782500010002D8,0.6,Yes,phone,0.0,stationary,False
2080347,ANCHOR_01,52:06:26:03:01:DA,-61,MFG_4C000215FDA50693A4E24FB1AFCFC6EB0764782500010002D8,0.6,Yes,phone,0.0,stationary,False
2082367,ANCHOR_01,52:06:26:03:01:DA,-68,MFG_4C000215FDA50693A4E24FB1AFCFC6EB0764782500010002D8,0.6,Yes,phone,0.0,stationary,False
2083387,ANCHOR_01,52:06:26:03:01:DA,-61,MFG_4C000215FDA50693A4E24FB1AFCFC6EB0764782500010002D8,0.6,Yes,phone,0.0,stationary,False
2084377,ANCHOR_01,52:06:26:03:01:DA,-60,MFG_4C000215FDA50693A4E24FB1AFCFC6EB0764782500010002D8,0.6,Yes,phone,0.0,stationary,False
2085397,ANCHOR_01,52:06:26:03:01:DA,-62,MFG_4C000215FDA50693A4E24FB1AFCFC6EB0764782500010002D8,0.6,Yes,phone,0.0,stationary,False
2086387,ANCHOR_01,52:06:26:03:01:DA,-61,MFG_4C000215FDA50693A4E24FB1AFCFC6EB0764782500010002D8,0.6,Yes,phone,0.0,stationary,False
2087407,ANCHOR_01,52:06:26:03:01:DA,-68,MFG_4C000215FDA50693A4E24FB1AFCFC6EB0764782500010002D8,0.6,Yes,phone,0.0,stationary,False
2089407,ANCHOR_01,52:06:26:03:01:DA,-60,MFG_4C000215FDA50693A4E24FB1AFCFC6EB0764782500010002D8,0.6,Yes,phone,0.0,stationary,False
2090407,ANCHOR_01,52:06:26:03:01:DA,-60,MFG_4C000215FDA50693A4E24FB1AFCFC6EB0764782500010002D8,0.6,Yes,phone,0.0,stationary,False
2091417,ANCHOR_01,52:06:26:03:01:DA,-61,MFG_4C000215FDA50693A4E24FB1AFCFC6EB0764782500010002D8,0.6,Yes,phone,0.0,stationary,False
2092417,ANCHOR_01,52:06:26:03:01:DA,-61,MFG_4C000215FDA50693A4E24FB1AFCFC6EB0764782500010002D8,0.6,Yes,phone,0.0,stationary,False
2093427,ANCHOR_01,52:06:26:03:01:DA,-68,MFG_4C000215FDA50693A4E24FB1AFCFC6EB0764782500010002D8,0.6,Yes,phone,0.0,stationary,False
2094417,ANCHOR_01,52:06:26:03:01:DA,-69,MFG_4C000215FDA50693A4E24FB1AFCFC6EB0764782500010002D8,0.6,Yes,phone,0.0,stationary,False
2096427,ANCHOR_01,52:06:26:03:01:DA,-61,MFG_4C000215FDA50693A4E24FB1AFCFC6EB0764782500010002D8,0.6,Yes,phone,0.0,stationary,False
2097427,ANCHOR_01,52:06:26:03:01:DA,-61,MFG_4C000215FDA50693A4E24FB1AFCFC6EB0764782500010002D8,0.6,Yes,phone,0.0,stationary,False
2098447,ANCHOR_01,52:06:26:03:01:DA,-61,MFG_4C000215FDA50693A4E24FB1AFCFC6EB0764782500010002D8,0.6,Yes,phone,0.0,stationary,False
2100457,ANCHOR_01,52:06:26:03:01:DA,-67,MFG_4C000215FDA50693A4E24FB1AFCFC6EB0764782500010002D8,0.6,Yes,phone,0.0,stationary,False
2101447,ANCHOR_01,52:06:26:03:01:DA,-69,MFG_4C000215FDA50693A4E24FB1AFCFC6EB0764782500010002D8,0.6,Yes,phone,0.0,stationary,False
2102467,ANCHOR_01,52:06:26:03:01:DA,-61,MFG_4C000215FDA50693A4E24FB1AFCFC6EB0764782500010002D8,0.6,Yes,phone,0.0,stationary,False
2103457,ANCHOR_01,52:06:26:03:01:DA,-61,MFG_4C000215FDA50693A4E24FB1AFCFC6EB0764782500010002D8,0.6,Yes,phone,0.0,stationary,False
2104477,ANCHOR_01,52:06:26:03:01:DA,-62,MFG_4C000215FDA50693A4E24FB1AFCFC6EB0764782500010002D8,0.6,Yes,phone,0.0,stationary,False
2105467,ANCHOR_01,52:06:26:03:01:DA,-62,MFG_4C000215FDA50693A4E24FB1AFCFC6EB0764782500010002D8,0.6,Yes,phone,0.0,stationary,False
2106477,ANCHOR_01,52:06:26:03:01:DA,-68,MFG_4C000215FDA50693A4E24FB1AFCFC6EB0764782500010002D8,0.6,Yes,phone,0.0,stationary,False
2107477,ANCHOR_01,52:06:26:03:01:DA,-68,MFG_4C000215FDA50693A4E24FB1AFCFC6EB0764782500010002D8,0.6,Yes,phone,0.0,stationary,False
2108497,ANCHOR_01,52:06:26:03:01:DA,-60,MFG_4C000215FDA50693A4E24FB1AFCFC6EB0764782500010002D8,0.6,Yes,phone,0.0,stationary,False
2109497,ANCHOR_01,52:06:26:03:01:DA,-61,MFG_4C000215FDA50693A4E24FB1AFCFC6EB0764782500010002D8,0.6,Yes,phone,0.0,stationary,False
2110507,ANCHOR_01,52:06:26:03:01:DA,-61,MFG_4C000215FDA50693A4E24FB1AFCFC6EB0764782500010002D8,0.6,Yes,phone,0.0,stationary,False
2112517,ANCHOR_01,52:06:26:03:01:DA,-68,MFG_4C000215FDA50693A4E24FB1AFCFC6EB0764782500010002D8,0.6,Yes,phone,0.0,stationary,False
2113527,ANCHOR_01,52:06:26:03:01:DA,-60,MFG_4C000215FDA50693A4E24FB1AFCFC6EB0764782500010002D8,0.6,Yes,phone,0.0,stationary,False
2114527,ANCHOR_01,52:06:26:03:01:DA,-60,MFG_4C000215FDA50693A4E24FB1AFCFC6EB0764782500010002D8,0.6,Yes,phone,0.0,stationary,False
2115527,ANCHOR_01,52:06:26:03:01:DA,-60,MFG_4C000215FDA50693A4E24FB1AFCFC6EB0764782500010002D8,0.6,Yes,phone,0.0,stationary,False
2116537,ANCHOR_01,52:06:26:03:01:DA,-61,MFG_4C000215FDA50693A4E24FB1AFCFC6EB0764782500010002D8,0.6,Yes,phone,0.0,stationary,False
2117537,ANCHOR_01,52:06:26:03:01:DA,-69,MFG_4C000215FDA50693A4E24FB1AFCFC6EB0764782500010002D8,0.6,Yes,phone,0.0,stationary,False
2118537,ANCHOR_01,52:06:26:03:01:DA,-68,MFG_4C000215FDA50693A4E24FB1AFCFC6EB0764782500010002D8,0.6,Yes,phone,0.0,stationary,False
2119557,ANCHOR_01,52:06:26:03:01:DA,-60,MFG_4C000215FDA50693A4E24FB1AFCFC6EB0764782500010002D8,0.6,Yes,phone,0.0,stationary,False
2120557,ANCHOR_01,52:06:26:03:01:DA,-61,MFG_4C000215FDA50693A4E24FB1AFCFC6EB0764782500010002D8,0.6,Yes,phone,0.0,stationary,False
2121577,ANCHOR_01,52:06:26:03:01:DA,-62,MFG_4C000215FDA50693A4E24FB1AFCFC6EB0764782500010002D8,0.6,Yes,phone,0.0,stationary,False
2122597,ANCHOR_01,52:06:26:03:01:DA,-70,MFG_4C000215FDA50693A4E24FB1AFCFC6EB0764782500010002D8,0.6,Yes,phone,0.0,stationary,False
2123587,ANCHOR_01,52:06:26:03:01:DA,-71,MFG_4C000215FDA50693A4E24FB1AFCFC6EB0764782500010002D8,0.6,Yes,phone,0.0,stationary,False
2124607,ANCHOR_01,52:06:26:03:01:DA,-61,MFG_4C000215FDA50693A4E24FB1AFCFC6EB0764782500010002D8,0.6,Yes,phone,0.0,stationary,False
2125597,ANCHOR_01,52:06:26:03:01:DA,-60,MFG_4C000215FDA50693A4E24FB1AFCFC6EB0764782500010002D8,0.6,Yes,phone,0.0,stationary,False
2126597,ANCHOR_01,52:06:26:03:01:DA,-62,MFG_4C000215FDA50693A4E24FB1AFCFC6EB0764782500010002D8,0.6,Yes,phone,0.0,stationary,False
2127607,ANCHOR_01,52:06:26:03:01:DA,-61,MFG_4C000215FDA50693A4E24FB1AFCFC6EB0764782500010002D8,0.6,Yes,phone,0.0,stationary,False
2128627,ANCHOR_01,52:06:26:03:01:DA,-73,MFG_4C000215FDA50693A4E24FB1AFCFC6EB0764782500010002D8,0.6,Yes,phone,0.0,stationary,False
2129617,ANCHOR_01,52:06:26:03:01:DA,-73,MFG_4C000215FDA50693A4E24FB1AFCFC6EB0764782500010002D8,0.6,Yes,phone,0.0,stationary,False
2130627,ANCHOR_01,52:06:26:03:01:DA,-61,MFG_4C000215FDA50693A4E24FB1AFCFC6EB0764782500010002D8,0.6,Yes,phone,0.0,stationary,False
2131627,ANCHOR_01,52:06:26:03:01:DA,-61,MFG_4C000215FDA50693A4E24FB1AFCFC6EB0764782500010002D8,0.6,Yes,phone,0.0,stationary,False
2132637,ANCHOR_01,52:06:26:03:01:DA,-61,MFG_4C000215FDA50693A4E24FB1AFCFC6EB0764782500010002D8,0.6,Yes,phone,0.0,stationary,False
2134647,ANCHOR_01,52:06:26:03:01:DA,-76,MFG_4C000215FDA50693A4E24FB1AFCFC6EB0764782500010002D8,0.6,Yes,phone,0.0,stationary,False
2135657,ANCHOR_01,52:06:26:03:01:DA,-61,MFG_4C000215FDA50693A4E24FB1AFCFC6EB0764782500010002D8,0.6,Yes,phone,0.0,stationary,False
2136657,ANCHOR_01,52:06:26:03:01:DA,-61,MFG_4C000215FDA50693A4E24FB1AFCFC6EB0764782500010002D8,0.6,Yes,phone,0.0,stationary,False
2137657,ANCHOR_01,52:06:26:03:01:DA,-61,MFG_4C000215FDA50693A4E24FB1AFCFC6EB0764782500010002D8,0.6,Yes,phone,0.0,stationary,False
2138677,ANCHOR_01,52:06:26:03:01:DA,-61,MFG_4C000215FDA50693A4E24FB1AFCFC6EB0764782500010002D8,0.6,Yes,phone,0.0,stationary,False
2139667,ANCHOR_01,52:06:26:03:01:DA,-60,MFG_4C000215FDA50693A4E24FB1AFCFC6EB0764782500010002D8,0.6,Yes,phone,0.0,stationary,False
2140677,ANCHOR_01,52:06:26:03:01:DA,-75,MFG_4C000215FDA50693A4E24FB1AFCFC6EB0764782500010002D8,0.6,Yes,phone,0.0,stationary,False
2141667,ANCHOR_01,52:06:26:03:01:DA,-80,MFG_4C000215FDA50693A4E24FB1AFCFC6EB0764782500010002D8,0.6,Yes,phone,0.0,stationary,False
2142667,ANCHOR_01,52:06:26:03:01:DA,-80,MFG_4C000215FDA50693A4E24FB1AFCFC6EB0764782500010002D8,0.6,Yes,phone,0.0,stationary,False
2143687,ANCHOR_01,52:06:26:03:01:DA,-61,MFG_4C000215FDA50693A4E24FB1AFCFC6EB0764782500010002D8,0.6,Yes,phone,0.0,stationary,False
2144687,ANCHOR_01,52:06:26:03:01:DA,-61,MFG_4C000215FDA50693A4E24FB1AFCFC6EB0764782500010002D8,0.6,Yes,phone,0.0,stationary,False
2145687,ANCHOR_01,52:06:26:03:01:DA,-61,MFG_4C000215FDA50693A4E24FB1AFCFC6EB0764782500010002D8,0.6,Yes,phone,0.0,stationary,False
2146697,ANCHOR_01,52:06:26:03:01:DA,-77,MFG_4C000215FDA50693A4E24FB1AFCFC6EB0764782500010002D8,0.6,Yes,phone,0.0,stationary,False
2147707,ANCHOR_01,52:06:26:03:01:DA,-77,MFG_4C000215FDA50693A4E24FB1AFCFC6EB0764782500010002D8,0.6,Yes,phone,0.0,stationary,False
2148717,ANCHOR_01,52:06:26:03:01:DA,-62,MFG_4C000215FDA50693A4E24FB1AFCFC6EB0764782500010002D8,0.6,Yes,phone,0.0,stationary,False
2149717,ANCHOR_01,52:06:26:03:01:DA,-62,MFG_4C000215FDA50693A4E24FB1AFCFC6EB0764782500010002D8,0.6,Yes,phone,0.0,stationary,False
2150737,ANCHOR_01,52:06:26:03:01:DA,-62,MFG_4C000215FDA50693A4E24FB1AFCFC6EB0764782500010002D8,0.6,Yes,phone,0.0,stationary,False
2151727,ANCHOR_01,52:06:26:03:01:DA,-62,MFG_4C000215FDA50693A4E24FB1AFCFC6EB0764782500010002D8,0.6,Yes,phone,0.0,stationary,False
2152727,ANCHOR_01,52:06:26:03:01:DA,-77,MFG_4C000215FDA50693A4E24FB1AFCFC6EB0764782500010002D8,0.6,Yes,phone,0.0,stationary,False
2153737,ANCHOR_01,52:06:26:03:01:DA,-77,MFG_4C000215FDA50693A4E24FB1AFCFC6EB0764782500010002D8,0.6,Yes,phone,0.0,stationary,False
2154757,ANCHOR_01,52:06:26:03:01:DA,-62,MFG_4C000215FDA50693A4E24FB1AFCFC6EB0764782500010002D8,0.6,Yes,phone,0.0,stationary,False
2155757,ANCHOR_01,52:06:26:03:01:DA,-62,MFG_4C000215FDA50693A4E24FB1AFCFC6EB0764782500010002D8,0.6,Yes,phone,0.0,stationary,False
2156767,ANCHOR_01,52:06:26:03:01:DA,-62,MFG_4C000215FDA50693A4E24FB1AFCFC6EB0764782500010002D8,0.6,Yes,phone,0.0,stationary,False
2157757,ANCHOR_01,52:06:26:03:01:DA,-62,MFG_4C000215FDA50693A4E24FB1AFCFC6EB0764782500010002D8,0.6,Yes,phone,0.0,stationary,False
2158757,ANCHOR_01,52:06:26:03:01:DA,-77,MFG_4C000215FDA50693A4E24FB1AFCFC6EB0764782500010002D8,0.6,Yes,phone,0.0,stationary,False
2159767,ANCHOR_01,52:06:26:03:01:DA,-76,MFG_4C000215FDA50693A4E24FB1AFCFC6EB0764782500010002D8,0.6,Yes,phone,0.0,stationary,False
2160777,ANCHOR_01,52:06:26:03:01:DA,-62,MFG_4C000215FDA50693A4E24FB1AFCFC6EB0764782500010002D8,0.6,Yes,phone,0.0,stationary,False
2161777,ANCHOR_01,52:06:26:03:01:DA,-62,MFG_4C000215FDA50693A4E24FB1AFCFC6EB0764782500010002D8,0.6,Yes,phone,0.0,stationary,False
2162797,ANCHOR_01,52:06:26:03:01:DA,-61,MFG_4C000215FDA50693A4E24FB1AFCFC6EB0764782500010002D8,0.6,Yes,phone,0.0,stationary,False
2163787,ANCHOR_01,52:06:26:03:01:DA,-62,MFG_4C000215FDA50693A4E24FB1AFCFC6EB0764782500010002D8,0.6,Yes,phone,0.0,stationary,False
2164807,ANCHOR_01,52:06:26:03:01:DA,-77,MFG_4C000215FDA50693A4E24FB1AFCFC6EB0764782500010002D8,0.6,Yes,phone,0.0,stationary,False
2165797,ANCHOR_01,52:06:26:03:01:DA,-77,MFG_4C000215FDA50693A4E24FB1AFCFC6EB0764782500010002D8,0.6,Yes,phone,0.0,stationary,False
2166807,ANCHOR_01,52:06:26:03:01:DA,-62,MFG_4C000215FDA50693A4E24FB1AFCFC6EB0764782500010002D8,0.6,Yes,phone,0.0,stationary,False
2167797,ANCHOR_01,52:06:26:03:01:DA,-62,MFG_4C000215FDA50693A4E24FB1AFCFC6EB0764782500010002D8,0.6,Yes,phone,0.0,stationary,False
2168817,ANCHOR_01,52:06:26:03:01:DA,-61,MFG_4C000215FDA50693A4E24FB1AFCFC6EB0764782500010002D8,0.6,Yes,phone,0.0,stationary,False
2169817,ANCHOR_01,52:06:26:03:01:DA,-61,MFG_4C000215FDA50693A4E24FB1AFCFC6EB0764782500010002D8,0.6,Yes,phone,0.0,stationary,False
2170817,ANCHOR_01,52:06:26:03:01:DA,-76,MFG_4C000215FDA50693A4E24FB1AFCFC6EB0764782500010002D8,0.6,Yes,phone,0.0,stationary,False
2171827,ANCHOR_01,52:06:26:03:01:DA,-76,MFG_4C000215FDA50693A4E24FB1AFCFC6EB0764782500010002D8,0.6,Yes,phone,0.0,stationary,False
2172837,ANCHOR_01,52:06:26:03:01:DA,-62,MFG_4C000215FDA50693A4E24FB1AFCFC6EB0764782500010002D8,0.6,Yes,phone,0.0,stationary,False
2173837,ANCHOR_01,52:06:26:03:01:DA,-62,MFG_4C000215FDA50693A4E24FB1AFCFC6EB0764782500010002D8,0.6,Yes,phone,0.0,stationary,False
2174857,ANCHOR_01,52:06:26:03:01:DA,-62,MFG_4C000215FDA50693A4E24FB1AFCFC6EB0764782500010002D8,0.6,Yes,phone,0.0,stationary,False
2175847,ANCHOR_01,52:06:26:03:01:DA,-61,MFG_4C000215FDA50693A4E24FB1AFCFC6EB0764782500010002D8,0.6,Yes,phone,0.0,stationary,False
2176867,ANCHOR_01,52:06:26:03:01:DA,-76,MFG_4C000215FDA50693A4E24FB1AFCFC6EB0764782500010002D8,0.6,Yes,phone,0.0,stationary,False
2177857,ANCHOR_01,52:06:26:03:01:DA,-75,MFG_4C000215FDA50693A4E24FB1AFCFC6EB0764782500010002D8,0.6,Yes,phone,0.0,stationary,False
2178867,ANCHOR_01,52:06:26:03:01:DA,-62,MFG_4C000215FDA50693A4E24FB1AFCFC6EB0764782500010002D8,0.6,Yes,phone,0.0,stationary,False
2179867,ANCHOR_01,52:06:26:03:01:DA,-62,MFG_4C000215FDA50693A4E24FB1AFCFC6EB0764782500010002D8,0.6,Yes,phone,0.0,stationary,False
2180887,ANCHOR_01,52:06:26:03:01:DA,-62,MFG_4C000215FDA50693A4E24FB1AFCFC6EB0764782500010002D8,0.6,Yes,phone,0.0,stationary,False
2181877,ANCHOR_01,52:06:26:03:01:DA,-62,MFG_4C000215FDA50693A4E24FB1AFCFC6EB0764782500010002D8,0.6,Yes,phone,0.0,stationary,False
2182897,ANCHOR_01,52:06:26:03:01:DA,-73,MFG_4C000215FDA50693A4E24FB1AFCFC6EB0764782500010002D8,0.6,Yes,phone,0.0,stationary,False
2183887,ANCHOR_01,52:06:26:03:01:DA,-73,MFG_4C000215FDA50693A4E24FB1AFCFC6EB0764782500010002D8,0.6,Yes,phone,0.0,stationary,False
2184887,ANCHOR_01,52:06:26:03:01:DA,-62,MFG_4C000215FDA50693A4E24FB1AFCFC6EB0764782500010002D8,0.6,Yes,phone,0.0,stationary,False
2185887,ANCHOR_01,52:06:26:03:01:DA,-62,MFG_4C000215FDA50693A4E24FB1AFCFC6EB0764782500010002D8,0.6,Yes,phone,0.0,stationary,False
2186917,ANCHOR_01,52:06:26:03:01:DA,-62,MFG_4C000215FDA50693A4E24FB1AFCFC6EB0764782500010002D8,0.6,Yes,phone,0.0,stationary,False
2187897,ANCHOR_01,52:06:26:03:01:DA,-62,MFG_4C000215FDA50693A4E24FB1AFCFC6EB0764782500010002D8,0.6,Yes,phone,0.0,stationary,False
2189917,ANCHOR_01,52:06:26:03:01:DA,-74,MFG_4C000215FDA50693A4E24FB1AFCFC6EB0764782500010002D8,0.6,Yes,phone,0.0,stationary,False
2190927,ANCHOR_01,52:06:26:03:01:DA,-62,MFG_4C000215FDA50693A4E24FB1AFCFC6EB0764782500010002D8,0.6,Yes,phone,0.0,stationary,False
2191927,ANCHOR_01,52:06:26:03:01:DA,-62,MFG_4C000215FDA50693A4E24FB1AFCFC6EB0764782500010002D8,0.6,Yes,phone,0.0,stationary,False
2192947,ANCHOR_01,52:06:26:03:01:DA,-62,MFG_4C000215FDA50693A4E24FB1AFCFC6EB0764782500010002D8,0.6,Yes,phone,0.0,stationary,False
2193937,ANCHOR_01,52:06:26:03:01:DA,-62,MFG_4C000215FDA50693A4E24FB1AFCFC6EB0764782500010002D8,0.6,Yes,phone,0.0,stationary,False
2194927,ANCHOR_01,52:06:26:03:01:DA,-62,MFG_4C000215FDA50693A4E24FB1AFCFC6EB0764782500010002D8,0.6,Yes,phone,0.0,stationary,False
2195937,ANCHOR_01,52:06:26:03:01:DA,-74,MFG_4C000215FDA50693A4E24FB1AFCFC6EB0764782500010002D8,0.6,Yes,phone,0.0,stationary,False
2197957,ANCHOR_01,52:06:26:03:01:DA,-63,MFG_4C000215FDA50693A4E24FB1AFCFC6EB0764782500010002D8,0.6,Yes,phone,0.0,stationary,False
2198977,ANCHOR_01,52:06:26:03:01:DA,-62,MFG_4C000215FDA50693A4E24FB1AFCFC6EB0764782500010002D8,0.6,Yes,phone,0.0,stationary,False
2200977,ANCHOR_01,52:06:26:03:01:DA,-71,MFG_4C000215FDA50693A4E24FB1AFCFC6EB0764782500010002D8,0.6,Yes,phone,0.0,stationary,False
2202997,ANCHOR_01,52:06:26:03:01:DA,-60,MFG_4C000215FDA50693A4E24FB1AFCFC6EB0764782500010002D8,0.6,Yes,phone,0.0,stationary,False
2203987,ANCHOR_01,52:06:26:03:01:DA,-61,MFG_4C000215FDA50693A4E24FB1AFCFC6EB0764782500010002D8,0.6,Yes,phone,0.0,stationary,False
2204997,ANCHOR_01,52:06:26:03:01:DA,-60,MFG_4C000215FDA50693A4E24FB1AFCFC6EB0764782500010002D8,0.6,Yes,phone,0.0,stationary,False
2205987,ANCHOR_01,52:06:26:03:01:DA,-60,MFG_4C000215FDA50693A4E24FB1AFCFC6EB0764782500010002D8,0.6,Yes,phone,0.0,stationary,False
2207997,ANCHOR_01,52:06:26:03:01:DA,-70,MFG_4C000215FDA50693A4E24FB1AFCFC6EB0764782500010002D8,0.6,Yes,phone,0.0,stationary,False
2209007,ANCHOR_01,52:06:26:03:01:DA,-61,MFG_4C000215FDA50693A4E24FB1AFCFC6EB0764782500010002D8,0.6,Yes,phone,0.0,stationary,False
2210017,ANCHOR_01,52:06:26:03:01:DA,-61,MFG_4C000215FDA50693A4E24FB1AFCFC6EB0764782500010002D8,0.6,Yes,phone,0.0,stationary,False
2211007,ANCHOR_01,52:06:26:03:01:DA,-60,MFG_4C000215FDA50693A4E24FB1AFCFC6EB0764782500010002D8,0.6,Yes,phone,0.0,stationary,False
2212027,ANCHOR_01,52:06:26:03:01:DA,-60,MFG_4C000215FDA50693A4E24FB1AFCFC6EB0764782500010002D8,0.6,Yes,phone,0.0,stationary,False
2214037,ANCHOR_01,52:06:26:03:01:DA,-73,MFG_4C000215FDA50693A4E24FB1AFCFC6EB0764782500010002D8,0.6,Yes,phone,0.0,stationary,False
2215027,ANCHOR_01,52:06:26:03:01:DA,-73,MFG_4C000215FDA50693A4E24FB1AFCFC6EB0764782500010002D8,0.6,Yes,phone,0.0,stationary,False
2216047,ANCHOR_01,52:06:26:03:01:DA,-61,MFG_4C000215FDA50693A4E24FB1AFCFC6EB0764782500010002D8,0.6,Yes,phone,0.0,stationary,False
2217037,ANCHOR_01,52:06:26:03:01:DA,-61,MFG_4C000215FDA50693A4E24FB1AFCFC6EB0764782500010002D8,0.6,Yes,phone,0.0,stationary,False
2218057,ANCHOR_01,52:06:26:03:01:DA,-59,MFG_4C000215FDA50693A4E24FB1AFCFC6EB0764782500010002D8,0.6,Yes,phone,0.0,stationary,False
2220057,ANCHOR_01,52:06:26:03:01:DA,-68,MFG_4C000215FDA50693A4E24FB1AFCFC6EB0764782500010002D8,0.6,Yes,phone,0.0,stationary,False
2221057,ANCHOR_01,52:06:26:03:01:DA,-71,MFG_4C000215FDA50693A4E24FB1AFCFC6EB0764782500010002D8,0.6,Yes,phone,0.0,stationary,False
2222077,ANCHOR_01,52:06:26:03:01:DA,-60,MFG_4C000215FDA50693A4E24FB1AFCFC6EB0764782500010002D8,0.6,Yes,phone,0.0,stationary,False
2223077,ANCHOR_01,52:06:26:03:01:DA,-61,MFG_4C000215FDA50693A4E24FB1AFCFC6EB0764782500010002D8,0.6,Yes,phone,0.0,stationary,False
2224077,ANCHOR_01,52:06:26:03:01:DA,-61,MFG_4C000215FDA50693A4E24FB1AFCFC6EB0764782500010002D8,0.6,Yes,phone,0.0,stationary,False
2225077,ANCHOR_01,52:06:26:03:01:DA,-61,MFG_4C000215FDA50693A4E24FB1AFCFC6EB0764782500010002D8,0.6,Yes,phone,0.0,stationary,False
2226077,ANCHOR_01,52:06:26:03:01:DA,-67,MFG_4C000215FDA50693A4E24FB1AFCFC6EB0764782500010002D8,0.6,Yes,phone,0.0,stationary,False
2227087,ANCHOR_01,52:06:26:03:01:DA,-69,MFG_4C000215FDA50693A4E24FB1AFCFC6EB0764782500010002D8,0.6,Yes,phone,0.0,stationary,False
2228107,ANCHOR_01,52:06:26:03:01:DA,-61,MFG_4C000215FDA50693A4E24FB1AFCFC6EB0764782500010002D8,0.6,Yes,phone,0.0,stationary,False
2229097,ANCHOR_01,52:06:26:03:01:DA,-61,MFG_4C000215FDA50693A4E24FB1AFCFC6EB0764782500010002D8,0.6,Yes,phone,0.0,stationary,False
2230107,ANCHOR_01,52:06:26:03:01:DA,-61,MFG_4C000215FDA50693A4E24FB1AFCFC6EB0764782500010002D8,0.6,Yes,phone,0.0,stationary,False
2231107,ANCHOR_01,52:06:26:03:01:DA,-60,MFG_4C000215FDA50693A4E24FB1AFCFC6EB0764782500010002D8,0.6,Yes,phone,0.0,stationary,False
2232127,ANCHOR_01,52:06:26:03:01:DA,-69,MFG_4C000215FDA50693A4E24FB1AFCFC6EB0764782500010002D8,0.6,Yes,phone,0.0,stationary,False
2233117,ANCHOR_01,52:06:26:03:01:DA,-69,MFG_4C000215FDA50693A4E24FB1AFCFC6EB0764782500010002D8,0.6,Yes,phone,0.0,stationary,False
2234137,ANCHOR_01,52:06:26:03:01:DA,-61,MFG_4C000215FDA50693A4E24FB1AFCFC6EB0764782500010002D8,0.6,Yes,phone,0.0,stationary,False
2235127,ANCHOR_01,52:06:26:03:01:DA,-60,MFG_4C000215FDA50693A4E24FB1AFCFC6EB0764782500010002D8,0.6,Yes,phone,0.0,stationary,False
2236147,ANCHOR_01,52:06:26:03:01:DA,-59,MFG_4C000215FDA50693A4E24FB1AFCFC6EB0764782500010002D8,0.6,Yes,phone,0.0,stationary,False
2237137,ANCHOR_01,52:06:26:03:01:DA,-61,MFG_4C000215FDA50693A4E24FB1AFCFC6EB0764782500010002D8,0.6,Yes,phone,0.0,stationary,False
2239147,ANCHOR_01,52:06:26:03:01:DA,-68,MFG_4C000215FDA50693A4E24FB1AFCFC6EB0764782500010002D8,0.6,Yes,phone,0.0,stationary,False
2241157,ANCHOR_01,52:06:26:03:01:DA,-60,MFG_4C000215FDA50693A4E24FB1AFCFC6EB0764782500010002D8,0.6,Yes,phone,0.0,stationary,False
2242177,ANCHOR_01,52:06:26:03:01:DA,-60,MFG_4C000215FDA50693A4E24FB1AFCFC6EB0764782500010002D8,0.6,Yes,phone,0.0,stationary,False
2243157,ANCHOR_01,52:06:26:03:01:DA,-61,MFG_4C000215FDA50693A4E24FB1AFCFC6EB0764782500010002D8,0.6,Yes,phone,0.0,stationary,False
2244157,ANCHOR_01,52:06:26:03:01:DA,-61,MFG_4C000215FDA50693A4E24FB1AFCFC6EB0764782500010002D8,0.6,Yes,phone,0.0,stationary,False
2245177,ANCHOR_01,52:06:26:03:01:DA,-69,MFG_4C000215FDA50693A4E24FB1AFCFC6EB0764782500010002D8,0.6,Yes,phone,0.0,stationary,False
2246167,ANCHOR_01,52:06:26:03:01:DA,-68,MFG_4C000215FDA50693A4E24FB1AFCFC6EB0764782500010002D8,0.6,Yes,phone,0.0,stationary,False
2247177,ANCHOR_01,52:06:26:03:01:DA,-61,MFG_4C000215FDA50693A4E24FB1AFCFC6EB0764782500010002D8,0.6,Yes,phone,0.0,stationary,False
2249197,ANCHOR_01,52:06:26:03:01:DA,-60,MFG_4C000215FDA50693A4E24FB1AFCFC6EB0764782500010002D8,0.6,Yes,phone,0.0,stationary,False
2251207,ANCHOR_01,52:06:26:03:01:DA,-67,MFG_4C000215FDA50693A4E24FB1AFCFC6EB0764782500010002D8,0.6,Yes,phone,0.0,stationary,False
2252207,ANCHOR_01,52:06:26:03:01:DA,-60,MFG_4C000215FDA50693A4E24FB1AFCFC6EB0764782500010002D8,0.6,Yes,phone,0.0,stationary,False
2253207,ANCHOR_01,52:06:26:03:01:DA,-60,MFG_4C000215FDA50693A4E24FB1AFCFC6EB0764782500010002D8,0.6,Yes,phone,0.0,stationary,False
2255217,ANCHOR_01,52:06:26:03:01:DA,-60,MFG_4C000215FDA50693A4E24FB1AFCFC6EB0764782500010002D8,0.6,Yes,phone,0.0,stationary,False
2256217,ANCHOR_01,52:06:26:03:01:DA,-60,MFG_4C000215FDA50693A4E24FB1AFCFC6EB0764782500010002D8,0.6,Yes,phone,0.0,stationary,False
2257237,ANCHOR_01,52:06:26:03:01:DA,-69,MFG_4C000215FDA50693A4E24FB1AFCFC6EB0764782500010002D8,0.6,Yes,phone,0.0,stationary,False
2258217,ANCHOR_01,52:06:26:03:01:DA,-69,MFG_4C000215FDA50693A4E24FB1AFCFC6EB0764782500010002D8,0.6,Yes,phone,0.0,stationary,False
2259227,ANCHOR_01,52:06:26:03:01:DA,-60,MFG_4C000215FDA50693A4E24FB1AFCFC6EB0764782500010002D8,0.6,Yes,phone,0.0,stationary,False
2260237,ANCHOR_01,52:06:26:03:01:DA,-61,MFG_4C000215FDA50693A4E24FB1AFCFC6EB0764782500010002D8,0.6,Yes,phone,0.0,stationary,False
2262247,ANCHOR_01,52:06:26:03:01:DA,-60,MFG_4C000215FDA50693A4E24FB1AFCFC6EB0764782500010002D8,0.6,Yes,phone,0.0,stationary,False
2263257,ANCHOR_01,52:06:26:03:01:DA,-69,MFG_4C000215FDA50693A4E24FB1AFCFC6EB0764782500010002D8,0.6,Yes,phone,0.0,stationary,False
2264257,ANCHOR_01,52:06:26:03:01:DA,-69,MFG_4C000215FDA50693A4E24FB1AFCFC6EB0764782500010002D8,0.6,Yes,phone,0.0,stationary,False
2265277,ANCHOR_01,52:06:26:03:01:DA,-61,MFG_4C000215FDA50693A4E24FB1AFCFC6EB0764782500010002D8,0.6,Yes,phone,0.0,stationary,False
2266297,ANCHOR_01,52:06:26:03:01:DA,-60,MFG_4C000215FDA50693A4E24FB1AFCFC6EB0764782500010002D8,0.6,Yes,phone,0.0,stationary,False
2270297,ANCHOR_01,52:06:26:03:01:DA,-60,MFG_4C000215FDA50693A4E24FB1AFCFC6EB0764782500010002D8,0.6,Yes,phone,0.0,stationary,False
2271307,ANCHOR_01,52:06:26:03:01:DA,-61,MFG_4C000215FDA50693A4E24FB1AFCFC6EB0764782500010002D8,0.6,Yes,phone,0.0,stationary,False
2272327,ANCHOR_01,52:06:26:03:01:DA,-59,MFG_4C000215FDA50693A4E24FB1AFCFC6EB0764782500010002D8,0.6,Yes,phone,0.0,stationary,False
2273317,ANCHOR_01,52:06:26:03:01:DA,-59,MFG_4C000215FDA50693A4E24FB1AFCFC6EB0764782500010002D8,0.6,Yes,phone,0.0,stationary,False
2274327,ANCHOR_01,52:06:26:03:01:DA,-69,MFG_4C000215FDA50693A4E24FB1AFCFC6EB0764782500010002D8,0.6,Yes,phone,0.0,stationary,False
2275337,ANCHOR_01,52:06:26:03:01:DA,-61,MFG_4C000215FDA50693A4E24FB1AFCFC6EB0764782500010002D8,0.6,Yes,phone,0.0,stationary,False
2276337,ANCHOR_01,52:06:26:03:01:DA,-60,MFG_4C000215FDA50693A4E24FB1AFCFC6EB0764782500010002D8,0.6,Yes,phone,0.0,stationary,False
2277367,ANCHOR_01,52:06:26:03:01:DA,-60,MFG_4C000215FDA50693A4E24FB1AFCFC6EB0764782500010002D8,0.6,Yes,phone,0.0,stationary,False
2278357,ANCHOR_01,52:06:26:03:01:DA,-59,MFG_4C000215FDA50693A4E24FB1AFCFC6EB0764782500010002D8,0.6,Yes,phone,0.0,stationary,False
2280357,ANCHOR_01,52:06:26:03:01:DA,-68,MFG_4C000215FDA50693A4E24FB1AFCFC6EB0764782500010002D8,0.6,Yes,phone,0.0,stationary,False
2282377,ANCHOR_01,52:06:26:03:01:DA,-60,MFG_4C000215FDA50693A4E24FB1AFCFC6EB0764782500010002D8,0.6,Yes,phone,0.0,stationary,False
2283367,ANCHOR_01,52:06:26:03:01:DA,-60,MFG_4C000215FDA50693A4E24FB1AFCFC6EB0764782500010002D8,0.6,Yes,phone,0.0,stationary,False
2284377,ANCHOR_01,52:06:26:03:01:DA,-60,MFG_4C000215FDA50693A4E24FB1AFCFC6EB0764782500010002D8,0.6,Yes,phone,0.0,stationary,False
2285377,ANCHOR_01,52:06:26:03:01:DA,-61,MFG_4C000215FDA50693A4E24FB1AFCFC6EB0764782500010002D8,0.6,Yes,phone,0.0,stationary,False
2286387,ANCHOR_01,52:06:26:03:01:DA,-69,MFG_4C000215FDA50693A4E24FB1AFCFC6EB0764782500010002D8,0.6,Yes,phone,0.0,stationary,False
2288407,ANCHOR_01,52:06:26:03:01:DA,-60,MFG_4C000215FDA50693A4E24FB1AFCFC6EB0764782500010002D8,0.6,Yes,phone,0.0,stationary,False
2289397,ANCHOR_01,52:06:26:03:01:DA,-61,MFG_4C000215FDA50693A4E24FB1AFCFC6EB0764782500010002D8,0.6,Yes,phone,0.0,stationary,False
2290407,ANCHOR_01,52:06:26:03:01:DA,-61,MFG_4C000215FDA50693A4E24FB1AFCFC6EB0764782500010002D8,0.6,Yes,phone,0.0,stationary,False
2291407,ANCHOR_01,52:06:26:03:01:DA,-60,MFG_4C000215FDA50693A4E24FB1AFCFC6EB0764782500010002D8,0.6,Yes,phone,0.0,stationary,False
2293417,ANCHOR_01,52:06:26:03:01:DA,-72,MFG_4C000215FDA50693A4E24FB1AFCFC6EB0764782500010002D8,0.6,Yes,phone,0.0,stationary,False
2294417,ANCHOR_01,52:06:26:03:01:DA,-60,MFG_4C000215FDA50693A4E24FB1AFCFC6EB0764782500010002D8,0.6,Yes,phone,0.0,stationary,False
2295427,ANCHOR_01,52:06:26:03:01:DA,-61,MFG_4C000215FDA50693A4E24FB1AFCFC6EB0764782500010002D8,0.6,Yes,phone,0.0,stationary,False
2299447,ANCHOR_01,52:06:26:03:01:DA,-70,MFG_4C000215FDA50693A4E24FB1AFCFC6EB0764782500010002D8,0.6,Yes,phone,0.0,stationary,False
2300467,ANCHOR_01,52:06:26:03:01:DA,-61,MFG_4C000215FDA50693A4E24FB1AFCFC6EB0764782500010002D8,0.6,Yes,phone,0.0,stationary,False
2301447,ANCHOR_01,52:06:26:03:01:DA,-60,MFG_4C000215FDA50693A4E24FB1AFCFC6EB0764782500010002D8,0.6,Yes,phone,0.0,stationary,False
2302457,ANCHOR_01,52:06:26:03:01:DA,-60,MFG_4C000215FDA50693A4E24FB1AFCFC6EB0764782500010002D8,0.6,Yes,phone,0.0,stationary,False
2303457,ANCHOR_01,52:06:26:03:01:DA,-60,MFG_4C000215FDA50693A4E24FB1AFCFC6EB0764782500010002D8,0.6,Yes,phone,0.0,stationary,False
2304467,ANCHOR_01,52:06:26:03:01:DA,-72,MFG_4C000215FDA50693A4E24FB1AFCFC6EB0764782500010002D8,0.6,Yes,phone,0.0,stationary,False
2305477,ANCHOR_01,52:06:26:03:01:DA,-72,MFG_4C000215FDA50693A4E24FB1AFCFC6EB0764782500010002D8,0.6,Yes,phone,0.0,stationary,False
2306467,ANCHOR_01,52:06:26:03:01:DA,-71,MFG_4C000215FDA50693A4E24FB1AFCFC6EB0764782500010002D8,0.6,Yes,phone,0.0,stationary,False
2307487,ANCHOR_01,52:06:26:03:01:DA,-60,MFG_4C000215FDA50693A4E24FB1AFCFC6EB0764782500010002D8,0.6,Yes,phone,0.0,stationary,False
2308477,ANCHOR_01,52:06:26:03:01:DA,-61,MFG_4C000215FDA50693A4E24FB1AFCFC6EB0764782500010002D8,0.6,Yes,phone,0.0,stationary,False
2309497,ANCHOR_01,52:06:26:03:01:DA,-59,MFG_4C000215FDA50693A4E24FB1AFCFC6EB0764782500010002D8,0.6,Yes,phone,0.0,stationary,False
2310487,ANCHOR_01,52:06:26:03:01:DA,-59,MFG_4C000215FDA50693A4E24FB1AFCFC6EB0764782500010002D8,0.6,Yes,phone,0.0,stationary,False
2311497,ANCHOR_01,52:06:26:03:01:DA,-70,MFG_4C000215FDA50693A4E24FB1AFCFC6EB0764782500010002D8,0.6,Yes,phone,0.0,stationary,False
2312487,ANCHOR_01,52:06:26:03:01:DA,-70,MFG_4C000215FDA50693A4E24FB1AFCFC6EB0764782500010002D8,0.6,Yes,phone,0.0,stationary,False
2313507,ANCHOR_01,52:06:26:03:01:DA,-61,MFG_4C000215FDA50693A4E24FB1AFCFC6EB0764782500010002D8,0.6,Yes,phone,0.0,stationary,False
2314507,ANCHOR_01,52:06:26:03:01:DA,-61,MFG_4C000215FDA50693A4E24FB1AFCFC6EB0764782500010002D8,0.6,Yes,phone,0.0,stationary,False
2315527,ANCHOR_01,52:06:26:03:01:DA,-59,MFG_4C000215FDA50693A4E24FB1AFCFC6EB0764782500010002D8,0.6,Yes,phone,0.0,stationary,False
2316517,ANCHOR_01,52:06:26:03:01:DA,-60,MFG_4C000215FDA50693A4E24FB1AFCFC6EB0764782500010002D8,0.6,Yes,phone,0.0,stationary,False
2317527,ANCHOR_01,52:06:26:03:01:DA,-72,MFG_4C000215FDA50693A4E24FB1AFCFC6EB0764782500010002D8,0.6,Yes,phone,0.0,stationary,False
2318517,ANCHOR_01,52:06:26:03:01:DA,-73,MFG_4C000215FDA50693A4E24FB1AFCFC6EB0764782500010002D8,0.6,Yes,phone,0.0,stationary,False
2320527,ANCHOR_01,52:06:26:03:01:DA,-61,MFG_4C000215FDA50693A4E24FB1AFCFC6EB0764782500010002D8,0.6,Yes,phone,0.0,stationary,False
2322547,ANCHOR_01,52:06:26:03:01:DA,-59,MFG_4C000215FDA50693A4E24FB1AFCFC6EB0764782500010002D8,0.6,Yes,phone,0.0,stationary,False
2324547,ANCHOR_01,52:06:26:03:01:DA,-72,MFG_4C000215FDA50693A4E24FB1AFCFC6EB0764782500010002D8,0.6,Yes,phone,0.0,stationary,False
2325557,ANCHOR_01,52:06:26:03:01:DA,-70,MFG_4C000215FDA50693A4E24FB1AFCFC6EB0764782500010002D8,0.6,Yes,phone,0.0,stationary,False
2326567,ANCHOR_01,52:06:26:03:01:DA,-60,MFG_4C000215FDA50693A4E24FB1AFCFC6EB0764782500010002D8,0.6,Yes,phone,0.0,stationary,False
2327557,ANCHOR_01,52:06:26:03:01:DA,-60,MFG_4C000215FDA50693A4E24FB1AFCFC6EB0764782500010002D8,0.6,Yes,phone,0.0,stationary,False
2328557,ANCHOR_01,52:06:26:03:01:DA,-58,MFG_4C000215FDA50693A4E24FB1AFCFC6EB0764782500010002D8,0.6,Yes,phone,0.0,stationary,False
2329567,ANCHOR_01,52:06:26:03:01:DA,-60,MFG_4C000215FDA50693A4E24FB1AFCFC6EB0764782500010002D8,0.6,Yes,phone,0.0,stationary,False
2331577,ANCHOR_01,52:06:26:03:01:DA,-71,MFG_4C000215FDA50693A4E24FB1AFCFC6EB0764782500010002D8,0.6,Yes,phone,0.0,stationary,False
2332567,ANCHOR_01,52:06:26:03:01:DA,-71,MFG_4C000215FDA50693A4E24FB1AFCFC6EB0764782500010002D8,0.6,Yes,phone,0.0,stationary,False
2335587,ANCHOR_01,52:06:26:03:01:DA,-61,MFG_4C000215FDA50693A4E24FB1AFCFC6EB0764782500010002D8,0.6,Yes,phone,0.0,stationary,False
2337607,ANCHOR_01,52:06:26:03:01:DA,-68,MFG_4C000215FDA50693A4E24FB1AFCFC6EB0764782500010002D8,0.6,Yes,phone,0.0,stationary,False
2339607,ANCHOR_01,52:06:26:03:01:DA,-61,MFG_4C000215FDA50693A4E24FB1AFCFC6EB0764782500010002D8,0.6,Yes,phone,0.0,stationary,False
2340607,ANCHOR_01,52:06:26:03:01:DA,-61,MFG_4C000215FDA50693A4E24FB1AFCFC6EB0764782500010002D8,0.6,Yes,phone,0.0,stationary,False
2341627,ANCHOR_01,52:06:26:03:01:DA,-60,MFG_4C000215FDA50693A4E24FB1AFCFC6EB0764782500010002D8,0.6,Yes,phone,0.0,stationary,False
2342607,ANCHOR_01,52:06:26:03:01:DA,-61,MFG_4C000215FDA50693A4E24FB1AFCFC6EB0764782500010002D8,0.6,Yes,phone,0.0,stationary,False
2343637,ANCHOR_01,52:06:26:03:01:DA,-69,MFG_4C000215FDA50693A4E24FB1AFCFC6EB0764782500010002D8,0.6,Yes,phone,0.0,stationary,False
2344627,ANCHOR_01,52:06:26:03:01:DA,-67,MFG_4C000215FDA50693A4E24FB1AFCFC6EB0764782500010002D8,0.6,Yes,phone,0.0,stationary,False
2345647,ANCHOR_01,52:06:26:03:01:DA,-61,MFG_4C000215FDA50693A4E24FB1AFCFC6EB0764782500010002D8,0.6,Yes,phone,0.0,stationary,False
2346637,ANCHOR_01,52:06:26:03:01:DA,-61,MFG_4C000215FDA50693A4E24FB1AFCFC6EB0764782500010002D8,0.6,Yes,phone,0.0,stationary,False
2347647,ANCHOR_01,52:06:26:03:01:DA,-60,MFG_4C000215FDA50693A4E24FB1AFCFC6EB0764782500010002D8,0.6,Yes,phone,0.0,stationary,False
2348637,ANCHOR_01,52:06:26:03:01:DA,-60,MFG_4C000215FDA50693A4E24FB1AFCFC6EB0764782500010002D8,0.6,Yes,phone,0.0,stationary,False
2350647,ANCHOR_01,52:06:26:03:01:DA,-67,MFG_4C000215FDA50693A4E24FB1AFCFC6EB0764782500010002D8,0.6,Yes,phone,0.0,stationary,False
2352657,ANCHOR_01,52:06:26:03:01:DA,-61,MFG_4C000215FDA50693A4E24FB1AFCFC6EB0764782500010002D8,0.6,Yes,phone,0.0,stationary,False
2353657,ANCHOR_01,52:06:26:03:01:DA,-61,MFG_4C000215FDA50693A4E24FB1AFCFC6EB0764782500010002D8,0.6,Yes,phone,0.0,stationary,False
2354657,ANCHOR_01,52:06:26:03:01:DA,-60,MFG_4C000215FDA50693A4E24FB1AFCFC6EB0764782500010002D8,0.6,Yes,phone,0.0,stationary,False
2355667,ANCHOR_01,52:06:26:03:01:DA,-60,MFG_4C000215FDA50693A4E24FB1AFCFC6EB0764782500010002D8,0.6,Yes,phone,0.0,stationary,False
2357677,ANCHOR_01,52:06:26:03:01:DA,-69,MFG_4C000215FDA50693A4E24FB1AFCFC6EB0764782500010002D8,0.6,Yes,phone,0.0,stationary,False
2358697,ANCHOR_01,52:06:26:03:01:DA,-62,MFG_4C000215FDA50693A4E24FB1AFCFC6EB0764782500010002D8,0.6,Yes,phone,0.0,stationary,False
2359677,ANCHOR_01,52:06:26:03:01:DA,-62,MFG_4C000215FDA50693A4E24FB1AFCFC6EB0764782500010002D8,0.6,Yes,phone,0.0,stationary,False
2361697,ANCHOR_01,52:06:26:03:01:DA,-60,MFG_4C000215FDA50693A4E24FB1AFCFC6EB0764782500010002D8,0.6,Yes,phone,0.0,stationary,False
2362687,ANCHOR_01,52:06:26:03:01:DA,-59,MFG_4C000215FDA50693A4E24FB1AFCFC6EB0764782500010002D8,0.6,Yes,phone,0.0,stationary,False
2363707,ANCHOR_01,52:06:26:03:01:DA,-68,MFG_4C000215FDA50693A4E24FB1AFCFC6EB0764782500010002D8,0.6,Yes,phone,0.0,stationary,False
2364687,ANCHOR_01,52:06:26:03:01:DA,-69,MFG_4C000215FDA50693A4E24FB1AFCFC6EB0764782500010002D8,0.6,Yes,phone,0.0,stationary,False
2365717,ANCHOR_01,52:06:26:03:01:DA,-62,MFG_4C000215FDA50693A4E24FB1AFCFC6EB0764782500010002D8,0.6,Yes,phone,0.0,stationary,False
2366707,ANCHOR_01,52:06:26:03:01:DA,-62,MFG_4C000215FDA50693A4E24FB1AFCFC6EB0764782500010002D8,0.6,Yes,phone,0.0,stationary,False
2367727,ANCHOR_01,52:06:26:03:01:DA,-60,MFG_4C000215FDA50693A4E24FB1AFCFC6EB0764782500010002D8,0.6,Yes,phone,0.0,stationary,False
2368717,ANCHOR_01,52:06:26:03:01:DA,-59,MFG_4C000215FDA50693A4E24FB1AFCFC6EB0764782500010002D8,0.6,Yes,phone,0.0,stationary,False
2369717,ANCHOR_01,52:06:26:03:01:DA,-69,MFG_4C000215FDA50693A4E24FB1AFCFC6EB0764782500010002D8,0.6,Yes,phone,0.0,stationary,False
2370727,ANCHOR_01,52:06:26:03:01:DA,-68,MFG_4C000215FDA50693A4E24FB1AFCFC6EB0764782500010002D8,0.6,Yes,phone,0.0,stationary,False
2371747,ANCHOR_01,52:06:26:03:01:DA,-62,MFG_4C000215FDA50693A4E24FB1AFCFC6EB0764782500010002D8,0.6,Yes,phone,0.0,stationary,False
2372737,ANCHOR_01,52:06:26:03:01:DA,-62,MFG_4C000215FDA50693A4E24FB1AFCFC6EB0764782500010002D8,0.6,Yes,phone,0.0,stationary,False
2374747,ANCHOR_01,52:06:26:03:01:DA,-60,MFG_4C000215FDA50693A4E24FB1AFCFC6EB0764782500010002D8,0.6,Yes,phone,0.0,stationary,False
2376757,ANCHOR_01,52:06:26:03:01:DA,-69,MFG_4C000215FDA50693A4E24FB1AFCFC6EB0764782500010002D8,0.6,Yes,phone,0.0,stationary,False
2377777,ANCHOR_01,52:06:26:03:01:DA,-61,MFG_4C000215FDA50693A4E24FB1AFCFC6EB0764782500010002D8,0.6,Yes,phone,0.0,stationary,False
2378757,ANCHOR_01,52:06:26:03:01:DA,-61,MFG_4C000215FDA50693A4E24FB1AFCFC6EB0764782500010002D8,0.6,Yes,phone,0.0,stationary,False
2380777,ANCHOR_01,52:06:26:03:01:DA,-60,MFG_4C000215FDA50693A4E24FB1AFCFC6EB0764782500010002D8,0.6,Yes,phone,0.0,stationary,False
2381767,ANCHOR_01,52:06:26:03:01:DA,-58,MFG_4C000215FDA50693A4E24FB1AFCFC6EB0764782500010002D8,0.6,Yes,phone,0.0,stationary,False
2382777,ANCHOR_01,52:06:26:03:01:DA,-70,MFG_4C000215FDA50693A4E24FB1AFCFC6EB0764782500010002D8,0.6,Yes,phone,0.0,stationary,False
2383777,ANCHOR_01,52:06:26:03:01:DA,-68,MFG_4C000215FDA50693A4E24FB1AFCFC6EB0764782500010002D8,0.6,Yes,phone,0.0,stationary,False
2385787,ANCHOR_01,52:06:26:03:01:DA,-62,MFG_4C000215FDA50693A4E24FB1AFCFC6EB0764782500010002D8,0.6,Yes,phone,0.0,stationary,False
2386797,ANCHOR_01,52:06:26:03:01:DA,-59,MFG_4C000215FDA50693A4E24FB1AFCFC6EB0764782500010002D8,0.6,Yes,phone,0.0,stationary,False
2387787,ANCHOR_01,52:06:26:03:01:DA,-59,MFG_4C000215FDA50693A4E24FB1AFCFC6EB0764782500010002D8,0.6,Yes,phone,0.0,stationary,False
2388787,ANCHOR_01,52:06:26:03:01:DA,-59,MFG_4C000215FDA50693A4E24FB1AFCFC6EB0764782500010002D8,0.6,Yes,phone,0.0,stationary,False
2389787,ANCHOR_01,52:06:26:03:01:DA,-68,MFG_4C000215FDA50693A4E24FB1AFCFC6EB0764782500010002D8,0.6,Yes,phone,0.0,stationary,False
2390797,ANCHOR_01,52:06:26:03:01:DA,-68,MFG_4C000215FDA50693A4E24FB1AFCFC6EB0764782500010002D8,0.6,Yes,phone,0.0,stationary,False
2391807,ANCHOR_01,52:06:26:03:01:DA,-62,MFG_4C000215FDA50693A4E24FB1AFCFC6EB0764782500010002D8,0.6,Yes,phone,0.0,stationary,False
2392807,ANCHOR_01,52:06:26:03:01:DA,-62,MFG_4C000215FDA50693A4E24FB1AFCFC6EB0764782500010002D8,0.6,Yes,phone,0.0,stationary,False
2393827,ANCHOR_01,52:06:26:03:01:DA,-59,MFG_4C000215FDA50693A4E24FB1AFCFC6EB0764782500010002D8,0.6,Yes,phone,0.0,stationary,False
2394817,ANCHOR_01,52:06:26:03:01:DA,-58,MFG_4C000215FDA50693A4E24FB1AFCFC6EB0764782500010002D8,0.6,Yes,phone,0.0,stationary,False
2395807,ANCHOR_01,52:06:26:03:01:DA,-60,MFG_4C000215FDA50693A4E24FB1AFCFC6EB0764782500010002D8,0.6,Yes,phone,0.0,stationary,False
2396827,ANCHOR_01,52:06:26:03:01:DA,-69,MFG_4C000215FDA50693A4E24FB1AFCFC6EB0764782500010002D8,0.6,Yes,phone,0.0,stationary,False
2398837,ANCHOR_01,52:06:26:03:01:DA,-60,MFG_4C000215FDA50693A4E24FB1AFCFC6EB0764782500010002D8,0.6,Yes,phone,0.0,stationary,False
2400837,ANCHOR_01,52:06:26:03:01:DA,-60,MFG_4C000215FDA50693A4E24FB1AFCFC6EB0764782500010002D8,0.6,Yes,phone,0.0,stationary,False
2401837,ANCHOR_01,52:06:26:03:01:DA,-60,MFG_4C000215FDA50693A4E24FB1AFCFC6EB0764782500010002D8,0.6,Yes,phone,0.0,stationary,False
2402847,ANCHOR_01,52:06:26:03:01:DA,-66,MFG_4C000215FDA50693A4E24FB1AFCFC6EB0764782500010002D8,0.6,Yes,phone,0.0,stationary,False
2403837,ANCHOR_01,52:06:26:03:01:DA,-65,MFG_4C000215FDA50693A4E24FB1AFCFC6EB0764782500010002D8,0.6,Yes,phone,0.0,stationary,False
2404847,ANCHOR_01,52:06:26:03:01:DA,-61,MFG_4C000215FDA50693A4E24FB1AFCFC6EB0764782500010002D8,0.6,Yes,phone,0.0,stationary,False
2405857,ANCHOR_01,52:06:26:03:01:DA,-62,MFG_4C000215FDA50693A4E24FB1AFCFC6EB0764782500010002D8,0.6,Yes,phone,0.0,stationary,False
2406867,ANCHOR_01,52:06:26:03:01:DA,-60,MFG_4C000215FDA50693A4E24FB1AFCFC6EB0764782500010002D8,0.6,Yes,phone,0.0,stationary,False
2407867,ANCHOR_01,52:06:26:03:01:DA,-59,MFG_4C000215FDA50693A4E24FB1AFCFC6EB0764782500010002D8,0.6,Yes,phone,0.0,stationary,False
2408867,ANCHOR_01,52:06:26:03:01:DA,-66,MFG_4C000215FDA50693A4E24FB1AFCFC6EB0764782500010002D8,0.6,Yes,phone,0.0,stationary,False
2409877,ANCHOR_01,52:06:26:03:01:DA,-67,MFG_4C000215FDA50693A4E24FB1AFCFC6EB0764782500010002D8,0.6,Yes,phone,0.0,stationary,False
2410897,ANCHOR_01,52:06:26:03:01:DA,-62,MFG_4C000215FDA50693A4E24FB1AFCFC6EB0764782500010002D8,0.6,Yes,phone,0.0,stationary,False
2411887,ANCHOR_01,52:06:26:03:01:DA,-62,MFG_4C000215FDA50693A4E24FB1AFCFC6EB0764782500010002D8,0.6,Yes,phone,0.0,stationary,False
2412887,ANCHOR_01,52:06:26:03:01:DA,-60,MFG_4C000215FDA50693A4E24FB1AFCFC6EB0764782500010002D8,0.6,Yes,phone,0.0,stationary,False
2413897,ANCHOR_01,52:06:26:03:01:DA,-59,MFG_4C000215FDA50693A4E24FB1AFCFC6EB0764782500010002D8,0.6,Yes,phone,0.0,stationary,False
2414897,ANCHOR_01,52:06:26:03:01:DA,-68,MFG_4C000215FDA50693A4E24FB1AFCFC6EB0764782500010002D8,0.6,Yes,phone,0.0,stationary,False
2415897,ANCHOR_01,52:06:26:03:01:DA,-66,MFG_4C000215FDA50693A4E24FB1AFCFC6EB0764782500010002D8,0.6,Yes,phone,0.0,stationary,False
2416897,ANCHOR_01,52:06:26:03:01:DA,-67,MFG_4C000215FDA50693A4E24FB1AFCFC6EB0764782500010002D8,0.6,Yes,phone,0.0,stationary,False
2417917,ANCHOR_01,52:06:26:03:01:DA,-63,MFG_4C000215FDA50693A4E24FB1AFCFC6EB0764782500010002D8,0.6,Yes,phone,0.0,stationary,False
2418907,ANCHOR_01,52:06:26:03:01:DA,-61,MFG_4C000215FDA50693A4E24FB1AFCFC6EB0764782500010002D8,0.6,Yes,phone,0.0,stationary,False
2419927,ANCHOR_01,52:06:26:03:01:DA,-58,MFG_4C000215FDA50693A4E24FB1AFCFC6EB0764782500010002D8,0.6,Yes,phone,0.0,stationary,False
2420917,ANCHOR_01,52:06:26:03:01:DA,-59,MFG_4C000215FDA50693A4E24FB1AFCFC6EB0764782500010002D8,0.6,Yes,phone,0.0,stationary,False
2421927,ANCHOR_01,52:06:26:03:01:DA,-68,MFG_4C000215FDA50693A4E24FB1AFCFC6EB0764782500010002D8,0.6,Yes,phone,0.0,stationary,False
2422947,ANCHOR_01,52:06:26:03:01:DA,-60,MFG_4C000215FDA50693A4E24FB1AFCFC6EB0764782500010002D8,0.6,Yes,phone,0.0,stationary,False
2423937,ANCHOR_01,52:06:26:03:01:DA,-61,MFG_4C000215FDA50693A4E24FB1AFCFC6EB0764782500010002D8,0.6,Yes,phone,0.0,stationary,False
2424957,ANCHOR_01,52:06:26:03:01:DA,-58,MFG_4C000215FDA50693A4E24FB1AFCFC6EB0764782500010002D8,0.6,Yes,phone,0.0,stationary,False
2426977,ANCHOR_01,52:06:26:03:01:DA,-68,MFG_4C000215FDA50693A4E24FB1AFCFC6EB0764782500010002D8,0.6,Yes,phone,0.0,stationary,False
2428967,ANCHOR_01,52:06:26:03:01:DA,-62,MFG_4C000215FDA50693A4E24FB1AFCFC6EB0764782500010002D8,0.6,Yes,phone,0.0,stationary,False
2429977,ANCHOR_01,52:06:26:03:01:DA,-61,MFG_4C000215FDA50693A4E24FB1AFCFC6EB0764782500010002D8,0.6,Yes,phone,0.0,stationary,False
2430997,ANCHOR_01,52:06:26:03:01:DA,-59,MFG_4C000215FDA50693A4E24FB1AFCFC6EB0764782500010002D8,0.6,Yes,phone,0.0,stationary,False
2431987,ANCHOR_01,52:06:26:03:01:DA,-59,MFG_4C000215FDA50693A4E24FB1AFCFC6EB0764782500010002D8,0.6,Yes,phone,0.0,stationary,False
2432997,ANCHOR_01,52:06:26:03:01:DA,-67,MFG_4C000215FDA50693A4E24FB1AFCFC6EB0764782500010002D8,0.6,Yes,phone,0.0,stationary,False
2433997,ANCHOR_01,52:06:26:03:01:DA,-68,MFG_4C000215FDA50693A4E24FB1AFCFC6EB0764782500010002D8,0.6,Yes,phone,0.0,stationary,False
2435007,ANCHOR_01,52:06:26:03:01:DA,-60,MFG_4C000215FDA50693A4E24FB1AFCFC6EB0764782500010002D8,0.6,Yes,phone,0.0,stationary,False
2436007,ANCHOR_01,52:06:26:03:01:DA,-61,MFG_4C000215FDA50693A4E24FB1AFCFC6EB0764782500010002D8,0.6,Yes,phone,0.0,stationary,False
2437027,ANCHOR_01,52:06:26:03:01:DA,-59,MFG_4C000215FDA50693A4E24FB1AFCFC6EB0764782500010002D8,0.6,Yes,phone,0.0,stationary,False
2438017,ANCHOR_01,52:06:26:03:01:DA,-59,MFG_4C000215FDA50693A4E24FB1AFCFC6EB0764782500010002D8,0.6,Yes,phone,0.0,stationary,False
2440027,ANCHOR_01,52:06:26:03:01:DA,-69,MFG_4C000215FDA50693A4E24FB1AFCFC6EB0764782500010002D8,0.6,Yes,phone,0.0,stationary,False
2441027,ANCHOR_01,52:06:26:03:01:DA,-61,MFG_4C000215FDA50693A4E24FB1AFCFC6EB0764782500010002D8,0.6,Yes,phone,0.0,stationary,False
2442037,ANCHOR_01,52:06:26:03:01:DA,-61,MFG_4C000215FDA50693A4E24FB1AFCFC6EB0764782500010002D8,0.6,Yes,phone,0.0,stationary,False
2443057,ANCHOR_01,52:06:26:03:01:DA,-58,MFG_4C000215FDA50693A4E24FB1AFCFC6EB0764782500010002D8,0.6,Yes,phone,0.0,stationary,False
2444047,ANCHOR_01,52:06:26:03:01:DA,-58,MFG_4C000215FDA50693A4E24FB1AFCFC6EB0764782500010002D8,0.6,Yes,phone,0.0,stationary,False
2445057,ANCHOR_01,52:06:26:03:01:DA,-68,MFG_4C000215FDA50693A4E24FB1AFCFC6EB0764782500010002D8,0.6,Yes,phone,0.0,stationary,False
2447077,ANCHOR_01,52:06:26:03:01:DA,-61,MFG_4C000215FDA50693A4E24FB1AFCFC6EB0764782500010002D8,0.6,Yes,phone,0.0,stationary,False
2449087,ANCHOR_01,52:06:26:03:01:DA,-58,MFG_4C000215FDA50693A4E24FB1AFCFC6EB0764782500010002D8,0.6,Yes,phone,0.0,stationary,False
2451097,ANCHOR_01,52:06:26:03:01:DA,-69,MFG_4C000215FDA50693A4E24FB1AFCFC6EB0764782500010002D8,0.6,Yes,phone,0.0,stationary,False
2452087,ANCHOR_01,52:06:26:03:01:DA,-68,MFG_4C000215FDA50693A4E24FB1AFCFC6EB0764782500010002D8,0.6,Yes,phone,0.0,stationary,False
2453097,ANCHOR_01,52:06:26:03:01:DA,-61,MFG_4C000215FDA50693A4E24FB1AFCFC6EB0764782500010002D8,0.6,Yes,phone,0.0,stationary,False
2454097,ANCHOR_01,52:06:26:03:01:DA,-60,MFG_4C000215FDA50693A4E24FB1AFCFC6EB0764782500010002D8,0.6,Yes,phone,0.0,stationary,False
2455117,ANCHOR_01,52:06:26:03:01:DA,-58,MFG_4C000215FDA50693A4E24FB1AFCFC6EB0764782500010002D8,0.6,Yes,phone,0.0,stationary,False
2456107,ANCHOR_01,52:06:26:03:01:DA,-58,MFG_4C000215FDA50693A4E24FB1AFCFC6EB0764782500010002D8,0.6,Yes,phone,0.0,stationary,False
2457117,ANCHOR_01,52:06:26:03:01:DA,-66,MFG_4C000215FDA50693A4E24FB1AFCFC6EB0764782500010002D8,0.6,Yes,phone,0.0,stationary,False
2458117,ANCHOR_01,52:06:26:03:01:DA,-66,MFG_4C000215FDA50693A4E24FB1AFCFC6EB0764782500010002D8,0.6,Yes,phone,0.0,stationary,False
2459127,ANCHOR_01,52:06:26:03:01:DA,-60,MFG_4C000215FDA50693A4E24FB1AFCFC6EB0764782500010002D8,0.6,Yes,phone,0.0,stationary,False
2460147,ANCHOR_01,52:06:26:03:01:DA,-59,MFG_4C000215FDA50693A4E24FB1AFCFC6EB0764782500010002D8,0.6,Yes,phone,0.0,stationary,False
2461147,ANCHOR_01,52:06:26:03:01:DA,-58,MFG_4C000215FDA50693A4E24FB1AFCFC6EB0764782500010002D8,0.6,Yes,phone,0.0,stationary,False
2463147,ANCHOR_01,52:06:26:03:01:DA,-69,MFG_4C000215FDA50693A4E24FB1AFCFC6EB0764782500010002D8,0.6,Yes,phone,0.0,stationary,False
2464177,ANCHOR_01,52:06:26:03:01:DA,-60,MFG_4C000215FDA50693A4E24FB1AFCFC6EB0764782500010002D8,0.6,Yes,phone,0.0,stationary,False
2465167,ANCHOR_01,52:06:26:03:01:DA,-61,MFG_4C000215FDA50693A4E24FB1AFCFC6EB0764782500010002D8,0.6,Yes,phone,0.0,stationary,False
2466167,ANCHOR_01,52:06:26:03:01:DA,-61,MFG_4C000215FDA50693A4E24FB1AFCFC6EB0764782500010002D8,0.6,Yes,phone,0.0,stationary,False
2467177,ANCHOR_01,52:06:26:03:01:DA,-63,MFG_4C000215FDA50693A4E24FB1AFCFC6EB0764782500010002D8,0.6,Yes,phone,0.0,stationary,False
2468197,ANCHOR_01,52:06:26:03:01:DA,-69,MFG_4C000215FDA50693A4E24FB1AFCFC6EB0764782500010002D8,0.6,Yes,phone,0.0,stationary,False
2469187,ANCHOR_01,52:06:26:03:01:DA,-70,MFG_4C000215FDA50693A4E24FB1AFCFC6EB0764782500010002D8,0.6,Yes,phone,0.0,stationary,False
2470197,ANCHOR_01,52:06:26:03:01:DA,-63,MFG_4C000215FDA50693A4E24FB1AFCFC6EB0764782500010002D8,0.6,Yes,phone,0.0,stationary,False
2471197,ANCHOR_01,52:06:26:03:01:DA,-63,MFG_4C000215FDA50693A4E24FB1AFCFC6EB0764782500010002D8,0.6,Yes,phone,0.0,stationary,False
2472207,ANCHOR_01,52:06:26:03:01:DA,-63,MFG_4C000215FDA50693A4E24FB1AFCFC6EB0764782500010002D8,0.6,Yes,phone,0.0,stationary,False
2474227,ANCHOR_01,52:06:26:03:01:DA,-70,MFG_4C000215FDA50693A4E24FB1AFCFC6EB0764782500010002D8,0.6,Yes,phone,0.0,stationary,False
2475217,ANCHOR_01,52:06:26:03:01:DA,-70,MFG_4C000215FDA50693A4E24FB1AFCFC6EB0764782500010002D8,0.6,Yes,phone,0.0,stationary,False
2476227,ANCHOR_01,52:06:26:03:01:DA,-63,MFG_4C000215FDA50693A4E24FB1AFCFC6EB0764782500010002D8,0.6,Yes,phone,0.0,stationary,False
2477257,ANCHOR_01,52:06:26:03:01:DA,-63,MFG_4C000215FDA50693A4E24FB1AFCFC6EB0764782500010002D8,0.6,Yes,phone,0.0,stationary,False
2478237,ANCHOR_01,52:06:26:03:01:DA,-64,MFG_4C000215FDA50693A4E24FB1AFCFC6EB0764782500010002D8,0.6,Yes,phone,0.0,stationary,False
2479237,ANCHOR_01,52:06:26:03:01:DA,-64,MFG_4C000215FDA50693A4E24FB1AFCFC6EB0764782500010002D8,0.6,Yes,phone,0.0,stationary,False
2480247,ANCHOR_01,52:06:26:03:01:DA,-70,MFG_4C000215FDA50693A4E24FB1AFCFC6EB0764782500010002D8,0.6,Yes,phone,0.0,stationary,False
2482257,ANCHOR_01,52:06:26:03:01:DA,-64,MFG_4C000215FDA50693A4E24FB1AFCFC6EB0764782500010002D8,0.6,Yes,phone,0.0,stationary,False
2483277,ANCHOR_01,52:06:26:03:01:DA,-64,MFG_4C000215FDA50693A4E24FB1AFCFC6EB0764782500010002D8,0.6,Yes,phone,0.0,stationary,False
2484277,ANCHOR_01,52:06:26:03:01:DA,-63,MFG_4C000215FDA50693A4E24FB1AFCFC6EB0764782500010002D8,0.6,Yes,phone,0.0,stationary,False
2486277,ANCHOR_01,52:06:26:03:01:DA,-69,MFG_4C000215FDA50693A4E24FB1AFCFC6EB0764782500010002D8,0.6,Yes,phone,0.0,stationary,False
2487297,ANCHOR_01,52:06:26:03:01:DA,-62,MFG_4C000215FDA50693A4E24FB1AFCFC6EB0764782500010002D8,0.6,Yes,phone,0.0,stationary,False
2488297,ANCHOR_01,52:06:26:03:01:DA,-62,MFG_4C000215FDA50693A4E24FB1AFCFC6EB0764782500010002D8,0.6,Yes,phone,0.0,stationary,False
2490307,ANCHOR_01,52:06:26:03:01:DA,-61,MFG_4C000215FDA50693A4E24FB1AFCFC6EB0764782500010002D8,0.6,Yes,phone,0.0,stationary,False
2491317,ANCHOR_01,52:06:26:03:01:DA,-69,MFG_4C000215FDA50693A4E24FB1AFCFC6EB0764782500010002D8,0.6,Yes,phone,0.0,stationary,False
2492307,ANCHOR_01,52:06:26:03:01:DA,-69,MFG_4C000215FDA50693A4E24FB1AFCFC6EB0764782500010002D8,0.6,Yes,phone,0.0,stationary,False
2493317,ANCHOR_01,52:06:26:03:01:DA,-62,MFG_4C000215FDA50693A4E24FB1AFCFC6EB0764782500010002D8,0.6,Yes,phone,0.0,stationary,False
2494327,ANCHOR_01,52:06:26:03:01:DA,-62,MFG_4C000215FDA50693A4E24FB1AFCFC6EB0764782500010002D8,0.6,Yes,phone,0.0,stationary,False
2495347,ANCHOR_01,52:06:26:03:01:DA,-61,MFG_4C000215FDA50693A4E24FB1AFCFC6EB0764782500010002D8,0.6,Yes,phone,0.0,stationary,False
2496327,ANCHOR_01,52:06:26:03:01:DA,-61,MFG_4C000215FDA50693A4E24FB1AFCFC6EB0764782500010002D8,0.6,Yes,phone,0.0,stationary,False
2498337,ANCHOR_01,52:06:26:03:01:DA,-71,MFG_4C000215FDA50693A4E24FB1AFCFC6EB0764782500010002D8,0.6,Yes,phone,0.0,stationary,False
2499337,ANCHOR_01,52:06:26:03:01:DA,-72,MFG_4C000215FDA50693A4E24FB1AFCFC6EB0764782500010002D8,0.6,Yes,phone,0.0,stationary,False
2500357,ANCHOR_01,52:06:26:03:01:DA,-61,MFG_4C000215FDA50693A4E24FB1AFCFC6EB0764782500010002D8,0.6,Yes,phone,0.0,stationary,False
2501367,ANCHOR_01,52:06:26:03:01:DA,-61,MFG_4C000215FDA50693A4E24FB1AFCFC6EB0764782500010002D8,0.6,Yes,phone,0.0,stationary,False
2502367,ANCHOR_01,52:06:26:03:01:DA,-60,MFG_4C000215FDA50693A4E24FB1AFCFC6EB0764782500010002D8,0.6,Yes,phone,0.0,stationary,False
2503387,ANCHOR_01,52:06:26:03:01:DA,-73,MFG_4C000215FDA50693A4E24FB1AFCFC6EB0764782500010002D8,0.6,Yes,phone,0.0,stationary,False
2504377,ANCHOR_01,52:06:26:03:01:DA,-73,MFG_4C000215FDA50693A4E24FB1AFCFC6EB0764782500010002D8,0.6,Yes,phone,0.0,stationary,False
2505397,ANCHOR_01,52:06:26:03:01:DA,-61,MFG_4C000215FDA50693A4E24FB1AFCFC6EB0764782500010002D8,0.6,Yes,phone,0.0,stationary,False
2506387,ANCHOR_01,52:06:26:03:01:DA,-61,MFG_4C000215FDA50693A4E24FB1AFCFC6EB0764782500010002D8,0.6,Yes,phone,0.0,stationary,False
2507387,ANCHOR_01,52:06:26:03:01:DA,-60,MFG_4C000215FDA50693A4E24FB1AFCFC6EB0764782500010002D8,0.6,Yes,phone,0.0,stationary,False
2510397,ANCHOR_01,52:06:26:03:01:DA,-70,MFG_4C000215FDA50693A4E24FB1AFCFC6EB0764782500010002D8,0.6,Yes,phone,0.0,stationary,False
2511397,ANCHOR_01,52:06:26:03:01:DA,-70,MFG_4C000215FDA50693A4E24FB1AFCFC6EB0764782500010002D8,0.6,Yes,phone,0.0,stationary,False
2512417,ANCHOR_01,52:06:26:03:01:DA,-61,MFG_4C000215FDA50693A4E24FB1AFCFC6EB0764782500010002D8,0.6,Yes,phone,0.0,stationary,False
2513407,ANCHOR_01,52:06:26:03:01:DA,-61,MFG_4C000215FDA50693A4E24FB1AFCFC6EB0764782500010002D8,0.6,Yes,phone,0.0,stationary,False
2514417,ANCHOR_01,52:06:26:03:01:DA,-60,MFG_4C000215FDA50693A4E24FB1AFCFC6EB0764782500010002D8,0.6,Yes,phone,0.0,stationary,False
2515447,ANCHOR_01,52:06:26:03:01:DA,-68,MFG_4C000215FDA50693A4E24FB1AFCFC6EB0764782500010002D8,0.6,Yes,phone,0.0,stationary,False
2516437,ANCHOR_01,52:06:26:03:01:DA,-71,MFG_4C000215FDA50693A4E24FB1AFCFC6EB0764782500010002D8,0.6,Yes,phone,0.0,stationary,False
2517457,ANCHOR_01,52:06:26:03:01:DA,-62,MFG_4C000215FDA50693A4E24FB1AFCFC6EB0764782500010002D8,0.6,Yes,phone,0.0,stationary,False
2518447,ANCHOR_01,52:06:26:03:01:DA,-61,MFG_4C000215FDA50693A4E24FB1AFCFC6EB0764782500010002D8,0.6,Yes,phone,0.0,stationary,False
2520447,ANCHOR_01,52:06:26:03:01:DA,-60,MFG_4C000215FDA50693A4E24FB1AFCFC6EB0764782500010002D8,0.6,Yes,phone,0.0,stationary,False
2521477,ANCHOR_01,52:06:26:03:01:DA,-68,MFG_4C000215FDA50693A4E24FB1AFCFC6EB0764782500010002D8,0.6,Yes,phone,0.0,stationary,False
2522457,ANCHOR_01,52:06:26:03:01:DA,-68,MFG_4C000215FDA50693A4E24FB1AFCFC6EB0764782500010002D8,0.6,Yes,phone,0.0,stationary,False
2524467,ANCHOR_01,52:06:26:03:01:DA,-61,MFG_4C000215FDA50693A4E24FB1AFCFC6EB0764782500010002D8,0.6,Yes,phone,0.0,stationary,False
2525467,ANCHOR_01,52:06:26:03:01:DA,-61,MFG_4C000215FDA50693A4E24FB1AFCFC6EB0764782500010002D8,0.6,Yes,phone,0.0,stationary,False
2526477,ANCHOR_01,52:06:26:03:01:DA,-60,MFG_4C000215FDA50693A4E24FB1AFCFC6EB0764782500010002D8,0.6,Yes,phone,0.0,stationary,False
2528497,ANCHOR_01,52:06:26:03:01:DA,-68,MFG_4C000215FDA50693A4E24FB1AFCFC6EB0764782500010002D8,0.6,Yes,phone,0.0,stationary,False
2529487,ANCHOR_01,52:06:26:03:01:DA,-68,MFG_4C000215FDA50693A4E24FB1AFCFC6EB0764782500010002D8,0.6,Yes,phone,0.0,stationary,False
2530497,ANCHOR_01,52:06:26:03:01:DA,-61,MFG_4C000215FDA50693A4E24FB1AFCFC6EB0764782500010002D8,0.6,Yes,phone,0.0,stationary,False
2532507,ANCHOR_01,52:06:26:03:01:DA,-61,MFG_4C000215FDA50693A4E24FB1AFCFC6EB0764782500010002D8,0.6,Yes,phone,0.0,stationary,False
2533507,ANCHOR_01,52:06:26:03:01:DA,-60,MFG_4C000215FDA50693A4E24FB1AFCFC6EB0764782500010002D8,0.6,Yes,phone,0.0,stationary,False
2534517,ANCHOR_01,52:06:26:03:01:DA,-66,MFG_4C000215FDA50693A4E24FB1AFCFC6EB0764782500010002D8,0.6,Yes,phone,0.0,stationary,False
2536527,ANCHOR_01,52:06:26:03:01:DA,-61,MFG_4C000215FDA50693A4E24FB1AFCFC6EB0764782500010002D8,0.6,Yes,phone,0.0,stationary,False
2537527,ANCHOR_01,52:06:26:03:01:DA,-60,MFG_4C000215FDA50693A4E24FB1AFCFC6EB0764782500010002D8,0.6,Yes,phone,0.0,stationary,False
2538527,ANCHOR_01,52:06:26:03:01:DA,-61,MFG_4C000215FDA50693A4E24FB1AFCFC6EB0764782500010002D8,0.6,Yes,phone,0.0,stationary,False
2539527,ANCHOR_01,52:06:26:03:01:DA,-60,MFG_4C000215FDA50693A4E24FB1AFCFC6EB0764782500010002D8,0.6,Yes,phone,0.0,stationary,False
2540547,ANCHOR_01,52:06:26:03:01:DA,-65,MFG_4C000215FDA50693A4E24FB1AFCFC6EB0764782500010002D8,0.6,Yes,phone,0.0,stationary,False
2541537,ANCHOR_01,52:06:26:03:01:DA,-65,MFG_4C000215FDA50693A4E24FB1AFCFC6EB0764782500010002D8,0.6,Yes,phone,0.0,stationary,False
2542567,ANCHOR_01,52:06:26:03:01:DA,-61,MFG_4C000215FDA50693A4E24FB1AFCFC6EB0764782500010002D8,0.6,Yes,phone,0.0,stationary,False
2543557,ANCHOR_01,52:06:26:03:01:DA,-62,MFG_4C000215FDA50693A4E24FB1AFCFC6EB0764782500010002D8,0.6,Yes,phone,0.0,stationary,False
2544577,ANCHOR_01,52:06:26:03:01:DA,-62,MFG_4C000215FDA50693A4E24FB1AFCFC6EB0764782500010002D8,0.6,Yes,phone,0.0,stationary,False
2545567,ANCHOR_01,52:06:26:03:01:DA,-62,MFG_4C000215FDA50693A4E24FB1AFCFC6EB0764782500010002D8,0.6,Yes,phone,0.0,stationary,False
2546567,ANCHOR_01,52:06:26:03:01:DA,-66,MFG_4C000215FDA50693A4E24FB1AFCFC6EB0764782500010002D8,0.6,Yes,phone,0.0,stationary,False
2547577,ANCHOR_01,52:06:26:03:01:DA,-66,MFG_4C000215FDA50693A4E24FB1AFCFC6EB0764782500010002D8,0.6,Yes,phone,0.0,stationary,False
2548587,ANCHOR_01,52:06:26:03:01:DA,-61,MFG_4C000215FDA50693A4E24FB1AFCFC6EB0764782500010002D8,0.6,Yes,phone,0.0,stationary,False
2550597,ANCHOR_01,52:06:26:03:01:DA,-61,MFG_4C000215FDA50693A4E24FB1AFCFC6EB0764782500010002D8,0.6,Yes,phone,0.0,stationary,False
2552607,ANCHOR_01,52:06:26:03:01:DA,-64,MFG_4C000215FDA50693A4E24FB1AFCFC6EB0764782500010002D8,0.6,Yes,phone,0.0,stationary,False
2553607,ANCHOR_01,52:06:26:03:01:DA,-67,MFG_4C000215FDA50693A4E24FB1AFCFC6EB0764782500010002D8,0.6,Yes,phone,0.0,stationary,False
2555627,ANCHOR_01,52:06:26:03:01:DA,-61,MFG_4C000215FDA50693A4E24FB1AFCFC6EB0764782500010002D8,0.6,Yes,phone,0.0,stationary,False
2556627,ANCHOR_01,52:06:26:03:01:DA,-61,MFG_4C000215FDA50693A4E24FB1AFCFC6EB0764782500010002D8,0.6,Yes,phone,0.0,stationary,False
2558637,ANCHOR_01,52:06:26:03:01:DA,-67,MFG_4C000215FDA50693A4E24FB1AFCFC6EB0764782500010002D8,0.6,Yes,phone,0.0,stationary,False
2559637,ANCHOR_01,52:06:26:03:01:DA,-66,MFG_4C000215FDA50693A4E24FB1AFCFC6EB0764782500010002D8,0.6,Yes,phone,0.0,stationary,False
2560647,ANCHOR_01,52:06:26:03:01:DA,-62,MFG_4C000215FDA50693A4E24FB1AFCFC6EB0764782500010002D8,0.6,Yes,phone,0.0,stationary,False
2561647,ANCHOR_01,52:06:26:03:01:DA,-62,MFG_4C000215FDA50693A4E24FB1AFCFC6EB0764782500010002D8,0.6,Yes,phone,0.0,stationary,False
2562667,ANCHOR_01,52:06:26:03:01:DA,-61,MFG_4C000215FDA50693A4E24FB1AFCFC6EB0764782500010002D8,0.6,Yes,phone,0.0,stationary,False
2564657,ANCHOR_01,52:06:26:03:01:DA,-67,MFG_4C000215FDA50693A4E24FB1AFCFC6EB0764782500010002D8,0.6,Yes,phone,0.0,stationary,False
2565667,ANCHOR_01,52:06:26:03:01:DA,-67,MFG_4C000215FDA50693A4E24FB1AFCFC6EB0764782500010002D8,0.6,Yes,phone,0.0,stationary,False
2566677,ANCHOR_01,52:06:26:03:01:DA,-61,MFG_4C000215FDA50693A4E24FB1AFCFC6EB0764782500010002D8,0.6,Yes,phone,0.0,stationary,False
2567677,ANCHOR_01,52:06:26:03:01:DA,-61,MFG_4C000215FDA50693A4E24FB1AFCFC6EB0764782500010002D8,0.6,Yes,phone,0.0,stationary,False
2568687,ANCHOR_01,52:06:26:03:01:DA,-61,MFG_4C000215FDA50693A4E24FB1AFCFC6EB0764782500010002D8,0.6,Yes,phone,0.0,stationary,False
2569687,ANCHOR_01,52:06:26:03:01:DA,-61,MFG_4C000215FDA50693A4E24FB1AFCFC6EB0764782500010002D8,0.6,Yes,phone,0.0,stationary,False
2570707,ANCHOR_01,52:06:26:03:01:DA,-67,MFG_4C000215FDA50693A4E24FB1AFCFC6EB0764782500010002D8,0.6,Yes,phone,0.0,stationary,False
2571687,ANCHOR_01,52:06:26:03:01:DA,-67,MFG_4C000215FDA50693A4E24FB1AFCFC6EB0764782500010002D8,0.6,Yes,phone,0.0,stationary,False
2572707,ANCHOR_01,52:06:26:03:01:DA,-61,MFG_4C000215FDA50693A4E24FB1AFCFC6EB0764782500010002D8,0.6,Yes,phone,0.0,stationary,False
2573707,ANCHOR_01,52:06:26:03:01:DA,-60,MFG_4C000215FDA50693A4E24FB1AFCFC6EB0764782500010002D8,0.6,Yes,phone,0.0,stationary,False
2574697,ANCHOR_01,52:06:26:03:01:DA,-61,MFG_4C000215FDA50693A4E24FB1AFCFC6EB0764782500010002D8,0.6,Yes,phone,0.0,stationary,False
2575707,ANCHOR_01,52:06:26:03:01:DA,-61,MFG_4C000215FDA50693A4E24FB1AFCFC6EB0764782500010002D8,0.6,Yes,phone,0.0,stationary,False
2576707,ANCHOR_01,52:06:26:03:01:DA,-61,MFG_4C000215FDA50693A4E24FB1AFCFC6EB0764782500010002D8,0.6,Yes,phone,0.0,stationary,False
2577717,ANCHOR_01,52:06:26:03:01:DA,-66,MFG_4C000215FDA50693A4E24FB1AFCFC6EB0764782500010002D8,0.6,Yes,phone,0.0,stationary,False
2578747,ANCHOR_01,52:06:26:03:01:DA,-61,MFG_4C000215FDA50693A4E24FB1AFCFC6EB0764782500010002D8,0.6,Yes,phone,0.0,stationary,False
2579737,ANCHOR_01,52:06:26:03:01:DA,-61,MFG_4C000215FDA50693A4E24FB1AFCFC6EB0764782500010002D8,0.6,Yes,phone,0.0,stationary,False
2581747,ANCHOR_01,52:06:26:03:01:DA,-61,MFG_4C000215FDA50693A4E24FB1AFCFC6EB0764782500010002D8,0.6,Yes,phone,0.0,stationary,False
2582737,ANCHOR_01,52:06:26:03:01:DA,-61,MFG_4C000215FDA50693A4E24FB1AFCFC6EB0764782500010002D8,0.6,Yes,phone,0.0,stationary,False
2583747,ANCHOR_01,52:06:26:03:01:DA,-66,MFG_4C000215FDA50693A4E24FB1AFCFC6EB0764782500010002D8,0.6,Yes,phone,0.0,stationary,False
2585767,ANCHOR_01,52:06:26:03:01:DA,-61,MFG_4C000215FDA50693A4E24FB1AFCFC6EB0764782500010002D8,0.6,Yes,phone,0.0,stationary,False
2586777,ANCHOR_01,52:06:26:03:01:DA,-61,MFG_4C000215FDA50693A4E24FB1AFCFC6EB0764782500010002D8,0.6,Yes,phone,0.0,stationary,False
2587767,ANCHOR_01,52:06:26:03:01:DA,-61,MFG_4C000215FDA50693A4E24FB1AFCFC6EB0764782500010002D8,0.6,Yes,phone,0.0,stationary,False
2588797,ANCHOR_01,52:06:26:03:01:DA,-66,MFG_4C000215FDA50693A4E24FB1AFCFC6EB0764782500010002D8,0.6,Yes,phone,0.0,stationary,False
2589787,ANCHOR_01,52:06:26:03:01:DA,-66,MFG_4C000215FDA50693A4E24FB1AFCFC6EB0764782500010002D8,0.6,Yes,phone,0.0,stationary,False
2591787,ANCHOR_01,52:06:26:03:01:DA,-60,MFG_4C000215FDA50693A4E24FB1AFCFC6EB0764782500010002D8,0.6,Yes,phone,0.0,stationary,False
2592807,ANCHOR_01,52:06:26:03:01:DA,-61,MFG_4C000215FDA50693A4E24FB1AFCFC6EB0764782500010002D8,0.6,Yes,phone,0.0,stationary,False
2593807,ANCHOR_01,52:06:26:03:01:DA,-60,MFG_4C000215FDA50693A4E24FB1AFCFC6EB0764782500010002D8,0.6,Yes,phone,0.0,stationary,False
2594827,ANCHOR_01,52:06:26:03:01:DA,-67,MFG_4C000215FDA50693A4E24FB1AFCFC6EB0764782500010002D8,0.6,Yes,phone,0.0,stationary,False
2595807,ANCHOR_01,52:06:26:03:01:DA,-67,MFG_4C000215FDA50693A4E24FB1AFCFC6EB0764782500010002D8,0.6,Yes,phone,0.0,stationary,False
2597817,ANCHOR_01,52:06:26:03:01:DA,-61,MFG_4C000215FDA50693A4E24FB1AFCFC6EB0764782500010002D8,0.6,Yes,phone,0.0,stationary,False
2599827,ANCHOR_01,52:06:26:03:01:DA,-60,MFG_4C000215FDA50693A4E24FB1AFCFC6EB0764782500010002D8,0.6,Yes,phone,0.0,stationary,False
2600857,ANCHOR_01,52:06:26:03:01:DA,-65,MFG_4C000215FDA50693A4E24FB1AFCFC6EB0764782500010002D8,0.6,Yes,phone,0.0,stationary,False
2601847,ANCHOR_01,52:06:26:03:01:DA,-67,MFG_4C000215FDA50693A4E24FB1AFCFC6EB0764782500010002D8,0.6,Yes,phone,0.0,stationary,False
2602847,ANCHOR_01,52:06:26:03:01:DA,-61,MFG_4C000215FDA50693A4E24FB1AFCFC6EB0764782500010002D8,0.6,Yes,phone,0.0,stationary,False
2603857,ANCHOR_01,52:06:26:03:01:DA,-61,MFG_4C000215FDA50693A4E24FB1AFCFC6EB0764782500010002D8,0.6,Yes,phone,0.0,stationary,False
2604867,ANCHOR_01,52:06:26:03:01:DA,-61,MFG_4C000215FDA50693A4E24FB1AFCFC6EB0764782500010002D8,0.6,Yes,phone,0.0,stationary,False
2605867,ANCHOR_01,52:06:26:03:01:DA,-61,MFG_4C000215FDA50693A4E24FB1AFCFC6EB0764782500010002D8,0.6,Yes,phone,0.0,stationary,False
2606877,ANCHOR_01,52:06:26:03:01:DA,-67,MFG_4C000215FDA50693A4E24FB1AFCFC6EB0764782500010002D8,0.6,Yes,phone,0.0,stationary,False
2607877,ANCHOR_01,52:06:26:03:01:DA,-67,MFG_4C000215FDA50693A4E24FB1AFCFC6EB0764782500010002D8,0.6,Yes,phone,0.0,stationary,False
2609887,ANCHOR_01,52:06:26:03:01:DA,-61,MFG_4C000215FDA50693A4E24FB1AFCFC6EB0764782500010002D8,0.6,Yes,phone,0.0,stationary,False
2610907,ANCHOR_01,52:06:26:03:01:DA,-61,MFG_4C000215FDA50693A4E24FB1AFCFC6EB0764782500010002D8,0.6,Yes,phone,0.0,stationary,False
2611897,ANCHOR_01,52:06:26:03:01:DA,-60,MFG_4C000215FDA50693A4E24FB1AFCFC6EB0764782500010002D8,0.6,Yes,phone,0.0,stationary,False
2613897,ANCHOR_01,52:06:26:03:01:DA,-68,MFG_4C000215FDA50693A4E24FB1AFCFC6EB0764782500010002D8,0.6,Yes,phone,0.0,stationary,False
2614907,ANCHOR_01,52:06:26:03:01:DA,-61,MFG_4C000215FDA50693A4E24FB1AFCFC6EB0764782500010002D8,0.6,Yes,phone,0.0,stationary,False
2615917,ANCHOR_01,52:06:26:03:01:DA,-61,MFG_4C000215FDA50693A4E24FB1AFCFC6EB0764782500010002D8,0.6,Yes,phone,0.0,stationary,False
2616917,ANCHOR_01,52:06:26:03:01:DA,-61,MFG_4C000215FDA50693A4E24FB1AFCFC6EB0764782500010002D8,0.6,Yes,phone,0.0,stationary,False
2617927,ANCHOR_01,52:06:26:03:01:DA,-60,MFG_4C000215FDA50693A4E24FB1AFCFC6EB0764782500010002D8,0.6,Yes,phone,0.0,stationary,False
2619937,ANCHOR_01,52:06:26:03:01:DA,-67,MFG_4C000215FDA50693A4E24FB1AFCFC6EB0764782500010002D8,0.6,Yes,phone,0.0,stationary,False
2620927,ANCHOR_01,52:06:26:03:01:DA,-68,MFG_4C000215FDA50693A4E24FB1AFCFC6EB0764782500010002D8,0.6,Yes,phone,0.0,stationary,False
2621927,ANCHOR_01,52:06:26:03:01:DA,-61,MFG_4C000215FDA50693A4E24FB1AFCFC6EB0764782500010002D8,0.6,Yes,phone,0.0,stationary,False
2622937,ANCHOR_01,52:06:26:03:01:DA,-61,MFG_4C000215FDA50693A4E24FB1AFCFC6EB0764782500010002D8,0.6,Yes,phone,0.0,stationary,False
2623937,ANCHOR_01,52:06:26:03:01:DA,-60,MFG_4C000215FDA50693A4E24FB1AFCFC6EB0764782500010002D8,0.6,Yes,phone,0.0,stationary,False
2624947,ANCHOR_01,52:06:26:03:01:DA,-60,MFG_4C000215FDA50693A4E24FB1AFCFC6EB0764782500010002D8,0.6,Yes,phone,0.0,stationary,False
2625967,ANCHOR_01,52:06:26:03:01:DA,-66,MFG_4C000215FDA50693A4E24FB1AFCFC6EB0764782500010002D8,0.6,Yes,phone,0.0,stationary,False
2626957,ANCHOR_01,52:06:26:03:01:DA,-68,MFG_4C000215FDA50693A4E24FB1AFCFC6EB0764782500010002D8,0.6,Yes,phone,0.0,stationary,False
2627957,ANCHOR_01,52:06:26:03:01:DA,-61,MFG_4C000215FDA50693A4E24FB1AFCFC6EB0764782500010002D8,0.6,Yes,phone,0.0,stationary,False
2628967,ANCHOR_01,52:06:26:03:01:DA,-62,MFG_4C000215FDA50693A4E24FB1AFCFC6EB0764782500010002D8,0.6,Yes,phone,0.0,stationary,False
2629977,ANCHOR_01,52:06:26:03:01:DA,-60,MFG_4C000215FDA50693A4E24FB1AFCFC6EB0764782500010002D8,0.6,Yes,phone,0.0,stationary,False
2630977,ANCHOR_01,52:06:26:03:01:DA,-59,MFG_4C000215FDA50693A4E24FB1AFCFC6EB0764782500010002D8,0.6,Yes,phone,0.0,stationary,False
2631997,ANCHOR_01,52:06:26:03:01:DA,-66,MFG_4C000215FDA50693A4E24FB1AFCFC6EB0764782500010002D8,0.6,Yes,phone,0.0,stationary,False
2632987,ANCHOR_01,52:06:26:03:01:DA,-66,MFG_4C000215FDA50693A4E24FB1AFCFC6EB0764782500010002D8,0.6,Yes,phone,0.0,stationary,False
2634007,ANCHOR_01,52:06:26:03:01:DA,-62,MFG_4C000215FDA50693A4E24FB1AFCFC6EB0764782500010002D8,0.6,Yes,phone,0.0,stationary,False
2634997,ANCHOR_01,52:06:26:03:01:DA,-62,MFG_4C000215FDA50693A4E24FB1AFCFC6EB0764782500010002D8,0.6,Yes,phone,0.0,stationary,False
2636007,ANCHOR_01,52:06:26:03:01:DA,-60,MFG_4C000215FDA50693A4E24FB1AFCFC6EB0764782500010002D8,0.6,Yes,phone,0.0,stationary,False
2638027,ANCHOR_01,52:06:26:03:01:DA,-67,MFG_4C000215FDA50693A4E24FB1AFCFC6EB0764782500010002D8,0.6,Yes,phone,0.0,stationary,False
2639017,ANCHOR_01,52:06:26:03:01:DA,-66,MFG_4C000215FDA50693A4E24FB1AFCFC6EB0764782500010002D8,0.6,Yes,phone,0.0,stationary,False
2641027,ANCHOR_01,52:06:26:03:01:DA,-63,MFG_4C000215FDA50693A4E24FB1AFCFC6EB0764782500010002D8,0.6,Yes,phone,0.0,stationary,False
2642027,ANCHOR_01,52:06:26:03:01:DA,-62,MFG_4C000215FDA50693A4E24FB1AFCFC6EB0764782500010002D8,0.6,Yes,phone,0.0,stationary,False
2643037,ANCHOR_01,52:06:26:03:01:DA,-63,MFG_4C000215FDA50693A4E24FB1AFCFC6EB0764782500010002D8,0.6,Yes,phone,0.0,stationary,False
2644037,ANCHOR_01,52:06:26:03:01:DA,-67,MFG_4C000215FDA50693A4E24FB1AFCFC6EB0764782500010002D8,0.6,Yes,phone,0.0,stationary,False
2645037,ANCHOR_01,52:06:26:03:01:DA,-67,MFG_4C000215FDA50693A4E24FB1AFCFC6EB0764782500010002D8,0.6,Yes,phone,0.0,stationary,False
2647047,ANCHOR_01,52:06:26:03:01:DA,-65,MFG_4C000215FDA50693A4E24FB1AFCFC6EB0764782500010002D8,0.6,Yes,phone,0.0,stationary,False
2648077,ANCHOR_01,52:06:26:03:01:DA,-63,MFG_4C000215FDA50693A4E24FB1AFCFC6EB0764782500010002D8,0.6,Yes,phone,0.0,stationary,False
2649067,ANCHOR_01,52:06:26:03:01:DA,-63,MFG_4C000215FDA50693A4E24FB1AFCFC6EB0764782500010002D8,0.6,Yes,phone,0.0,stationary,False
2651077,ANCHOR_01,52:06:26:03:01:DA,-66,MFG_4C000215FDA50693A4E24FB1AFCFC6EB0764782500010002D8,0.6,Yes,phone,0.0,stationary,False
2652067,ANCHOR_01,52:06:26:03:01:DA,-67,MFG_4C000215FDA50693A4E24FB1AFCFC6EB0764782500010002D8,0.6,Yes,phone,0.0,stationary,False
2653067,ANCHOR_01,52:06:26:03:01:DA,-63,MFG_4C000215FDA50693A4E24FB1AFCFC6EB0764782500010002D8,0.6,Yes,phone,0.0,stationary,False
2654077,ANCHOR_01,52:06:26:03:01:DA,-64,MFG_4C000215FDA50693A4E24FB1AFCFC6EB0764782500010002D8,0.6,Yes,phone,0.0,stationary,False
2655097,ANCHOR_01,52:06:26:03:01:DA,-62,MFG_4C000215FDA50693A4E24FB1AFCFC6EB0764782500010002D8,0.6,Yes,phone,0.0,stationary,False
2656087,ANCHOR_01,52:06:26:03:01:DA,-62,MFG_4C000215FDA50693A4E24FB1AFCFC6EB0764782500010002D8,0.6,Yes,phone,0.0,stationary,False
2657107,ANCHOR_01,52:06:26:03:01:DA,-67,MFG_4C000215FDA50693A4E24FB1AFCFC6EB0764782500010002D8,0.6,Yes,phone,0.0,stationary,False
2658097,ANCHOR_01,52:06:26:03:01:DA,-69,MFG_4C000215FDA50693A4E24FB1AFCFC6EB0764782500010002D8,0.6,Yes,phone,0.0,stationary,False
2659107,ANCHOR_01,52:06:26:03:01:DA,-63,MFG_4C000215FDA50693A4E24FB1AFCFC6EB0764782500010002D8,0.6,Yes,phone,0.0,stationary,False
2660107,ANCHOR_01,52:06:26:03:01:DA,-63,MFG_4C000215FDA50693A4E24FB1AFCFC6EB0764782500010002D8,0.6,Yes,phone,0.0,stationary,False
2661127,ANCHOR_01,52:06:26:03:01:DA,-61,MFG_4C000215FDA50693A4E24FB1AFCFC6EB0764782500010002D8,0.6,Yes,phone,0.0,stationary,False
2663127,ANCHOR_01,52:06:26:03:01:DA,-69,MFG_4C000215FDA50693A4E24FB1AFCFC6EB0764782500010002D8,0.6,Yes,phone,0.0,stationary,False
2664137,ANCHOR_01,52:06:26:03:01:DA,-62,MFG_4C000215FDA50693A4E24FB1AFCFC6EB0764782500010002D8,0.6,Yes,phone,0.0,stationary,False
2665137,ANCHOR_01,52:06:26:03:01:DA,-62,MFG_4C000215FDA50693A4E24FB1AFCFC6EB0764782500010002D8,0.6,Yes,phone,0.0,stationary,False
2666167,ANCHOR_01,52:06:26:03:01:DA,-63,MFG_4C000215FDA50693A4E24FB1AFCFC6EB0764782500010002D8,0.6,Yes,phone,0.0,stationary,False
2667157,ANCHOR_01,52:06:26:03:01:DA,-63,MFG_4C000215FDA50693A4E24FB1AFCFC6EB0764782500010002D8,0.6,Yes,phone,0.0,stationary,False
2668177,ANCHOR_01,52:06:26:03:01:DA,-66,MFG_4C000215FDA50693A4E24FB1AFCFC6EB0764782500010002D8,0.6,Yes,phone,0.0,stationary,False
2669167,ANCHOR_01,52:06:26:03:01:DA,-67,MFG_4C000215FDA50693A4E24FB1AFCFC6EB0764782500010002D8,0.6,Yes,phone,0.0,stationary,False
2670177,ANCHOR_01,52:06:26:03:01:DA,-60,MFG_4C000215FDA50693A4E24FB1AFCFC6EB0764782500010002D8,0.6,Yes,phone,0.0,stationary,False
2674197,ANCHOR_01,52:06:26:03:01:DA,-68,MFG_4C000215FDA50693A4E24FB1AFCFC6EB0764782500010002D8,0.6,Yes,phone,0.0,stationary,False
2675227,ANCHOR_01,52:06:26:03:01:DA,-60,MFG_4C000215FDA50693A4E24FB1AFCFC6EB0764782500010002D8,0.6,Yes,phone,0.0,stationary,False
2676217,ANCHOR_01,52:06:26:03:01:DA,-60,MFG_4C000215FDA50693A4E24FB1AFCFC6EB0764782500010002D8,0.6,Yes,phone,0.0,stationary,False
2677227,ANCHOR_01,52:06:26:03:01:DA,-59,MFG_4C000215FDA50693A4E24FB1AFCFC6EB0764782500010002D8,0.6,Yes,phone,0.0,stationary,False
