timestamp,anchor,mac,rssi,name,distance_m,obstacle,obstacle_type,height_m
893237,ANCHOR_01,52:06:26:03:01:DA,-75,MFG_4C000215FDA50693A4E24FB1AFCFC6EB0764782500010002D8,1.5,Yes,mattress,0.0
894257,ANCHOR_01,52:06:26:03:01:DA,-79,MFG_4C000215FDA50693A4E24FB1AFCFC6EB0764782500010002D8,1.5,Yes,mattress,0.0
896247,ANCHOR_01,52:06:26:03:01:DA,-83,MFG_4C000215FDA50693A4E24FB1AFCFC6EB0764782500010002D8,1.5,Yes,mattress,0.0
898257,ANCHOR_01,52:06:26:03:01:DA,-75,MFG_4C000215FDA50693A4E24FB1AFCFC6EB0764782500010002D8,1.5,Yes,mattress,0.0
899267,ANCHOR_01,52:06:26:03:01:DA,-75,MFG_4C000215FDA50693A4E24FB1AFCFC6EB0764782500010002D8,1.5,Yes,mattress,0.0
900277,ANCHOR_01,52:06:26:03:01:DA,-78,MFG_4C000215FDA50693A4E24FB1AFCFC6EB0764782500010002D8,1.5,Yes,mattress,0.0
901277,ANCHOR_01,52:06:26:03:01:DA,-78,MFG_4C000215FDA50693A4E24FB1AFCFC6EB0764782500010002D8,1.5,Yes,mattress,0.0
902287,ANCHOR_01,52:06:26:03:01:DA,-82,MFG_4C000215FDA50693A4E24FB1AFCFC6EB0764782500010002D8,1.5,Yes,mattress,0.0
903287,ANCHOR_01,52:06:26:03:01:DA,-83,MFG_4C000215FDA50693A4E24FB1AFCFC6EB0764782500010002D8,1.5,Yes,mattress,0.0
904287,ANCHOR_01,52:06:26:03:01:DA,-76,MFG_4C000215FDA50693A4E24FB1AFCFC6EB0764782500010002D8,1.5,Yes,mattress,0.0
906307,ANCHOR_01,52:06:26:03:01:DA,-78,MFG_4C000215FDA50693A4E24FB1AFCFC6EB0764782500010002D8,1.5,Yes,mattress,0.0
907317,ANCHOR_01,52:06:26:03:01:DA,-83,MFG_4C000215FDA50693A4E24FB1AFCFC6EB0764782500010002D8,1.5,Yes,mattress,0.0
908327,ANCHOR_01,52:06:26:03:01:DA,-85,MFG_4C000215FDA50693A4E24FB1AFCFC6EB0764782500010002D8,1.5,Yes,mattress,0.0
909347,ANCHOR_01,52:06:26:03:01:DA,-76,MFG_4C000215FDA50693A4E24FB1AFCFC6EB0764782500010002D8,1.5,Yes,mattress,0.0
910327,ANCHOR_01,52:06:26:03:01:DA,-76,MFG_4C000215FDA50693A4E24FB1AFCFC6EB0764782500010002D8,1.5,Yes,mattress,0.0
911347,ANCHOR_01,52:06:26:03:01:DA,-77,MFG_4C000215FDA50693A4E24FB1AFCFC6EB0764782500010002D8,1.5,Yes,mattress,0.0
912347,ANCHOR_01,52:06:26:03:01:DA,-77,MFG_4C000215FDA50693A4E24FB1AFCFC6EB0764782500010002D8,1.5,Yes,mattress,0.0
914357,ANCHOR_01,52:06:26:03:01:DA,-83,MFG_4C000215FDA50693A4E24FB1AFCFC6EB0764782500010002D8,1.5,Yes,mattress,0.0
915347,ANCHOR_01,52:06:26:03:01:DA,-84,MFG_4C000215FDA50693A4E24FB1AFCFC6EB0764782500010002D8,1.5,Yes,mattress,0.0
917387,ANCHOR_01,52:06:26:03:01:DA,-80,MFG_4C000215FDA50693A4E24FB1AFCFC6EB0764782500010002D8,1.5,Yes,mattress,0.0
918377,ANCHOR_01,52:06:26:03:01:DA,-80,MFG_4C000215FDA50693A4E24FB1AFCFC6EB0764782500010002D8,1.5,Yes,mattress,0.0
919387,ANCHOR_01,52:06:26:03:01:DA,-87,MFG_4C000215FDA50693A4E24FB1AFCFC6EB0764782500010002D8,1.5,Yes,mattress,0.0
920387,ANCHOR_01,52:06:26:03:01:DA,-86,MFG_4C000215FDA50693A4E24FB1AFCFC6EB0764782500010002D8,1.5,Yes,mattress,0.0
921407,ANCHOR_01,52:06:26:03:01:DA,-77,MFG_4C000215FDA50693A4E24FB1AFCFC6EB0764782500010002D8,1.5,Yes,mattress,0.0
922387,ANCHOR_01,52:06:26:03:01:DA,-77,MFG_4C000215FDA50693A4E24FB1AFCFC6EB0764782500010002D8,1.5,Yes,mattress,0.0
923417,ANCHOR_01,52:06:26:03:01:DA,-80,MFG_4C000215FDA50693A4E24FB1AFCFC6EB0764782500010002D8,1.5,Yes,mattress,0.0
924407,ANCHOR_01,52:06:26:03:01:DA,-80,MFG_4C000215FDA50693A4E24FB1AFCFC6EB0764782500010002D8,1.5,Yes,mattress,0.0
925427,ANCHOR_01,52:06:26:03:01:DA,-86,MFG_4C000215FDA50693A4E24FB1AFCFC6EB0764782500010002D8,1.5,Yes,mattress,0.0
927437,ANCHOR_01,52:06:26:03:01:DA,-77,MFG_4C000215FDA50693A4E24FB1AFCFC6EB0764782500010002D8,1.5,Yes,mattress,0.0
928407,ANCHOR_01,52:06:26:03:01:DA,-77,MFG_4C000215FDA50693A4E24FB1AFCFC6EB0764782500010002D8,1.5,Yes,mattress,0.0
929417,ANCHOR_01,52:06:26:03:01:DA,-76,MFG_4C000215FDA50693A4E24FB1AFCFC6EB0764782500010002D8,1.5,Yes,mattress,0.0
930417,ANCHOR_01,52:06:26:03:01:DA,-80,MFG_4C000215FDA50693A4E24FB1AFCFC6EB0764782500010002D8,1.5,Yes,mattress,0.0
931427,ANCHOR_01,52:06:26:03:01:DA,-80,MFG_4C000215FDA50693A4E24FB1AFCFC6EB0764782500010002D8,1.5,Yes,mattress,0.0
932437,ANCHOR_01,52:06:26:03:01:DA,-84,MFG_4C000215FDA50693A4E24FB1AFCFC6EB0764782500010002D8,1.5,Yes,mattress,0.0
933427,ANCHOR_01,52:06:26:03:01:DA,-84,MFG_4C000215FDA50693A4E24FB1AFCFC6EB0764782500010002D8,1.5,Yes,mattress,0.0
934437,ANCHOR_01,52:06:26:03:01:DA,-76,MFG_4C000215FDA50693A4E24FB1AFCFC6EB0764782500010002D8,1.5,Yes,mattress,0.0
935447,ANCHOR_01,52:06:26:03:01:DA,-76,MFG_4C000215FDA50693A4E24FB1AFCFC6EB0764782500010002D8,1.5,Yes,mattress,0.0
936467,ANCHOR_01,52:06:26:03:01:DA,-80,MFG_4C000215FDA50693A4E24FB1AFCFC6EB0764782500010002D8,1.5,Yes,mattress,0.0
937457,ANCHOR_01,52:06:26:03:01:DA,-80,MFG_4C000215FDA50693A4E24FB1AFCFC6EB0764782500010002D8,1.5,Yes,mattress,0.0
938467,ANCHOR_01,52:06:26:03:01:DA,-87,MFG_4C000215FDA50693A4E24FB1AFCFC6EB0764782500010002D8,1.5,Yes,mattress,0.0
939477,ANCHOR_01,52:06:26:03:01:DA,-76,MFG_4C000215FDA50693A4E24FB1AFCFC6EB0764782500010002D8,1.5,Yes,mattress,0.0
940477,ANCHOR_01,52:06:26:03:01:DA,-76,MFG_4C000215FDA50693A4E24FB1AFCFC6EB0764782500010002D8,1.5,Yes,mattress,0.0
941507,ANCHOR_01,52:06:26:03:01:DA,-80,MFG_4C000215FDA50693A4E24FB1AFCFC6EB0764782500010002D8,1.5,Yes,mattress,0.0
942497,ANCHOR_01,52:06:26:03:01:DA,-79,MFG_4C000215FDA50693A4E24FB1AFCFC6EB0764782500010002D8,1.5,Yes,mattress,0.0
944497,ANCHOR_01,52:06:26:03:01:DA,-86,MFG_4C000215FDA50693A4E24FB1AFCFC6EB0764782500010002D8,1.5,Yes,mattress,0.0
945517,ANCHOR_01,52:06:26:03:01:DA,-77,MFG_4C000215FDA50693A4E24FB1AFCFC6EB0764782500010002D8,1.5,Yes,mattress,0.0
946507,ANCHOR_01,52:06:26:03:01:DA,-76,MFG_4C000215FDA50693A4E24FB1AFCFC6EB0764782500010002D8,1.5,Yes,mattress,0.0
947517,ANCHOR_01,52:06:26:03:01:DA,-78,MFG_4C000215FDA50693A4E24FB1AFCFC6EB0764782500010002D8,1.5,Yes,mattress,0.0
948527,ANCHOR_01,52:06:26:03:01:DA,-79,MFG_4C000215FDA50693A4E24FB1AFCFC6EB0764782500010002D8,1.5,Yes,mattress,0.0
950537,ANCHOR_01,52:06:26:03:01:DA,-82,MFG_4C000215FDA50693A4E24FB1AFCFC6EB0764782500010002D8,1.5,Yes,mattress,0.0
951527,ANCHOR_01,52:06:26:03:01:DA,-84,MFG_4C000215FDA50693A4E24FB1AFCFC6EB0764782500010002D8,1.5,Yes,mattress,0.0
952527,ANCHOR_01,52:06:26:03:01:DA,-74,MFG_4C000215FDA50693A4E24FB1AFCFC6EB0764782500010002D8,1.5,Yes,mattress,0.0
954537,ANCHOR_01,52:06:26:03:01:DA,-78,MFG_4C000215FDA50693A4E24FB1AFCFC6EB0764782500010002D8,1.5,Yes,mattress,0.0
955577,ANCHOR_01,52:06:26:03:01:DA,-84,MFG_4C000215FDA50693A4E24FB1AFCFC6EB0764782500010002D8,1.5,Yes,mattress,0.0
956567,ANCHOR_01,52:06:26:03:01:DA,-83,MFG_4C000215FDA50693A4E24FB1AFCFC6EB0764782500010002D8,1.5,Yes,mattress,0.0
957577,ANCHOR_01,52:06:26:03:01:DA,-75,MFG_4C000215FDA50693A4E24FB1AFCFC6EB0764782500010002D8,1.5,Yes,mattress,0.0
958577,ANCHOR_01,52:06:26:03:01:DA,-74,MFG_4C000215FDA50693A4E24FB1AFCFC6EB0764782500010002D8,1.5,Yes,mattress,0.0
959597,ANCHOR_01,52:06:26:03:01:DA,-78,MFG_4C000215FDA50693A4E24FB1AFCFC6EB0764782500010002D8,1.5,Yes,mattress,0.0
960587,ANCHOR_01,52:06:26:03:01:DA,-79,MFG_4C000215FDA50693A4E24FB1AFCFC6EB0764782500010002D8,1.5,Yes,mattress,0.0
961607,ANCHOR_01,52:06:26:03:01:DA,-84,MFG_4C000215FDA50693A4E24FB1AFCFC6EB0764782500010002D8,1.5,Yes,mattress,0.0
962577,ANCHOR_01,52:06:26:03:01:DA,-81,MFG_4C000215FDA50693A4E24FB1AFCFC6EB0764782500010002D8,1.5,Yes,mattress,0.0
963587,ANCHOR_01,52:06:26:03:01:DA,-82,MFG_4C000215FDA50693A4E24FB1AFCFC6EB0764782500010002D8,1.5,Yes,mattress,0.0
964607,ANCHOR_01,52:06:26:03:01:DA,-74,MFG_4C000215FDA50693A4E24FB1AFCFC6EB0764782500010002D8,1.5,Yes,mattress,0.0
965597,ANCHOR_01,52:06:26:03:01:DA,-74,MFG_4C000215FDA50693A4E24FB1AFCFC6EB0764782500010002D8,1.5,Yes,mattress,0.0
966617,ANCHOR_01,52:06:26:03:01:DA,-78,MFG_4C000215FDA50693A4E24FB1AFCFC6EB0764782500010002D8,1.5,Yes,mattress,0.0
967617,ANCHOR_01,52:06:26:03:01:DA,-84,MFG_4C000215FDA50693A4E24FB1AFCFC6EB0764782500010002D8,1.5,Yes,mattress,0.0
968627,ANCHOR_01,52:06:26:03:01:DA,-82,MFG_4C000215FDA50693A4E24FB1AFCFC6EB0764782500010002D8,1.5,Yes,mattress,0.0
970627,ANCHOR_01,52:06:26:03:01:DA,-75,MFG_4C000215FDA50693A4E24FB1AFCFC6EB0764782500010002D8,1.5,Yes,mattress,0.0
972647,ANCHOR_01,52:06:26:03:01:DA,-79,MFG_4C000215FDA50693A4E24FB1AFCFC6EB0764782500010002D8,1.5,Yes,mattress,0.0
974657,ANCHOR_01,52:06:26:03:01:DA,-82,MFG_4C000215FDA50693A4E24FB1AFCFC6EB0764782500010002D8,1.5,Yes,mattress,0.0
975647,ANCHOR_01,52:06:26:03:01:DA,-83,MFG_4C000215FDA50693A4E24FB1AFCFC6EB0764782500010002D8,1.5,Yes,mattress,0.0
976667,ANCHOR_01,52:06:26:03:01:DA,-75,MFG_4C000215FDA50693A4E24FB1AFCFC6EB0764782500010002D8,1.5,Yes,mattress,0.0
977657,ANCHOR_01,52:06:26:03:01:DA,-75,MFG_4C000215FDA50693A4E24FB1AFCFC6EB0764782500010002D8,1.5,Yes,mattress,0.0
978677,ANCHOR_01,52:06:26:03:01:DA,-79,MFG_4C000215FDA50693A4E24FB1AFCFC6EB0764782500010002D8,1.5,Yes,mattress,0.0
979667,ANCHOR_01,52:06:26:03:01:DA,-79,MFG_4C000215FDA50693A4E24FB1AFCFC6EB0764782500010002D8,1.5,Yes,mattress,0.0
980687,ANCHOR_01,52:06:26:03:01:DA,-82,MFG_4C000215FDA50693A4E24FB1AFCFC6EB0764782500010002D8,1.5,Yes,mattress,0.0
981667,ANCHOR_01,52:06:26:03:01:DA,-84,MFG_4C000215FDA50693A4E24FB1AFCFC6EB0764782500010002D8,1.5,Yes,mattress,0.0
982667,ANCHOR_01,52:06:26:03:01:DA,-84,MFG_4C000215FDA50693A4E24FB1AFCFC6EB0764782500010002D8,1.5,Yes,mattress,0.0
983677,ANCHOR_01,52:06:26:03:01:DA,-74,MFG_4C000215FDA50693A4E24FB1AFCFC6EB0764782500010002D8,1.5,Yes,mattress,0.0
984697,ANCHOR_01,52:06:26:03:01:DA,-79,MFG_4C000215FDA50693A4E24FB1AFCFC6EB0764782500010002D8,1.5,Yes,mattress,0.0
985687,ANCHOR_01,52:06:26:03:01:DA,-79,MFG_4C000215FDA50693A4E24FB1AFCFC6EB0764782500010002D8,1.5,Yes,mattress,0.0
986717,ANCHOR_01,52:06:26:03:01:DA,-84,MFG_4C000215FDA50693A4E24FB1AFCFC6EB0764782500010002D8,1.5,Yes,mattress,0.0
987697,ANCHOR_01,52:06:26:03:01:DA,-81,MFG_4C000215FDA50693A4E24FB1AFCFC6EB0764782500010002D8,1.5,Yes,mattress,0.0
988727,ANCHOR_01,52:06:26:03:01:DA,-75,MFG_4C000215FDA50693A4E24FB1AFCFC6EB0764782500010002D8,1.5,Yes,mattress,0.0
989717,ANCHOR_01,52:06:26:03:01:DA,-74,MFG_4C000215FDA50693A4E24FB1AFCFC6EB0764782500010002D8,1.5,Yes,mattress,0.0
990737,ANCHOR_01,52:06:26:03:01:DA,-78,MFG_4C000215FDA50693A4E24FB1AFCFC6EB0764782500010002D8,1.5,Yes,mattress,0.0
991727,ANCHOR_01,52:06:26:03:01:DA,-79,MFG_4C000215FDA50693A4E24FB1AFCFC6EB0764782500010002D8,1.5,Yes,mattress,0.0
992727,ANCHOR_01,52:06:26:03:01:DA,-82,MFG_4C000215FDA50693A4E24FB1AFCFC6EB0764782500010002D8,1.5,Yes,mattress,0.0
994757,ANCHOR_01,52:06:26:03:01:DA,-75,MFG_4C000215FDA50693A4E24FB1AFCFC6EB0764782500010002D8,1.5,Yes,mattress,0.0
995777,ANCHOR_01,52:06:26:03:01:DA,-78,MFG_4C000215FDA50693A4E24FB1AFCFC6EB0764782500010002D8,1.5,Yes,mattress,0.0
996757,ANCHOR_01,52:06:26:03:01:DA,-78,MFG_4C000215FDA50693A4E24FB1AFCFC6EB0764782500010002D8,1.5,Yes,mattress,0.0
998767,ANCHOR_01,52:06:26:03:01:DA,-85,MFG_4C000215FDA50693A4E24FB1AFCFC6EB0764782500010002D8,1.5,Yes,mattress,0.0
999777,ANCHOR_01,52:06:26:03:01:DA,-75,MFG_4C000215FDA50693A4E24FB1AFCFC6EB0764782500010002D8,1.5,Yes,mattress,0.0
1000787,ANCHOR_01,52:06:26:03:01:DA,-74,MFG_4C000215FDA50693A4E24FB1AFCFC6EB0764782500010002D8,1.5,Yes,mattress,0.0
1001787,ANCHOR_01,52:06:26:03:01:DA,-79,MFG_4C000215FDA50693A4E24FB1AFCFC6EB0764782500010002D8,1.5,Yes,mattress,0.0
1002797,ANCHOR_01,52:06:26:03:01:DA,-78,MFG_4C000215FDA50693A4E24FB1AFCFC6EB0764782500010002D8,1.5,Yes,mattress,0.0
1004807,ANCHOR_01,52:06:26:03:01:DA,-82,MFG_4C000215FDA50693A4E24FB1AFCFC6EB0764782500010002D8,1.5,Yes,mattress,0.0
1006817,ANCHOR_01,52:06:26:03:01:DA,-75,MFG_4C000215FDA50693A4E24FB1AFCFC6EB0764782500010002D8,1.5,Yes,mattress,0.0
1007837,ANCHOR_01,52:06:26:03:01:DA,-78,MFG_4C000215FDA50693A4E24FB1AFCFC6EB0764782500010002D8,1.5,Yes,mattress,0.0
1008817,ANCHOR_01,52:06:26:03:01:DA,-78,MFG_4C000215FDA50693A4E24FB1AFCFC6EB0764782500010002D8,1.5,Yes,mattress,0.0
1009827,ANCHOR_01,52:06:26:03:01:DA,-83,MFG_4C000215FDA50693A4E24FB1AFCFC6EB0764782500010002D8,1.5,Yes,mattress,0.0
1010837,ANCHOR_01,52:06:26:03:01:DA,-83,MFG_4C000215FDA50693A4E24FB1AFCFC6EB0764782500010002D8,1.5,Yes,mattress,0.0
1011847,ANCHOR_01,52:06:26:03:01:DA,-75,MFG_4C000215FDA50693A4E24FB1AFCFC6EB0764782500010002D8,1.5,Yes,mattress,0.0
1012837,ANCHOR_01,52:06:26:03:01:DA,-75,MFG_4C000215FDA50693A4E24FB1AFCFC6EB0764782500010002D8,1.5,Yes,mattress,0.0
1013837,ANCHOR_01,52:06:26:03:01:DA,-75,MFG_4C000215FDA50693A4E24FB1AFCFC6EB0764782500010002D8,1.5,Yes,mattress,0.0
1014847,ANCHOR_01,52:06:26:03:01:DA,-79,MFG_4C000215FDA50693A4E24FB1AFCFC6EB0764782500010002D8,1.5,Yes,mattress,0.0
1015877,ANCHOR_01,52:06:26:03:01:DA,-82,MFG_4C000215FDA50693A4E24FB1AFCFC6EB0764782500010002D8,1.5,Yes,mattress,0.0
1016857,ANCHOR_01,52:06:26:03:01:DA,-82,MFG_4C000215FDA50693A4E24FB1AFCFC6EB0764782500010002D8,1.5,Yes,mattress,0.0
1018867,ANCHOR_01,52:06:26:03:01:DA,-75,MFG_4C000215FDA50693A4E24FB1AFCFC6EB0764782500010002D8,1.5,Yes,mattress,0.0
1019867,ANCHOR_01,52:06:26:03:01:DA,-75,MFG_4C000215FDA50693A4E24FB1AFCFC6EB0764782500010002D8,1.5,Yes,mattress,0.0
1020877,ANCHOR_01,52:06:26:03:01:DA,-79,MFG_4C000215FDA50693A4E24FB1AFCFC6EB0764782500010002D8,1.5,Yes,mattress,0.0
1021897,ANCHOR_01,52:06:26:03:01:DA,-82,MFG_4C000215FDA50693A4E24FB1AFCFC6EB0764782500010002D8,1.5,Yes,mattress,0.0
1022887,ANCHOR_01,52:06:26:03:01:DA,-84,MFG_4C000215FDA50693A4E24FB1AFCFC6EB0764782500010002D8,1.5,Yes,mattress,0.0
1023917,ANCHOR_01,52:06:26:03:01:DA,-75,MFG_4C000215FDA50693A4E24FB1AFCFC6EB0764782500010002D8,1.5,Yes,mattress,0.0
1024907,ANCHOR_01,52:06:26:03:01:DA,-74,MFG_4C000215FDA50693A4E24FB1AFCFC6EB0764782500010002D8,1.5,Yes,mattress,0.0
1025927,ANCHOR_01,52:06:26:03:01:DA,-78,MFG_4C000215FDA50693A4E24FB1AFCFC6EB0764782500010002D8,1.5,Yes,mattress,0.0
1026947,ANCHOR_01,52:06:26:03:01:DA,-81,MFG_4C000215FDA50693A4E24FB1AFCFC6EB0764782500010002D8,1.5,Yes,mattress,0.0
1027917,ANCHOR_01,52:06:26:03:01:DA,-81,MFG_4C000215FDA50693A4E24FB1AFCFC6EB0764782500010002D8,1.5,Yes,mattress,0.0
1028927,ANCHOR_01,52:06:26:03:01:DA,-82,MFG_4C000215FDA50693A4E24FB1AFCFC6EB0764782500010002D8,1.5,Yes,mattress,0.0
1029937,ANCHOR_01,52:06:26:03:01:DA,-74,MFG_4C000215FDA50693A4E24FB1AFCFC6EB0764782500010002D8,1.5,Yes,mattress,0.0
1030927,ANCHOR_01,52:06:26:03:01:DA,-75,MFG_4C000215FDA50693A4E24FB1AFCFC6EB0764782500010002D8,1.5,Yes,mattress,0.0
1031937,ANCHOR_01,52:06:26:03:01:DA,-79,MFG_4C000215FDA50693A4E24FB1AFCFC6EB0764782500010002D8,1.5,Yes,mattress,0.0
1032947,ANCHOR_01,52:06:26:03:01:DA,-79,MFG_4C000215FDA50693A4E24FB1AFCFC6EB0764782500010002D8,1.5,Yes,mattress,0.0
1033947,ANCHOR_01,52:06:26:03:01:DA,-83,MFG_4C000215FDA50693A4E24FB1AFCFC6EB0764782500010002D8,1.5,Yes,mattress,0.0
1034957,ANCHOR_01,52:06:26:03:01:DA,-83,MFG_4C000215FDA50693A4E24FB1AFCFC6EB0764782500010002D8,1.5,Yes,mattress,0.0
1035977,ANCHOR_01,52:06:26:03:01:DA,-74,MFG_4C000215FDA50693A4E24FB1AFCFC6EB0764782500010002D8,1.5,Yes,mattress,0.0
1036957,ANCHOR_01,52:06:26:03:01:DA,-75,MFG_4C000215FDA50693A4E24FB1AFCFC6EB0764782500010002D8,1.5,Yes,mattress,0.0
1037957,ANCHOR_01,52:06:26:03:01:DA,-74,MFG_4C000215FDA50693A4E24FB1AFCFC6EB0764782500010002D8,1.5,Yes,mattress,0.0
1038957,ANCHOR_01,52:06:26:03:01:DA,-79,MFG_4C000215FDA50693A4E24FB1AFCFC6EB0764782500010002D8,1.5,Yes,mattress,0.0
1039967,ANCHOR_01,52:06:26:03:01:DA,-79,MFG_4C000215FDA50693A4E24FB1AFCFC6EB0764782500010002D8,1.5,Yes,mattress,0.0
1040987,ANCHOR_01,52:06:26:03:01:DA,-81,MFG_4C000215FDA50693A4E24FB1AFCFC6EB0764782500010002D8,1.5,Yes,mattress,0.0
1041977,ANCHOR_01,52:06:26:03:01:DA,-84,MFG_4C000215FDA50693A4E24FB1AFCFC6EB0764782500010002D8,1.5,Yes,mattress,0.0
1042997,ANCHOR_01,52:06:26:03:01:DA,-75,MFG_4C000215FDA50693A4E24FB1AFCFC6EB0764782500010002D8,1.5,Yes,mattress,0.0
1043987,ANCHOR_01,52:06:26:03:01:DA,-74,MFG_4C000215FDA50693A4E24FB1AFCFC6EB0764782500010002D8,1.5,Yes,mattress,0.0
1044987,ANCHOR_01,52:06:26:03:01:DA,-79,MFG_4C000215FDA50693A4E24FB1AFCFC6EB0764782500010002D8,1.5,Yes,mattress,0.0
1045987,ANCHOR_01,52:06:26:03:01:DA,-78,MFG_4C000215FDA50693A4E24FB1AFCFC6EB0764782500010002D8,1.5,Yes,mattress,0.0
1046987,ANCHOR_01,52:06:26:03:01:DA,-79,MFG_4C000215FDA50693A4E24FB1AFCFC6EB0764782500010002D8,1.5,Yes,mattress,0.0
1047997,ANCHOR_01,52:06:26:03:01:DA,-84,MFG_4C000215FDA50693A4E24FB1AFCFC6EB0764782500010002D8,1.5,Yes,mattress,0.0
1049997,ANCHOR_01,52:06:26:03:01:DA,-74,MFG_4C000215FDA50693A4E24FB1AFCFC6EB0764782500010002D8,1.5,Yes,mattress,0.0
1051037,ANCHOR_01,52:06:26:03:01:DA,-80,MFG_4C000215FDA50693A4E24FB1AFCFC6EB0764782500010002D8,1.5,Yes,mattress,0.0
1052017,ANCHOR_01,52:06:26:03:01:DA,-78,MFG_4C000215FDA50693A4E24FB1AFCFC6EB0764782500010002D8,1.5,Yes,mattress,0.0
1053047,ANCHOR_01,52:06:26:03:01:DA,-83,MFG_4C000215FDA50693A4E24FB1AFCFC6EB0764782500010002D8,1.5,Yes,mattress,0.0
1054037,ANCHOR_01,52:06:26:03:01:DA,-81,MFG_4C000215FDA50693A4E24FB1AFCFC6EB0764782500010002D8,1.5,Yes,mattress,0.0
1055037,ANCHOR_01,52:06:26:03:01:DA,-75,MFG_4C000215FDA50693A4E24FB1AFCFC6EB0764782500010002D8,1.5,Yes,mattress,0.0
1056037,ANCHOR_01,52:06:26:03:01:DA,-75,MFG_4C000215FDA50693A4E24FB1AFCFC6EB0764782500010002D8,1.5,Yes,mattress,0.0
1057067,ANCHOR_01,52:06:26:03:01:DA,-79,MFG_4C000215FDA50693A4E24FB1AFCFC6EB0764782500010002D8,1.5,Yes,mattress,0.0
1058057,ANCHOR_01,52:06:26:03:01:DA,-79,MFG_4C000215FDA50693A4E24FB1AFCFC6EB0764782500010002D8,1.5,Yes,mattress,0.0
1059057,ANCHOR_01,52:06:26:03:01:DA,-83,MFG_4C000215FDA50693A4E24FB1AFCFC6EB0764782500010002D8,1.5,Yes,mattress,0.0
1060057,ANCHOR_01,52:06:26:03:01:DA,-81,MFG_4C000215FDA50693A4E24FB1AFCFC6EB0764782500010002D8,1.5,Yes,mattress,0.0
1062067,ANCHOR_01,52:06:26:03:01:DA,-75,MFG_4C000215FDA50693A4E24FB1AFCFC6EB0764782500010002D8,1.5,Yes,mattress,0.0
1064087,ANCHOR_01,52:06:26:03:01:DA,-78,MFG_4C000215FDA50693A4E24FB1AFCFC6EB0764782500010002D8,1.5,Yes,mattress,0.0
1065087,ANCHOR_01,52:06:26:03:01:DA,-82,MFG_4C000215FDA50693A4E24FB1AFCFC6EB0764782500010002D8,1.5,Yes,mattress,0.0
1066097,ANCHOR_01,52:06:26:03:01:DA,-83,MFG_4C000215FDA50693A4E24FB1AFCFC6EB0764782500010002D8,1.5,Yes,mattress,0.0
1067097,ANCHOR_01,52:06:26:03:01:DA,-75,MFG_4C000215FDA50693A4E24FB1AFCFC6EB0764782500010002D8,1.5,Yes,mattress,0.0
1068107,ANCHOR_01,52:06:26:03:01:DA,-75,MFG_4C000215FDA50693A4E24FB1AFCFC6EB0764782500010002D8,1.5,Yes,mattress,0.0
1069127,ANCHOR_01,52:06:26:03:01:DA,-79,MFG_4C000215FDA50693A4E24FB1AFCFC6EB0764782500010002D8,1.5,Yes,mattress,0.0
1070107,ANCHOR_01,52:06:26:03:01:DA,-78,MFG_4C000215FDA50693A4E24FB1AFCFC6EB0764782500010002D8,1.5,Yes,mattress,0.0
1071137,ANCHOR_01,52:06:26:03:01:DA,-84,MFG_4C000215FDA50693A4E24FB1AFCFC6EB0764782500010002D8,1.5,Yes,mattress,0.0
1072127,ANCHOR_01,52:06:26:03:01:DA,-85,MFG_4C000215FDA50693A4E24FB1AFCFC6EB0764782500010002D8,1.5,Yes,mattress,0.0
1073127,ANCHOR_01,52:06:26:03:01:DA,-74,MFG_4C000215FDA50693A4E24FB1AFCFC6EB0764782500010002D8,1.5,Yes,mattress,0.0
1074137,ANCHOR_01,52:06:26:03:01:DA,-74,MFG_4C000215FDA50693A4E24FB1AFCFC6EB0764782500010002D8,1.5,Yes,mattress,0.0
1075147,ANCHOR_01,52:06:26:03:01:DA,-79,MFG_4C000215FDA50693A4E24FB1AFCFC6EB0764782500010002D8,1.5,Yes,mattress,0.0
1076137,ANCHOR_01,52:06:26:03:01:DA,-78,MFG_4C000215FDA50693A4E24FB1AFCFC6EB0764782500010002D8,1.5,Yes,mattress,0.0
1077167,ANCHOR_01,52:06:26:03:01:DA,-84,MFG_4C000215FDA50693A4E24FB1AFCFC6EB0764782500010002D8,1.5,Yes,mattress,0.0
1078157,ANCHOR_01,52:06:26:03:01:DA,-84,MFG_4C000215FDA50693A4E24FB1AFCFC6EB0764782500010002D8,1.5,Yes,mattress,0.0
1080167,ANCHOR_01,52:06:26:03:01:DA,-75,MFG_4C000215FDA50693A4E24FB1AFCFC6EB0764782500010002D8,1.5,Yes,mattress,0.0
1081177,ANCHOR_01,52:06:26:03:01:DA,-80,MFG_4C000215FDA50693A4E24FB1AFCFC6EB0764782500010002D8,1.5,Yes,mattress,0.0
1082187,ANCHOR_01,52:06:26:03:01:DA,-83,MFG_4C000215FDA50693A4E24FB1AFCFC6EB0764782500010002D8,1.5,Yes,mattress,0.0
1083197,ANCHOR_01,52:06:26:03:01:DA,-85,MFG_4C000215FDA50693A4E24FB1AFCFC6EB0764782500010002D8,1.5,Yes,mattress,0.0
1084197,ANCHOR_01,52:06:26:03:01:DA,-75,MFG_4C000215FDA50693A4E24FB1AFCFC6EB0764782500010002D8,1.5,Yes,mattress,0.0
1085207,ANCHOR_01,52:06:26:03:01:DA,-74,MFG_4C000215FDA50693A4E24FB1AFCFC6EB0764782500010002D8,1.5,Yes,mattress,0.0
1086227,ANCHOR_01,52:06:26:03:01:DA,-79,MFG_4C000215FDA50693A4E24FB1AFCFC6EB0764782500010002D8,1.5,Yes,mattress,0.0
1087227,ANCHOR_01,52:06:26:03:01:DA,-84,MFG_4C000215FDA50693A4E24FB1AFCFC6EB0764782500010002D8,1.5,Yes,mattress,0.0
1088227,ANCHOR_01,52:06:26:03:01:DA,-81,MFG_4C000215FDA50693A4E24FB1AFCFC6EB0764782500010002D8,1.5,Yes,mattress,0.0
1089237,ANCHOR_01,52:06:26:03:01:DA,-75,MFG_4C000215FDA50693A4E24FB1AFCFC6EB0764782500010002D8,1.5,Yes,mattress,0.0
1090247,ANCHOR_01,52:06:26:03:01:DA,-75,MFG_4C000215FDA50693A4E24FB1AFCFC6EB0764782500010002D8,1.5,Yes,mattress,0.0
1091267,ANCHOR_01,52:06:26:03:01:DA,-79,MFG_4C000215FDA50693A4E24FB1AFCFC6EB0764782500010002D8,1.5,Yes,mattress,0.0
1093257,ANCHOR_01,52:06:26:03:01:DA,-84,MFG_4C000215FDA50693A4E24FB1AFCFC6EB0764782500010002D8,1.5,Yes,mattress,0.0
1095277,ANCHOR_01,52:06:26:03:01:DA,-75,MFG_4C000215FDA50693A4E24FB1AFCFC6EB0764782500010002D8,1.5,Yes,mattress,0.0
1097297,ANCHOR_01,52:06:26:03:01:DA,-78,MFG_4C000215FDA50693A4E24FB1AFCFC6EB0764782500010002D8,1.5,Yes,mattress,0.0
1098317,ANCHOR_01,52:06:26:03:01:DA,-83,MFG_4C000215FDA50693A4E24FB1AFCFC6EB0764782500010002D8,1.5,Yes,mattress,0.0
1099297,ANCHOR_01,52:06:26:03:01:DA,-82,MFG_4C000215FDA50693A4E24FB1AFCFC6EB0764782500010002D8,1.5,Yes,mattress,0.0
1100297,ANCHOR_01,52:06:26:03:01:DA,-75,MFG_4C000215FDA50693A4E24FB1AFCFC6EB0764782500010002D8,1.5,Yes,mattress,0.0
1101317,ANCHOR_01,52:06:26:03:01:DA,-75,MFG_4C000215FDA50693A4E24FB1AFCFC6EB0764782500010002D8,1.5,Yes,mattress,0.0
1102317,ANCHOR_01,52:06:26:03:01:DA,-79,MFG_4C000215FDA50693A4E24FB1AFCFC6EB0764782500010002D8,1.5,Yes,mattress,0.0
1103327,ANCHOR_01,52:06:26:03:01:DA,-78,MFG_4C000215FDA50693A4E24FB1AFCFC6EB0764782500010002D8,1.5,Yes,mattress,0.0
1104347,ANCHOR_01,52:06:26:03:01:DA,-82,MFG_4C000215FDA50693A4E24FB1AFCFC6EB0764782500010002D8,1.5,Yes,mattress,0.0
1105337,ANCHOR_01,52:06:26:03:01:DA,-84,MFG_4C000215FDA50693A4E24FB1AFCFC6EB0764782500010002D8,1.5,Yes,mattress,0.0
1106337,ANCHOR_01,52:06:26:03:01:DA,-75,MFG_4C000215FDA50693A4E24FB1AFCFC6EB0764782500010002D8,1.5,Yes,mattress,0.0
1107347,ANCHOR_01,52:06:26:03:01:DA,-75,MFG_4C000215FDA50693A4E24FB1AFCFC6EB0764782500010002D8,1.5,Yes,mattress,0.0
1108347,ANCHOR_01,52:06:26:03:01:DA,-79,MFG_4C000215FDA50693A4E24FB1AFCFC6EB0764782500010002D8,1.5,Yes,mattress,0.0
1109357,ANCHOR_01,52:06:26:03:01:DA,-78,MFG_4C000215FDA50693A4E24FB1AFCFC6EB0764782500010002D8,1.5,Yes,mattress,0.0
1110377,ANCHOR_01,52:06:26:03:01:DA,-82,MFG_4C000215FDA50693A4E24FB1AFCFC6EB0764782500010002D8,1.5,Yes,mattress,0.0
1111367,ANCHOR_01,52:06:26:03:01:DA,-83,MFG_4C000215FDA50693A4E24FB1AFCFC6EB0764782500010002D8,1.5,Yes,mattress,0.0
1112367,ANCHOR_01,52:06:26:03:01:DA,-75,MFG_4C000215FDA50693A4E24FB1AFCFC6EB0764782500010002D8,1.5,Yes,mattress,0.0
1113377,ANCHOR_01,52:06:26:03:01:DA,-75,MFG_4C000215FDA50693A4E24FB1AFCFC6EB0764782500010002D8,1.5,Yes,mattress,0.0
1114387,ANCHOR_01,52:06:26:03:01:DA,-78,MFG_4C000215FDA50693A4E24FB1AFCFC6EB0764782500010002D8,1.5,Yes,mattress,0.0
1115417,ANCHOR_01,52:06:26:03:01:DA,-83,MFG_4C000215FDA50693A4E24FB1AFCFC6EB0764782500010002D8,1.5,Yes,mattress,0.0
1116407,ANCHOR_01,52:06:26:03:01:DA,-84,MFG_4C000215FDA50693A4E24FB1AFCFC6EB0764782500010002D8,1.5,Yes,mattress,0.0
1117407,ANCHOR_01,52:06:26:03:01:DA,-75,MFG_4C000215FDA50693A4E24FB1AFCFC6EB0764782500010002D8,1.5,Yes,mattress,0.0
1118417,ANCHOR_01,52:06:26:03:01:DA,-75,MFG_4C000215FDA50693A4E24FB1AFCFC6EB0764782500010002D8,1.5,Yes,mattress,0.0
1119407,ANCHOR_01,52:06:26:03:01:DA,-75,MFG_4C000215FDA50693A4E24FB1AFCFC6EB0764782500010002D8,1.5,Yes,mattress,0.0
1120407,ANCHOR_01,52:06:26:03:01:DA,-79,MFG_4C000215FDA50693A4E24FB1AFCFC6EB0764782500010002D8,1.5,Yes,mattress,0.0
1121417,ANCHOR_01,52:06:26:03:01:DA,-78,MFG_4C000215FDA50693A4E24FB1AFCFC6EB0764782500010002D8,1.5,Yes,mattress,0.0
1122437,ANCHOR_01,52:06:26:03:01:DA,-83,MFG_4C000215FDA50693A4E24FB1AFCFC6EB0764782500010002D8,1.5,Yes,mattress,0.0
1124447,ANCHOR_01,52:06:26:03:01:DA,-75,MFG_4C000215FDA50693A4E24FB1AFCFC6EB0764782500010002D8,1.5,Yes,mattress,0.0
1125447,ANCHOR_01,52:06:26:03:01:DA,-80,MFG_4C000215FDA50693A4E24FB1AFCFC6EB0764782500010002D8,1.5,Yes,mattress,0.0
1126457,ANCHOR_01,52:06:26:03:01:DA,-78,MFG_4C000215FDA50693A4E24FB1AFCFC6EB0764782500010002D8,1.5,Yes,mattress,0.0
1127467,ANCHOR_01,52:06:26:03:01:DA,-83,MFG_4C000215FDA50693A4E24FB1AFCFC6EB0764782500010002D8,1.5,Yes,mattress,0.0
1128457,ANCHOR_01,52:06:26:03:01:DA,-83,MFG_4C000215FDA50693A4E24FB1AFCFC6EB0764782500010002D8,1.5,Yes,mattress,0.0
1130477,ANCHOR_01,52:06:26:03:01:DA,-75,MFG_4C000215FDA50693A4E24FB1AFCFC6EB0764782500010002D8,1.5,Yes,mattress,0.0
1131467,ANCHOR_01,52:06:26:03:01:DA,-75,MFG_4C000215FDA50693A4E24FB1AFCFC6EB0764782500010002D8,1.5,Yes,mattress,0.0
1132477,ANCHOR_01,52:06:26:03:01:DA,-79,MFG_4C000215FDA50693A4E24FB1AFCFC6EB0764782500010002D8,1.5,Yes,mattress,0.0
1133507,ANCHOR_01,52:06:26:03:01:DA,-82,MFG_4C000215FDA50693A4E24FB1AFCFC6EB0764782500010002D8,1.5,Yes,mattress,0.0
1134497,ANCHOR_01,52:06:26:03:01:DA,-83,MFG_4C000215FDA50693A4E24FB1AFCFC6EB0764782500010002D8,1.5,Yes,mattress,0.0
1135497,ANCHOR_01,52:06:26:03:01:DA,-74,MFG_4C000215FDA50693A4E24FB1AFCFC6EB0764782500010002D8,1.5,Yes,mattress,0.0
1136507,ANCHOR_01,52:06:26:03:01:DA,-74,MFG_4C000215FDA50693A4E24FB1AFCFC6EB0764782500010002D8,1.5,Yes,mattress,0.0
1138507,ANCHOR_01,52:06:26:03:01:DA,-79,MFG_4C000215FDA50693A4E24FB1AFCFC6EB0764782500010002D8,1.5,Yes,mattress,0.0
1140527,ANCHOR_01,52:06:26:03:01:DA,-85,MFG_4C000215FDA50693A4E24FB1AFCFC6EB0764782500010002D8,1.5,Yes,mattress,0.0
1142527,ANCHOR_01,52:06:26:03:01:DA,-74,MFG_4C000215FDA50693A4E24FB1AFCFC6EB0764782500010002D8,1.5,Yes,mattress,0.0
1143547,ANCHOR_01,52:06:26:03:01:DA,-78,MFG_4C000215FDA50693A4E24FB1AFCFC6EB0764782500010002D8,1.5,Yes,mattress,0.0
1144547,ANCHOR_01,52:06:26:03:01:DA,-78,MFG_4C000215FDA50693A4E24FB1AFCFC6EB0764782500010002D8,1.5,Yes,mattress,0.0
1145537,ANCHOR_01,52:06:26:03:01:DA,-78,MFG_4C000215FDA50693A4E24FB1AFCFC6EB0764782500010002D8,1.5,Yes,mattress,0.0
1146537,ANCHOR_01,52:06:26:03:01:DA,-85,MFG_4C000215FDA50693A4E24FB1AFCFC6EB0764782500010002D8,1.5,Yes,mattress,0.0
1147547,ANCHOR_01,52:06:26:03:01:DA,-84,MFG_4C000215FDA50693A4E24FB1AFCFC6EB0764782500010002D8,1.5,Yes,mattress,0.0
1148567,ANCHOR_01,52:06:26:03:01:DA,-75,MFG_4C000215FDA50693A4E24FB1AFCFC6EB0764782500010002D8,1.5,Yes,mattress,0.0
1149547,ANCHOR_01,52:06:26:03:01:DA,-75,MFG_4C000215FDA50693A4E24FB1AFCFC6EB0764782500010002D8,1.5,Yes,mattress,0.0
1150577,ANCHOR_01,52:06:26:03:01:DA,-78,MFG_4C000215FDA50693A4E24FB1AFCFC6EB0764782500010002D8,1.5,Yes,mattress,0.0
1151567,ANCHOR_01,52:06:26:03:01:DA,-78,MFG_4C000215FDA50693A4E24FB1AFCFC6EB0764782500010002D8,1.5,Yes,mattress,0.0
1152587,ANCHOR_01,52:06:26:03:01:DA,-83,MFG_4C000215FDA50693A4E24FB1AFCFC6EB0764782500010002D8,1.5,Yes,mattress,0.0
1153577,ANCHOR_01,52:06:26:03:01:DA,-82,MFG_4C000215FDA50693A4E24FB1AFCFC6EB0764782500010002D8,1.5,Yes,mattress,0.0
1155577,ANCHOR_01,52:06:26:03:01:DA,-75,MFG_4C000215FDA50693A4E24FB1AFCFC6EB0764782500010002D8,1.5,Yes,mattress,0.0
1156587,ANCHOR_01,52:06:26:03:01:DA,-78,MFG_4C000215FDA50693A4E24FB1AFCFC6EB0764782500010002D8,1.5,Yes,mattress,0.0
1157587,ANCHOR_01,52:06:26:03:01:DA,-79,MFG_4C000215FDA50693A4E24FB1AFCFC6EB0764782500010002D8,1.5,Yes,mattress,0.0
1158617,ANCHOR_01,52:06:26:03:01:DA,-85,MFG_4C000215FDA50693A4E24FB1AFCFC6EB0764782500010002D8,1.5,Yes,mattress,0.0
1159597,ANCHOR_01,52:06:26:03:01:DA,-85,MFG_4C000215FDA50693A4E24FB1AFCFC6EB0764782500010002D8,1.5,Yes,mattress,0.0
1160607,ANCHOR_01,52:06:26:03:01:DA,-75,MFG_4C000215FDA50693A4E24FB1AFCFC6EB0764782500010002D8,1.5,Yes,mattress,0.0
1161607,ANCHOR_01,52:06:26:03:01:DA,-75,MFG_4C000215FDA50693A4E24FB1AFCFC6EB0764782500010002D8,1.5,Yes,mattress,0.0
1162637,ANCHOR_01,52:06:26:03:01:DA,-78,MFG_4C000215FDA50693A4E24FB1AFCFC6EB0764782500010002D8,1.5,Yes,mattress,0.0
1163627,ANCHOR_01,52:06:26:03:01:DA,-79,MFG_4C000215FDA50693A4E24FB1AFCFC6EB0764782500010002D8,1.5,Yes,mattress,0.0
1164627,ANCHOR_01,52:06:26:03:01:DA,-85,MFG_4C000215FDA50693A4E24FB1AFCFC6EB0764782500010002D8,1.5,Yes,mattress,0.0
1165637,ANCHOR_01,52:06:26:03:01:DA,-83,MFG_4C000215FDA50693A4E24FB1AFCFC6EB0764782500010002D8,1.5,Yes,mattress,0.0
1166657,ANCHOR_01,52:06:26:03:01:DA,-74,MFG_4C000215FDA50693A4E24FB1AFCFC6EB0764782500010002D8,1.5,Yes,mattress,0.0
1167637,ANCHOR_01,52:06:26:03:01:DA,-74,MFG_4C000215FDA50693A4E24FB1AFCFC6EB0764782500010002D8,1.5,Yes,mattress,0.0
1168647,ANCHOR_01,52:06:26:03:01:DA,-78,MFG_4C000215FDA50693A4E24FB1AFCFC6EB0764782500010002D8,1.5,Yes,mattress,0.0
1169657,ANCHOR_01,52:06:26:03:01:DA,-78,MFG_4C000215FDA50693A4E24FB1AFCFC6EB0764782500010002D8,1.5,Yes,mattress,0.0
1171667,ANCHOR_01,52:06:26:03:01:DA,-84,MFG_4C000215FDA50693A4E24FB1AFCFC6EB0764782500010002D8,1.5,Yes,mattress,0.0
1173657,ANCHOR_01,52:06:26:03:01:DA,-74,MFG_4C000215FDA50693A4E24FB1AFCFC6EB0764782500010002D8,1.5,Yes,mattress,0.0
1174667,ANCHOR_01,52:06:26:03:01:DA,-75,MFG_4C000215FDA50693A4E24FB1AFCFC6EB0764782500010002D8,1.5,Yes,mattress,0.0
1175667,ANCHOR_01,52:06:26:03:01:DA,-78,MFG_4C000215FDA50693A4E24FB1AFCFC6EB0764782500010002D8,1.5,Yes,mattress,0.0
1176677,ANCHOR_01,52:06:26:03:01:DA,-78,MFG_4C000215FDA50693A4E24FB1AFCFC6EB0764782500010002D8,1.5,Yes,mattress,0.0
1177697,ANCHOR_01,52:06:26:03:01:DA,-83,MFG_4C000215FDA50693A4E24FB1AFCFC6EB0764782500010002D8,1.5,Yes,mattress,0.0
1179687,ANCHOR_01,52:06:26:03:01:DA,-74,MFG_4C000215FDA50693A4E24FB1AFCFC6EB0764782500010002D8,1.5,Yes,mattress,0.0
1180697,ANCHOR_01,52:06:26:03:01:DA,-74,MFG_4C000215FDA50693A4E24FB1AFCFC6EB0764782500010002D8,1.5,Yes,mattress,0.0
1181697,ANCHOR_01,52:06:26:03:01:DA,-78,MFG_4C000215FDA50693A4E24FB1AFCFC6EB0764782500010002D8,1.5,Yes,mattress,0.0
1182697,ANCHOR_01,52:06:26:03:01:DA,-78,MFG_4C000215FDA50693A4E24FB1AFCFC6EB0764782500010002D8,1.5,Yes,mattress,0.0
1183727,ANCHOR_01,52:06:26:03:01:DA,-83,MFG_4C000215FDA50693A4E24FB1AFCFC6EB0764782500010002D8,1.5,Yes,mattress,0.0
1184717,ANCHOR_01,52:06:26:03:01:DA,-82,MFG_4C000215FDA50693A4E24FB1AFCFC6EB0764782500010002D8,1.5,Yes,mattress,0.0
1185727,ANCHOR_01,52:06:26:03:01:DA,-74,MFG_4C000215FDA50693A4E24FB1AFCFC6EB0764782500010002D8,1.5,Yes,mattress,0.0
1186717,ANCHOR_01,52:06:26:03:01:DA,-74,MFG_4C000215FDA50693A4E24FB1AFCFC6EB0764782500010002D8,1.5,Yes,mattress,0.0
1188727,ANCHOR_01,52:06:26:03:01:DA,-79,MFG_4C000215FDA50693A4E24FB1AFCFC6EB0764782500010002D8,1.5,Yes,mattress,0.0
1189747,ANCHOR_01,52:06:26:03:01:DA,-83,MFG_4C000215FDA50693A4E24FB1AFCFC6EB0764782500010002D8,1.5,Yes,mattress,0.0
1190747,ANCHOR_01,52:06:26:03:01:DA,-81,MFG_4C000215FDA50693A4E24FB1AFCFC6EB0764782500010002D8,1.5,Yes,mattress,0.0
1191767,ANCHOR_01,52:06:26:03:01:DA,-75,MFG_4C000215FDA50693A4E24FB1AFCFC6EB0764782500010002D8,1.5,Yes,mattress,0.0
1192757,ANCHOR_01,52:06:26:03:01:DA,-74,MFG_4C000215FDA50693A4E24FB1AFCFC6EB0764782500010002D8,1.5,Yes,mattress,0.0
1193767,ANCHOR_01,52:06:26:03:01:DA,-77,MFG_4C000215FDA50693A4E24FB1AFCFC6EB0764782500010002D8,1.5,Yes,mattress,0.0
1194747,ANCHOR_01,52:06:26:03:01:DA,-77,MFG_4C000215FDA50693A4E24FB1AFCFC6EB0764782500010002D8,1.5,Yes,mattress,0.0
1195757,ANCHOR_01,52:06:26:03:01:DA,-77,MFG_4C000215FDA50693A4E24FB1AFCFC6EB0764782500010002D8,1.5,Yes,mattress,0.0
1196777,ANCHOR_01,52:06:26:03:01:DA,-82,MFG_4C000215FDA50693A4E24FB1AFCFC6EB0764782500010002D8,1.5,Yes,mattress,0.0
1197797,ANCHOR_01,52:06:26:03:01:DA,-75,MFG_4C000215FDA50693A4E24FB1AFCFC6EB0764782500010002D8,1.5,Yes,mattress,0.0
1198787,ANCHOR_01,52:06:26:03:01:DA,-75,MFG_4C000215FDA50693A4E24FB1AFCFC6EB0764782500010002D8,1.5,Yes,mattress,0.0
1199777,ANCHOR_01,52:06:26:03:01:DA,-74,MFG_4C000215FDA50693A4E24FB1AFCFC6EB0764782500010002D8,1.5,Yes,mattress,0.0
1200787,ANCHOR_01,52:06:26:03:01:DA,-78,MFG_4C000215FDA50693A4E24FB1AFCFC6EB0764782500010002D8,1.5,Yes,mattress,0.0
1201817,ANCHOR_01,52:06:26:03:01:DA,-81,MFG_4C000215FDA50693A4E24FB1AFCFC6EB0764782500010002D8,1.5,Yes,mattress,0.0
1202797,ANCHOR_01,52:06:26:03:01:DA,-84,MFG_4C000215FDA50693A4E24FB1AFCFC6EB0764782500010002D8,1.5,Yes,mattress,0.0
1204817,ANCHOR_01,52:06:26:03:01:DA,-74,MFG_4C000215FDA50693A4E24FB1AFCFC6EB0764782500010002D8,1.5,Yes,mattress,0.0
1205807,ANCHOR_01,52:06:26:03:01:DA,-74,MFG_4C000215FDA50693A4E24FB1AFCFC6EB0764782500010002D8,1.5,Yes,mattress,0.0
1206807,ANCHOR_01,52:06:26:03:01:DA,-79,MFG_4C000215FDA50693A4E24FB1AFCFC6EB0764782500010002D8,1.5,Yes,mattress,0.0
1207817,ANCHOR_01,52:06:26:03:01:DA,-78,MFG_4C000215FDA50693A4E24FB1AFCFC6EB0764782500010002D8,1.5,Yes,mattress,0.0
1208837,ANCHOR_01,52:06:26:03:01:DA,-82,MFG_4C000215FDA50693A4E24FB1AFCFC6EB0764782500010002D8,1.5,Yes,mattress,0.0
1210837,ANCHOR_01,52:06:26:03:01:DA,-75,MFG_4C000215FDA50693A4E24FB1AFCFC6EB0764782500010002D8,1.5,Yes,mattress,0.0
1212847,ANCHOR_01,52:06:26:03:01:DA,-78,MFG_4C000215FDA50693A4E24FB1AFCFC6EB0764782500010002D8,1.5,Yes,mattress,0.0
1214857,ANCHOR_01,52:06:26:03:01:DA,-82,MFG_4C000215FDA50693A4E24FB1AFCFC6EB0764782500010002D8,1.5,Yes,mattress,0.0
1216867,ANCHOR_01,52:06:26:03:01:DA,-75,MFG_4C000215FDA50693A4E24FB1AFCFC6EB0764782500010002D8,1.5,Yes,mattress,0.0
1217887,ANCHOR_01,52:06:26:03:01:DA,-81,MFG_4C000215FDA50693A4E24FB1AFCFC6EB0764782500010002D8,1.5,Yes,mattress,0.0
1218887,ANCHOR_01,52:06:26:03:01:DA,-78,MFG_4C000215FDA50693A4E24FB1AFCFC6EB0764782500010002D8,1.5,Yes,mattress,0.0
1219877,ANCHOR_01,52:06:26:03:01:DA,-80,MFG_4C000215FDA50693A4E24FB1AFCFC6EB0764782500010002D8,1.5,Yes,mattress,0.0
1220897,ANCHOR_01,52:06:26:03:01:DA,-82,MFG_4C000215FDA50693A4E24FB1AFCFC6EB0764782500010002D8,1.5,Yes,mattress,0.0
1221887,ANCHOR_01,52:06:26:03:01:DA,-82,MFG_4C000215FDA50693A4E24FB1AFCFC6EB0764782500010002D8,1.5,Yes,mattress,0.0
1222907,ANCHOR_01,52:06:26:03:01:DA,-75,MFG_4C000215FDA50693A4E24FB1AFCFC6EB0764782500010002D8,1.5,Yes,mattress,0.0
1223897,ANCHOR_01,52:06:26:03:01:DA,-75,MFG_4C000215FDA50693A4E24FB1AFCFC6EB0764782500010002D8,1.5,Yes,mattress,0.0
1224897,ANCHOR_01,52:06:26:03:01:DA,-79,MFG_4C000215FDA50693A4E24FB1AFCFC6EB0764782500010002D8,1.5,Yes,mattress,0.0
1225897,ANCHOR_01,52:06:26:03:01:DA,-80,MFG_4C000215FDA50693A4E24FB1AFCFC6EB0764782500010002D8,1.5,Yes,mattress,0.0
1226907,ANCHOR_01,52:06:26:03:01:DA,-82,MFG_4C000215FDA50693A4E24FB1AFCFC6EB0764782500010002D8,1.5,Yes,mattress,0.0
1227917,ANCHOR_01,52:06:26:03:01:DA,-82,MFG_4C000215FDA50693A4E24FB1AFCFC6EB0764782500010002D8,1.5,Yes,mattress,0.0
1228937,ANCHOR_01,52:06:26:03:01:DA,-75,MFG_4C000215FDA50693A4E24FB1AFCFC6EB0764782500010002D8,1.5,Yes,mattress,0.0
1229927,ANCHOR_01,52:06:26:03:01:DA,-75,MFG_4C000215FDA50693A4E24FB1AFCFC6EB0764782500010002D8,1.5,Yes,mattress,0.0
1230927,ANCHOR_01,52:06:26:03:01:DA,-81,MFG_4C000215FDA50693A4E24FB1AFCFC6EB0764782500010002D8,1.5,Yes,mattress,0.0
1231937,ANCHOR_01,52:06:26:03:01:DA,-81,MFG_4C000215FDA50693A4E24FB1AFCFC6EB0764782500010002D8,1.5,Yes,mattress,0.0
1232957,ANCHOR_01,52:06:26:03:01:DA,-84,MFG_4C000215FDA50693A4E24FB1AFCFC6EB0764782500010002D8,1.5,Yes,mattress,0.0
1233947,ANCHOR_01,52:06:26:03:01:DA,-83,MFG_4C000215FDA50693A4E24FB1AFCFC6EB0764782500010002D8,1.5,Yes,mattress,0.0
1234957,ANCHOR_01,52:06:26:03:01:DA,-74,MFG_4C000215FDA50693A4E24FB1AFCFC6EB0764782500010002D8,1.5,Yes,mattress,0.0
1236957,ANCHOR_01,52:06:26:03:01:DA,-81,MFG_4C000215FDA50693A4E24FB1AFCFC6EB0764782500010002D8,1.5,Yes,mattress,0.0
1237957,ANCHOR_01,52:06:26:03:01:DA,-80,MFG_4C000215FDA50693A4E24FB1AFCFC6EB0764782500010002D8,1.5,Yes,mattress,0.0
1238967,ANCHOR_01,52:06:26:03:01:DA,-83,MFG_4C000215FDA50693A4E24FB1AFCFC6EB0764782500010002D8,1.5,Yes,mattress,0.0
1239977,ANCHOR_01,52:06:26:03:01:DA,-84,MFG_4C000215FDA50693A4E24FB1AFCFC6EB0764782500010002D8,1.5,Yes,mattress,0.0
1240997,ANCHOR_01,52:06:26:03:01:DA,-74,MFG_4C000215FDA50693A4E24FB1AFCFC6EB0764782500010002D8,1.5,Yes,mattress,0.0
1241977,ANCHOR_01,52:06:26:03:01:DA,-75,MFG_4C000215FDA50693A4E24FB1AFCFC6EB0764782500010002D8,1.5,Yes,mattress,0.0
1243007,ANCHOR_01,52:06:26:03:01:DA,-80,MFG_4C000215FDA50693A4E24FB1AFCFC6EB0764782500010002D8,1.5,Yes,mattress,0.0
1243997,ANCHOR_01,52:06:26:03:01:DA,-80,MFG_4C000215FDA50693A4E24FB1AFCFC6EB0764782500010002D8,1.5,Yes,mattress,0.0
1244997,ANCHOR_01,52:06:26:03:01:DA,-84,MFG_4C000215FDA50693A4E24FB1AFCFC6EB0764782500010002D8,1.5,Yes,mattress,0.0
1246007,ANCHOR_01,52:06:26:03:01:DA,-83,MFG_4C000215FDA50693A4E24FB1AFCFC6EB0764782500010002D8,1.5,Yes,mattress,0.0
1247017,ANCHOR_01,52:06:26:03:01:DA,-75,MFG_4C000215FDA50693A4E24FB1AFCFC6EB0764782500010002D8,1.5,Yes,mattress,0.0
1248007,ANCHOR_01,52:06:26:03:01:DA,-74,MFG_4C000215FDA50693A4E24FB1AFCFC6EB0764782500010002D8,1.5,Yes,mattress,0.0
1249017,ANCHOR_01,52:06:26:03:01:DA,-80,MFG_4C000215FDA50693A4E24FB1AFCFC6EB0764782500010002D8,1.5,Yes,mattress,0.0
1250017,ANCHOR_01,52:06:26:03:01:DA,-79,MFG_4C000215FDA50693A4E24FB1AFCFC6EB0764782500010002D8,1.5,Yes,mattress,0.0
1251047,ANCHOR_01,52:06:26:03:01:DA,-85,MFG_4C000215FDA50693A4E24FB1AFCFC6EB0764782500010002D8,1.5,Yes,mattress,0.0
1252017,ANCHOR_01,52:06:26:03:01:DA,-85,MFG_4C000215FDA50693A4E24FB1AFCFC6EB0764782500010002D8,1.5,Yes,mattress,0.0
1254047,ANCHOR_01,52:06:26:03:01:DA,-75,MFG_4C000215FDA50693A4E24FB1AFCFC6EB0764782500010002D8,1.5,Yes,mattress,0.0
1255037,ANCHOR_01,52:06:26:03:01:DA,-75,MFG_4C000215FDA50693A4E24FB1AFCFC6EB0764782500010002D8,1.5,Yes,mattress,0.0
1256057,ANCHOR_01,52:06:26:03:01:DA,-80,MFG_4C000215FDA50693A4E24FB1AFCFC6EB0764782500010002D8,1.5,Yes,mattress,0.0
1257047,ANCHOR_01,52:06:26:03:01:DA,-80,MFG_4C000215FDA50693A4E24FB1AFCFC6EB0764782500010002D8,1.5,Yes,mattress,0.0
1258057,ANCHOR_01,52:06:26:03:01:DA,-82,MFG_4C000215FDA50693A4E24FB1AFCFC6EB0764782500010002D8,1.5,Yes,mattress,0.0
1259057,ANCHOR_01,52:06:26:03:01:DA,-83,MFG_4C000215FDA50693A4E24FB1AFCFC6EB0764782500010002D8,1.5,Yes,mattress,0.0
1260077,ANCHOR_01,52:06:26:03:01:DA,-75,MFG_4C000215FDA50693A4E24FB1AFCFC6EB0764782500010002D8,1.5,Yes,mattress,0.0
1261067,ANCHOR_01,52:06:26:03:01:DA,-75,MFG_4C000215FDA50693A4E24FB1AFCFC6EB0764782500010002D8,1.5,Yes,mattress,0.0
1262087,ANCHOR_01,52:06:26:03:01:DA,-80,MFG_4C000215FDA50693A4E24FB1AFCFC6EB0764782500010002D8,1.5,Yes,mattress,0.0
1263077,ANCHOR_01,52:06:26:03:01:DA,-80,MFG_4C000215FDA50693A4E24FB1AFCFC6EB0764782500010002D8,1.5,Yes,mattress,0.0
1264097,ANCHOR_01,52:06:26:03:01:DA,-83,MFG_4C000215FDA50693A4E24FB1AFCFC6EB0764782500010002D8,1.5,Yes,mattress,0.0
1265087,ANCHOR_01,52:06:26:03:01:DA,-83,MFG_4C000215FDA50693A4E24FB1AFCFC6EB0764782500010002D8,1.5,Yes,mattress,0.0
1266087,ANCHOR_01,52:06:26:03:01:DA,-75,MFG_4C000215FDA50693A4E24FB1AFCFC6EB0764782500010002D8,1.5,Yes,mattress,0.0
1267097,ANCHOR_01,52:06:26:03:01:DA,-75,MFG_4C000215FDA50693A4E24FB1AFCFC6EB0764782500010002D8,1.5,Yes,mattress,0.0
1268097,ANCHOR_01,52:06:26:03:01:DA,-80,MFG_4C000215FDA50693A4E24FB1AFCFC6EB0764782500010002D8,1.5,Yes,mattress,0.0
1269107,ANCHOR_01,52:06:26:03:01:DA,-80,MFG_4C000215FDA50693A4E24FB1AFCFC6EB0764782500010002D8,1.5,Yes,mattress,0.0
1270127,ANCHOR_01,52:06:26:03:01:DA,-83,MFG_4C000215FDA50693A4E24FB1AFCFC6EB0764782500010002D8,1.5,Yes,mattress,0.0
1271127,ANCHOR_01,52:06:26:03:01:DA,-75,MFG_4C000215FDA50693A4E24FB1AFCFC6EB0764782500010002D8,1.5,Yes,mattress,0.0
1272137,ANCHOR_01,52:06:26:03:01:DA,-75,MFG_4C000215FDA50693A4E24FB1AFCFC6EB0764782500010002D8,1.5,Yes,mattress,0.0
1274137,ANCHOR_01,52:06:26:03:01:DA,-79,MFG_4C000215FDA50693A4E24FB1AFCFC6EB0764782500010002D8,1.5,Yes,mattress,0.0
1275137,ANCHOR_01,52:06:26:03:01:DA,-80,MFG_4C000215FDA50693A4E24FB1AFCFC6EB0764782500010002D8,1.5,Yes,mattress,0.0
1276147,ANCHOR_01,52:06:26:03:01:DA,-83,MFG_4C000215FDA50693A4E24FB1AFCFC6EB0764782500010002D8,1.5,Yes,mattress,0.0
1277137,ANCHOR_01,52:06:26:03:01:DA,-82,MFG_4C000215FDA50693A4E24FB1AFCFC6EB0764782500010002D8,1.5,Yes,mattress,0.0
1279157,ANCHOR_01,52:06:26:03:01:DA,-75,MFG_4C000215FDA50693A4E24FB1AFCFC6EB0764782500010002D8,1.5,Yes,mattress,0.0
1280167,ANCHOR_01,52:06:26:03:01:DA,-79,MFG_4C000215FDA50693A4E24FB1AFCFC6EB0764782500010002D8,1.5,Yes,mattress,0.0
1281167,ANCHOR_01,52:06:26:03:01:DA,-80,MFG_4C000215FDA50693A4E24FB1AFCFC6EB0764782500010002D8,1.5,Yes,mattress,0.0
1282167,ANCHOR_01,52:06:26:03:01:DA,-85,MFG_4C000215FDA50693A4E24FB1AFCFC6EB0764782500010002D8,1.5,Yes,mattress,0.0
1283177,ANCHOR_01,52:06:26:03:01:DA,-82,MFG_4C000215FDA50693A4E24FB1AFCFC6EB0764782500010002D8,1.5,Yes,mattress,0.0
1284187,ANCHOR_01,52:06:26:03:01:DA,-75,MFG_4C000215FDA50693A4E24FB1AFCFC6EB0764782500010002D8,1.5,Yes,mattress,0.0
1285187,ANCHOR_01,52:06:26:03:01:DA,-74,MFG_4C000215FDA50693A4E24FB1AFCFC6EB0764782500010002D8,1.5,Yes,mattress,0.0
1287187,ANCHOR_01,52:06:26:03:01:DA,-80,MFG_4C000215FDA50693A4E24FB1AFCFC6EB0764782500010002D8,1.5,Yes,mattress,0.0
1288187,ANCHOR_01,52:06:26:03:01:DA,-80,MFG_4C000215FDA50693A4E24FB1AFCFC6EB0764782500010002D8,1.5,Yes,mattress,0.0
1289197,ANCHOR_01,52:06:26:03:01:DA,-84,MFG_4C000215FDA50693A4E24FB1AFCFC6EB0764782500010002D8,1.5,Yes,mattress,0.0
1290197,ANCHOR_01,52:06:26:03:01:DA,-85,MFG_4C000215FDA50693A4E24FB1AFCFC6EB0764782500010002D8,1.5,Yes,mattress,0.0
1291207,ANCHOR_01,52:06:26:03:01:DA,-75,MFG_4C000215FDA50693A4E24FB1AFCFC6EB0764782500010002D8,1.5,Yes,mattress,0.0
1292197,ANCHOR_01,52:06:26:03:01:DA,-74,MFG_4C000215FDA50693A4E24FB1AFCFC6EB0764782500010002D8,1.5,Yes,mattress,0.0
1293207,ANCHOR_01,52:06:26:03:01:DA,-79,MFG_4C000215FDA50693A4E24FB1AFCFC6EB0764782500010002D8,1.5,Yes,mattress,0.0
1294217,ANCHOR_01,52:06:26:03:01:DA,-80,MFG_4C000215FDA50693A4E24FB1AFCFC6EB0764782500010002D8,1.5,Yes,mattress,0.0
1296217,ANCHOR_01,52:06:26:03:01:DA,-82,MFG_4C000215FDA50693A4E24FB1AFCFC6EB0764782500010002D8,1.5,Yes,mattress,0.0
1298227,ANCHOR_01,52:06:26:03:01:DA,-74,MFG_4C000215FDA50693A4E24FB1AFCFC6EB0764782500010002D8,1.5,Yes,mattress,0.0
1299257,ANCHOR_01,52:06:26:03:01:DA,-80,MFG_4C000215FDA50693A4E24FB1AFCFC6EB0764782500010002D8,1.5,Yes,mattress,0.0
1300247,ANCHOR_01,52:06:26:03:01:DA,-80,MFG_4C000215FDA50693A4E24FB1AFCFC6EB0764782500010002D8,1.5,Yes,mattress,0.0
1301247,ANCHOR_01,52:06:26:03:01:DA,-82,MFG_4C000215FDA50693A4E24FB1AFCFC6EB0764782500010002D8,1.5,Yes,mattress,0.0
1302257,ANCHOR_01,52:06:26:03:01:DA,-84,MFG_4C000215FDA50693A4E24FB1AFCFC6EB0764782500010002D8,1.5,Yes,mattress,0.0
1304257,ANCHOR_01,52:06:26:03:01:DA,-75,MFG_4C000215FDA50693A4E24FB1AFCFC6EB0764782500010002D8,1.5,Yes,mattress,0.0
1305257,ANCHOR_01,52:06:26:03:01:DA,-74,MFG_4C000215FDA50693A4E24FB1AFCFC6EB0764782500010002D8,1.5,Yes,mattress,0.0
1306267,ANCHOR_01,52:06:26:03:01:DA,-80,MFG_4C000215FDA50693A4E24FB1AFCFC6EB0764782500010002D8,1.5,Yes,mattress,0.0
1307257,ANCHOR_01,52:06:26:03:01:DA,-79,MFG_4C000215FDA50693A4E24FB1AFCFC6EB0764782500010002D8,1.5,Yes,mattress,0.0
1308277,ANCHOR_01,52:06:26:03:01:DA,-83,MFG_4C000215FDA50693A4E24FB1AFCFC6EB0764782500010002D8,1.5,Yes,mattress,0.0
1309277,ANCHOR_01,52:06:26:03:01:DA,-82,MFG_4C000215FDA50693A4E24FB1AFCFC6EB0764782500010002D8,1.5,Yes,mattress,0.0
1310277,ANCHOR_01,52:06:26:03:01:DA,-75,MFG_4C000215FDA50693A4E24FB1AFCFC6EB0764782500010002D8,1.5,Yes,mattress,0.0
1311287,ANCHOR_01,52:06:26:03:01:DA,-75,MFG_4C000215FDA50693A4E24FB1AFCFC6EB0764782500010002D8,1.5,Yes,mattress,0.0
1312287,ANCHOR_01,52:06:26:03:01:DA,-80,MFG_4C000215FDA50693A4E24FB1AFCFC6EB0764782500010002D8,1.5,Yes,mattress,0.0
1313297,ANCHOR_01,52:06:26:03:01:DA,-79,MFG_4C000215FDA50693A4E24FB1AFCFC6EB0764782500010002D8,1.5,Yes,mattress,0.0
1314317,ANCHOR_01,52:06:26:03:01:DA,-83,MFG_4C000215FDA50693A4E24FB1AFCFC6EB0764782500010002D8,1.5,Yes,mattress,0.0
1316307,ANCHOR_01,52:06:26:03:01:DA,-75,MFG_4C000215FDA50693A4E24FB1AFCFC6EB0764782500010002D8,1.5,Yes,mattress,0.0
1317317,ANCHOR_01,52:06:26:03:01:DA,-75,MFG_4C000215FDA50693A4E24FB1AFCFC6EB0764782500010002D8,1.5,Yes,mattress,0.0
1318327,ANCHOR_01,52:06:26:03:01:DA,-80,MFG_4C000215FDA50693A4E24FB1AFCFC6EB0764782500010002D8,1.5,Yes,mattress,0.0
1319327,ANCHOR_01,52:06:26:03:01:DA,-80,MFG_4C000215FDA50693A4E24FB1AFCFC6EB0764782500010002D8,1.5,Yes,mattress,0.0
1321337,ANCHOR_01,52:06:26:03:01:DA,-84,MFG_4C000215FDA50693A4E24FB1AFCFC6EB0764782500010002D8,1.5,Yes,mattress,0.0
1322357,ANCHOR_01,52:06:26:03:01:DA,-74,MFG_4C000215FDA50693A4E24FB1AFCFC6EB0764782500010002D8,1.5,Yes,mattress,0.0
1323347,ANCHOR_01,52:06:26:03:01:DA,-75,MFG_4C000215FDA50693A4E24FB1AFCFC6EB0764782500010002D8,1.5,Yes,mattress,0.0
1324367,ANCHOR_01,52:06:26:03:01:DA,-80,MFG_4C000215FDA50693A4E24FB1AFCFC6EB0764782500010002D8,1.5,Yes,mattress,0.0
1325357,ANCHOR_01,52:06:26:03:01:DA,-79,MFG_4C000215FDA50693A4E24FB1AFCFC6EB0764782500010002D8,1.5,Yes,mattress,0.0
1326377,ANCHOR_01,52:06:26:03:01:DA,-83,MFG_4C000215FDA50693A4E24FB1AFCFC6EB0764782500010002D8,1.5,Yes,mattress,0.0
1327397,ANCHOR_01,52:06:26:03:01:DA,-75,MFG_4C000215FDA50693A4E24FB1AFCFC6EB0764782500010002D8,1.5,Yes,mattress,0.0
1328377,ANCHOR_01,52:06:26:03:01:DA,-75,MFG_4C000215FDA50693A4E24FB1AFCFC6EB0764782500010002D8,1.5,Yes,mattress,0.0
1329387,ANCHOR_01,52:06:26:03:01:DA,-79,MFG_4C000215FDA50693A4E24FB1AFCFC6EB0764782500010002D8,1.5,Yes,mattress,0.0
1330397,ANCHOR_01,52:06:26:03:01:DA,-79,MFG_4C000215FDA50693A4E24FB1AFCFC6EB0764782500010002D8,1.5,Yes,mattress,0.0
1331417,ANCHOR_01,52:06:26:03:01:DA,-84,MFG_4C000215FDA50693A4E24FB1AFCFC6EB0764782500010002D8,1.5,Yes,mattress,0.0
1332407,ANCHOR_01,52:06:26:03:01:DA,-81,MFG_4C000215FDA50693A4E24FB1AFCFC6EB0764782500010002D8,1.5,Yes,mattress,0.0
1333407,ANCHOR_01,52:06:26:03:01:DA,-75,MFG_4C000215FDA50693A4E24FB1AFCFC6EB0764782500010002D8,1.5,Yes,mattress,0.0
1334417,ANCHOR_01,52:06:26:03:01:DA,-75,MFG_4C000215FDA50693A4E24FB1AFCFC6EB0764782500010002D8,1.5,Yes,mattress,0.0
1335437,ANCHOR_01,52:06:26:03:01:DA,-80,MFG_4C000215FDA50693A4E24FB1AFCFC6EB0764782500010002D8,1.5,Yes,mattress,0.0
1336437,ANCHOR_01,52:06:26:03:01:DA,-84,MFG_4C000215FDA50693A4E24FB1AFCFC6EB0764782500010002D8,1.5,Yes,mattress,0.0
1337447,ANCHOR_01,52:06:26:03:01:DA,-85,MFG_4C000215FDA50693A4E24FB1AFCFC6EB0764782500010002D8,1.5,Yes,mattress,0.0
1338447,ANCHOR_01,52:06:26:03:01:DA,-75,MFG_4C000215FDA50693A4E24FB1AFCFC6EB0764782500010002D8,1.5,Yes,mattress,0.0
1339457,ANCHOR_01,52:06:26:03:01:DA,-75,MFG_4C000215FDA50693A4E24FB1AFCFC6EB0764782500010002D8,1.5,Yes,mattress,0.0
1340467,ANCHOR_01,52:06:26:03:01:DA,-79,MFG_4C000215FDA50693A4E24FB1AFCFC6EB0764782500010002D8,1.5,Yes,mattress,0.0
1341457,ANCHOR_01,52:06:26:03:01:DA,-79,MFG_4C000215FDA50693A4E24FB1AFCFC6EB0764782500010002D8,1.5,Yes,mattress,0.0
1342467,ANCHOR_01,52:06:26:03:01:DA,-82,MFG_4C000215FDA50693A4E24FB1AFCFC6EB0764782500010002D8,1.5,Yes,mattress,0.0
1343477,ANCHOR_01,52:06:26:03:01:DA,-83,MFG_4C000215FDA50693A4E24FB1AFCFC6EB0764782500010002D8,1.5,Yes,mattress,0.0
1344487,ANCHOR_01,52:06:26:03:01:DA,-75,MFG_4C000215FDA50693A4E24FB1AFCFC6EB0764782500010002D8,1.5,Yes,mattress,0.0
1345487,ANCHOR_01,52:06:26:03:01:DA,-75,MFG_4C000215FDA50693A4E24FB1AFCFC6EB0764782500010002D8,1.5,Yes,mattress,0.0
1346487,ANCHOR_01,52:06:26:03:01:DA,-80,MFG_4C000215FDA50693A4E24FB1AFCFC6EB0764782500010002D8,1.5,Yes,mattress,0.0
1347497,ANCHOR_01,52:06:26:03:01:DA,-80,MFG_4C000215FDA50693A4E24FB1AFCFC6EB0764782500010002D8,1.5,Yes,mattress,0.0
1348517,ANCHOR_01,52:06:26:03:01:DA,-83,MFG_4C000215FDA50693A4E24FB1AFCFC6EB0764782500010002D8,1.5,Yes,mattress,0.0
1349507,ANCHOR_01,52:06:26:03:01:DA,-82,MFG_4C000215FDA50693A4E24FB1AFCFC6EB0764782500010002D8,1.5,Yes,mattress,0.0
1350527,ANCHOR_01,52:06:26:03:01:DA,-75,MFG_4C000215FDA50693A4E24FB1AFCFC6EB0764782500010002D8,1.5,Yes,mattress,0.0
1352527,ANCHOR_01,52:06:26:03:01:DA,-80,MFG_4C000215FDA50693A4E24FB1AFCFC6EB0764782500010002D8,1.5,Yes,mattress,0.0
1353527,ANCHOR_01,52:06:26:03:01:DA,-79,MFG_4C000215FDA50693A4E24FB1AFCFC6EB0764782500010002D8,1.5,Yes,mattress,0.0
1356557,ANCHOR_01,52:06:26:03:01:DA,-75,MFG_4C000215FDA50693A4E24FB1AFCFC6EB0764782500010002D8,1.5,Yes,mattress,0.0
1357547,ANCHOR_01,52:06:26:03:01:DA,-74,MFG_4C000215FDA50693A4E24FB1AFCFC6EB0764782500010002D8,1.5,Yes,mattress,0.0
1358567,ANCHOR_01,52:06:26:03:01:DA,-80,MFG_4C000215FDA50693A4E24FB1AFCFC6EB0764782500010002D8,1.5,Yes,mattress,0.0
1359587,ANCHOR_01,52:06:26:03:01:DA,-84,MFG_4C000215FDA50693A4E24FB1AFCFC6EB0764782500010002D8,1.5,Yes,mattress,0.0
1360577,ANCHOR_01,52:06:26:03:01:DA,-83,MFG_4C000215FDA50693A4E24FB1AFCFC6EB0764782500010002D8,1.5,Yes,mattress,0.0
1361587,ANCHOR_01,52:06:26:03:01:DA,-75,MFG_4C000215FDA50693A4E24FB1AFCFC6EB0764782500010002D8,1.5,Yes,mattress,0.0
1362587,ANCHOR_01,52:06:26:03:01:DA,-75,MFG_4C000215FDA50693A4E24FB1AFCFC6EB0764782500010002D8,1.5,Yes,mattress,0.0
1363597,ANCHOR_01,52:06:26:03:01:DA,-80,MFG_4C000215FDA50693A4E24FB1AFCFC6EB0764782500010002D8,1.5,Yes,mattress,0.0
1364597,ANCHOR_01,52:06:26:03:01:DA,-80,MFG_4C000215FDA50693A4E24FB1AFCFC6EB0764782500010002D8,1.5,Yes,mattress,0.0
1366607,ANCHOR_01,52:06:26:03:01:DA,-82,MFG_4C000215FDA50693A4E24FB1AFCFC6EB0764782500010002D8,1.5,Yes,mattress,0.0
1367597,ANCHOR_01,52:06:26:03:01:DA,-84,MFG_4C000215FDA50693A4E24FB1AFCFC6EB0764782500010002D8,1.5,Yes,mattress,0.0
1368617,ANCHOR_01,52:06:26:03:01:DA,-75,MFG_4C000215FDA50693A4E24FB1AFCFC6EB0764782500010002D8,1.5,Yes,mattress,0.0
1369597,ANCHOR_01,52:06:26:03:01:DA,-75,MFG_4C000215FDA50693A4E24FB1AFCFC6EB0764782500010002D8,1.5,Yes,mattress,0.0
1371617,ANCHOR_01,52:06:26:03:01:DA,-80,MFG_4C000215FDA50693A4E24FB1AFCFC6EB0764782500010002D8,1.5,Yes,mattress,0.0
1372617,ANCHOR_01,52:06:26:03:01:DA,-85,MFG_4C000215FDA50693A4E24FB1AFCFC6EB0764782500010002D8,1.5,Yes,mattress,0.0
1373627,ANCHOR_01,52:06:26:03:01:DA,-82,MFG_4C000215FDA50693A4E24FB1AFCFC6EB0764782500010002D8,1.5,Yes,mattress,0.0
1374647,ANCHOR_01,52:06:26:03:01:DA,-75,MFG_4C000215FDA50693A4E24FB1AFCFC6EB0764782500010002D8,1.5,Yes,mattress,0.0
1375627,ANCHOR_01,52:06:26:03:01:DA,-75,MFG_4C000215FDA50693A4E24FB1AFCFC6EB0764782500010002D8,1.5,Yes,mattress,0.0
1376657,ANCHOR_01,52:06:26:03:01:DA,-80,MFG_4C000215FDA50693A4E24FB1AFCFC6EB0764782500010002D8,1.5,Yes,mattress,0.0
1377637,ANCHOR_01,52:06:26:03:01:DA,-80,MFG_4C000215FDA50693A4E24FB1AFCFC6EB0764782500010002D8,1.5,Yes,mattress,0.0
1378667,ANCHOR_01,52:06:26:03:01:DA,-84,MFG_4C000215FDA50693A4E24FB1AFCFC6EB0764782500010002D8,1.5,Yes,mattress,0.0
1379647,ANCHOR_01,52:06:26:03:01:DA,-82,MFG_4C000215FDA50693A4E24FB1AFCFC6EB0764782500010002D8,1.5,Yes,mattress,0.0
1380657,ANCHOR_01,52:06:26:03:01:DA,-75,MFG_4C000215FDA50693A4E24FB1AFCFC6EB0764782500010002D8,1.5,Yes,mattress,0.0
1382677,ANCHOR_01,52:06:26:03:01:DA,-80,MFG_4C000215FDA50693A4E24FB1AFCFC6EB0764782500010002D8,1.5,Yes,mattress,0.0
1383707,ANCHOR_01,52:06:26:03:01:DA,-83,MFG_4C000215FDA50693A4E24FB1AFCFC6EB0764782500010002D8,1.5,Yes,mattress,0.0
1384697,ANCHOR_01,52:06:26:03:01:DA,-83,MFG_4C000215FDA50693A4E24FB1AFCFC6EB0764782500010002D8,1.5,Yes,mattress,0.0
1385707,ANCHOR_01,52:06:26:03:01:DA,-74,MFG_4C000215FDA50693A4E24FB1AFCFC6EB0764782500010002D8,1.5,Yes,mattress,0.0
1386697,ANCHOR_01,52:06:26:03:01:DA,-75,MFG_4C000215FDA50693A4E24FB1AFCFC6EB0764782500010002D8,1.5,Yes,mattress,0.0
1387727,ANCHOR_01,52:06:26:03:01:DA,-80,MFG_4C000215FDA50693A4E24FB1AFCFC6EB0764782500010002D8,1.5,Yes,mattress,0.0
1388717,ANCHOR_01,52:06:26:03:01:DA,-79,MFG_4C000215FDA50693A4E24FB1AFCFC6EB0764782500010002D8,1.5,Yes,mattress,0.0
1389737,ANCHOR_01,52:06:26:03:01:DA,-82,MFG_4C000215FDA50693A4E24FB1AFCFC6EB0764782500010002D8,1.5,Yes,mattress,0.0
1391747,ANCHOR_01,52:06:26:03:01:DA,-75,MFG_4C000215FDA50693A4E24FB1AFCFC6EB0764782500010002D8,1.5,Yes,mattress,0.0
1392737,ANCHOR_01,52:06:26:03:01:DA,-75,MFG_4C000215FDA50693A4E24FB1AFCFC6EB0764782500010002D8,1.5,Yes,mattress,0.0
1393747,ANCHOR_01,52:06:26:03:01:DA,-79,MFG_4C000215FDA50693A4E24FB1AFCFC6EB0764782500010002D8,1.5,Yes,mattress,0.0
1394737,ANCHOR_01,52:06:26:03:01:DA,-79,MFG_4C000215FDA50693A4E24FB1AFCFC6EB0764782500010002D8,1.5,Yes,mattress,0.0
1395757,ANCHOR_01,52:06:26:03:01:DA,-84,MFG_4C000215FDA50693A4E24FB1AFCFC6EB0764782500010002D8,1.5,Yes,mattress,0.0
1396757,ANCHOR_01,52:06:26:03:01:DA,-84,MFG_4C000215FDA50693A4E24FB1AFCFC6EB0764782500010002D8,1.5,Yes,mattress,0.0
1398767,ANCHOR_01,52:06:26:03:01:DA,-75,MFG_4C000215FDA50693A4E24FB1AFCFC6EB0764782500010002D8,1.5,Yes,mattress,0.0
1399767,ANCHOR_01,52:06:26:03:01:DA,-80,MFG_4C000215FDA50693A4E24FB1AFCFC6EB0764782500010002D8,1.5,Yes,mattress,0.0
1400767,ANCHOR_01,52:06:26:03:01:DA,-80,MFG_4C000215FDA50693A4E24FB1AFCFC6EB0764782500010002D8,1.5,Yes,mattress,0.0
1402787,ANCHOR_01,52:06:26:03:01:DA,-82,MFG_4C000215FDA50693A4E24FB1AFCFC6EB0764782500010002D8,1.5,Yes,mattress,0.0
1403807,ANCHOR_01,52:06:26:03:01:DA,-75,MFG_4C000215FDA50693A4E24FB1AFCFC6EB0764782500010002D8,1.5,Yes,mattress,0.0
1404797,ANCHOR_01,52:06:26:03:01:DA,-75,MFG_4C000215FDA50693A4E24FB1AFCFC6EB0764782500010002D8,1.5,Yes,mattress,0.0
1405797,ANCHOR_01,52:06:26:03:01:DA,-80,MFG_4C000215FDA50693A4E24FB1AFCFC6EB0764782500010002D8,1.5,Yes,mattress,0.0
1406807,ANCHOR_01,52:06:26:03:01:DA,-80,MFG_4C000215FDA50693A4E24FB1AFCFC6EB0764782500010002D8,1.5,Yes,mattress,0.0
1407807,ANCHOR_01,52:06:26:03:01:DA,-82,MFG_4C000215FDA50693A4E24FB1AFCFC6EB0764782500010002D8,1.5,Yes,mattress,0.0
1408807,ANCHOR_01,52:06:26:03:01:DA,-82,MFG_4C000215FDA50693A4E24FB1AFCFC6EB0764782500010002D8,1.5,Yes,mattress,0.0
1409827,ANCHOR_01,52:06:26:03:01:DA,-75,MFG_4C000215FDA50693A4E24FB1AFCFC6EB0764782500010002D8,1.5,Yes,mattress,0.0
1410827,ANCHOR_01,52:06:26:03:01:DA,-75,MFG_4C000215FDA50693A4E24FB1AFCFC6EB0764782500010002D8,1.5,Yes,mattress,0.0
1411847,ANCHOR_01,52:06:26:03:01:DA,-79,MFG_4C000215FDA50693A4E24FB1AFCFC6EB0764782500010002D8,1.5,Yes,mattress,0.0
1412837,ANCHOR_01,52:06:26:03:01:DA,-80,MFG_4C000215FDA50693A4E24FB1AFCFC6EB0764782500010002D8,1.5,Yes,mattress,0.0
1413847,ANCHOR_01,52:06:26:03:01:DA,-84,MFG_4C000215FDA50693A4E24FB1AFCFC6EB0764782500010002D8,1.5,Yes,mattress,0.0
1415867,ANCHOR_01,52:06:26:03:01:DA,-75,MFG_4C000215FDA50693A4E24FB1AFCFC6EB0764782500010002D8,1.5,Yes,mattress,0.0
1416887,ANCHOR_01,52:06:26:03:01:DA,-79,MFG_4C000215FDA50693A4E24FB1AFCFC6EB0764782500010002D8,1.5,Yes,mattress,0.0
1417877,ANCHOR_01,52:06:26:03:01:DA,-80,MFG_4C000215FDA50693A4E24FB1AFCFC6EB0764782500010002D8,1.5,Yes,mattress,0.0
1418887,ANCHOR_01,52:06:26:03:01:DA,-83,MFG_4C000215FDA50693A4E24FB1AFCFC6EB0764782500010002D8,1.5,Yes,mattress,0.0
1419877,ANCHOR_01,52:06:26:03:01:DA,-82,MFG_4C000215FDA50693A4E24FB1AFCFC6EB0764782500010002D8,1.5,Yes,mattress,0.0
1420887,ANCHOR_01,52:06:26:03:01:DA,-75,MFG_4C000215FDA50693A4E24FB1AFCFC6EB0764782500010002D8,1.5,Yes,mattress,0.0
1421897,ANCHOR_01,52:06:26:03:01:DA,-75,MFG_4C000215FDA50693A4E24FB1AFCFC6EB0764782500010002D8,1.5,Yes,mattress,0.0
1422917,ANCHOR_01,52:06:26:03:01:DA,-80,MFG_4C000215FDA50693A4E24FB1AFCFC6EB0764782500010002D8,1.5,Yes,mattress,0.0
1423897,ANCHOR_01,52:06:26:03:01:DA,-79,MFG_4C000215FDA50693A4E24FB1AFCFC6EB0764782500010002D8,1.5,Yes,mattress,0.0
1424927,ANCHOR_01,52:06:26:03:01:DA,-84,MFG_4C000215FDA50693A4E24FB1AFCFC6EB0764782500010002D8,1.5,Yes,mattress,0.0
1425907,ANCHOR_01,52:06:26:03:01:DA,-85,MFG_4C000215FDA50693A4E24FB1AFCFC6EB0764782500010002D8,1.5,Yes,mattress,0.0
1426937,ANCHOR_01,52:06:26:03:01:DA,-75,MFG_4C000215FDA50693A4E24FB1AFCFC6EB0764782500010002D8,1.5,Yes,mattress,0.0
1427927,ANCHOR_01,52:06:26:03:01:DA,-74,MFG_4C000215FDA50693A4E24FB1AFCFC6EB0764782500010002D8,1.5,Yes,mattress,0.0
1428927,ANCHOR_01,52:06:26:03:01:DA,-79,MFG_4C000215FDA50693A4E24FB1AFCFC6EB0764782500010002D8,1.5,Yes,mattress,0.0
1429927,ANCHOR_01,52:06:26:03:01:DA,-80,MFG_4C000215FDA50693A4E24FB1AFCFC6EB0764782500010002D8,1.5,Yes,mattress,0.0
1430937,ANCHOR_01,52:06:26:03:01:DA,-83,MFG_4C000215FDA50693A4E24FB1AFCFC6EB0764782500010002D8,1.5,Yes,mattress,0.0
1431937,ANCHOR_01,52:06:26:03:01:DA,-84,MFG_4C000215FDA50693A4E24FB1AFCFC6EB0764782500010002D8,1.5,Yes,mattress,0.0
1432947,ANCHOR_01,52:06:26:03:01:DA,-74,MFG_4C000215FDA50693A4E24FB1AFCFC6EB0764782500010002D8,1.5,Yes,mattress,0.0
1433947,ANCHOR_01,52:06:26:03:01:DA,-75,MFG_4C000215FDA50693A4E24FB1AFCFC6EB0764782500010002D8,1.5,Yes,mattress,0.0
1434967,ANCHOR_01,52:06:26:03:01:DA,-80,MFG_4C000215FDA50693A4E24FB1AFCFC6EB0764782500010002D8,1.5,Yes,mattress,0.0
1435957,ANCHOR_01,52:06:26:03:01:DA,-80,MFG_4C000215FDA50693A4E24FB1AFCFC6EB0764782500010002D8,1.5,Yes,mattress,0.0
1437957,ANCHOR_01,52:06:26:03:01:DA,-82,MFG_4C000215FDA50693A4E24FB1AFCFC6EB0764782500010002D8,1.5,Yes,mattress,0.0
1438967,ANCHOR_01,52:06:26:03:01:DA,-83,MFG_4C000215FDA50693A4E24FB1AFCFC6EB0764782500010002D8,1.5,Yes,mattress,0.0
1439987,ANCHOR_01,52:06:26:03:01:DA,-75,MFG_4C000215FDA50693A4E24FB1AFCFC6EB0764782500010002D8,1.5,Yes,mattress,0.0
1440967,ANCHOR_01,52:06:26:03:01:DA,-75,MFG_4C000215FDA50693A4E24FB1AFCFC6EB0764782500010002D8,1.5,Yes,mattress,0.0
1441997,ANCHOR_01,52:06:26:03:01:DA,-80,MFG_4C000215FDA50693A4E24FB1AFCFC6EB0764782500010002D8,1.5,Yes,mattress,0.0
1442977,ANCHOR_01,52:06:26:03:01:DA,-80,MFG_4C000215FDA50693A4E24FB1AFCFC6EB0764782500010002D8,1.5,Yes,mattress,0.0
1444007,ANCHOR_01,52:06:26:03:01:DA,-84,MFG_4C000215FDA50693A4E24FB1AFCFC6EB0764782500010002D8,1.5,Yes,mattress,0.0
1446007,ANCHOR_01,52:06:26:03:01:DA,-75,MFG_4C000215FDA50693A4E24FB1AFCFC6EB0764782500010002D8,1.5,Yes,mattress,0.0
1447007,ANCHOR_01,52:06:26:03:01:DA,-75,MFG_4C000215FDA50693A4E24FB1AFCFC6EB0764782500010002D8,1.5,Yes,mattress,0.0
1448027,ANCHOR_01,52:06:26:03:01:DA,-79,MFG_4C000215FDA50693A4E24FB1AFCFC6EB0764782500010002D8,1.5,Yes,mattress,0.0
1449017,ANCHOR_01,52:06:26:03:01:DA,-79,MFG_4C000215FDA50693A4E24FB1AFCFC6EB0764782500010002D8,1.5,Yes,mattress,0.0
1450027,ANCHOR_01,52:06:26:03:01:DA,-85,MFG_4C000215FDA50693A4E24FB1AFCFC6EB0764782500010002D8,1.5,Yes,mattress,0.0
1451057,ANCHOR_01,52:06:26:03:01:DA,-75,MFG_4C000215FDA50693A4E24FB1AFCFC6EB0764782500010002D8,1.5,Yes,mattress,0.0
1452037,ANCHOR_01,52:06:26:03:01:DA,-75,MFG_4C000215FDA50693A4E24FB1AFCFC6EB0764782500010002D8,1.5,Yes,mattress,0.0
1453067,ANCHOR_01,52:06:26:03:01:DA,-80,MFG_4C000215FDA50693A4E24FB1AFCFC6EB0764782500010002D8,1.5,Yes,mattress,0.0
1454057,ANCHOR_01,52:06:26:03:01:DA,-79,MFG_4C000215FDA50693A4E24FB1AFCFC6EB0764782500010002D8,1.5,Yes,mattress,0.0
1455067,ANCHOR_01,52:06:26:03:01:DA,-83,MFG_4C000215FDA50693A4E24FB1AFCFC6EB0764782500010002D8,1.5,Yes,mattress,0.0
1457087,ANCHOR_01,52:06:26:03:01:DA,-75,MFG_4C000215FDA50693A4E24FB1AFCFC6EB0764782500010002D8,1.5,Yes,mattress,0.0
1458067,ANCHOR_01,52:06:26:03:01:DA,-75,MFG_4C000215FDA50693A4E24FB1AFCFC6EB0764782500010002D8,1.5,Yes,mattress,0.0
1460067,ANCHOR_01,52:06:26:03:01:DA,-80,MFG_4C000215FDA50693A4E24FB1AFCFC6EB0764782500010002D8,1.5,Yes,mattress,0.0
1461107,ANCHOR_01,52:06:26:03:01:DA,-85,MFG_4C000215FDA50693A4E24FB1AFCFC6EB0764782500010002D8,1.5,Yes,mattress,0.0
1462087,ANCHOR_01,52:06:26:03:01:DA,-82,MFG_4C000215FDA50693A4E24FB1AFCFC6EB0764782500010002D8,1.5,Yes,mattress,0.0
1463117,ANCHOR_01,52:06:26:03:01:DA,-76,MFG_4C000215FDA50693A4E24FB1AFCFC6EB0764782500010002D8,1.5,Yes,mattress,0.0
1464097,ANCHOR_01,52:06:26:03:01:DA,-75,MFG_4C000215FDA50693A4E24FB1AFCFC6EB0764782500010002D8,1.5,Yes,mattress,0.0
1465117,ANCHOR_01,52:06:26:03:01:DA,-80,MFG_4C000215FDA50693A4E24FB1AFCFC6EB0764782500010002D8,1.5,Yes,mattress,0.0
1466117,ANCHOR_01,52:06:26:03:01:DA,-80,MFG_4C000215FDA50693A4E24FB1AFCFC6EB0764782500010002D8,1.5,Yes,mattress,0.0
1467127,ANCHOR_01,52:06:26:03:01:DA,-82,MFG_4C000215FDA50693A4E24FB1AFCFC6EB0764782500010002D8,1.5,Yes,mattress,0.0
1468117,ANCHOR_01,52:06:26:03:01:DA,-85,MFG_4C000215FDA50693A4E24FB1AFCFC6EB0764782500010002D8,1.5,Yes,mattress,0.0
1470137,ANCHOR_01,52:06:26:03:01:DA,-75,MFG_4C000215FDA50693A4E24FB1AFCFC6EB0764782500010002D8,1.5,Yes,mattress,0.0
1471127,ANCHOR_01,52:06:26:03:01:DA,-75,MFG_4C000215FDA50693A4E24FB1AFCFC6EB0764782500010002D8,1.5,Yes,mattress,0.0
1472137,ANCHOR_01,52:06:26:03:01:DA,-80,MFG_4C000215FDA50693A4E24FB1AFCFC6EB0764782500010002D8,1.5,Yes,mattress,0.0
1473137,ANCHOR_01,52:06:26:03:01:DA,-80,MFG_4C000215FDA50693A4E24FB1AFCFC6EB0764782500010002D8,1.5,Yes,mattress,0.0
1474147,ANCHOR_01,52:06:26:03:01:DA,-83,MFG_4C000215FDA50693A4E24FB1AFCFC6EB0764782500010002D8,1.5,Yes,mattress,0.0
1476167,ANCHOR_01,52:06:26:03:01:DA,-75,MFG_4C000215FDA50693A4E24FB1AFCFC6EB0764782500010002D8,1.5,Yes,mattress,0.0
1479187,ANCHOR_01,52:06:26:03:01:DA,-82,MFG_4C000215FDA50693A4E24FB1AFCFC6EB0764782500010002D8,1.5,Yes,mattress,0.0
1480177,ANCHOR_01,52:06:26:03:01:DA,-82,MFG_4C000215FDA50693A4E24FB1AFCFC6EB0764782500010002D8,1.5,Yes,mattress,0.0
1481187,ANCHOR_01,52:06:26:03:01:DA,-75,MFG_4C000215FDA50693A4E24FB1AFCFC6EB0764782500010002D8,1.5,Yes,mattress,0.0
1482197,ANCHOR_01,52:06:26:03:01:DA,-75,MFG_4C000215FDA50693A4E24FB1AFCFC6EB0764782500010002D8,1.5,Yes,mattress,0.0
1483207,ANCHOR_01,52:06:26:03:01:DA,-80,MFG_4C000215FDA50693A4E24FB1AFCFC6EB0764782500010002D8,1.5,Yes,mattress,0.0
1487237,ANCHOR_01,52:06:26:03:01:DA,-75,MFG_4C000215FDA50693A4E24FB1AFCFC6EB0764782500010002D8,1.5,Yes,mattress,0.0
1488227,ANCHOR_01,52:06:26:03:01:DA,-75,MFG_4C000215FDA50693A4E24FB1AFCFC6EB0764782500010002D8,1.5,Yes,mattress,0.0
1489247,ANCHOR_01,52:06:26:03:01:DA,-80,MFG_4C000215FDA50693A4E24FB1AFCFC6EB0764782500010002D8,1.5,Yes,mattress,0.0
1490237,ANCHOR_01,52:06:26:03:01:DA,-80,MFG_4C000215FDA50693A4E24FB1AFCFC6EB0764782500010002D8,1.5,Yes,mattress,0.0
1491237,ANCHOR_01,52:06:26:03:01:DA,-84,MFG_4C000215FDA50693A4E24FB1AFCFC6EB0764782500010002D8,1.5,Yes,mattress,0.0
1492247,ANCHOR_01,52:06:26:03:01:DA,-85,MFG_4C000215FDA50693A4E24FB1AFCFC6EB0764782500010002D8,1.5,Yes,mattress,0.0
1493247,ANCHOR_01,52:06:26:03:01:DA,-75,MFG_4C000215FDA50693A4E24FB1AFCFC6EB0764782500010002D8,1.5,Yes,mattress,0.0
1494257,ANCHOR_01,52:06:26:03:01:DA,-75,MFG_4C000215FDA50693A4E24FB1AFCFC6EB0764782500010002D8,1.5,Yes,mattress,0.0
1495257,ANCHOR_01,52:06:26:03:01:DA,-80,MFG_4C000215FDA50693A4E24FB1AFCFC6EB0764782500010002D8,1.5,Yes,mattress,0.0
1496267,ANCHOR_01,52:06:26:03:01:DA,-80,MFG_4C000215FDA50693A4E24FB1AFCFC6EB0764782500010002D8,1.5,Yes,mattress,0.0
1497287,ANCHOR_01,52:06:26:03:01:DA,-84,MFG_4C000215FDA50693A4E24FB1AFCFC6EB0764782500010002D8,1.5,Yes,mattress,0.0
1499297,ANCHOR_01,52:06:26:03:01:DA,-75,MFG_4C000215FDA50693A4E24FB1AFCFC6EB0764782500010002D8,1.5,Yes,mattress,0.0
1500297,ANCHOR_01,52:06:26:03:01:DA,-79,MFG_4C000215FDA50693A4E24FB1AFCFC6EB0764782500010002D8,1.5,Yes,mattress,0.0
1501307,ANCHOR_01,52:06:26:03:01:DA,-78,MFG_4C000215FDA50693A4E24FB1AFCFC6EB0764782500010002D8,1.5,Yes,mattress,0.0
1502307,ANCHOR_01,52:06:26:03:01:DA,-82,MFG_4C000215FDA50693A4E24FB1AFCFC6EB0764782500010002D8,1.5,Yes,mattress,0.0
1503307,ANCHOR_01,52:06:26:03:01:DA,-82,MFG_4C000215FDA50693A4E24FB1AFCFC6EB0764782500010002D8,1.5,Yes,mattress,0.0
1504337,ANCHOR_01,52:06:26:03:01:DA,-75,MFG_4C000215FDA50693A4E24FB1AFCFC6EB0764782500010002D8,1.5,Yes,mattress,0.0
1505317,ANCHOR_01,52:06:26:03:01:DA,-75,MFG_4C000215FDA50693A4E24FB1AFCFC6EB0764782500010002D8,1.5,Yes,mattress,0.0
1506347,ANCHOR_01,52:06:26:03:01:DA,-80,MFG_4C000215FDA50693A4E24FB1AFCFC6EB0764782500010002D8,1.5,Yes,mattress,0.0
1507337,ANCHOR_01,52:06:26:03:01:DA,-79,MFG_4C000215FDA50693A4E24FB1AFCFC6EB0764782500010002D8,1.5,Yes,mattress,0.0
1509327,ANCHOR_01,52:06:26:03:01:DA,-83,MFG_4C000215FDA50693A4E24FB1AFCFC6EB0764782500010002D8,1.5,Yes,mattress,0.0
1510337,ANCHOR_01,52:06:26:03:01:DA,-83,MFG_4C000215FDA50693A4E24FB1AFCFC6EB0764782500010002D8,1.5,Yes,mattress,0.0
1511357,ANCHOR_01,52:06:26:03:01:DA,-75,MFG_4C000215FDA50693A4E24FB1AFCFC6EB0764782500010002D8,1.5,Yes,mattress,0.0
1513357,ANCHOR_01,52:06:26:03:01:DA,-80,MFG_4C000215FDA50693A4E24FB1AFCFC6EB0764782500010002D8,1.5,Yes,mattress,0.0
1514387,ANCHOR_01,52:06:26:03:01:DA,-85,MFG_4C000215FDA50693A4E24FB1AFCFC6EB0764782500010002D8,1.5,Yes,mattress,0.0
1516387,ANCHOR_01,52:06:26:03:01:DA,-75,MFG_4C000215FDA50693A4E24FB1AFCFC6EB0764782500010002D8,1.5,Yes,mattress,0.0
1517377,ANCHOR_01,52:06:26:03:01:DA,-75,MFG_4C000215FDA50693A4E24FB1AFCFC6EB0764782500010002D8,1.5,Yes,mattress,0.0
1518407,ANCHOR_01,52:06:26:03:01:DA,-80,MFG_4C000215FDA50693A4E24FB1AFCFC6EB0764782500010002D8,1.5,Yes,mattress,0.0
1519397,ANCHOR_01,52:06:26:03:01:DA,-81,MFG_4C000215FDA50693A4E24FB1AFCFC6EB0764782500010002D8,1.5,Yes,mattress,0.0
1520397,ANCHOR_01,52:06:26:03:01:DA,-84,MFG_4C000215FDA50693A4E24FB1AFCFC6EB0764782500010002D8,1.5,Yes,mattress,0.0
1521407,ANCHOR_01,52:06:26:03:01:DA,-84,MFG_4C000215FDA50693A4E24FB1AFCFC6EB0764782500010002D8,1.5,Yes,mattress,0.0
1522417,ANCHOR_01,52:06:26:03:01:DA,-75,MFG_4C000215FDA50693A4E24FB1AFCFC6EB0764782500010002D8,1.5,Yes,mattress,0.0
1523417,ANCHOR_01,52:06:26:03:01:DA,-75,MFG_4C000215FDA50693A4E24FB1AFCFC6EB0764782500010002D8,1.5,Yes,mattress,0.0
1524437,ANCHOR_01,52:06:26:03:01:DA,-80,MFG_4C000215FDA50693A4E24FB1AFCFC6EB0764782500010002D8,1.5,Yes,mattress,0.0
1525417,ANCHOR_01,52:06:26:03:01:DA,-79,MFG_4C000215FDA50693A4E24FB1AFCFC6EB0764782500010002D8,1.5,Yes,mattress,0.0
1526427,ANCHOR_01,52:06:26:03:01:DA,-82,MFG_4C000215FDA50693A4E24FB1AFCFC6EB0764782500010002D8,1.5,Yes,mattress,0.0
1527437,ANCHOR_01,52:06:26:03:01:DA,-83,MFG_4C000215FDA50693A4E24FB1AFCFC6EB0764782500010002D8,1.5,Yes,mattress,0.0
1528427,ANCHOR_01,52:06:26:03:01:DA,-85,MFG_4C000215FDA50693A4E24FB1AFCFC6EB0764782500010002D8,1.5,Yes,mattress,0.0
1529447,ANCHOR_01,52:06:26:03:01:DA,-75,MFG_4C000215FDA50693A4E24FB1AFCFC6EB0764782500010002D8,1.5,Yes,mattress,0.0
1530437,ANCHOR_01,52:06:26:03:01:DA,-75,MFG_4C000215FDA50693A4E24FB1AFCFC6EB0764782500010002D8,1.5,Yes,mattress,0.0
1531437,ANCHOR_01,52:06:26:03:01:DA,-79,MFG_4C000215FDA50693A4E24FB1AFCFC6EB0764782500010002D8,1.5,Yes,mattress,0.0
1532447,ANCHOR_01,52:06:26:03:01:DA,-80,MFG_4C000215FDA50693A4E24FB1AFCFC6EB0764782500010002D8,1.5,Yes,mattress,0.0
1533457,ANCHOR_01,52:06:26:03:01:DA,-82,MFG_4C000215FDA50693A4E24FB1AFCFC6EB0764782500010002D8,1.5,Yes,mattress,0.0
1534457,ANCHOR_01,52:06:26:03:01:DA,-84,MFG_4C000215FDA50693A4E24FB1AFCFC6EB0764782500010002D8,1.5,Yes,mattress,0.0
1535457,ANCHOR_01,52:06:26:03:01:DA,-75,MFG_4C000215FDA50693A4E24FB1AFCFC6EB0764782500010002D8,1.5,Yes,mattress,0.0
1536457,ANCHOR_01,52:06:26:03:01:DA,-75,MFG_4C000215FDA50693A4E24FB1AFCFC6EB0764782500010002D8,1.5,Yes,mattress,0.0
1537467,ANCHOR_01,52:06:26:03:01:DA,-80,MFG_4C000215FDA50693A4E24FB1AFCFC6EB0764782500010002D8,1.5,Yes,mattress,0.0
1538477,ANCHOR_01,52:06:26:03:01:DA,-79,MFG_4C000215FDA50693A4E24FB1AFCFC6EB0764782500010002D8,1.5,Yes,mattress,0.0
1539497,ANCHOR_01,52:06:26:03:01:DA,-82,MFG_4C000215FDA50693A4E24FB1AFCFC6EB0764782500010002D8,1.5,Yes,mattress,0.0
1540487,ANCHOR_01,52:06:26:03:01:DA,-84,MFG_4C000215FDA50693A4E24FB1AFCFC6EB0764782500010002D8,1.5,Yes,mattress,0.0
1541487,ANCHOR_01,52:06:26:03:01:DA,-75,MFG_4C000215FDA50693A4E24FB1AFCFC6EB0764782500010002D8,1.5,Yes,mattress,0.0
1542497,ANCHOR_01,52:06:26:03:01:DA,-75,MFG_4C000215FDA50693A4E24FB1AFCFC6EB0764782500010002D8,1.5,Yes,mattress,0.0
1544497,ANCHOR_01,52:06:26:03:01:DA,-79,MFG_4C000215FDA50693A4E24FB1AFCFC6EB0764782500010002D8,1.5,Yes,mattress,0.0
1545527,ANCHOR_01,52:06:26:03:01:DA,-83,MFG_4C000215FDA50693A4E24FB1AFCFC6EB0764782500010002D8,1.5,Yes,mattress,0.0
1546497,ANCHOR_01,52:06:26:03:01:DA,-84,MFG_4C000215FDA50693A4E24FB1AFCFC6EB0764782500010002D8,1.5,Yes,mattress,0.0
1547527,ANCHOR_01,52:06:26:03:01:DA,-75,MFG_4C000215FDA50693A4E24FB1AFCFC6EB0764782500010002D8,1.5,Yes,mattress,0.0
1548517,ANCHOR_01,52:06:26:03:01:DA,-75,MFG_4C000215FDA50693A4E24FB1AFCFC6EB0764782500010002D8,1.5,Yes,mattress,0.0
1549537,ANCHOR_01,52:06:26:03:01:DA,-80,MFG_4C000215FDA50693A4E24FB1AFCFC6EB0764782500010002D8,1.5,Yes,mattress,0.0
1550537,ANCHOR_01,52:06:26:03:01:DA,-80,MFG_4C000215FDA50693A4E24FB1AFCFC6EB0764782500010002D8,1.5,Yes,mattress,0.0
1551557,ANCHOR_01,52:06:26:03:01:DA,-83,MFG_4C000215FDA50693A4E24FB1AFCFC6EB0764782500010002D8,1.5,Yes,mattress,0.0
1552547,ANCHOR_01,52:06:26:03:01:DA,-84,MFG_4C000215FDA50693A4E24FB1AFCFC6EB0764782500010002D8,1.5,Yes,mattress,0.0
1553547,ANCHOR_01,52:06:26:03:01:DA,-75,MFG_4C000215FDA50693A4E24FB1AFCFC6EB0764782500010002D8,1.5,Yes,mattress,0.0
1554547,ANCHOR_01,52:06:26:03:01:DA,-75,MFG_4C000215FDA50693A4E24FB1AFCFC6EB0764782500010002D8,1.5,Yes,mattress,0.0
1555557,ANCHOR_01,52:06:26:03:01:DA,-80,MFG_4C000215FDA50693A4E24FB1AFCFC6EB0764782500010002D8,1.5,Yes,mattress,0.0
1556567,ANCHOR_01,52:06:26:03:01:DA,-79,MFG_4C000215FDA50693A4E24FB1AFCFC6EB0764782500010002D8,1.5,Yes,mattress,0.0
1557567,ANCHOR_01,52:06:26:03:01:DA,-84,MFG_4C000215FDA50693A4E24FB1AFCFC6EB0764782500010002D8,1.5,Yes,mattress,0.0
1558577,ANCHOR_01,52:06:26:03:01:DA,-82,MFG_4C000215FDA50693A4E24FB1AFCFC6EB0764782500010002D8,1.5,Yes,mattress,0.0
1559577,ANCHOR_01,52:06:26:03:01:DA,-75,MFG_4C000215FDA50693A4E24FB1AFCFC6EB0764782500010002D8,1.5,Yes,mattress,0.0
1560587,ANCHOR_01,52:06:26:03:01:DA,-74,MFG_4C000215FDA50693A4E24FB1AFCFC6EB0764782500010002D8,1.5,Yes,mattress,0.0
1561607,ANCHOR_01,52:06:26:03:01:DA,-80,MFG_4C000215FDA50693A4E24FB1AFCFC6EB0764782500010002D8,1.5,Yes,mattress,0.0
1562597,ANCHOR_01,52:06:26:03:01:DA,-80,MFG_4C000215FDA50693A4E24FB1AFCFC6EB0764782500010002D8,1.5,Yes,mattress,0.0
1563617,ANCHOR_01,52:06:26:03:01:DA,-84,MFG_4C000215FDA50693A4E24FB1AFCFC6EB0764782500010002D8,1.5,Yes,mattress,0.0
1565627,ANCHOR_01,52:06:26:03:01:DA,-75,MFG_4C000215FDA50693A4E24FB1AFCFC6EB0764782500010002D8,1.5,Yes,mattress,0.0
1566617,ANCHOR_01,52:06:26:03:01:DA,-75,MFG_4C000215FDA50693A4E24FB1AFCFC6EB0764782500010002D8,1.5,Yes,mattress,0.0
1567617,ANCHOR_01,52:06:26:03:01:DA,-80,MFG_4C000215FDA50693A4E24FB1AFCFC6EB0764782500010002D8,1.5,Yes,mattress,0.0
1568627,ANCHOR_01,52:06:26:03:01:DA,-80,MFG_4C000215FDA50693A4E24FB1AFCFC6EB0764782500010002D8,1.5,Yes,mattress,0.0
1569637,ANCHOR_01,52:06:26:03:01:DA,-85,MFG_4C000215FDA50693A4E24FB1AFCFC6EB0764782500010002D8,1.5,Yes,mattress,0.0
1570637,ANCHOR_01,52:06:26:03:01:DA,-83,MFG_4C000215FDA50693A4E24FB1AFCFC6EB0764782500010002D8,1.5,Yes,mattress,0.0
1571647,ANCHOR_01,52:06:26:03:01:DA,-75,MFG_4C000215FDA50693A4E24FB1AFCFC6EB0764782500010002D8,1.5,Yes,mattress,0.0
1573667,ANCHOR_01,52:06:26:03:01:DA,-80,MFG_4C000215FDA50693A4E24FB1AFCFC6EB0764782500010002D8,1.5,Yes,mattress,0.0
1574657,ANCHOR_01,52:06:26:03:01:DA,-80,MFG_4C000215FDA50693A4E24FB1AFCFC6EB0764782500010002D8,1.5,Yes,mattress,0.0
1575677,ANCHOR_01,52:06:26:03:01:DA,-83,MFG_4C000215FDA50693A4E24FB1AFCFC6EB0764782500010002D8,1.5,Yes,mattress,0.0
1576657,ANCHOR_01,52:06:26:03:01:DA,-83,MFG_4C000215FDA50693A4E24FB1AFCFC6EB0764782500010002D8,1.5,Yes,mattress,0.0
1577687,ANCHOR_01,52:06:26:03:01:DA,-75,MFG_4C000215FDA50693A4E24FB1AFCFC6EB0764782500010002D8,1.5,Yes,mattress,0.0
1578677,ANCHOR_01,52:06:26:03:01:DA,-75,MFG_4C000215FDA50693A4E24FB1AFCFC6EB0764782500010002D8,1.5,Yes,mattress,0.0
1579697,ANCHOR_01,52:06:26:03:01:DA,-79,MFG_4C000215FDA50693A4E24FB1AFCFC6EB0764782500010002D8,1.5,Yes,mattress,0.0
1580687,ANCHOR_01,52:06:26:03:01:DA,-79,MFG_4C000215FDA50693A4E24FB1AFCFC6EB0764782500010002D8,1.5,Yes,mattress,0.0
1581707,ANCHOR_01,52:06:26:03:01:DA,-84,MFG_4C000215FDA50693A4E24FB1AFCFC6EB0764782500010002D8,1.5,Yes,mattress,0.0
1582697,ANCHOR_01,52:06:26:03:01:DA,-84,MFG_4C000215FDA50693A4E24FB1AFCFC6EB0764782500010002D8,1.5,Yes,mattress,0.0
1583697,ANCHOR_01,52:06:26:03:01:DA,-75,MFG_4C000215FDA50693A4E24FB1AFCFC6EB0764782500010002D8,1.5,Yes,mattress,0.0
1584707,ANCHOR_01,52:06:26:03:01:DA,-75,MFG_4C000215FDA50693A4E24FB1AFCFC6EB0764782500010002D8,1.5,Yes,mattress,0.0
1585707,ANCHOR_01,52:06:26:03:01:DA,-79,MFG_4C000215FDA50693A4E24FB1AFCFC6EB0764782500010002D8,1.5,Yes,mattress,0.0
1586717,ANCHOR_01,52:06:26:03:01:DA,-80,MFG_4C000215FDA50693A4E24FB1AFCFC6EB0764782500010002D8,1.5,Yes,mattress,0.0
1587727,ANCHOR_01,52:06:26:03:01:DA,-85,MFG_4C000215FDA50693A4E24FB1AFCFC6EB0764782500010002D8,1.5,Yes,mattress,0.0
1588727,ANCHOR_01,52:06:26:03:01:DA,-82,MFG_4C000215FDA50693A4E24FB1AFCFC6EB0764782500010002D8,1.5,Yes,mattress,0.0
1590727,ANCHOR_01,52:06:26:03:01:DA,-75,MFG_4C000215FDA50693A4E24FB1AFCFC6EB0764782500010002D8,1.5,Yes,mattress,0.0
1591757,ANCHOR_01,52:06:26:03:01:DA,-79,MFG_4C000215FDA50693A4E24FB1AFCFC6EB0764782500010002D8,1.5,Yes,mattress,0.0
1592747,ANCHOR_01,52:06:26:03:01:DA,-80,MFG_4C000215FDA50693A4E24FB1AFCFC6EB0764782500010002D8,1.5,Yes,mattress,0.0
1595777,ANCHOR_01,52:06:26:03:01:DA,-75,MFG_4C000215FDA50693A4E24FB1AFCFC6EB0764782500010002D8,1.5,Yes,mattress,0.0
1596797,ANCHOR_01,52:06:26:03:01:DA,-80,MFG_4C000215FDA50693A4E24FB1AFCFC6EB0764782500010002D8,1.5,Yes,mattress,0.0
1597787,ANCHOR_01,52:06:26:03:01:DA,-79,MFG_4C000215FDA50693A4E24FB1AFCFC6EB0764782500010002D8,1.5,Yes,mattress,0.0
1598807,ANCHOR_01,52:06:26:03:01:DA,-84,MFG_4C000215FDA50693A4E24FB1AFCFC6EB0764782500010002D8,1.5,Yes,mattress,0.0
1599777,ANCHOR_01,52:06:26:03:01:DA,-83,MFG_4C000215FDA50693A4E24FB1AFCFC6EB0764782500010002D8,1.5,Yes,mattress,0.0
1601797,ANCHOR_01,52:06:26:03:01:DA,-75,MFG_4C000215FDA50693A4E24FB1AFCFC6EB0764782500010002D8,1.5,Yes,mattress,0.0
1603817,ANCHOR_01,52:06:26:03:01:DA,-80,MFG_4C000215FDA50693A4E24FB1AFCFC6EB0764782500010002D8,1.5,Yes,mattress,0.0
1605817,ANCHOR_01,52:06:26:03:01:DA,-83,MFG_4C000215FDA50693A4E24FB1AFCFC6EB0764782500010002D8,1.5,Yes,mattress,0.0
1606817,ANCHOR_01,52:06:26:03:01:DA,-83,MFG_4C000215FDA50693A4E24FB1AFCFC6EB0764782500010002D8,1.5,Yes,mattress,0.0
1608847,ANCHOR_01,52:06:26:03:01:DA,-80,MFG_4C000215FDA50693A4E24FB1AFCFC6EB0764782500010002D8,1.5,Yes,mattress,0.0
1609847,ANCHOR_01,52:06:26:03:01:DA,-80,MFG_4C000215FDA50693A4E24FB1AFCFC6EB0764782500010002D8,1.5,Yes,mattress,0.0
1611857,ANCHOR_01,52:06:26:03:01:DA,-84,MFG_4C000215FDA50693A4E24FB1AFCFC6EB0764782500010002D8,1.5,Yes,mattress,0.0
1613857,ANCHOR_01,52:06:26:03:01:DA,-75,MFG_4C000215FDA50693A4E24FB1AFCFC6EB0764782500010002D8,1.5,Yes,mattress,0.0
1614887,ANCHOR_01,52:06:26:03:01:DA,-80,MFG_4C000215FDA50693A4E24FB1AFCFC6EB0764782500010002D8,1.5,Yes,mattress,0.0
1615877,ANCHOR_01,52:06:26:03:01:DA,-79,MFG_4C000215FDA50693A4E24FB1AFCFC6EB0764782500010002D8,1.5,Yes,mattress,0.0
1616877,ANCHOR_01,52:06:26:03:01:DA,-83,MFG_4C000215FDA50693A4E24FB1AFCFC6EB0764782500010002D8,1.5,Yes,mattress,0.0
1617877,ANCHOR_01,52:06:26:03:01:DA,-83,MFG_4C000215FDA50693A4E24FB1AFCFC6EB0764782500010002D8,1.5,Yes,mattress,0.0
1619887,ANCHOR_01,52:06:26:03:01:DA,-75,MFG_4C000215FDA50693A4E24FB1AFCFC6EB0764782500010002D8,1.5,Yes,mattress,0.0
1621897,ANCHOR_01,52:06:26:03:01:DA,-80,MFG_4C000215FDA50693A4E24FB1AFCFC6EB0764782500010002D8,1.5,Yes,mattress,0.0
1622907,ANCHOR_01,52:06:26:03:01:DA,-83,MFG_4C000215FDA50693A4E24FB1AFCFC6EB0764782500010002D8,1.5,Yes,mattress,0.0
1623917,ANCHOR_01,52:06:26:03:01:DA,-83,MFG_4C000215FDA50693A4E24FB1AFCFC6EB0764782500010002D8,1.5,Yes,mattress,0.0
1625927,ANCHOR_01,52:06:26:03:01:DA,-75,MFG_4C000215FDA50693A4E24FB1AFCFC6EB0764782500010002D8,1.5,Yes,mattress,0.0
1629937,ANCHOR_01,52:06:26:03:01:DA,-85,MFG_4C000215FDA50693A4E24FB1AFCFC6EB0764782500010002D8,1.5,Yes,mattress,0.0
1631957,ANCHOR_01,52:06:26:03:01:DA,-75,MFG_4C000215FDA50693A4E24FB1AFCFC6EB0764782500010002D8,1.5,Yes,mattress,0.0
1632957,ANCHOR_01,52:06:26:03:01:DA,-80,MFG_4C000215FDA50693A4E24FB1AFCFC6EB0764782500010002D8,1.5,Yes,mattress,0.0
1633967,ANCHOR_01,52:06:26:03:01:DA,-79,MFG_4C000215FDA50693A4E24FB1AFCFC6EB0764782500010002D8,1.5,Yes,mattress,0.0
1634987,ANCHOR_01,52:06:26:03:01:DA,-84,MFG_4C000215FDA50693A4E24FB1AFCFC6EB0764782500010002D8,1.5,Yes,mattress,0.0
1635977,ANCHOR_01,52:06:26:03:01:DA,-82,MFG_4C000215FDA50693A4E24FB1AFCFC6EB0764782500010002D8,1.5,Yes,mattress,0.0
1636997,ANCHOR_01,52:06:26:03:01:DA,-75,MFG_4C000215FDA50693A4E24FB1AFCFC6EB0764782500010002D8,1.5,Yes,mattress,0.0
1637977,ANCHOR_01,52:06:26:03:01:DA,-75,MFG_4C000215FDA50693A4E24FB1AFCFC6EB0764782500010002D8,1.5,Yes,mattress,0.0
1639007,ANCHOR_01,52:06:26:03:01:DA,-79,MFG_4C000215FDA50693A4E24FB1AFCFC6EB0764782500010002D8,1.5,Yes,mattress,0.0
1641007,ANCHOR_01,52:06:26:03:01:DA,-83,MFG_4C000215FDA50693A4E24FB1AFCFC6EB0764782500010002D8,1.5,Yes,mattress,0.0
1642027,ANCHOR_01,52:06:26:03:01:DA,-75,MFG_4C000215FDA50693A4E24FB1AFCFC6EB0764782500010002D8,1.5,Yes,mattress,0.0
1643007,ANCHOR_01,52:06:26:03:01:DA,-75,MFG_4C000215FDA50693A4E24FB1AFCFC6EB0764782500010002D8,1.5,Yes,mattress,0.0
1644037,ANCHOR_01,52:06:26:03:01:DA,-80,MFG_4C000215FDA50693A4E24FB1AFCFC6EB0764782500010002D8,1.5,Yes,mattress,0.0
1645037,ANCHOR_01,52:06:26:03:01:DA,-79,MFG_4C000215FDA50693A4E24FB1AFCFC6EB0764782500010002D8,1.5,Yes,mattress,0.0
1646027,ANCHOR_01,52:06:26:03:01:DA,-79,MFG_4C000215FDA50693A4E24FB1AFCFC6EB0764782500010002D8,1.5,Yes,mattress,0.0
1648037,ANCHOR_01,52:06:26:03:01:DA,-84,MFG_4C000215FDA50693A4E24FB1AFCFC6EB0764782500010002D8,1.5,Yes,mattress,0.0
1649037,ANCHOR_01,52:06:26:03:01:DA,-75,MFG_4C000215FDA50693A4E24FB1AFCFC6EB0764782500010002D8,1.5,Yes,mattress,0.0
1651057,ANCHOR_01,52:06:26:03:01:DA,-80,MFG_4C000215FDA50693A4E24FB1AFCFC6EB0764782500010002D8,1.5,Yes,mattress,0.0
1652057,ANCHOR_01,52:06:26:03:01:DA,-79,MFG_4C000215FDA50693A4E24FB1AFCFC6EB0764782500010002D8,1.5,Yes,mattress,0.0
1653057,ANCHOR_01,52:06:26:03:01:DA,-82,MFG_4C000215FDA50693A4E24FB1AFCFC6EB0764782500010002D8,1.5,Yes,mattress,0.0
1655077,ANCHOR_01,52:06:26:03:01:DA,-75,MFG_4C000215FDA50693A4E24FB1AFCFC6EB0764782500010002D8,1.5,Yes,mattress,0.0
1656097,ANCHOR_01,52:06:26:03:01:DA,-79,MFG_4C000215FDA50693A4E24FB1AFCFC6EB0764782500010002D8,1.5,Yes,mattress,0.0
1657097,ANCHOR_01,52:06:26:03:01:DA,-80,MFG_4C000215FDA50693A4E24FB1AFCFC6EB0764782500010002D8,1.5,Yes,mattress,0.0
1658087,ANCHOR_01,52:06:26:03:01:DA,-79,MFG_4C000215FDA50693A4E24FB1AFCFC6EB0764782500010002D8,1.5,Yes,mattress,0.0
1659097,ANCHOR_01,52:06:26:03:01:DA,-82,MFG_4C000215FDA50693A4E24FB1AFCFC6EB0764782500010002D8,1.5,Yes,mattress,0.0
1660087,ANCHOR_01,52:06:26:03:01:DA,-83,MFG_4C000215FDA50693A4E24FB1AFCFC6EB0764782500010002D8,1.5,Yes,mattress,0.0
1662107,ANCHOR_01,52:06:26:03:01:DA,-75,MFG_4C000215FDA50693A4E24FB1AFCFC6EB0764782500010002D8,1.5,Yes,mattress,0.0
1663097,ANCHOR_01,52:06:26:03:01:DA,-75,MFG_4C000215FDA50693A4E24FB1AFCFC6EB0764782500010002D8,1.5,Yes,mattress,0.0
1665127,ANCHOR_01,52:06:26:03:01:DA,-85,MFG_4C000215FDA50693A4E24FB1AFCFC6EB0764782500010002D8,1.5,Yes,mattress,0.0
1666117,ANCHOR_01,52:06:26:03:01:DA,-84,MFG_4C000215FDA50693A4E24FB1AFCFC6EB0764782500010002D8,1.5,Yes,mattress,0.0
1669157,ANCHOR_01,52:06:26:03:01:DA,-80,MFG_4C000215FDA50693A4E24FB1AFCFC6EB0764782500010002D8,1.5,Yes,mattress,0.0
1670147,ANCHOR_01,52:06:26:03:01:DA,-80,MFG_4C000215FDA50693A4E24FB1AFCFC6EB0764782500010002D8,1.5,Yes,mattress,0.0
1671167,ANCHOR_01,52:06:26:03:01:DA,-85,MFG_4C000215FDA50693A4E24FB1AFCFC6EB0764782500010002D8,1.5,Yes,mattress,0.0
1672147,ANCHOR_01,52:06:26:03:01:DA,-84,MFG_4C000215FDA50693A4E24FB1AFCFC6EB0764782500010002D8,1.5,Yes,mattress,0.0
1673167,ANCHOR_01,52:06:26:03:01:DA,-75,MFG_4C000215FDA50693A4E24FB1AFCFC6EB0764782500010002D8,1.5,Yes,mattress,0.0
1674167,ANCHOR_01,52:06:26:03:01:DA,-74,MFG_4C000215FDA50693A4E24FB1AFCFC6EB0764782500010002D8,1.5,Yes,mattress,0.0
1675187,ANCHOR_01,52:06:26:03:01:DA,-80,MFG_4C000215FDA50693A4E24FB1AFCFC6EB0764782500010002D8,1.5,Yes,mattress,0.0
1676167,ANCHOR_01,52:06:26:03:01:DA,-80,MFG_4C000215FDA50693A4E24FB1AFCFC6EB0764782500010002D8,1.5,Yes,mattress,0.0
1677197,ANCHOR_01,52:06:26:03:01:DA,-85,MFG_4C000215FDA50693A4E24FB1AFCFC6EB0764782500010002D8,1.5,Yes,mattress,0.0
1678177,ANCHOR_01,52:06:26:03:01:DA,-83,MFG_4C000215FDA50693A4E24FB1AFCFC6EB0764782500010002D8,1.5,Yes,mattress,0.0
1679207,ANCHOR_01,52:06:26:03:01:DA,-74,MFG_4C000215FDA50693A4E24FB1AFCFC6EB0764782500010002D8,1.5,Yes,mattress,0.0
1680197,ANCHOR_01,52:06:26:03:01:DA,-75,MFG_4C000215FDA50693A4E24FB1AFCFC6EB0764782500010002D8,1.5,Yes,mattress,0.0
1681217,ANCHOR_01,52:06:26:03:01:DA,-79,MFG_4C000215FDA50693A4E24FB1AFCFC6EB0764782500010002D8,1.5,Yes,mattress,0.0
1682197,ANCHOR_01,52:06:26:03:01:DA,-79,MFG_4C000215FDA50693A4E24FB1AFCFC6EB0764782500010002D8,1.5,Yes,mattress,0.0
1683227,ANCHOR_01,52:06:26:03:01:DA,-84,MFG_4C000215FDA50693A4E24FB1AFCFC6EB0764782500010002D8,1.5,Yes,mattress,0.0
1684217,ANCHOR_01,52:06:26:03:01:DA,-84,MFG_4C000215FDA50693A4E24FB1AFCFC6EB0764782500010002D8,1.5,Yes,mattress,0.0
1686217,ANCHOR_01,52:06:26:03:01:DA,-75,MFG_4C000215FDA50693A4E24FB1AFCFC6EB0764782500010002D8,1.5,Yes,mattress,0.0
1687217,ANCHOR_01,52:06:26:03:01:DA,-75,MFG_4C000215FDA50693A4E24FB1AFCFC6EB0764782500010002D8,1.5,Yes,mattress,0.0
1688227,ANCHOR_01,52:06:26:03:01:DA,-80,MFG_4C000215FDA50693A4E24FB1AFCFC6EB0764782500010002D8,1.5,Yes,mattress,0.0
1689217,ANCHOR_01,52:06:26:03:01:DA,-80,MFG_4C000215FDA50693A4E24FB1AFCFC6EB0764782500010002D8,1.5,Yes,mattress,0.0
1691237,ANCHOR_01,52:06:26:03:01:DA,-85,MFG_4C000215FDA50693A4E24FB1AFCFC6EB0764782500010002D8,1.5,Yes,mattress,0.0
1693227,ANCHOR_01,52:06:26:03:01:DA,-75,MFG_4C000215FDA50693A4E24FB1AFCFC6EB0764782500010002D8,1.5,Yes,mattress,0.0
1695257,ANCHOR_01,52:06:26:03:01:DA,-80,MFG_4C000215FDA50693A4E24FB1AFCFC6EB0764782500010002D8,1.5,Yes,mattress,0.0
1696277,ANCHOR_01,52:06:26:03:01:DA,-82,MFG_4C000215FDA50693A4E24FB1AFCFC6EB0764782500010002D8,1.5,Yes,mattress,0.0
1697267,ANCHOR_01,52:06:26:03:01:DA,-84,MFG_4C000215FDA50693A4E24FB1AFCFC6EB0764782500010002D8,1.5,Yes,mattress,0.0
1698277,ANCHOR_01,52:06:26:03:01:DA,-75,MFG_4C000215FDA50693A4E24FB1AFCFC6EB0764782500010002D8,1.5,Yes,mattress,0.0
1699267,ANCHOR_01,52:06:26:03:01:DA,-75,MFG_4C000215FDA50693A4E24FB1AFCFC6EB0764782500010002D8,1.5,Yes,mattress,0.0
1700297,ANCHOR_01,52:06:26:03:01:DA,-80,MFG_4C000215FDA50693A4E24FB1AFCFC6EB0764782500010002D8,1.5,Yes,mattress,0.0
1701287,ANCHOR_01,52:06:26:03:01:DA,-79,MFG_4C000215FDA50693A4E24FB1AFCFC6EB0764782500010002D8,1.5,Yes,mattress,0.0
1702307,ANCHOR_01,52:06:26:03:01:DA,-83,MFG_4C000215FDA50693A4E24FB1AFCFC6EB0764782500010002D8,1.5,Yes,mattress,0.0
1703287,ANCHOR_01,52:06:26:03:01:DA,-85,MFG_4C000215FDA50693A4E24FB1AFCFC6EB0764782500010002D8,1.5,Yes,mattress,0.0
1704287,ANCHOR_01,52:06:26:03:01:DA,-84,MFG_4C000215FDA50693A4E24FB1AFCFC6EB0764782500010002D8,1.5,Yes,mattress,0.0
1705307,ANCHOR_01,52:06:26:03:01:DA,-75,MFG_4C000215FDA50693A4E24FB1AFCFC6EB0764782500010002D8,1.5,Yes,mattress,0.0
1706287,ANCHOR_01,52:06:26:03:01:DA,-75,MFG_4C000215FDA50693A4E24FB1AFCFC6EB0764782500010002D8,1.5,Yes,mattress,0.0
1707317,ANCHOR_01,52:06:26:03:01:DA,-79,MFG_4C000215FDA50693A4E24FB1AFCFC6EB0764782500010002D8,1.5,Yes,mattress,0.0
1708307,ANCHOR_01,52:06:26:03:01:DA,-80,MFG_4C000215FDA50693A4E24FB1AFCFC6EB0764782500010002D8,1.5,Yes,mattress,0.0
1709327,ANCHOR_01,52:06:26:03:01:DA,-84,MFG_4C000215FDA50693A4E24FB1AFCFC6EB0764782500010002D8,1.5,Yes,mattress,0.0
1710307,ANCHOR_01,52:06:26:03:01:DA,-83,MFG_4C000215FDA50693A4E24FB1AFCFC6EB0764782500010002D8,1.5,Yes,mattress,0.0
1712327,ANCHOR_01,52:06:26:03:01:DA,-75,MFG_4C000215FDA50693A4E24FB1AFCFC6EB0764782500010002D8,1.5,Yes,mattress,0.0
1713337,ANCHOR_01,52:06:26:03:01:DA,-80,MFG_4C000215FDA50693A4E24FB1AFCFC6EB0764782500010002D8,1.5,Yes,mattress,0.0
1714337,ANCHOR_01,52:06:26:03:01:DA,-80,MFG_4C000215FDA50693A4E24FB1AFCFC6EB0764782500010002D8,1.5,Yes,mattress,0.0
1715337,ANCHOR_01,52:06:26:03:01:DA,-81,MFG_4C000215FDA50693A4E24FB1AFCFC6EB0764782500010002D8,1.5,Yes,mattress,0.0
1716347,ANCHOR_01,52:06:26:03:01:DA,-84,MFG_4C000215FDA50693A4E24FB1AFCFC6EB0764782500010002D8,1.5,Yes,mattress,0.0
1718337,ANCHOR_01,52:06:26:03:01:DA,-75,MFG_4C000215FDA50693A4E24FB1AFCFC6EB0764782500010002D8,1.5,Yes,mattress,0.0
1719347,ANCHOR_01,52:06:26:03:01:DA,-75,MFG_4C000215FDA50693A4E24FB1AFCFC6EB0764782500010002D8,1.5,Yes,mattress,0.0
1720357,ANCHOR_01,52:06:26:03:01:DA,-80,MFG_4C000215FDA50693A4E24FB1AFCFC6EB0764782500010002D8,1.5,Yes,mattress,0.0
1722357,ANCHOR_01,52:06:26:03:01:DA,-84,MFG_4C000215FDA50693A4E24FB1AFCFC6EB0764782500010002D8,1.5,Yes,mattress,0.0
1723367,ANCHOR_01,52:06:26:03:01:DA,-82,MFG_4C000215FDA50693A4E24FB1AFCFC6EB0764782500010002D8,1.5,Yes,mattress,0.0
1724367,ANCHOR_01,52:06:26:03:01:DA,-75,MFG_4C000215FDA50693A4E24FB1AFCFC6EB0764782500010002D8,1.5,Yes,mattress,0.0
1725377,ANCHOR_01,52:06:26:03:01:DA,-74,MFG_4C000215FDA50693A4E24FB1AFCFC6EB0764782500010002D8,1.5,Yes,mattress,0.0
1726397,ANCHOR_01,52:06:26:03:01:DA,-80,MFG_4C000215FDA50693A4E24FB1AFCFC6EB0764782500010002D8,1.5,Yes,mattress,0.0
1727387,ANCHOR_01,52:06:26:03:01:DA,-79,MFG_4C000215FDA50693A4E24FB1AFCFC6EB0764782500010002D8,1.5,Yes,mattress,0.0
1728387,ANCHOR_01,52:06:26:03:01:DA,-83,MFG_4C000215FDA50693A4E24FB1AFCFC6EB0764782500010002D8,1.5,Yes,mattress,0.0
1730407,ANCHOR_01,52:06:26:03:01:DA,-75,MFG_4C000215FDA50693A4E24FB1AFCFC6EB0764782500010002D8,1.5,Yes,mattress,0.0
1731397,ANCHOR_01,52:06:26:03:01:DA,-75,MFG_4C000215FDA50693A4E24FB1AFCFC6EB0764782500010002D8,1.5,Yes,mattress,0.0
1732407,ANCHOR_01,52:06:26:03:01:DA,-79,MFG_4C000215FDA50693A4E24FB1AFCFC6EB0764782500010002D8,1.5,Yes,mattress,0.0
1733407,ANCHOR_01,52:06:26:03:01:DA,-80,MFG_4C000215FDA50693A4E24FB1AFCFC6EB0764782500010002D8,1.5,Yes,mattress,0.0
1734437,ANCHOR_01,52:06:26:03:01:DA,-84,MFG_4C000215FDA50693A4E24FB1AFCFC6EB0764782500010002D8,1.5,Yes,mattress,0.0
1735417,ANCHOR_01,52:06:26:03:01:DA,-84,MFG_4C000215FDA50693A4E24FB1AFCFC6EB0764782500010002D8,1.5,Yes,mattress,0.0
1736447,ANCHOR_01,52:06:26:03:01:DA,-75,MFG_4C000215FDA50693A4E24FB1AFCFC6EB0764782500010002D8,1.5,Yes,mattress,0.0
1737437,ANCHOR_01,52:06:26:03:01:DA,-75,MFG_4C000215FDA50693A4E24FB1AFCFC6EB0764782500010002D8,1.5,Yes,mattress,0.0
1738437,ANCHOR_01,52:06:26:03:01:DA,-80,MFG_4C000215FDA50693A4E24FB1AFCFC6EB0764782500010002D8,1.5,Yes,mattress,0.0
1739437,ANCHOR_01,52:06:26:03:01:DA,-80,MFG_4C000215FDA50693A4E24FB1AFCFC6EB0764782500010002D8,1.5,Yes,mattress,0.0
1740447,ANCHOR_01,52:06:26:03:01:DA,-84,MFG_4C000215FDA50693A4E24FB1AFCFC6EB0764782500010002D8,1.5,Yes,mattress,0.0
1741447,ANCHOR_01,52:06:26:03:01:DA,-84,MFG_4C000215FDA50693A4E24FB1AFCFC6EB0764782500010002D8,1.5,Yes,mattress,0.0
1743457,ANCHOR_01,52:06:26:03:01:DA,-75,MFG_4C000215FDA50693A4E24FB1AFCFC6EB0764782500010002D8,1.5,Yes,mattress,0.0
1744477,ANCHOR_01,52:06:26:03:01:DA,-80,MFG_4C000215FDA50693A4E24FB1AFCFC6EB0764782500010002D8,1.5,Yes,mattress,0.0
1745477,ANCHOR_01,52:06:26:03:01:DA,-80,MFG_4C000215FDA50693A4E24FB1AFCFC6EB0764782500010002D8,1.5,Yes,mattress,0.0
1746497,ANCHOR_01,52:06:26:03:01:DA,-84,MFG_4C000215FDA50693A4E24FB1AFCFC6EB0764782500010002D8,1.5,Yes,mattress,0.0
1747477,ANCHOR_01,52:06:26:03:01:DA,-85,MFG_4C000215FDA50693A4E24FB1AFCFC6EB0764782500010002D8,1.5,Yes,mattress,0.0
1748477,ANCHOR_01,52:06:26:03:01:DA,-82,MFG_4C000215FDA50693A4E24FB1AFCFC6EB0764782500010002D8,1.5,Yes,mattress,0.0
1749477,ANCHOR_01,52:06:26:03:01:DA,-75,MFG_4C000215FDA50693A4E24FB1AFCFC6EB0764782500010002D8,1.5,Yes,mattress,0.0
1750487,ANCHOR_01,52:06:26:03:01:DA,-75,MFG_4C000215FDA50693A4E24FB1AFCFC6EB0764782500010002D8,1.5,Yes,mattress,0.0
1751497,ANCHOR_01,52:06:26:03:01:DA,-80,MFG_4C000215FDA50693A4E24FB1AFCFC6EB0764782500010002D8,1.5,Yes,mattress,0.0
1752497,ANCHOR_01,52:06:26:03:01:DA,-80,MFG_4C000215FDA50693A4E24FB1AFCFC6EB0764782500010002D8,1.5,Yes,mattress,0.0
1753507,ANCHOR_01,52:06:26:03:01:DA,-85,MFG_4C000215FDA50693A4E24FB1AFCFC6EB0764782500010002D8,1.5,Yes,mattress,0.0
1755527,ANCHOR_01,52:06:26:03:01:DA,-75,MFG_4C000215FDA50693A4E24FB1AFCFC6EB0764782500010002D8,1.5,Yes,mattress,0.0
1756507,ANCHOR_01,52:06:26:03:01:DA,-75,MFG_4C000215FDA50693A4E24FB1AFCFC6EB0764782500010002D8,1.5,Yes,mattress,0.0
1757527,ANCHOR_01,52:06:26:03:01:DA,-80,MFG_4C000215FDA50693A4E24FB1AFCFC6EB0764782500010002D8,1.5,Yes,mattress,0.0
1758527,ANCHOR_01,52:06:26:03:01:DA,-80,MFG_4C000215FDA50693A4E24FB1AFCFC6EB0764782500010002D8,1.5,Yes,mattress,0.0
1759537,ANCHOR_01,52:06:26:03:01:DA,-83,MFG_4C000215FDA50693A4E24FB1AFCFC6EB0764782500010002D8,1.5,Yes,mattress,0.0
1760537,ANCHOR_01,52:06:26:03:01:DA,-82,MFG_4C000215FDA50693A4E24FB1AFCFC6EB0764782500010002D8,1.5,Yes,mattress,0.0
1762537,ANCHOR_01,52:06:26:03:01:DA,-75,MFG_4C000215FDA50693A4E24FB1AFCFC6EB0764782500010002D8,1.5,Yes,mattress,0.0
1763527,ANCHOR_01,52:06:26:03:01:DA,-75,MFG_4C000215FDA50693A4E24FB1AFCFC6EB0764782500010002D8,1.5,Yes,mattress,0.0
1764557,ANCHOR_01,52:06:26:03:01:DA,-79,MFG_4C000215FDA50693A4E24FB1AFCFC6EB0764782500010002D8,1.5,Yes,mattress,0.0
1765547,ANCHOR_01,52:06:26:03:01:DA,-79,MFG_4C000215FDA50693A4E24FB1AFCFC6EB0764782500010002D8,1.5,Yes,mattress,0.0
1768577,ANCHOR_01,52:06:26:03:01:DA,-75,MFG_4C000215FDA50693A4E24FB1AFCFC6EB0764782500010002D8,1.5,Yes,mattress,0.0
1769567,ANCHOR_01,52:06:26:03:01:DA,-80,MFG_4C000215FDA50693A4E24FB1AFCFC6EB0764782500010002D8,1.5,Yes,mattress,0.0
1770587,ANCHOR_01,52:06:26:03:01:DA,-80,MFG_4C000215FDA50693A4E24FB1AFCFC6EB0764782500010002D8,1.5,Yes,mattress,0.0
1771577,ANCHOR_01,52:06:26:03:01:DA,-80,MFG_4C000215FDA50693A4E24FB1AFCFC6EB0764782500010002D8,1.5,Yes,mattress,0.0
1772597,ANCHOR_01,52:06:26:03:01:DA,-85,MFG_4C000215FDA50693A4E24FB1AFCFC6EB0764782500010002D8,1.5,Yes,mattress,0.0
1773587,ANCHOR_01,52:06:26:03:01:DA,-82,MFG_4C000215FDA50693A4E24FB1AFCFC6EB0764782500010002D8,1.5,Yes,mattress,0.0
1775587,ANCHOR_01,52:06:26:03:01:DA,-75,MFG_4C000215FDA50693A4E24FB1AFCFC6EB0764782500010002D8,1.5,Yes,mattress,0.0
1776617,ANCHOR_01,52:06:26:03:01:DA,-79,MFG_4C000215FDA50693A4E24FB1AFCFC6EB0764782500010002D8,1.5,Yes,mattress,0.0
1777607,ANCHOR_01,52:06:26:03:01:DA,-80,MFG_4C000215FDA50693A4E24FB1AFCFC6EB0764782500010002D8,1.5,Yes,mattress,0.0
1778607,ANCHOR_01,52:06:26:03:01:DA,-83,MFG_4C000215FDA50693A4E24FB1AFCFC6EB0764782500010002D8,1.5,Yes,mattress,0.0
1779617,ANCHOR_01,52:06:26:03:01:DA,-82,MFG_4C000215FDA50693A4E24FB1AFCFC6EB0764782500010002D8,1.5,Yes,mattress,0.0
1781607,ANCHOR_01,52:06:26:03:01:DA,-75,MFG_4C000215FDA50693A4E24FB1AFCFC6EB0764782500010002D8,1.5,Yes,mattress,0.0
1783637,ANCHOR_01,52:06:26:03:01:DA,-80,MFG_4C000215FDA50693A4E24FB1AFCFC6EB0764782500010002D8,1.5,Yes,mattress,0.0
1784627,ANCHOR_01,52:06:26:03:01:DA,-79,MFG_4C000215FDA50693A4E24FB1AFCFC6EB0764782500010002D8,1.5,Yes,mattress,0.0
1785627,ANCHOR_01,52:06:26:03:01:DA,-83,MFG_4C000215FDA50693A4E24FB1AFCFC6EB0764782500010002D8,1.5,Yes,mattress,0.0
1786637,ANCHOR_01,52:06:26:03:01:DA,-85,MFG_4C000215FDA50693A4E24FB1AFCFC6EB0764782500010002D8,1.5,Yes,mattress,0.0
1787637,ANCHOR_01,52:06:26:03:01:DA,-75,MFG_4C000215FDA50693A4E24FB1AFCFC6EB0764782500010002D8,1.5,Yes,mattress,0.0
1788637,ANCHOR_01,52:06:26:03:01:DA,-75,MFG_4C000215FDA50693A4E24FB1AFCFC6EB0764782500010002D8,1.5,Yes,mattress,0.0
1789647,ANCHOR_01,52:06:26:03:01:DA,-79,MFG_4C000215FDA50693A4E24FB1AFCFC6EB0764782500010002D8,1.5,Yes,mattress,0.0
1790657,ANCHOR_01,52:06:26:03:01:DA,-80,MFG_4C000215FDA50693A4E24FB1AFCFC6EB0764782500010002D8,1.5,Yes,mattress,0.0
1791657,ANCHOR_01,52:06:26:03:01:DA,-85,MFG_4C000215FDA50693A4E24FB1AFCFC6EB0764782500010002D8,1.5,Yes,mattress,0.0
1792657,ANCHOR_01,52:06:26:03:01:DA,-83,MFG_4C000215FDA50693A4E24FB1AFCFC6EB0764782500010002D8,1.5,Yes,mattress,0.0
1793687,ANCHOR_01,52:06:26:03:01:DA,-75,MFG_4C000215FDA50693A4E24FB1AFCFC6EB0764782500010002D8,1.5,Yes,mattress,0.0
1794677,ANCHOR_01,52:06:26:03:01:DA,-75,MFG_4C000215FDA50693A4E24FB1AFCFC6EB0764782500010002D8,1.5,Yes,mattress,0.0
1795677,ANCHOR_01,52:06:26:03:01:DA,-80,MFG_4C000215FDA50693A4E24FB1AFCFC6EB0764782500010002D8,1.5,Yes,mattress,0.0
1797707,ANCHOR_01,52:06:26:03:01:DA,-82,MFG_4C000215FDA50693A4E24FB1AFCFC6EB0764782500010002D8,1.5,Yes,mattress,0.0
1799717,ANCHOR_01,52:06:26:03:01:DA,-75,MFG_4C000215FDA50693A4E24FB1AFCFC6EB0764782500010002D8,1.5,Yes,mattress,0.0
1800707,ANCHOR_01,52:06:26:03:01:DA,-75,MFG_4C000215FDA50693A4E24FB1AFCFC6EB0764782500010002D8,1.5,Yes,mattress,0.0
1801717,ANCHOR_01,52:06:26:03:01:DA,-80,MFG_4C000215FDA50693A4E24FB1AFCFC6EB0764782500010002D8,1.5,Yes,mattress,0.0
1802737,ANCHOR_01,52:06:26:03:01:DA,-82,MFG_4C000215FDA50693A4E24FB1AFCFC6EB0764782500010002D8,1.5,Yes,mattress,0.0
1803737,ANCHOR_01,52:06:26:03:01:DA,-82,MFG_4C000215FDA50693A4E24FB1AFCFC6EB0764782500010002D8,1.5,Yes,mattress,0.0
1804747,ANCHOR_01,52:06:26:03:01:DA,-75,MFG_4C000215FDA50693A4E24FB1AFCFC6EB0764782500010002D8,1.5,Yes,mattress,0.0
1805737,ANCHOR_01,52:06:26:03:01:DA,-75,MFG_4C000215FDA50693A4E24FB1AFCFC6EB0764782500010002D8,1.5,Yes,mattress,0.0
1806747,ANCHOR_01,52:06:26:03:01:DA,-78,MFG_4C000215FDA50693A4E24FB1AFCFC6EB0764782500010002D8,1.5,Yes,mattress,0.0
1807757,ANCHOR_01,52:06:26:03:01:DA,-80,MFG_4C000215FDA50693A4E24FB1AFCFC6EB0764782500010002D8,1.5,Yes,mattress,0.0
1808777,ANCHOR_01,52:06:26:03:01:DA,-84,MFG_4C000215FDA50693A4E24FB1AFCFC6EB0764782500010002D8,1.5,Yes,mattress,0.0
1809767,ANCHOR_01,52:06:26:03:01:DA,-83,MFG_4C000215FDA50693A4E24FB1AFCFC6EB0764782500010002D8,1.5,Yes,mattress,0.0
1810767,ANCHOR_01,52:06:26:03:01:DA,-75,MFG_4C000215FDA50693A4E24FB1AFCFC6EB0764782500010002D8,1.5,Yes,mattress,0.0
1811777,ANCHOR_01,52:06:26:03:01:DA,-75,MFG_4C000215FDA50693A4E24FB1AFCFC6EB0764782500010002D8,1.5,Yes,mattress,0.0
1812787,ANCHOR_01,52:06:26:03:01:DA,-80,MFG_4C000215FDA50693A4E24FB1AFCFC6EB0764782500010002D8,1.5,Yes,mattress,0.0
1813787,ANCHOR_01,52:06:26:03:01:DA,-80,MFG_4C000215FDA50693A4E24FB1AFCFC6EB0764782500010002D8,1.5,Yes,mattress,0.0
1814807,ANCHOR_01,52:06:26:03:01:DA,-85,MFG_4C000215FDA50693A4E24FB1AFCFC6EB0764782500010002D8,1.5,Yes,mattress,0.0
1815787,ANCHOR_01,52:06:26:03:01:DA,-82,MFG_4C000215FDA50693A4E24FB1AFCFC6EB0764782500010002D8,1.5,Yes,mattress,0.0
1816817,ANCHOR_01,52:06:26:03:01:DA,-75,MFG_4C000215FDA50693A4E24FB1AFCFC6EB0764782500010002D8,1.5,Yes,mattress,0.0
1817807,ANCHOR_01,52:06:26:03:01:DA,-75,MFG_4C000215FDA50693A4E24FB1AFCFC6EB0764782500010002D8,1.5,Yes,mattress,0.0
1818827,ANCHOR_01,52:06:26:03:01:DA,-80,MFG_4C000215FDA50693A4E24FB1AFCFC6EB0764782500010002D8,1.5,Yes,mattress,0.0
1819817,ANCHOR_01,52:06:26:03:01:DA,-80,MFG_4C000215FDA50693A4E24FB1AFCFC6EB0764782500010002D8,1.5,Yes,mattress,0.0
1820827,ANCHOR_01,52:06:26:03:01:DA,-85,MFG_4C000215FDA50693A4E24FB1AFCFC6EB0764782500010002D8,1.5,Yes,mattress,0.0
1822847,ANCHOR_01,52:06:26:03:01:DA,-75,MFG_4C000215FDA50693A4E24FB1AFCFC6EB0764782500010002D8,1.5,Yes,mattress,0.0
1823837,ANCHOR_01,52:06:26:03:01:DA,-75,MFG_4C000215FDA50693A4E24FB1AFCFC6EB0764782500010002D8,1.5,Yes,mattress,0.0
1824857,ANCHOR_01,52:06:26:03:01:DA,-80,MFG_4C000215FDA50693A4E24FB1AFCFC6EB0764782500010002D8,1.5,Yes,mattress,0.0
1825847,ANCHOR_01,52:06:26:03:01:DA,-80,MFG_4C000215FDA50693A4E24FB1AFCFC6EB0764782500010002D8,1.5,Yes,mattress,0.0
1826847,ANCHOR_01,52:06:26:03:01:DA,-84,MFG_4C000215FDA50693A4E24FB1AFCFC6EB0764782500010002D8,1.5,Yes,mattress,0.0
1827857,ANCHOR_01,52:06:26:03:01:DA,-83,MFG_4C000215FDA50693A4E24FB1AFCFC6EB0764782500010002D8,1.5,Yes,mattress,0.0
1828867,ANCHOR_01,52:06:26:03:01:DA,-75,MFG_4C000215FDA50693A4E24FB1AFCFC6EB0764782500010002D8,1.5,Yes,mattress,0.0
1829867,ANCHOR_01,52:06:26:03:01:DA,-75,MFG_4C000215FDA50693A4E24FB1AFCFC6EB0764782500010002D8,1.5,Yes,mattress,0.0
1831877,ANCHOR_01,52:06:26:03:01:DA,-80,MFG_4C000215FDA50693A4E24FB1AFCFC6EB0764782500010002D8,1.5,Yes,mattress,0.0
1832897,ANCHOR_01,52:06:26:03:01:DA,-84,MFG_4C000215FDA50693A4E24FB1AFCFC6EB0764782500010002D8,1.5,Yes,mattress,0.0
1833877,ANCHOR_01,52:06:26:03:01:DA,-85,MFG_4C000215FDA50693A4E24FB1AFCFC6EB0764782500010002D8,1.5,Yes,mattress,0.0
1834877,ANCHOR_01,52:06:26:03:01:DA,-83,MFG_4C000215FDA50693A4E24FB1AFCFC6EB0764782500010002D8,1.5,Yes,mattress,0.0
1835887,ANCHOR_01,52:06:26:03:01:DA,-75,MFG_4C000215FDA50693A4E24FB1AFCFC6EB0764782500010002D8,1.5,Yes,mattress,0.0
1837887,ANCHOR_01,52:06:26:03:01:DA,-80,MFG_4C000215FDA50693A4E24FB1AFCFC6EB0764782500010002D8,1.5,Yes,mattress,0.0
1838927,ANCHOR_01,52:06:26:03:01:DA,-85,MFG_4C000215FDA50693A4E24FB1AFCFC6EB0764782500010002D8,1.5,Yes,mattress,0.0
1839917,ANCHOR_01,52:06:26:03:01:DA,-85,MFG_4C000215FDA50693A4E24FB1AFCFC6EB0764782500010002D8,1.5,Yes,mattress,0.0
1841917,ANCHOR_01,52:06:26:03:01:DA,-75,MFG_4C000215FDA50693A4E24FB1AFCFC6EB0764782500010002D8,1.5,Yes,mattress,0.0
1843937,ANCHOR_01,52:06:26:03:01:DA,-80,MFG_4C000215FDA50693A4E24FB1AFCFC6EB0764782500010002D8,1.5,Yes,mattress,0.0
1844927,ANCHOR_01,52:06:26:03:01:DA,-79,MFG_4C000215FDA50693A4E24FB1AFCFC6EB0764782500010002D8,1.5,Yes,mattress,0.0
1845937,ANCHOR_01,52:06:26:03:01:DA,-83,MFG_4C000215FDA50693A4E24FB1AFCFC6EB0764782500010002D8,1.5,Yes,mattress,0.0
1846957,ANCHOR_01,52:06:26:03:01:DA,-75,MFG_4C000215FDA50693A4E24FB1AFCFC6EB0764782500010002D8,1.5,Yes,mattress,0.0
1847947,ANCHOR_01,52:06:26:03:01:DA,-75,MFG_4C000215FDA50693A4E24FB1AFCFC6EB0764782500010002D8,1.5,Yes,mattress,0.0
1848967,ANCHOR_01,52:06:26:03:01:DA,-79,MFG_4C000215FDA50693A4E24FB1AFCFC6EB0764782500010002D8,1.5,Yes,mattress,0.0
1849957,ANCHOR_01,52:06:26:03:01:DA,-79,MFG_4C000215FDA50693A4E24FB1AFCFC6EB0764782500010002D8,1.5,Yes,mattress,0.0
1850987,ANCHOR_01,52:06:26:03:01:DA,-84,MFG_4C000215FDA50693A4E24FB1AFCFC6EB0764782500010002D8,1.5,Yes,mattress,0.0
1851977,ANCHOR_01,52:06:26:03:01:DA,-83,MFG_4C000215FDA50693A4E24FB1AFCFC6EB0764782500010002D8,1.5,Yes,mattress,0.0
1852987,ANCHOR_01,52:06:26:03:01:DA,-75,MFG_4C000215FDA50693A4E24FB1AFCFC6EB0764782500010002D8,1.5,Yes,mattress,0.0
1853987,ANCHOR_01,52:06:26:03:01:DA,-75,MFG_4C000215FDA50693A4E24FB1AFCFC6EB0764782500010002D8,1.5,Yes,mattress,0.0
1854987,ANCHOR_01,52:06:26:03:01:DA,-80,MFG_4C000215FDA50693A4E24FB1AFCFC6EB0764782500010002D8,1.5,Yes,mattress,0.0
1855987,ANCHOR_01,52:06:26:03:01:DA,-80,MFG_4C000215FDA50693A4E24FB1AFCFC6EB0764782500010002D8,1.5,Yes,mattress,0.0
1856997,ANCHOR_01,52:06:26:03:01:DA,-82,MFG_4C000215FDA50693A4E24FB1AFCFC6EB0764782500010002D8,1.5,Yes,mattress,0.0
1857997,ANCHOR_01,52:06:26:03:01:DA,-82,MFG_4C000215FDA50693A4E24FB1AFCFC6EB0764782500010002D8,1.5,Yes,mattress,0.0
1859007,ANCHOR_01,52:06:26:03:01:DA,-75,MFG_4C000215FDA50693A4E24FB1AFCFC6EB0764782500010002D8,1.5,Yes,mattress,0.0
1860007,ANCHOR_01,52:06:26:03:01:DA,-75,MFG_4C000215FDA50693A4E24FB1AFCFC6EB0764782500010002D8,1.5,Yes,mattress,0.0
1861037,ANCHOR_01,52:06:26:03:01:DA,-80,MFG_4C000215FDA50693A4E24FB1AFCFC6EB0764782500010002D8,1.5,Yes,mattress,0.0
1862027,ANCHOR_01,52:06:26:03:01:DA,-80,MFG_4C000215FDA50693A4E24FB1AFCFC6EB0764782500010002D8,1.5,Yes,mattress,0.0
1863047,ANCHOR_01,52:06:26:03:01:DA,-83,MFG_4C000215FDA50693A4E24FB1AFCFC6EB0764782500010002D8,1.5,Yes,mattress,0.0
1865037,ANCHOR_01,52:06:26:03:01:DA,-75,MFG_4C000215FDA50693A4E24FB1AFCFC6EB0764782500010002D8,1.5,Yes,mattress,0.0
1866057,ANCHOR_01,52:06:26:03:01:DA,-79,MFG_4C000215FDA50693A4E24FB1AFCFC6EB0764782500010002D8,1.5,Yes,mattress,0.0
1867067,ANCHOR_01,52:06:26:03:01:DA,-79,MFG_4C000215FDA50693A4E24FB1AFCFC6EB0764782500010002D8,1.5,Yes,mattress,0.0
1869077,ANCHOR_01,52:06:26:03:01:DA,-84,MFG_4C000215FDA50693A4E24FB1AFCFC6EB0764782500010002D8,1.5,Yes,mattress,0.0
1870067,ANCHOR_01,52:06:26:03:01:DA,-83,MFG_4C000215FDA50693A4E24FB1AFCFC6EB0764782500010002D8,1.5,Yes,mattress,0.0
1871077,ANCHOR_01,52:06:26:03:01:DA,-75,MFG_4C000215FDA50693A4E24FB1AFCFC6EB0764782500010002D8,1.5,Yes,mattress,0.0
1872077,ANCHOR_01,52:06:26:03:01:DA,-75,MFG_4C000215FDA50693A4E24FB1AFCFC6EB0764782500010002D8,1.5,Yes,mattress,0.0
1873077,ANCHOR_01,52:06:26:03:01:DA,-79,MFG_4C000215FDA50693A4E24FB1AFCFC6EB0764782500010002D8,1.5,Yes,mattress,0.0
1874087,ANCHOR_01,52:06:26:03:01:DA,-79,MFG_4C000215FDA50693A4E24FB1AFCFC6EB0764782500010002D8,1.5,Yes,mattress,0.0
1875107,ANCHOR_01,52:06:26:03:01:DA,-82,MFG_4C000215FDA50693A4E24FB1AFCFC6EB0764782500010002D8,1.5,Yes,mattress,0.0
1876087,ANCHOR_01,52:06:26:03:01:DA,-83,MFG_4C000215FDA50693A4E24FB1AFCFC6EB0764782500010002D8,1.5,Yes,mattress,0.0
1877107,ANCHOR_01,52:06:26:03:01:DA,-75,MFG_4C000215FDA50693A4E24FB1AFCFC6EB0764782500010002D8,1.5,Yes,mattress,0.0
1878107,ANCHOR_01,52:06:26:03:01:DA,-75,MFG_4C000215FDA50693A4E24FB1AFCFC6EB0764782500010002D8,1.5,Yes,mattress,0.0
1879127,ANCHOR_01,52:06:26:03:01:DA,-79,MFG_4C000215FDA50693A4E24FB1AFCFC6EB0764782500010002D8,1.5,Yes,mattress,0.0
1880107,ANCHOR_01,52:06:26:03:01:DA,-80,MFG_4C000215FDA50693A4E24FB1AFCFC6EB0764782500010002D8,1.5,Yes,mattress,0.0
1881127,ANCHOR_01,52:06:26:03:01:DA,-83,MFG_4C000215FDA50693A4E24FB1AFCFC6EB0764782500010002D8,1.5,Yes,mattress,0.0
1883137,ANCHOR_01,52:06:26:03:01:DA,-75,MFG_4C000215FDA50693A4E24FB1AFCFC6EB0764782500010002D8,1.5,Yes,mattress,0.0
1885147,ANCHOR_01,52:06:26:03:01:DA,-79,MFG_4C000215FDA50693A4E24FB1AFCFC6EB0764782500010002D8,1.5,Yes,mattress,0.0
1886177,ANCHOR_01,52:06:26:03:01:DA,-82,MFG_4C000215FDA50693A4E24FB1AFCFC6EB0764782500010002D8,1.5,Yes,mattress,0.0
1889177,ANCHOR_01,52:06:26:03:01:DA,-75,MFG_4C000215FDA50693A4E24FB1AFCFC6EB0764782500010002D8,1.5,Yes,mattress,0.0
1890187,ANCHOR_01,52:06:26:03:01:DA,-80,MFG_4C000215FDA50693A4E24FB1AFCFC6EB0764782500010002D8,1.5,Yes,mattress,0.0
1893187,ANCHOR_01,52:06:26:03:01:DA,-84,MFG_4C000215FDA50693A4E24FB1AFCFC6EB0764782500010002D8,1.5,Yes,mattress,0.0
1894197,ANCHOR_01,52:06:26:03:01:DA,-75,MFG_4C000215FDA50693A4E24FB1AFCFC6EB0764782500010002D8,1.5,Yes,mattress,0.0
1895207,ANCHOR_01,52:06:26:03:01:DA,-75,MFG_4C000215FDA50693A4E24FB1AFCFC6EB0764782500010002D8,1.5,Yes,mattress,0.0
1896207,ANCHOR_01,52:06:26:03:01:DA,-80,MFG_4C000215FDA50693A4E24FB1AFCFC6EB0764782500010002D8,1.5,Yes,mattress,0.0
1897217,ANCHOR_01,52:06:26:03:01:DA,-80,MFG_4C000215FDA50693A4E24FB1AFCFC6EB0764782500010002D8,1.5,Yes,mattress,0.0
1898207,ANCHOR_01,52:06:26:03:01:DA,-79,MFG_4C000215FDA50693A4E24FB1AFCFC6EB0764782500010002D8,1.5,Yes,mattress,0.0
1899227,ANCHOR_01,52:06:26:03:01:DA,-82,MFG_4C000215FDA50693A4E24FB1AFCFC6EB0764782500010002D8,1.5,Yes,mattress,0.0
1901227,ANCHOR_01,52:06:26:03:01:DA,-75,MFG_4C000215FDA50693A4E24FB1AFCFC6EB0764782500010002D8,1.5,Yes,mattress,0.0
1902217,ANCHOR_01,52:06:26:03:01:DA,-75,MFG_4C000215FDA50693A4E24FB1AFCFC6EB0764782500010002D8,1.5,Yes,mattress,0.0
1903227,ANCHOR_01,52:06:26:03:01:DA,-79,MFG_4C000215FDA50693A4E24FB1AFCFC6EB0764782500010002D8,1.5,Yes,mattress,0.0
1904237,ANCHOR_01,52:06:26:03:01:DA,-79,MFG_4C000215FDA50693A4E24FB1AFCFC6EB0764782500010002D8,1.5,Yes,mattress,0.0
1905257,ANCHOR_01,52:06:26:03:01:DA,-83,MFG_4C000215FDA50693A4E24FB1AFCFC6EB0764782500010002D8,1.5,Yes,mattress,0.0
1906247,ANCHOR_01,52:06:26:03:01:DA,-82,MFG_4C000215FDA50693A4E24FB1AFCFC6EB0764782500010002D8,1.5,Yes,mattress,0.0
1908247,ANCHOR_01,52:06:26:03:01:DA,-75,MFG_4C000215FDA50693A4E24FB1AFCFC6EB0764782500010002D8,1.5,Yes,mattress,0.0
1910257,ANCHOR_01,52:06:26:03:01:DA,-79,MFG_4C000215FDA50693A4E24FB1AFCFC6EB0764782500010002D8,1.5,Yes,mattress,0.0
1911287,ANCHOR_01,52:06:26:03:01:DA,-84,MFG_4C000215FDA50693A4E24FB1AFCFC6EB0764782500010002D8,1.5,Yes,mattress,0.0
1912277,ANCHOR_01,52:06:26:03:01:DA,-85,MFG_4C000215FDA50693A4E24FB1AFCFC6EB0764782500010002D8,1.5,Yes,mattress,0.0
1913297,ANCHOR_01,52:06:26:03:01:DA,-75,MFG_4C000215FDA50693A4E24FB1AFCFC6EB0764782500010002D8,1.5,Yes,mattress,0.0
1914277,ANCHOR_01,52:06:26:03:01:DA,-74,MFG_4C000215FDA50693A4E24FB1AFCFC6EB0764782500010002D8,1.5,Yes,mattress,0.0
1915307,ANCHOR_01,52:06:26:03:01:DA,-79,MFG_4C000215FDA50693A4E24FB1AFCFC6EB0764782500010002D8,1.5,Yes,mattress,0.0
1916297,ANCHOR_01,52:06:26:03:01:DA,-80,MFG_4C000215FDA50693A4E24FB1AFCFC6EB0764782500010002D8,1.5,Yes,mattress,0.0
1917297,ANCHOR_01,52:06:26:03:01:DA,-85,MFG_4C000215FDA50693A4E24FB1AFCFC6EB0764782500010002D8,1.5,Yes,mattress,0.0
1918297,ANCHOR_01,52:06:26:03:01:DA,-85,MFG_4C000215FDA50693A4E24FB1AFCFC6EB0764782500010002D8,1.5,Yes,mattress,0.0
1920317,ANCHOR_01,52:06:26:03:01:DA,-75,MFG_4C000215FDA50693A4E24FB1AFCFC6EB0764782500010002D8,1.5,Yes,mattress,0.0
1921307,ANCHOR_01,52:06:26:03:01:DA,-75,MFG_4C000215FDA50693A4E24FB1AFCFC6EB0764782500010002D8,1.5,Yes,mattress,0.0
1922327,ANCHOR_01,52:06:26:03:01:DA,-79,MFG_4C000215FDA50693A4E24FB1AFCFC6EB0764782500010002D8,1.5,Yes,mattress,0.0
1924327,ANCHOR_01,52:06:26:03:01:DA,-83,MFG_4C000215FDA50693A4E24FB1AFCFC6EB0764782500010002D8,1.5,Yes,mattress,0.0
1925327,ANCHOR_01,52:06:26:03:01:DA,-83,MFG_4C000215FDA50693A4E24FB1AFCFC6EB0764782500010002D8,1.5,Yes,mattress,0.0
1926327,ANCHOR_01,52:06:26:03:01:DA,-75,MFG_4C000215FDA50693A4E24FB1AFCFC6EB0764782500010002D8,1.5,Yes,mattress,0.0
1927337,ANCHOR_01,52:06:26:03:01:DA,-75,MFG_4C000215FDA50693A4E24FB1AFCFC6EB0764782500010002D8,1.5,Yes,mattress,0.0
1928357,ANCHOR_01,52:06:26:03:01:DA,-80,MFG_4C000215FDA50693A4E24FB1AFCFC6EB0764782500010002D8,1.5,Yes,mattress,0.0
1929347,ANCHOR_01,52:06:26:03:01:DA,-80,MFG_4C000215FDA50693A4E24FB1AFCFC6EB0764782500010002D8,1.5,Yes,mattress,0.0
1930367,ANCHOR_01,52:06:26:03:01:DA,-82,MFG_4C000215FDA50693A4E24FB1AFCFC6EB0764782500010002D8,1.5,Yes,mattress,0.0
1931357,ANCHOR_01,52:06:26:03:01:DA,-83,MFG_4C000215FDA50693A4E24FB1AFCFC6EB0764782500010002D8,1.5,Yes,mattress,0.0
1933367,ANCHOR_01,52:06:26:03:01:DA,-75,MFG_4C000215FDA50693A4E24FB1AFCFC6EB0764782500010002D8,1.5,Yes,mattress,0.0
1934367,ANCHOR_01,52:06:26:03:01:DA,-79,MFG_4C000215FDA50693A4E24FB1AFCFC6EB0764782500010002D8,1.5,Yes,mattress,0.0
1935367,ANCHOR_01,52:06:26:03:01:DA,-80,MFG_4C000215FDA50693A4E24FB1AFCFC6EB0764782500010002D8,1.5,Yes,mattress,0.0
1936397,ANCHOR_01,52:06:26:03:01:DA,-82,MFG_4C000215FDA50693A4E24FB1AFCFC6EB0764782500010002D8,1.5,Yes,mattress,0.0
1937387,ANCHOR_01,52:06:26:03:01:DA,-82,MFG_4C000215FDA50693A4E24FB1AFCFC6EB0764782500010002D8,1.5,Yes,mattress,0.0
1938397,ANCHOR_01,52:06:26:03:01:DA,-75,MFG_4C000215FDA50693A4E24FB1AFCFC6EB0764782500010002D8,1.5,Yes,mattress,0.0
1939397,ANCHOR_01,52:06:26:03:01:DA,-75,MFG_4C000215FDA50693A4E24FB1AFCFC6EB0764782500010002D8,1.5,Yes,mattress,0.0
1940407,ANCHOR_01,52:06:26:03:01:DA,-79,MFG_4C000215FDA50693A4E24FB1AFCFC6EB0764782500010002D8,1.5,Yes,mattress,0.0
1941407,ANCHOR_01,52:06:26:03:01:DA,-79,MFG_4C000215FDA50693A4E24FB1AFCFC6EB0764782500010002D8,1.5,Yes,mattress,0.0
1942427,ANCHOR_01,52:06:26:03:01:DA,-85,MFG_4C000215FDA50693A4E24FB1AFCFC6EB0764782500010002D8,1.5,Yes,mattress,0.0
1945427,ANCHOR_01,52:06:26:03:01:DA,-75,MFG_4C000215FDA50693A4E24FB1AFCFC6EB0764782500010002D8,1.5,Yes,mattress,0.0
1946407,ANCHOR_01,52:06:26:03:01:DA,-75,MFG_4C000215FDA50693A4E24FB1AFCFC6EB0764782500010002D8,1.5,Yes,mattress,0.0
1947437,ANCHOR_01,52:06:26:03:01:DA,-80,MFG_4C000215FDA50693A4E24FB1AFCFC6EB0764782500010002D8,1.5,Yes,mattress,0.0
1948417,ANCHOR_01,52:06:26:03:01:DA,-80,MFG_4C000215FDA50693A4E24FB1AFCFC6EB0764782500010002D8,1.5,Yes,mattress,0.0
1949437,ANCHOR_01,52:06:26:03:01:DA,-83,MFG_4C000215FDA50693A4E24FB1AFCFC6EB0764782500010002D8,1.5,Yes,mattress,0.0
1950427,ANCHOR_01,52:06:26:03:01:DA,-83,MFG_4C000215FDA50693A4E24FB1AFCFC6EB0764782500010002D8,1.5,Yes,mattress,0.0
1951457,ANCHOR_01,52:06:26:03:01:DA,-74,MFG_4C000215FDA50693A4E24FB1AFCFC6EB0764782500010002D8,1.5,Yes,mattress,0.0
1952437,ANCHOR_01,52:06:26:03:01:DA,-75,MFG_4C000215FDA50693A4E24FB1AFCFC6EB0764782500010002D8,1.5,Yes,mattress,0.0
1953467,ANCHOR_01,52:06:26:03:01:DA,-80,MFG_4C000215FDA50693A4E24FB1AFCFC6EB0764782500010002D8,1.5,Yes,mattress,0.0
1955467,ANCHOR_01,52:06:26:03:01:DA,-83,MFG_4C000215FDA50693A4E24FB1AFCFC6EB0764782500010002D8,1.5,Yes,mattress,0.0
1957477,ANCHOR_01,52:06:26:03:01:DA,-74,MFG_4C000215FDA50693A4E24FB1AFCFC6EB0764782500010002D8,1.5,Yes,mattress,0.0
1959487,ANCHOR_01,52:06:26:03:01:DA,-79,MFG_4C000215FDA50693A4E24FB1AFCFC6EB0764782500010002D8,1.5,Yes,mattress,0.0
1960517,ANCHOR_01,52:06:26:03:01:DA,-82,MFG_4C000215FDA50693A4E24FB1AFCFC6EB0764782500010002D8,1.5,Yes,mattress,0.0
1961497,ANCHOR_01,52:06:26:03:01:DA,-84,MFG_4C000215FDA50693A4E24FB1AFCFC6EB0764782500010002D8,1.5,Yes,mattress,0.0
1962517,ANCHOR_01,52:06:26:03:01:DA,-75,MFG_4C000215FDA50693A4E24FB1AFCFC6EB0764782500010002D8,1.5,Yes,mattress,0.0
1963517,ANCHOR_01,52:06:26:03:01:DA,-75,MFG_4C000215FDA50693A4E24FB1AFCFC6EB0764782500010002D8,1.5,Yes,mattress,0.0
1964537,ANCHOR_01,52:06:26:03:01:DA,-80,MFG_4C000215FDA50693A4E24FB1AFCFC6EB0764782500010002D8,1.5,Yes,mattress,0.0
1966547,ANCHOR_01,52:06:26:03:01:DA,-85,MFG_4C000215FDA50693A4E24FB1AFCFC6EB0764782500010002D8,1.5,Yes,mattress,0.0
1968537,ANCHOR_01,52:06:26:03:01:DA,-75,MFG_4C000215FDA50693A4E24FB1AFCFC6EB0764782500010002D8,1.5,Yes,mattress,0.0
1969547,ANCHOR_01,52:06:26:03:01:DA,-75,MFG_4C000215FDA50693A4E24FB1AFCFC6EB0764782500010002D8,1.5,Yes,mattress,0.0
1970567,ANCHOR_01,52:06:26:03:01:DA,-79,MFG_4C000215FDA50693A4E24FB1AFCFC6EB0764782500010002D8,1.5,Yes,mattress,0.0
1971557,ANCHOR_01,52:06:26:03:01:DA,-80,MFG_4C000215FDA50693A4E24FB1AFCFC6EB0764782500010002D8,1.5,Yes,mattress,0.0
1972557,ANCHOR_01,52:06:26:03:01:DA,-85,MFG_4C000215FDA50693A4E24FB1AFCFC6EB0764782500010002D8,1.5,Yes,mattress,0.0
1973567,ANCHOR_01,52:06:26:03:01:DA,-85,MFG_4C000215FDA50693A4E24FB1AFCFC6EB0764782500010002D8,1.5,Yes,mattress,0.0
1975567,ANCHOR_01,52:06:26:03:01:DA,-75,MFG_4C000215FDA50693A4E24FB1AFCFC6EB0764782500010002D8,1.5,Yes,mattress,0.0
1976577,ANCHOR_01,52:06:26:03:01:DA,-80,MFG_4C000215FDA50693A4E24FB1AFCFC6EB0764782500010002D8,1.5,Yes,mattress,0.0
1977587,ANCHOR_01,52:06:26:03:01:DA,-79,MFG_4C000215FDA50693A4E24FB1AFCFC6EB0764782500010002D8,1.5,Yes,mattress,0.0
1978597,ANCHOR_01,52:06:26:03:01:DA,-84,MFG_4C000215FDA50693A4E24FB1AFCFC6EB0764782500010002D8,1.5,Yes,mattress,0.0
1979597,ANCHOR_01,52:06:26:03:01:DA,-83,MFG_4C000215FDA50693A4E24FB1AFCFC6EB0764782500010002D8,1.5,Yes,mattress,0.0
1980617,ANCHOR_01,52:06:26:03:01:DA,-75,MFG_4C000215FDA50693A4E24FB1AFCFC6EB0764782500010002D8,1.5,Yes,mattress,0.0
1981617,ANCHOR_01,52:06:26:03:01:DA,-79,MFG_4C000215FDA50693A4E24FB1AFCFC6EB0764782500010002D8,1.5,Yes,mattress,0.0
1982627,ANCHOR_01,52:06:26:03:01:DA,-79,MFG_4C000215FDA50693A4E24FB1AFCFC6EB0764782500010002D8,1.5,Yes,mattress,0.0
1983637,ANCHOR_01,52:06:26:03:01:DA,-84,MFG_4C000215FDA50693A4E24FB1AFCFC6EB0764782500010002D8,1.5,Yes,mattress,0.0
1984627,ANCHOR_01,52:06:26:03:01:DA,-85,MFG_4C000215FDA50693A4E24FB1AFCFC6EB0764782500010002D8,1.5,Yes,mattress,0.0
1985637,ANCHOR_01,52:06:26:03:01:DA,-75,MFG_4C000215FDA50693A4E24FB1AFCFC6EB0764782500010002D8,1.5,Yes,mattress,0.0
1987657,ANCHOR_01,52:06:26:03:01:DA,-79,MFG_4C000215FDA50693A4E24FB1AFCFC6EB0764782500010002D8,1.5,Yes,mattress,0.0
1988657,ANCHOR_01,52:06:26:03:01:DA,-79,MFG_4C000215FDA50693A4E24FB1AFCFC6EB0764782500010002D8,1.5,Yes,mattress,0.0
1989657,ANCHOR_01,52:06:26:03:01:DA,-84,MFG_4C000215FDA50693A4E24FB1AFCFC6EB0764782500010002D8,1.5,Yes,mattress,0.0
1990657,ANCHOR_01,52:06:26:03:01:DA,-84,MFG_4C000215FDA50693A4E24FB1AFCFC6EB0764782500010002D8,1.5,Yes,mattress,0.0
1991687,ANCHOR_01,52:06:26:03:01:DA,-75,MFG_4C000215FDA50693A4E24FB1AFCFC6EB0764782500010002D8,1.5,Yes,mattress,0.0
1992667,ANCHOR_01,52:06:26:03:01:DA,-74,MFG_4C000215FDA50693A4E24FB1AFCFC6EB0764782500010002D8,1.5,Yes,mattress,0.0
1994687,ANCHOR_01,52:06:26:03:01:DA,-79,MFG_4C000215FDA50693A4E24FB1AFCFC6EB0764782500010002D8,1.5,Yes,mattress,0.0
1995707,ANCHOR_01,52:06:26:03:01:DA,-83,MFG_4C000215FDA50693A4E24FB1AFCFC6EB0764782500010002D8,1.5,Yes,mattress,0.0
1996697,ANCHOR_01,52:06:26:03:01:DA,-83,MFG_4C000215FDA50693A4E24FB1AFCFC6EB0764782500010002D8,1.5,Yes,mattress,0.0
1998707,ANCHOR_01,52:06:26:03:01:DA,-75,MFG_4C000215FDA50693A4E24FB1AFCFC6EB0764782500010002D8,1.5,Yes,mattress,0.0
1999697,ANCHOR_01,52:06:26:03:01:DA,-75,MFG_4C000215FDA50693A4E24FB1AFCFC6EB0764782500010002D8,1.5,Yes,mattress,0.0
2000717,ANCHOR_01,52:06:26:03:01:DA,-80,MFG_4C000215FDA50693A4E24FB1AFCFC6EB0764782500010002D8,1.5,Yes,mattress,0.0
2001707,ANCHOR_01,52:06:26:03:01:DA,-79,MFG_4C000215FDA50693A4E24FB1AFCFC6EB0764782500010002D8,1.5,Yes,mattress,0.0
2002727,ANCHOR_01,52:06:26:03:01:DA,-83,MFG_4C000215FDA50693A4E24FB1AFCFC6EB0764782500010002D8,1.5,Yes,mattress,0.0
2003707,ANCHOR_01,52:06:26:03:01:DA,-85,MFG_4C000215FDA50693A4E24FB1AFCFC6EB0764782500010002D8,1.5,Yes,mattress,0.0
2004717,ANCHOR_01,52:06:26:03:01:DA,-75,MFG_4C000215FDA50693A4E24FB1AFCFC6EB0764782500010002D8,1.5,Yes,mattress,0.0
2005727,ANCHOR_01,52:06:26:03:01:DA,-75,MFG_4C000215FDA50693A4E24FB1AFCFC6EB0764782500010002D8,1.5,Yes,mattress,0.0
2006747,ANCHOR_01,52:06:26:03:01:DA,-80,MFG_4C000215FDA50693A4E24FB1AFCFC6EB0764782500010002D8,1.5,Yes,mattress,0.0
2007737,ANCHOR_01,52:06:26:03:01:DA,-80,MFG_4C000215FDA50693A4E24FB1AFCFC6EB0764782500010002D8,1.5,Yes,mattress,0.0
2010767,ANCHOR_01,52:06:26:03:01:DA,-75,MFG_4C000215FDA50693A4E24FB1AFCFC6EB0764782500010002D8,1.5,Yes,mattress,0.0
2011757,ANCHOR_01,52:06:26:03:01:DA,-75,MFG_4C000215FDA50693A4E24FB1AFCFC6EB0764782500010002D8,1.5,Yes,mattress,0.0
2012767,ANCHOR_01,52:06:26:03:01:DA,-80,MFG_4C000215FDA50693A4E24FB1AFCFC6EB0764782500010002D8,1.5,Yes,mattress,0.0
2013767,ANCHOR_01,52:06:26:03:01:DA,-80,MFG_4C000215FDA50693A4E24FB1AFCFC6EB0764782500010002D8,1.5,Yes,mattress,0.0
2014787,ANCHOR_01,52:06:26:03:01:DA,-84,MFG_4C000215FDA50693A4E24FB1AFCFC6EB0764782500010002D8,1.5,Yes,mattress,0.0
2015777,ANCHOR_01,52:06:26:03:01:DA,-85,MFG_4C000215FDA50693A4E24FB1AFCFC6EB0764782500010002D8,1.5,Yes,mattress,0.0
2016787,ANCHOR_01,52:06:26:03:01:DA,-75,MFG_4C000215FDA50693A4E24FB1AFCFC6EB0764782500010002D8,1.5,Yes,mattress,0.0
2017787,ANCHOR_01,52:06:26:03:01:DA,-75,MFG_4C000215FDA50693A4E24FB1AFCFC6EB0764782500010002D8,1.5,Yes,mattress,0.0
2018797,ANCHOR_01,52:06:26:03:01:DA,-80,MFG_4C000215FDA50693A4E24FB1AFCFC6EB0764782500010002D8,1.5,Yes,mattress,0.0
2019797,ANCHOR_01,52:06:26:03:01:DA,-79,MFG_4C000215FDA50693A4E24FB1AFCFC6EB0764782500010002D8,1.5,Yes,mattress,0.0
2020817,ANCHOR_01,52:06:26:03:01:DA,-84,MFG_4C000215FDA50693A4E24FB1AFCFC6EB0764782500010002D8,1.5,Yes,mattress,0.0
2021807,ANCHOR_01,52:06:26:03:01:DA,-82,MFG_4C000215FDA50693A4E24FB1AFCFC6EB0764782500010002D8,1.5,Yes,mattress,0.0
2022817,ANCHOR_01,52:06:26:03:01:DA,-75,MFG_4C000215FDA50693A4E24FB1AFCFC6EB0764782500010002D8,1.5,Yes,mattress,0.0
2023817,ANCHOR_01,52:06:26:03:01:DA,-75,MFG_4C000215FDA50693A4E24FB1AFCFC6EB0764782500010002D8,1.5,Yes,mattress,0.0
2024837,ANCHOR_01,52:06:26:03:01:DA,-81,MFG_4C000215FDA50693A4E24FB1AFCFC6EB0764782500010002D8,1.5,Yes,mattress,0.0
2025857,ANCHOR_01,52:06:26:03:01:DA,-85,MFG_4C000215FDA50693A4E24FB1AFCFC6EB0764782500010002D8,1.5,Yes,mattress,0.0
2026847,ANCHOR_01,52:06:26:03:01:DA,-83,MFG_4C000215FDA50693A4E24FB1AFCFC6EB0764782500010002D8,1.5,Yes,mattress,0.0
2027867,ANCHOR_01,52:06:26:03:01:DA,-74,MFG_4C000215FDA50693A4E24FB1AFCFC6EB0764782500010002D8,1.5,Yes,mattress,0.0
2028857,ANCHOR_01,52:06:26:03:01:DA,-75,MFG_4C000215FDA50693A4E24FB1AFCFC6EB0764782500010002D8,1.5,Yes,mattress,0.0
2030847,ANCHOR_01,52:06:26:03:01:DA,-80,MFG_4C000215FDA50693A4E24FB1AFCFC6EB0764782500010002D8,1.5,Yes,mattress,0.0
2031857,ANCHOR_01,52:06:26:03:01:DA,-79,MFG_4C000215FDA50693A4E24FB1AFCFC6EB0764782500010002D8,1.5,Yes,mattress,0.0
2032857,ANCHOR_01,52:06:26:03:01:DA,-83,MFG_4C000215FDA50693A4E24FB1AFCFC6EB0764782500010002D8,1.5,Yes,mattress,0.0
2033867,ANCHOR_01,52:06:26:03:01:DA,-85,MFG_4C000215FDA50693A4E24FB1AFCFC6EB0764782500010002D8,1.5,Yes,mattress,0.0
2034877,ANCHOR_01,52:06:26:03:01:DA,-75,MFG_4C000215FDA50693A4E24FB1AFCFC6EB0764782500010002D8,1.5,Yes,mattress,0.0
2035877,ANCHOR_01,52:06:26:03:01:DA,-79,MFG_4C000215FDA50693A4E24FB1AFCFC6EB0764782500010002D8,1.5,Yes,mattress,0.0
2036887,ANCHOR_01,52:06:26:03:01:DA,-80,MFG_4C000215FDA50693A4E24FB1AFCFC6EB0764782500010002D8,1.5,Yes,mattress,0.0
2038897,ANCHOR_01,52:06:26:03:01:DA,-83,MFG_4C000215FDA50693A4E24FB1AFCFC6EB0764782500010002D8,1.5,Yes,mattress,0.0
2039897,ANCHOR_01,52:06:26:03:01:DA,-84,MFG_4C000215FDA50693A4E24FB1AFCFC6EB0764782500010002D8,1.5,Yes,mattress,0.0
2040897,ANCHOR_01,52:06:26:03:01:DA,-74,MFG_4C000215FDA50693A4E24FB1AFCFC6EB0764782500010002D8,1.5,Yes,mattress,0.0
2041897,ANCHOR_01,52:06:26:03:01:DA,-75,MFG_4C000215FDA50693A4E24FB1AFCFC6EB0764782500010002D8,1.5,Yes,mattress,0.0
2043917,ANCHOR_01,52:06:26:03:01:DA,-80,MFG_4C000215FDA50693A4E24FB1AFCFC6EB0764782500010002D8,1.5,Yes,mattress,0.0
2044907,ANCHOR_01,52:06:26:03:01:DA,-79,MFG_4C000215FDA50693A4E24FB1AFCFC6EB0764782500010002D8,1.5,Yes,mattress,0.0
2045927,ANCHOR_01,52:06:26:03:01:DA,-83,MFG_4C000215FDA50693A4E24FB1AFCFC6EB0764782500010002D8,1.5,Yes,mattress,0.0
2047927,ANCHOR_01,52:06:26:03:01:DA,-74,MFG_4C000215FDA50693A4E24FB1AFCFC6EB0764782500010002D8,1.5,Yes,mattress,0.0
2048927,ANCHOR_01,52:06:26:03:01:DA,-75,MFG_4C000215FDA50693A4E24FB1AFCFC6EB0764782500010002D8,1.5,Yes,mattress,0.0
2049937,ANCHOR_01,52:06:26:03:01:DA,-80,MFG_4C000215FDA50693A4E24FB1AFCFC6EB0764782500010002D8,1.5,Yes,mattress,0.0
2050947,ANCHOR_01,52:06:26:03:01:DA,-84,MFG_4C000215FDA50693A4E24FB1AFCFC6EB0764782500010002D8,1.5,Yes,mattress,0.0
2051947,ANCHOR_01,52:06:26:03:01:DA,-82,MFG_4C000215FDA50693A4E24FB1AFCFC6EB0764782500010002D8,1.5,Yes,mattress,0.0
2053967,ANCHOR_01,52:06:26:03:01:DA,-75,MFG_4C000215FDA50693A4E24FB1AFCFC6EB0764782500010002D8,1.5,Yes,mattress,0.0
2054957,ANCHOR_01,52:06:26:03:01:DA,-75,MFG_4C000215FDA50693A4E24FB1AFCFC6EB0764782500010002D8,1.5,Yes,mattress,0.0
2055977,ANCHOR_01,52:06:26:03:01:DA,-79,MFG_4C000215FDA50693A4E24FB1AFCFC6EB0764782500010002D8,1.5,Yes,mattress,0.0
2056967,ANCHOR_01,52:06:26:03:01:DA,-79,MFG_4C000215FDA50693A4E24FB1AFCFC6EB0764782500010002D8,1.5,Yes,mattress,0.0
2057957,ANCHOR_01,52:06:26:03:01:DA,-80,MFG_4C000215FDA50693A4E24FB1AFCFC6EB0764782500010002D8,1.5,Yes,mattress,0.0
2058957,ANCHOR_01,52:06:26:03:01:DA,-84,MFG_4C000215FDA50693A4E24FB1AFCFC6EB0764782500010002D8,1.5,Yes,mattress,0.0
2059967,ANCHOR_01,52:06:26:03:01:DA,-84,MFG_4C000215FDA50693A4E24FB1AFCFC6EB0764782500010002D8,1.5,Yes,mattress,0.0
2060987,ANCHOR_01,52:06:26:03:01:DA,-75,MFG_4C000215FDA50693A4E24FB1AFCFC6EB0764782500010002D8,1.5,Yes,mattress,0.0
2061967,ANCHOR_01,52:06:26:03:01:DA,-75,MFG_4C000215FDA50693A4E24FB1AFCFC6EB0764782500010002D8,1.5,Yes,mattress,0.0
2062997,ANCHOR_01,52:06:26:03:01:DA,-78,MFG_4C000215FDA50693A4E24FB1AFCFC6EB0764782500010002D8,1.5,Yes,mattress,0.0
2063987,ANCHOR_01,52:06:26:03:01:DA,-79,MFG_4C000215FDA50693A4E24FB1AFCFC6EB0764782500010002D8,1.5,Yes,mattress,0.0
2065007,ANCHOR_01,52:06:26:03:01:DA,-82,MFG_4C000215FDA50693A4E24FB1AFCFC6EB0764782500010002D8,1.5,Yes,mattress,0.0
2067017,ANCHOR_01,52:06:26:03:01:DA,-75,MFG_4C000215FDA50693A4E24FB1AFCFC6EB0764782500010002D8,1.5,Yes,mattress,0.0
2067997,ANCHOR_01,52:06:26:03:01:DA,-75,MFG_4C000215FDA50693A4E24FB1AFCFC6EB0764782500010002D8,1.5,Yes,mattress,0.0
2069007,ANCHOR_01,52:06:26:03:01:DA,-79,MFG_4C000215FDA50693A4E24FB1AFCFC6EB0764782500010002D8,1.5,Yes,mattress,0.0
2070007,ANCHOR_01,52:06:26:03:01:DA,-79,MFG_4C000215FDA50693A4E24FB1AFCFC6EB0764782500010002D8,1.5,Yes,mattress,0.0
2071007,ANCHOR_01,52:06:26:03:01:DA,-79,MFG_4C000215FDA50693A4E24FB1AFCFC6EB0764782500010002D8,1.5,Yes,mattress,0.0
2072027,ANCHOR_01,52:06:26:03:01:DA,-82,MFG_4C000215FDA50693A4E24FB1AFCFC6EB0764782500010002D8,1.5,Yes,mattress,0.0
2073037,ANCHOR_01,52:06:26:03:01:DA,-75,MFG_4C000215FDA50693A4E24FB1AFCFC6EB0764782500010002D8,1.5,Yes,mattress,0.0
2074027,ANCHOR_01,52:06:26:03:01:DA,-75,MFG_4C000215FDA50693A4E24FB1AFCFC6EB0764782500010002D8,1.5,Yes,mattress,0.0
2075057,ANCHOR_01,52:06:26:03:01:DA,-80,MFG_4C000215FDA50693A4E24FB1AFCFC6EB0764782500010002D8,1.5,Yes,mattress,0.0
2076047,ANCHOR_01,52:06:26:03:01:DA,-80,MFG_4C000215FDA50693A4E24FB1AFCFC6EB0764782500010002D8,1.5,Yes,mattress,0.0
2077067,ANCHOR_01,52:06:26:03:01:DA,-84,MFG_4C000215FDA50693A4E24FB1AFCFC6EB0764782500010002D8,1.5,Yes,mattress,0.0
2078057,ANCHOR_01,52:06:26:03:01:DA,-85,MFG_4C000215FDA50693A4E24FB1AFCFC6EB0764782500010002D8,1.5,Yes,mattress,0.0
2079077,ANCHOR_01,52:06:26:03:01:DA,-75,MFG_4C000215FDA50693A4E24FB1AFCFC6EB0764782500010002D8,1.5,Yes,mattress,0.0
2081087,ANCHOR_01,52:06:26:03:01:DA,-80,MFG_4C000215FDA50693A4E24FB1AFCFC6EB0764782500010002D8,1.5,Yes,mattress,0.0
2082087,ANCHOR_01,52:06:26:03:01:DA,-82,MFG_4C000215FDA50693A4E24FB1AFCFC6EB0764782500010002D8,1.5,Yes,mattress,0.0
2083097,ANCHOR_01,52:06:26:03:01:DA,-82,MFG_4C000215FDA50693A4E24FB1AFCFC6EB0764782500010002D8,1.5,Yes,mattress,0.0
2085087,ANCHOR_01,52:06:26:03:01:DA,-74,MFG_4C000215FDA50693A4E24FB1AFCFC6EB0764782500010002D8,1.5,Yes,mattress,0.0
2086127,ANCHOR_01,52:06:26:03:01:DA,-80,MFG_4C000215FDA50693A4E24FB1AFCFC6EB0764782500010002D8,1.5,Yes,mattress,0.0
2087107,ANCHOR_01,52:06:26:03:01:DA,-79,MFG_4C000215FDA50693A4E24FB1AFCFC6EB0764782500010002D8,1.5,Yes,mattress,0.0
2088127,ANCHOR_01,52:06:26:03:01:DA,-83,MFG_4C000215FDA50693A4E24FB1AFCFC6EB0764782500010002D8,1.5,Yes,mattress,0.0
2089117,ANCHOR_01,52:06:26:03:01:DA,-83,MFG_4C000215FDA50693A4E24FB1AFCFC6EB0764782500010002D8,1.5,Yes,mattress,0.0
2090137,ANCHOR_01,52:06:26:03:01:DA,-75,MFG_4C000215FDA50693A4E24FB1AFCFC6EB0764782500010002D8,1.5,Yes,mattress,0.0
2091137,ANCHOR_01,52:06:26:03:01:DA,-75,MFG_4C000215FDA50693A4E24FB1AFCFC6EB0764782500010002D8,1.5,Yes,mattress,0.0
2092137,ANCHOR_01,52:06:26:03:01:DA,-80,MFG_4C000215FDA50693A4E24FB1AFCFC6EB0764782500010002D8,1.5,Yes,mattress,0.0
2093147,ANCHOR_01,52:06:26:03:01:DA,-80,MFG_4C000215FDA50693A4E24FB1AFCFC6EB0764782500010002D8,1.5,Yes,mattress,0.0
2094147,ANCHOR_01,52:06:26:03:01:DA,-85,MFG_4C000215FDA50693A4E24FB1AFCFC6EB0764782500010002D8,1.5,Yes,mattress,0.0
2095147,ANCHOR_01,52:06:26:03:01:DA,-83,MFG_4C000215FDA50693A4E24FB1AFCFC6EB0764782500010002D8,1.5,Yes,mattress,0.0
2096167,ANCHOR_01,52:06:26:03:01:DA,-75,MFG_4C000215FDA50693A4E24FB1AFCFC6EB0764782500010002D8,1.5,Yes,mattress,0.0
2097157,ANCHOR_01,52:06:26:03:01:DA,-75,MFG_4C000215FDA50693A4E24FB1AFCFC6EB0764782500010002D8,1.5,Yes,mattress,0.0
2098187,ANCHOR_01,52:06:26:03:01:DA,-80,MFG_4C000215FDA50693A4E24FB1AFCFC6EB0764782500010002D8,1.5,Yes,mattress,0.0
2100197,ANCHOR_01,52:06:26:03:01:DA,-84,MFG_4C000215FDA50693A4E24FB1AFCFC6EB0764782500010002D8,1.5,Yes,mattress,0.0
2101177,ANCHOR_01,52:06:26:03:01:DA,-83,MFG_4C000215FDA50693A4E24FB1AFCFC6EB0764782500010002D8,1.5,Yes,mattress,0.0
2103187,ANCHOR_01,52:06:26:03:01:DA,-75,MFG_4C000215FDA50693A4E24FB1AFCFC6EB0764782500010002D8,1.5,Yes,mattress,0.0
2104217,ANCHOR_01,52:06:26:03:01:DA,-80,MFG_4C000215FDA50693A4E24FB1AFCFC6EB0764782500010002D8,1.5,Yes,mattress,0.0
2105197,ANCHOR_01,52:06:26:03:01:DA,-80,MFG_4C000215FDA50693A4E24FB1AFCFC6EB0764782500010002D8,1.5,Yes,mattress,0.0
2106207,ANCHOR_01,52:06:26:03:01:DA,-82,MFG_4C000215FDA50693A4E24FB1AFCFC6EB0764782500010002D8,1.5,Yes,mattress,0.0
2107217,ANCHOR_01,52:06:26:03:01:DA,-84,MFG_4C000215FDA50693A4E24FB1AFCFC6EB0764782500010002D8,1.5,Yes,mattress,0.0
2108237,ANCHOR_01,52:06:26:03:01:DA,-75,MFG_4C000215FDA50693A4E24FB1AFCFC6EB0764782500010002D8,1.5,Yes,mattress,0.0
2109217,ANCHOR_01,52:06:26:03:01:DA,-75,MFG_4C000215FDA50693A4E24FB1AFCFC6EB0764782500010002D8,1.5,Yes,mattress,0.0
2110247,ANCHOR_01,52:06:26:03:01:DA,-79,MFG_4C000215FDA50693A4E24FB1AFCFC6EB0764782500010002D8,1.5,Yes,mattress,0.0
2111227,ANCHOR_01,52:06:26:03:01:DA,-80,MFG_4C000215FDA50693A4E24FB1AFCFC6EB0764782500010002D8,1.5,Yes,mattress,0.0
2112237,ANCHOR_01,52:06:26:03:01:DA,-82,MFG_4C000215FDA50693A4E24FB1AFCFC6EB0764782500010002D8,1.5,Yes,mattress,0.0
2113247,ANCHOR_01,52:06:26:03:01:DA,-84,MFG_4C000215FDA50693A4E24FB1AFCFC6EB0764782500010002D8,1.5,Yes,mattress,0.0
2114247,ANCHOR_01,52:06:26:03:01:DA,-75,MFG_4C000215FDA50693A4E24FB1AFCFC6EB0764782500010002D8,1.5,Yes,mattress,0.0
2115257,ANCHOR_01,52:06:26:03:01:DA,-74,MFG_4C000215FDA50693A4E24FB1AFCFC6EB0764782500010002D8,1.5,Yes,mattress,0.0
2116257,ANCHOR_01,52:06:26:03:01:DA,-80,MFG_4C000215FDA50693A4E24FB1AFCFC6EB0764782500010002D8,1.5,Yes,mattress,0.0
2117267,ANCHOR_01,52:06:26:03:01:DA,-80,MFG_4C000215FDA50693A4E24FB1AFCFC6EB0764782500010002D8,1.5,Yes,mattress,0.0
2118287,ANCHOR_01,52:06:26:03:01:DA,-86,MFG_4C000215FDA50693A4E24FB1AFCFC6EB0764782500010002D8,1.5,Yes,mattress,0.0
2119277,ANCHOR_01,52:06:26:03:01:DA,-82,MFG_4C000215FDA50693A4E24FB1AFCFC6EB0764782500010002D8,1.5,Yes,mattress,0.0
2120277,ANCHOR_01,52:06:26:03:01:DA,-75,MFG_4C000215FDA50693A4E24FB1AFCFC6EB0764782500010002D8,1.5,Yes,mattress,0.0
2121287,ANCHOR_01,52:06:26:03:01:DA,-75,MFG_4C000215FDA50693A4E24FB1AFCFC6EB0764782500010002D8,1.5,Yes,mattress,0.0
2123287,ANCHOR_01,52:06:26:03:01:DA,-79,MFG_4C000215FDA50693A4E24FB1AFCFC6EB0764782500010002D8,1.5,Yes,mattress,0.0
2124297,ANCHOR_01,52:06:26:03:01:DA,-83,MFG_4C000215FDA50693A4E24FB1AFCFC6EB0764782500010002D8,1.5,Yes,mattress,0.0
2125307,ANCHOR_01,52:06:26:03:01:DA,-85,MFG_4C000215FDA50693A4E24FB1AFCFC6EB0764782500010002D8,1.5,Yes,mattress,0.0
2126327,ANCHOR_01,52:06:26:03:01:DA,-75,MFG_4C000215FDA50693A4E24FB1AFCFC6EB0764782500010002D8,1.5,Yes,mattress,0.0
2127317,ANCHOR_01,52:06:26:03:01:DA,-75,MFG_4C000215FDA50693A4E24FB1AFCFC6EB0764782500010002D8,1.5,Yes,mattress,0.0
2128327,ANCHOR_01,52:06:26:03:01:DA,-80,MFG_4C000215FDA50693A4E24FB1AFCFC6EB0764782500010002D8,1.5,Yes,mattress,0.0
2129327,ANCHOR_01,52:06:26:03:01:DA,-80,MFG_4C000215FDA50693A4E24FB1AFCFC6EB0764782500010002D8,1.5,Yes,mattress,0.0
2130327,ANCHOR_01,52:06:26:03:01:DA,-83,MFG_4C000215FDA50693A4E24FB1AFCFC6EB0764782500010002D8,1.5,Yes,mattress,0.0
2131337,ANCHOR_01,52:06:26:03:01:DA,-83,MFG_4C000215FDA50693A4E24FB1AFCFC6EB0764782500010002D8,1.5,Yes,mattress,0.0
2132357,ANCHOR_01,52:06:26:03:01:DA,-74,MFG_4C000215FDA50693A4E24FB1AFCFC6EB0764782500010002D8,1.5,Yes,mattress,0.0
2134367,ANCHOR_01,52:06:26:03:01:DA,-80,MFG_4C000215FDA50693A4E24FB1AFCFC6EB0764782500010002D8,1.5,Yes,mattress,0.0
2135357,ANCHOR_01,52:06:26:03:01:DA,-80,MFG_4C000215FDA50693A4E24FB1AFCFC6EB0764782500010002D8,1.5,Yes,mattress,0.0
2136367,ANCHOR_01,52:06:26:03:01:DA,-84,MFG_4C000215FDA50693A4E24FB1AFCFC6EB0764782500010002D8,1.5,Yes,mattress,0.0
2138387,ANCHOR_01,52:06:26:03:01:DA,-75,MFG_4C000215FDA50693A4E24FB1AFCFC6EB0764782500010002D8,1.5,Yes,mattress,0.0
2139397,ANCHOR_01,52:06:26:03:01:DA,-80,MFG_4C000215FDA50693A4E24FB1AFCFC6EB0764782500010002D8,1.5,Yes,mattress,0.0
2140387,ANCHOR_01,52:06:26:03:01:DA,-79,MFG_4C000215FDA50693A4E24FB1AFCFC6EB0764782500010002D8,1.5,Yes,mattress,0.0
2141407,ANCHOR_01,52:06:26:03:01:DA,-85,MFG_4C000215FDA50693A4E24FB1AFCFC6EB0764782500010002D8,1.5,Yes,mattress,0.0
2142407,ANCHOR_01,52:06:26:03:01:DA,-83,MFG_4C000215FDA50693A4E24FB1AFCFC6EB0764782500010002D8,1.5,Yes,mattress,0.0
2143427,ANCHOR_01,52:06:26:03:01:DA,-74,MFG_4C000215FDA50693A4E24FB1AFCFC6EB0764782500010002D8,1.5,Yes,mattress,0.0
2144417,ANCHOR_01,52:06:26:03:01:DA,-75,MFG_4C000215FDA50693A4E24FB1AFCFC6EB0764782500010002D8,1.5,Yes,mattress,0.0
2145437,ANCHOR_01,52:06:26:03:01:DA,-80,MFG_4C000215FDA50693A4E24FB1AFCFC6EB0764782500010002D8,1.5,Yes,mattress,0.0
2146427,ANCHOR_01,52:06:26:03:01:DA,-80,MFG_4C000215FDA50693A4E24FB1AFCFC6EB0764782500010002D8,1.5,Yes,mattress,0.0
2148437,ANCHOR_01,52:06:26:03:01:DA,-86,MFG_4C000215FDA50693A4E24FB1AFCFC6EB0764782500010002D8,1.5,Yes,mattress,0.0
2149427,ANCHOR_01,52:06:26:03:01:DA,-82,MFG_4C000215FDA50693A4E24FB1AFCFC6EB0764782500010002D8,1.5,Yes,mattress,0.0
2150447,ANCHOR_01,52:06:26:03:01:DA,-74,MFG_4C000215FDA50693A4E24FB1AFCFC6EB0764782500010002D8,1.5,Yes,mattress,0.0
2151427,ANCHOR_01,52:06:26:03:01:DA,-75,MFG_4C000215FDA50693A4E24FB1AFCFC6EB0764782500010002D8,1.5,Yes,mattress,0.0
2152457,ANCHOR_01,52:06:26:03:01:DA,-80,MFG_4C000215FDA50693A4E24FB1AFCFC6EB0764782500010002D8,1.5,Yes,mattress,0.0
2153447,ANCHOR_01,52:06:26:03:01:DA,-79,MFG_4C000215FDA50693A4E24FB1AFCFC6EB0764782500010002D8,1.5,Yes,mattress,0.0
2154467,ANCHOR_01,52:06:26:03:01:DA,-83,MFG_4C000215FDA50693A4E24FB1AFCFC6EB0764782500010002D8,1.5,Yes,mattress,0.0
2155457,ANCHOR_01,52:06:26:03:01:DA,-85,MFG_4C000215FDA50693A4E24FB1AFCFC6EB0764782500010002D8,1.5,Yes,mattress,0.0
2156477,ANCHOR_01,52:06:26:03:01:DA,-75,MFG_4C000215FDA50693A4E24FB1AFCFC6EB0764782500010002D8,1.5,Yes,mattress,0.0
2158467,ANCHOR_01,52:06:26:03:01:DA,-79,MFG_4C000215FDA50693A4E24FB1AFCFC6EB0764782500010002D8,1.5,Yes,mattress,0.0
2162497,ANCHOR_01,52:06:26:03:01:DA,-75,MFG_4C000215FDA50693A4E24FB1AFCFC6EB0764782500010002D8,1.5,Yes,mattress,0.0
2163507,ANCHOR_01,52:06:26:03:01:DA,-79,MFG_4C000215FDA50693A4E24FB1AFCFC6EB0764782500010002D8,1.5,Yes,mattress,0.0
2164507,ANCHOR_01,52:06:26:03:01:DA,-80,MFG_4C000215FDA50693A4E24FB1AFCFC6EB0764782500010002D8,1.5,Yes,mattress,0.0
2165537,ANCHOR_01,52:06:26:03:01:DA,-84,MFG_4C000215FDA50693A4E24FB1AFCFC6EB0764782500010002D8,1.5,Yes,mattress,0.0
2166527,ANCHOR_01,52:06:26:03:01:DA,-85,MFG_4C000215FDA50693A4E24FB1AFCFC6EB0764782500010002D8,1.5,Yes,mattress,0.0
2168537,ANCHOR_01,52:06:26:03:01:DA,-75,MFG_4C000215FDA50693A4E24FB1AFCFC6EB0764782500010002D8,1.5,Yes,mattress,0.0
2169527,ANCHOR_01,52:06:26:03:01:DA,-75,MFG_4C000215FDA50693A4E24FB1AFCFC6EB0764782500010002D8,1.5,Yes,mattress,0.0
2170547,ANCHOR_01,52:06:26:03:01:DA,-79,MFG_4C000215FDA50693A4E24FB1AFCFC6EB0764782500010002D8,1.5,Yes,mattress,0.0
2171537,ANCHOR_01,52:06:26:03:01:DA,-80,MFG_4C000215FDA50693A4E24FB1AFCFC6EB0764782500010002D8,1.5,Yes,mattress,0.0
2172557,ANCHOR_01,52:06:26:03:01:DA,-84,MFG_4C000215FDA50693A4E24FB1AFCFC6EB0764782500010002D8,1.5,Yes,mattress,0.0
2173547,ANCHOR_01,52:06:26:03:01:DA,-85,MFG_4C000215FDA50693A4E24FB1AFCFC6EB0764782500010002D8,1.5,Yes,mattress,0.0
2174567,ANCHOR_01,52:06:26:03:01:DA,-75,MFG_4C000215FDA50693A4E24FB1AFCFC6EB0764782500010002D8,1.5,Yes,mattress,0.0
2175557,ANCHOR_01,52:06:26:03:01:DA,-75,MFG_4C000215FDA50693A4E24FB1AFCFC6EB0764782500010002D8,1.5,Yes,mattress,0.0
2176557,ANCHOR_01,52:06:26:03:01:DA,-79,MFG_4C000215FDA50693A4E24FB1AFCFC6EB0764782500010002D8,1.5,Yes,mattress,0.0
2177567,ANCHOR_01,52:06:26:03:01:DA,-80,MFG_4C000215FDA50693A4E24FB1AFCFC6EB0764782500010002D8,1.5,Yes,mattress,0.0
2178587,ANCHOR_01,52:06:26:03:01:DA,-85,MFG_4C000215FDA50693A4E24FB1AFCFC6EB0764782500010002D8,1.5,Yes,mattress,0.0
2179567,ANCHOR_01,52:06:26:03:01:DA,-85,MFG_4C000215FDA50693A4E24FB1AFCFC6EB0764782500010002D8,1.5,Yes,mattress,0.0
2180597,ANCHOR_01,52:06:26:03:01:DA,-75,MFG_4C000215FDA50693A4E24FB1AFCFC6EB0764782500010002D8,1.5,Yes,mattress,0.0
2181587,ANCHOR_01,52:06:26:03:01:DA,-75,MFG_4C000215FDA50693A4E24FB1AFCFC6EB0764782500010002D8,1.5,Yes,mattress,0.0
2182587,ANCHOR_01,52:06:26:03:01:DA,-79,MFG_4C000215FDA50693A4E24FB1AFCFC6EB0764782500010002D8,1.5,Yes,mattress,0.0
2183597,ANCHOR_01,52:06:26:03:01:DA,-79,MFG_4C000215FDA50693A4E24FB1AFCFC6EB0764782500010002D8,1.5,Yes,mattress,0.0
2184617,ANCHOR_01,52:06:26:03:01:DA,-85,MFG_4C000215FDA50693A4E24FB1AFCFC6EB0764782500010002D8,1.5,Yes,mattress,0.0
2185607,ANCHOR_01,52:06:26:03:01:DA,-83,MFG_4C000215FDA50693A4E24FB1AFCFC6EB0764782500010002D8,1.5,Yes,mattress,0.0
2186617,ANCHOR_01,52:06:26:03:01:DA,-75,MFG_4C000215FDA50693A4E24FB1AFCFC6EB0764782500010002D8,1.5,Yes,mattress,0.0
2187617,ANCHOR_01,52:06:26:03:01:DA,-75,MFG_4C000215FDA50693A4E24FB1AFCFC6EB0764782500010002D8,1.5,Yes,mattress,0.0
2188637,ANCHOR_01,52:06:26:03:01:DA,-80,MFG_4C000215FDA50693A4E24FB1AFCFC6EB0764782500010002D8,1.5,Yes,mattress,0.0
2189627,ANCHOR_01,52:06:26:03:01:DA,-80,MFG_4C000215FDA50693A4E24FB1AFCFC6EB0764782500010002D8,1.5,Yes,mattress,0.0
2190637,ANCHOR_01,52:06:26:03:01:DA,-86,MFG_4C000215FDA50693A4E24FB1AFCFC6EB0764782500010002D8,1.5,Yes,mattress,0.0
2192637,ANCHOR_01,52:06:26:03:01:DA,-75,MFG_4C000215FDA50693A4E24FB1AFCFC6EB0764782500010002D8,1.5,Yes,mattress,0.0
2194647,ANCHOR_01,52:06:26:03:01:DA,-80,MFG_4C000215FDA50693A4E24FB1AFCFC6EB0764782500010002D8,1.5,Yes,mattress,0.0
2196667,ANCHOR_01,52:06:26:03:01:DA,-84,MFG_4C000215FDA50693A4E24FB1AFCFC6EB0764782500010002D8,1.5,Yes,mattress,0.0
2198687,ANCHOR_01,52:06:26:03:01:DA,-74,MFG_4C000215FDA50693A4E24FB1AFCFC6EB0764782500010002D8,1.5,Yes,mattress,0.0
2199677,ANCHOR_01,52:06:26:03:01:DA,-75,MFG_4C000215FDA50693A4E24FB1AFCFC6EB0764782500010002D8,1.5,Yes,mattress,0.0
2200697,ANCHOR_01,52:06:26:03:01:DA,-80,MFG_4C000215FDA50693A4E24FB1AFCFC6EB0764782500010002D8,1.5,Yes,mattress,0.0
2201687,ANCHOR_01,52:06:26:03:01:DA,-80,MFG_4C000215FDA50693A4E24FB1AFCFC6EB0764782500010002D8,1.5,Yes,mattress,0.0
2202707,ANCHOR_01,52:06:26:03:01:DA,-85,MFG_4C000215FDA50693A4E24FB1AFCFC6EB0764782500010002D8,1.5,Yes,mattress,0.0
2203697,ANCHOR_01,52:06:26:03:01:DA,-85,MFG_4C000215FDA50693A4E24FB1AFCFC6EB0764782500010002D8,1.5,Yes,mattress,0.0
2204707,ANCHOR_01,52:06:26:03:01:DA,-75,MFG_4C000215FDA50693A4E24FB1AFCFC6EB0764782500010002D8,1.5,Yes,mattress,0.0
2205707,ANCHOR_01,52:06:26:03:01:DA,-75,MFG_4C000215FDA50693A4E24FB1AFCFC6EB0764782500010002D8,1.5,Yes,mattress,0.0
2206717,ANCHOR_01,52:06:26:03:01:DA,-80,MFG_4C000215FDA50693A4E24FB1AFCFC6EB0764782500010002D8,1.5,Yes,mattress,0.0
2207717,ANCHOR_01,52:06:26:03:01:DA,-80,MFG_4C000215FDA50693A4E24FB1AFCFC6EB0764782500010002D8,1.5,Yes,mattress,0.0
2209727,ANCHOR_01,52:06:26:03:01:DA,-83,MFG_4C000215FDA50693A4E24FB1AFCFC6EB0764782500010002D8,1.5,Yes,mattress,0.0
2210737,ANCHOR_01,52:06:26:03:01:DA,-75,MFG_4C000215FDA50693A4E24FB1AFCFC6EB0764782500010002D8,1.5,Yes,mattress,0.0
2211727,ANCHOR_01,52:06:26:03:01:DA,-75,MFG_4C000215FDA50693A4E24FB1AFCFC6EB0764782500010002D8,1.5,Yes,mattress,0.0
2212727,ANCHOR_01,52:06:26:03:01:DA,-75,MFG_4C000215FDA50693A4E24FB1AFCFC6EB0764782500010002D8,1.5,Yes,mattress,0.0
2213737,ANCHOR_01,52:06:26:03:01:DA,-79,MFG_4C000215FDA50693A4E24FB1AFCFC6EB0764782500010002D8,1.5,Yes,mattress,0.0
2215737,ANCHOR_01,52:06:26:03:01:DA,-86,MFG_4C000215FDA50693A4E24FB1AFCFC6EB0764782500010002D8,1.5,Yes,mattress,0.0
2217747,ANCHOR_01,52:06:26:03:01:DA,-75,MFG_4C000215FDA50693A4E24FB1AFCFC6EB0764782500010002D8,1.5,Yes,mattress,0.0
2218747,ANCHOR_01,52:06:26:03:01:DA,-75,MFG_4C000215FDA50693A4E24FB1AFCFC6EB0764782500010002D8,1.5,Yes,mattress,0.0
2219757,ANCHOR_01,52:06:26:03:01:DA,-79,MFG_4C000215FDA50693A4E24FB1AFCFC6EB0764782500010002D8,1.5,Yes,mattress,0.0
2220757,ANCHOR_01,52:06:26:03:01:DA,-78,MFG_4C000215FDA50693A4E24FB1AFCFC6EB0764782500010002D8,1.5,Yes,mattress,0.0
2221787,ANCHOR_01,52:06:26:03:01:DA,-86,MFG_4C000215FDA50693A4E24FB1AFCFC6EB0764782500010002D8,1.5,Yes,mattress,0.0
2223797,ANCHOR_01,52:06:26:03:01:DA,-75,MFG_4C000215FDA50693A4E24FB1AFCFC6EB0764782500010002D8,1.5,Yes,mattress,0.0
2224787,ANCHOR_01,52:06:26:03:01:DA,-75,MFG_4C000215FDA50693A4E24FB1AFCFC6EB0764782500010002D8,1.5,Yes,mattress,0.0
2225807,ANCHOR_01,52:06:26:03:01:DA,-80,MFG_4C000215FDA50693A4E24FB1AFCFC6EB0764782500010002D8,1.5,Yes,mattress,0.0
2226797,ANCHOR_01,52:06:26:03:01:DA,-80,MFG_4C000215FDA50693A4E24FB1AFCFC6EB0764782500010002D8,1.5,Yes,mattress,0.0
2227817,ANCHOR_01,52:06:26:03:01:DA,-86,MFG_4C000215FDA50693A4E24FB1AFCFC6EB0764782500010002D8,1.5,Yes,mattress,0.0
2229827,ANCHOR_01,52:06:26:03:01:DA,-75,MFG_4C000215FDA50693A4E24FB1AFCFC6EB0764782500010002D8,1.5,Yes,mattress,0.0
2230817,ANCHOR_01,52:06:26:03:01:DA,-75,MFG_4C000215FDA50693A4E24FB1AFCFC6EB0764782500010002D8,1.5,Yes,mattress,0.0
2231837,ANCHOR_01,52:06:26:03:01:DA,-80,MFG_4C000215FDA50693A4E24FB1AFCFC6EB0764782500010002D8,1.5,Yes,mattress,0.0
2232837,ANCHOR_01,52:06:26:03:01:DA,-83,MFG_4C000215FDA50693A4E24FB1AFCFC6EB0764782500010002D8,1.5,Yes,mattress,0.0
2233837,ANCHOR_01,52:06:26:03:01:DA,-84,MFG_4C000215FDA50693A4E24FB1AFCFC6EB0764782500010002D8,1.5,Yes,mattress,0.0
2234867,ANCHOR_01,52:06:26:03:01:DA,-75,MFG_4C000215FDA50693A4E24FB1AFCFC6EB0764782500010002D8,1.5,Yes,mattress,0.0
2235847,ANCHOR_01,52:06:26:03:01:DA,-75,MFG_4C000215FDA50693A4E24FB1AFCFC6EB0764782500010002D8,1.5,Yes,mattress,0.0
2236857,ANCHOR_01,52:06:26:03:01:DA,-79,MFG_4C000215FDA50693A4E24FB1AFCFC6EB0764782500010002D8,1.5,Yes,mattress,0.0
2237867,ANCHOR_01,52:06:26:03:01:DA,-80,MFG_4C000215FDA50693A4E24FB1AFCFC6EB0764782500010002D8,1.5,Yes,mattress,0.0
2238877,ANCHOR_01,52:06:26:03:01:DA,-83,MFG_4C000215FDA50693A4E24FB1AFCFC6EB0764782500010002D8,1.5,Yes,mattress,0.0
2239867,ANCHOR_01,52:06:26:03:01:DA,-85,MFG_4C000215FDA50693A4E24FB1AFCFC6EB0764782500010002D8,1.5,Yes,mattress,0.0
2241867,ANCHOR_01,52:06:26:03:01:DA,-75,MFG_4C000215FDA50693A4E24FB1AFCFC6EB0764782500010002D8,1.5,Yes,mattress,0.0
2242877,ANCHOR_01,52:06:26:03:01:DA,-75,MFG_4C000215FDA50693A4E24FB1AFCFC6EB0764782500010002D8,1.5,Yes,mattress,0.0
2243897,ANCHOR_01,52:06:26:03:01:DA,-80,MFG_4C000215FDA50693A4E24FB1AFCFC6EB0764782500010002D8,1.5,Yes,mattress,0.0
2245907,ANCHOR_01,52:06:26:03:01:DA,-86,MFG_4C000215FDA50693A4E24FB1AFCFC6EB0764782500010002D8,1.5,Yes,mattress,0.0
2246897,ANCHOR_01,52:06:26:03:01:DA,-85,MFG_4C000215FDA50693A4E24FB1AFCFC6EB0764782500010002D8,1.5,Yes,mattress,0.0
2247897,ANCHOR_01,52:06:26:03:01:DA,-75,MFG_4C000215FDA50693A4E24FB1AFCFC6EB0764782500010002D8,1.5,Yes,mattress,0.0
2248897,ANCHOR_01,52:06:26:03:01:DA,-75,MFG_4C000215FDA50693A4E24FB1AFCFC6EB0764782500010002D8,1.5,Yes,mattress,0.0
2249907,ANCHOR_01,52:06:26:03:01:DA,-79,MFG_4C000215FDA50693A4E24FB1AFCFC6EB0764782500010002D8,1.5,Yes,mattress,0.0
2250907,ANCHOR_01,52:06:26:03:01:DA,-79,MFG_4C000215FDA50693A4E24FB1AFCFC6EB0764782500010002D8,1.5,Yes,mattress,0.0
2251937,ANCHOR_01,52:06:26:03:01:DA,-85,MFG_4C000215FDA50693A4E24FB1AFCFC6EB0764782500010002D8,1.5,Yes,mattress,0.0
2252927,ANCHOR_01,52:06:26:03:01:DA,-86,MFG_4C000215FDA50693A4E24FB1AFCFC6EB0764782500010002D8,1.5,Yes,mattress,0.0
2253947,ANCHOR_01,52:06:26:03:01:DA,-75,MFG_4C000215FDA50693A4E24FB1AFCFC6EB0764782500010002D8,1.5,Yes,mattress,0.0
2254927,ANCHOR_01,52:06:26:03:01:DA,-75,MFG_4C000215FDA50693A4E24FB1AFCFC6EB0764782500010002D8,1.5,Yes,mattress,0.0
2255957,ANCHOR_01,52:06:26:03:01:DA,-79,MFG_4C000215FDA50693A4E24FB1AFCFC6EB0764782500010002D8,1.5,Yes,mattress,0.0
2256947,ANCHOR_01,52:06:26:03:01:DA,-79,MFG_4C000215FDA50693A4E24FB1AFCFC6EB0764782500010002D8,1.5,Yes,mattress,0.0
2257957,ANCHOR_01,52:06:26:03:01:DA,-85,MFG_4C000215FDA50693A4E24FB1AFCFC6EB0764782500010002D8,1.5,Yes,mattress,0.0
2259967,ANCHOR_01,52:06:26:03:01:DA,-75,MFG_4C000215FDA50693A4E24FB1AFCFC6EB0764782500010002D8,1.5,Yes,mattress,0.0
2260997,ANCHOR_01,52:06:26:03:01:DA,-79,MFG_4C000215FDA50693A4E24FB1AFCFC6EB0764782500010002D8,1.5,Yes,mattress,0.0
2261987,ANCHOR_01,52:06:26:03:01:DA,-78,MFG_4C000215FDA50693A4E24FB1AFCFC6EB0764782500010002D8,1.5,Yes,mattress,0.0
2262987,ANCHOR_01,52:06:26:03:01:DA,-84,MFG_4C000215FDA50693A4E24FB1AFCFC6EB0764782500010002D8,1.5,Yes,mattress,0.0
2263997,ANCHOR_01,52:06:26:03:01:DA,-83,MFG_4C000215FDA50693A4E24FB1AFCFC6EB0764782500010002D8,1.5,Yes,mattress,0.0
2265017,ANCHOR_01,52:06:26:03:01:DA,-75,MFG_4C000215FDA50693A4E24FB1AFCFC6EB0764782500010002D8,1.5,Yes,mattress,0.0
2266007,ANCHOR_01,52:06:26:03:01:DA,-75,MFG_4C000215FDA50693A4E24FB1AFCFC6EB0764782500010002D8,1.5,Yes,mattress,0.0
2267027,ANCHOR_01,52:06:26:03:01:DA,-79,MFG_4C000215FDA50693A4E24FB1AFCFC6EB0764782500010002D8,1.5,Yes,mattress,0.0
2268007,ANCHOR_01,52:06:26:03:01:DA,-80,MFG_4C000215FDA50693A4E24FB1AFCFC6EB0764782500010002D8,1.5,Yes,mattress,0.0
2269027,ANCHOR_01,52:06:26:03:01:DA,-84,MFG_4C000215FDA50693A4E24FB1AFCFC6EB0764782500010002D8,1.5,Yes,mattress,0.0
2270027,ANCHOR_01,52:06:26:03:01:DA,-85,MFG_4C000215FDA50693A4E24FB1AFCFC6EB0764782500010002D8,1.5,Yes,mattress,0.0
2271017,ANCHOR_01,52:06:26:03:01:DA,-84,MFG_4C000215FDA50693A4E24FB1AFCFC6EB0764782500010002D8,1.5,Yes,mattress,0.0
2272017,ANCHOR_01,52:06:26:03:01:DA,-75,MFG_4C000215FDA50693A4E24FB1AFCFC6EB0764782500010002D8,1.5,Yes,mattress,0.0
2273017,ANCHOR_01,52:06:26:03:01:DA,-75,MFG_4C000215FDA50693A4E24FB1AFCFC6EB0764782500010002D8,1.5,Yes,mattress,0.0
2274037,ANCHOR_01,52:06:26:03:01:DA,-80,MFG_4C000215FDA50693A4E24FB1AFCFC6EB0764782500010002D8,1.5,Yes,mattress,0.0
2276057,ANCHOR_01,52:06:26:03:01:DA,-83,MFG_4C000215FDA50693A4E24FB1AFCFC6EB0764782500010002D8,1.5,Yes,mattress,0.0
2277047,ANCHOR_01,52:06:26:03:01:DA,-83,MFG_4C000215FDA50693A4E24FB1AFCFC6EB0764782500010002D8,1.5,Yes,mattress,0.0
2278067,ANCHOR_01,52:06:26:03:01:DA,-75,MFG_4C000215FDA50693A4E24FB1AFCFC6EB0764782500010002D8,1.5,Yes,mattress,0.0
2279057,ANCHOR_01,52:06:26:03:01:DA,-75,MFG_4C000215FDA50693A4E24FB1AFCFC6EB0764782500010002D8,1.5,Yes,mattress,0.0
2280077,ANCHOR_01,52:06:26:03:01:DA,-80,MFG_4C000215FDA50693A4E24FB1AFCFC6EB0764782500010002D8,1.5,Yes,mattress,0.0
2282077,ANCHOR_01,52:06:26:03:01:DA,-84,MFG_4C000215FDA50693A4E24FB1AFCFC6EB0764782500010002D8,1.5,Yes,mattress,0.0
2284097,ANCHOR_01,52:06:26:03:01:DA,-75,MFG_4C000215FDA50693A4E24FB1AFCFC6EB0764782500010002D8,1.5,Yes,mattress,0.0
2286107,ANCHOR_01,52:06:26:03:01:DA,-79,MFG_4C000215FDA50693A4E24FB1AFCFC6EB0764782500010002D8,1.5,Yes,mattress,0.0
2287127,ANCHOR_01,52:06:26:03:01:DA,-86,MFG_4C000215FDA50693A4E24FB1AFCFC6EB0764782500010002D8,1.5,Yes,mattress,0.0
2288117,ANCHOR_01,52:06:26:03:01:DA,-85,MFG_4C000215FDA50693A4E24FB1AFCFC6EB0764782500010002D8,1.5,Yes,mattress,0.0
2289137,ANCHOR_01,52:06:26:03:01:DA,-75,MFG_4C000215FDA50693A4E24FB1AFCFC6EB0764782500010002D8,1.5,Yes,mattress,0.0
2291147,ANCHOR_01,52:06:26:03:01:DA,-79,MFG_4C000215FDA50693A4E24FB1AFCFC6EB0764782500010002D8,1.5,Yes,mattress,0.0
2292147,ANCHOR_01,52:06:26:03:01:DA,-82,MFG_4C000215FDA50693A4E24FB1AFCFC6EB0764782500010002D8,1.5,Yes,mattress,0.0
2293147,ANCHOR_01,52:06:26:03:01:DA,-82,MFG_4C000215FDA50693A4E24FB1AFCFC6EB0764782500010002D8,1.5,Yes,mattress,0.0
2294177,ANCHOR_01,52:06:26:03:01:DA,-74,MFG_4C000215FDA50693A4E24FB1AFCFC6EB0764782500010002D8,1.5,Yes,mattress,0.0
2295167,ANCHOR_01,52:06:26:03:01:DA,-75,MFG_4C000215FDA50693A4E24FB1AFCFC6EB0764782500010002D8,1.5,Yes,mattress,0.0
2296187,ANCHOR_01,52:06:26:03:01:DA,-80,MFG_4C000215FDA50693A4E24FB1AFCFC6EB0764782500010002D8,1.5,Yes,mattress,0.0
2297177,ANCHOR_01,52:06:26:03:01:DA,-79,MFG_4C000215FDA50693A4E24FB1AFCFC6EB0764782500010002D8,1.5,Yes,mattress,0.0
2298177,ANCHOR_01,52:06:26:03:01:DA,-85,MFG_4C000215FDA50693A4E24FB1AFCFC6EB0764782500010002D8,1.5,Yes,mattress,0.0
2299187,ANCHOR_01,52:06:26:03:01:DA,-85,MFG_4C000215FDA50693A4E24FB1AFCFC6EB0764782500010002D8,1.5,Yes,mattress,0.0
2301197,ANCHOR_01,52:06:26:03:01:DA,-74,MFG_4C000215FDA50693A4E24FB1AFCFC6EB0764782500010002D8,1.5,Yes,mattress,0.0
2303207,ANCHOR_01,52:06:26:03:01:DA,-80,MFG_4C000215FDA50693A4E24FB1AFCFC6EB0764782500010002D8,1.5,Yes,mattress,0.0
2304207,ANCHOR_01,52:06:26:03:01:DA,-85,MFG_4C000215FDA50693A4E24FB1AFCFC6EB0764782500010002D8,1.5,Yes,mattress,0.0
2305217,ANCHOR_01,52:06:26:03:01:DA,-83,MFG_4C000215FDA50693A4E24FB1AFCFC6EB0764782500010002D8,1.5,Yes,mattress,0.0
2307217,ANCHOR_01,52:06:26:03:01:DA,-75,MFG_4C000215FDA50693A4E24FB1AFCFC6EB0764782500010002D8,1.5,Yes,mattress,0.0
2308247,ANCHOR_01,52:06:26:03:01:DA,-80,MFG_4C000215FDA50693A4E24FB1AFCFC6EB0764782500010002D8,1.5,Yes,mattress,0.0
2309227,ANCHOR_01,52:06:26:03:01:DA,-79,MFG_4C000215FDA50693A4E24FB1AFCFC6EB0764782500010002D8,1.5,Yes,mattress,0.0
2310257,ANCHOR_01,52:06:26:03:01:DA,-83,MFG_4C000215FDA50693A4E24FB1AFCFC6EB0764782500010002D8,1.5,Yes,mattress,0.0
2311237,ANCHOR_01,52:06:26:03:01:DA,-84,MFG_4C000215FDA50693A4E24FB1AFCFC6EB0764782500010002D8,1.5,Yes,mattress,0.0
2312257,ANCHOR_01,52:06:26:03:01:DA,-74,MFG_4C000215FDA50693A4E24FB1AFCFC6EB0764782500010002D8,1.5,Yes,mattress,0.0
2313237,ANCHOR_01,52:06:26:03:01:DA,-75,MFG_4C000215FDA50693A4E24FB1AFCFC6EB0764782500010002D8,1.5,Yes,mattress,0.0
2314247,ANCHOR_01,52:06:26:03:01:DA,-75,MFG_4C000215FDA50693A4E24FB1AFCFC6EB0764782500010002D8,1.5,Yes,mattress,0.0
2315267,ANCHOR_01,52:06:26:03:01:DA,-78,MFG_4C000215FDA50693A4E24FB1AFCFC6EB0764782500010002D8,1.5,Yes,mattress,0.0
2316287,ANCHOR_01,52:06:26:03:01:DA,-85,MFG_4C000215FDA50693A4E24FB1AFCFC6EB0764782500010002D8,1.5,Yes,mattress,0.0
2317267,ANCHOR_01,52:06:26:03:01:DA,-84,MFG_4C000215FDA50693A4E24FB1AFCFC6EB0764782500010002D8,1.5,Yes,mattress,0.0
2318267,ANCHOR_01,52:06:26:03:01:DA,-84,MFG_4C000215FDA50693A4E24FB1AFCFC6EB0764782500010002D8,1.5,Yes,mattress,0.0
2319287,ANCHOR_01,52:06:26:03:01:DA,-75,MFG_4C000215FDA50693A4E24FB1AFCFC6EB0764782500010002D8,1.5,Yes,mattress,0.0
2320277,ANCHOR_01,52:06:26:03:01:DA,-74,MFG_4C000215FDA50693A4E24FB1AFCFC6EB0764782500010002D8,1.5,Yes,mattress,0.0
2321287,ANCHOR_01,52:06:26:03:01:DA,-78,MFG_4C000215FDA50693A4E24FB1AFCFC6EB0764782500010002D8,1.5,Yes,mattress,0.0
2322287,ANCHOR_01,52:06:26:03:01:DA,-78,MFG_4C000215FDA50693A4E24FB1AFCFC6EB0764782500010002D8,1.5,Yes,mattress,0.0
2323277,ANCHOR_01,52:06:26:03:01:DA,-82,MFG_4C000215FDA50693A4E24FB1AFCFC6EB0764782500010002D8,1.5,Yes,mattress,0.0
2324297,ANCHOR_01,52:06:26:03:01:DA,-81,MFG_4C000215FDA50693A4E24FB1AFCFC6EB0764782500010002D8,1.5,Yes,mattress,0.0
2325307,ANCHOR_01,52:06:26:03:01:DA,-75,MFG_4C000215FDA50693A4E24FB1AFCFC6EB0764782500010002D8,1.5,Yes,mattress,0.0
2326297,ANCHOR_01,52:06:26:03:01:DA,-75,MFG_4C000215FDA50693A4E24FB1AFCFC6EB0764782500010002D8,1.5,Yes,mattress,0.0
2327327,ANCHOR_01,52:06:26:03:01:DA,-79,MFG_4C000215FDA50693A4E24FB1AFCFC6EB0764782500010002D8,1.5,Yes,mattress,0.0
2328317,ANCHOR_01,52:06:26:03:01:DA,-78,MFG_4C000215FDA50693A4E24FB1AFCFC6EB0764782500010002D8,1.5,Yes,mattress,0.0
2329307,ANCHOR_01,52:06:26:03:01:DA,-79,MFG_4C000215FDA50693A4E24FB1AFCFC6EB0764782500010002D8,1.5,Yes,mattress,0.0
2330307,ANCHOR_01,52:06:26:03:01:DA,-85,MFG_4C000215FDA50693A4E24FB1AFCFC6EB0764782500010002D8,1.5,Yes,mattress,0.0
2331317,ANCHOR_01,52:06:26:03:01:DA,-85,MFG_4C000215FDA50693A4E24FB1AFCFC6EB0764782500010002D8,1.5,Yes,mattress,0.0
2332337,ANCHOR_01,52:06:26:03:01:DA,-74,MFG_4C000215FDA50693A4E24FB1AFCFC6EB0764782500010002D8,1.5,Yes,mattress,0.0
2333317,ANCHOR_01,52:06:26:03:01:DA,-75,MFG_4C000215FDA50693A4E24FB1AFCFC6EB0764782500010002D8,1.5,Yes,mattress,0.0
2334347,ANCHOR_01,52:06:26:03:01:DA,-78,MFG_4C000215FDA50693A4E24FB1AFCFC6EB0764782500010002D8,1.5,Yes,mattress,0.0
2335327,ANCHOR_01,52:06:26:03:01:DA,-79,MFG_4C000215FDA50693A4E24FB1AFCFC6EB0764782500010002D8,1.5,Yes,mattress,0.0
2336327,ANCHOR_01,52:06:26:03:01:DA,-78,MFG_4C000215FDA50693A4E24FB1AFCFC6EB0764782500010002D8,1.5,Yes,mattress,0.0
2337327,ANCHOR_01,52:06:26:03:01:DA,-84,MFG_4C000215FDA50693A4E24FB1AFCFC6EB0764782500010002D8,1.5,Yes,mattress,0.0
2338337,ANCHOR_01,52:06:26:03:01:DA,-83,MFG_4C000215FDA50693A4E24FB1AFCFC6EB0764782500010002D8,1.5,Yes,mattress,0.0
2339357,ANCHOR_01,52:06:26:03:01:DA,-74,MFG_4C000215FDA50693A4E24FB1AFCFC6EB0764782500010002D8,1.5,Yes,mattress,0.0
2340347,ANCHOR_01,52:06:26:03:01:DA,-75,MFG_4C000215FDA50693A4E24FB1AFCFC6EB0764782500010002D8,1.5,Yes,mattress,0.0
2341367,ANCHOR_01,52:06:26:03:01:DA,-78,MFG_4C000215FDA50693A4E24FB1AFCFC6EB0764782500010002D8,1.5,Yes,mattress,0.0
2342357,ANCHOR_01,52:06:26:03:01:DA,-78,MFG_4C000215FDA50693A4E24FB1AFCFC6EB0764782500010002D8,1.5,Yes,mattress,0.0
2343357,ANCHOR_01,52:06:26:03:01:DA,-83,MFG_4C000215FDA50693A4E24FB1AFCFC6EB0764782500010002D8,1.5,Yes,mattress,0.0
2344367,ANCHOR_01,52:06:26:03:01:DA,-84,MFG_4C000215FDA50693A4E24FB1AFCFC6EB0764782500010002D8,1.5,Yes,mattress,0.0
2346357,ANCHOR_01,52:06:26:03:01:DA,-75,MFG_4C000215FDA50693A4E24FB1AFCFC6EB0764782500010002D8,1.5,Yes,mattress,0.0
2348387,ANCHOR_01,52:06:26:03:01:DA,-78,MFG_4C000215FDA50693A4E24FB1AFCFC6EB0764782500010002D8,1.5,Yes,mattress,0.0
2349407,ANCHOR_01,52:06:26:03:01:DA,-86,MFG_4C000215FDA50693A4E24FB1AFCFC6EB0764782500010002D8,1.5,Yes,mattress,0.0
2350397,ANCHOR_01,52:06:26:03:01:DA,-85,MFG_4C000215FDA50693A4E24FB1AFCFC6EB0764782500010002D8,1.5,Yes,mattress,0.0
2351397,ANCHOR_01,52:06:26:03:01:DA,-74,MFG_4C000215FDA50693A4E24FB1AFCFC6EB0764782500010002D8,1.5,Yes,mattress,0.0
2352407,ANCHOR_01,52:06:26:03:01:DA,-75,MFG_4C000215FDA50693A4E24FB1AFCFC6EB0764782500010002D8,1.5,Yes,mattress,0.0
2353427,ANCHOR_01,52:06:26:03:01:DA,-78,MFG_4C000215FDA50693A4E24FB1AFCFC6EB0764782500010002D8,1.5,Yes,mattress,0.0
2354417,ANCHOR_01,52:06:26:03:01:DA,-78,MFG_4C000215FDA50693A4E24FB1AFCFC6EB0764782500010002D8,1.5,Yes,mattress,0.0
2355417,ANCHOR_01,52:06:26:03:01:DA,-84,MFG_4C000215FDA50693A4E24FB1AFCFC6EB0764782500010002D8,1.5,Yes,mattress,0.0
2356427,ANCHOR_01,52:06:26:03:01:DA,-84,MFG_4C000215FDA50693A4E24FB1AFCFC6EB0764782500010002D8,1.5,Yes,mattress,0.0
2357447,ANCHOR_01,52:06:26:03:01:DA,-74,MFG_4C000215FDA50693A4E24FB1AFCFC6EB0764782500010002D8,1.5,Yes,mattress,0.0
2358437,ANCHOR_01,52:06:26:03:01:DA,-75,MFG_4C000215FDA50693A4E24FB1AFCFC6EB0764782500010002D8,1.5,Yes,mattress,0.0
2359457,ANCHOR_01,52:06:26:03:01:DA,-78,MFG_4C000215FDA50693A4E24FB1AFCFC6EB0764782500010002D8,1.5,Yes,mattress,0.0
2360447,ANCHOR_01,52:06:26:03:01:DA,-79,MFG_4C000215FDA50693A4E24FB1AFCFC6EB0764782500010002D8,1.5,Yes,mattress,0.0
2361457,ANCHOR_01,52:06:26:03:01:DA,-84,MFG_4C000215FDA50693A4E24FB1AFCFC6EB0764782500010002D8,1.5,Yes,mattress,0.0
2362447,ANCHOR_01,52:06:26:03:01:DA,-84,MFG_4C000215FDA50693A4E24FB1AFCFC6EB0764782500010002D8,1.5,Yes,mattress,0.0
2364457,ANCHOR_01,52:06:26:03:01:DA,-74,MFG_4C000215FDA50693A4E24FB1AFCFC6EB0764782500010002D8,1.5,Yes,mattress,0.0
2366477,ANCHOR_01,52:06:26:03:01:DA,-78,MFG_4C000215FDA50693A4E24FB1AFCFC6EB0764782500010002D8,1.5,Yes,mattress,0.0
2368487,ANCHOR_01,52:06:26:03:01:DA,-84,MFG_4C000215FDA50693A4E24FB1AFCFC6EB0764782500010002D8,1.5,Yes,mattress,0.0
2369507,ANCHOR_01,52:06:26:03:01:DA,-74,MFG_4C000215FDA50693A4E24FB1AFCFC6EB0764782500010002D8,1.5,Yes,mattress,0.0
2370497,ANCHOR_01,52:06:26:03:01:DA,-74,MFG_4C000215FDA50693A4E24FB1AFCFC6EB0764782500010002D8,1.5,Yes,mattress,0.0
2371517,ANCHOR_01,52:06:26:03:01:DA,-79,MFG_4C000215FDA50693A4E24FB1AFCFC6EB0764782500010002D8,1.5,Yes,mattress,0.0
2372507,ANCHOR_01,52:06:26:03:01:DA,-79,MFG_4C000215FDA50693A4E24FB1AFCFC6EB0764782500010002D8,1.5,Yes,mattress,0.0
2373517,ANCHOR_01,52:06:26:03:01:DA,-82,MFG_4C000215FDA50693A4E24FB1AFCFC6EB0764782500010002D8,1.5,Yes,mattress,0.0
2375527,ANCHOR_01,52:06:26:03:01:DA,-75,MFG_4C000215FDA50693A4E24FB1AFCFC6EB0764782500010002D8,1.5,Yes,mattress,0.0
2376537,ANCHOR_01,52:06:26:03:01:DA,-78,MFG_4C000215FDA50693A4E24FB1AFCFC6EB0764782500010002D8,1.5,Yes,mattress,0.0
2377547,ANCHOR_01,52:06:26:03:01:DA,-78,MFG_4C000215FDA50693A4E24FB1AFCFC6EB0764782500010002D8,1.5,Yes,mattress,0.0
2378567,ANCHOR_01,52:06:26:03:01:DA,-83,MFG_4C000215FDA50693A4E24FB1AFCFC6EB0764782500010002D8,1.5,Yes,mattress,0.0
2379557,ANCHOR_01,52:06:26:03:01:DA,-85,MFG_4C000215FDA50693A4E24FB1AFCFC6EB0764782500010002D8,1.5,Yes,mattress,0.0
2380577,ANCHOR_01,52:06:26:03:01:DA,-75,MFG_4C000215FDA50693A4E24FB1AFCFC6EB0764782500010002D8,1.5,Yes,mattress,0.0
2381577,ANCHOR_01,52:06:26:03:01:DA,-78,MFG_4C000215FDA50693A4E24FB1AFCFC6EB0764782500010002D8,1.5,Yes,mattress,0.0
2382577,ANCHOR_01,52:06:26:03:01:DA,-78,MFG_4C000215FDA50693A4E24FB1AFCFC6EB0764782500010002D8,1.5,Yes,mattress,0.0
2383587,ANCHOR_01,52:06:26:03:01:DA,-85,MFG_4C000215FDA50693A4E24FB1AFCFC6EB0764782500010002D8,1.5,Yes,mattress,0.0
2384587,ANCHOR_01,52:06:26:03:01:DA,-82,MFG_4C000215FDA50693A4E24FB1AFCFC6EB0764782500010002D8,1.5,Yes,mattress,0.0
2385597,ANCHOR_01,52:06:26:03:01:DA,-74,MFG_4C000215FDA50693A4E24FB1AFCFC6EB0764782500010002D8,1.5,Yes,mattress,0.0
2386597,ANCHOR_01,52:06:26:03:01:DA,-75,MFG_4C000215FDA50693A4E24FB1AFCFC6EB0764782500010002D8,1.5,Yes,mattress,0.0
2387607,ANCHOR_01,52:06:26:03:01:DA,-79,MFG_4C000215FDA50693A4E24FB1AFCFC6EB0764782500010002D8,1.5,Yes,mattress,0.0
2388607,ANCHOR_01,52:06:26:03:01:DA,-78,MFG_4C000215FDA50693A4E24FB1AFCFC6EB0764782500010002D8,1.5,Yes,mattress,0.0
2389637,ANCHOR_01,52:06:26:03:01:DA,-82,MFG_4C000215FDA50693A4E24FB1AFCFC6EB0764782500010002D8,1.5,Yes,mattress,0.0
2391647,ANCHOR_01,52:06:26:03:01:DA,-75,MFG_4C000215FDA50693A4E24FB1AFCFC6EB0764782500010002D8,1.5,Yes,mattress,0.0
2392647,ANCHOR_01,52:06:26:03:01:DA,-78,MFG_4C000215FDA50693A4E24FB1AFCFC6EB0764782500010002D8,1.5,Yes,mattress,0.0
2393657,ANCHOR_01,52:06:26:03:01:DA,-78,MFG_4C000215FDA50693A4E24FB1AFCFC6EB0764782500010002D8,1.5,Yes,mattress,0.0
2395657,ANCHOR_01,52:06:26:03:01:DA,-82,MFG_4C000215FDA50693A4E24FB1AFCFC6EB0764782500010002D8,1.5,Yes,mattress,0.0
2396677,ANCHOR_01,52:06:26:03:01:DA,-75,MFG_4C000215FDA50693A4E24FB1AFCFC6EB0764782500010002D8,1.5,Yes,mattress,0.0
2398687,ANCHOR_01,52:06:26:03:01:DA,-78,MFG_4C000215FDA50693A4E24FB1AFCFC6EB0764782500010002D8,1.5,Yes,mattress,0.0
2399677,ANCHOR_01,52:06:26:03:01:DA,-79,MFG_4C000215FDA50693A4E24FB1AFCFC6EB0764782500010002D8,1.5,Yes,mattress,0.0
2400707,ANCHOR_01,52:06:26:03:01:DA,-83,MFG_4C000215FDA50693A4E24FB1AFCFC6EB0764782500010002D8,1.5,Yes,mattress,0.0
2401687,ANCHOR_01,52:06:26:03:01:DA,-82,MFG_4C000215FDA50693A4E24FB1AFCFC6EB0764782500010002D8,1.5,Yes,mattress,0.0
2402717,ANCHOR_01,52:06:26:03:01:DA,-75,MFG_4C000215FDA50693A4E24FB1AFCFC6EB0764782500010002D8,1.5,Yes,mattress,0.0
2403697,ANCHOR_01,52:06:26:03:01:DA,-75,MFG_4C000215FDA50693A4E24FB1AFCFC6EB0764782500010002D8,1.5,Yes,mattress,0.0
2405717,ANCHOR_01,52:06:26:03:01:DA,-79,MFG_4C000215FDA50693A4E24FB1AFCFC6EB0764782500010002D8,1.5,Yes,mattress,0.0
2406737,ANCHOR_01,52:06:26:03:01:DA,-85,MFG_4C000215FDA50693A4E24FB1AFCFC6EB0764782500010002D8,1.5,Yes,mattress,0.0
2407727,ANCHOR_01,52:06:26:03:01:DA,-83,MFG_4C000215FDA50693A4E24FB1AFCFC6EB0764782500010002D8,1.5,Yes,mattress,0.0
2408737,ANCHOR_01,52:06:26:03:01:DA,-75,MFG_4C000215FDA50693A4E24FB1AFCFC6EB0764782500010002D8,1.5,Yes,mattress,0.0
2409737,ANCHOR_01,52:06:26:03:01:DA,-75,MFG_4C000215FDA50693A4E24FB1AFCFC6EB0764782500010002D8,1.5,Yes,mattress,0.0
2410737,ANCHOR_01,52:06:26:03:01:DA,-78,MFG_4C000215FDA50693A4E24FB1AFCFC6EB0764782500010002D8,1.5,Yes,mattress,0.0
2412757,ANCHOR_01,52:06:26:03:01:DA,-84,MFG_4C000215FDA50693A4E24FB1AFCFC6EB0764782500010002D8,1.5,Yes,mattress,0.0
2414777,ANCHOR_01,52:06:26:03:01:DA,-74,MFG_4C000215FDA50693A4E24FB1AFCFC6EB0764782500010002D8,1.5,Yes,mattress,0.0
2415797,ANCHOR_01,52:06:26:03:01:DA,-78,MFG_4C000215FDA50693A4E24FB1AFCFC6EB0764782500010002D8,1.5,Yes,mattress,0.0
2416787,ANCHOR_01,52:06:26:03:01:DA,-78,MFG_4C000215FDA50693A4E24FB1AFCFC6EB0764782500010002D8,1.5,Yes,mattress,0.0
2417797,ANCHOR_01,52:06:26:03:01:DA,-82,MFG_4C000215FDA50693A4E24FB1AFCFC6EB0764782500010002D8,1.5,Yes,mattress,0.0
2418797,ANCHOR_01,52:06:26:03:01:DA,-84,MFG_4C000215FDA50693A4E24FB1AFCFC6EB0764782500010002D8,1.5,Yes,mattress,0.0
2420797,ANCHOR_01,52:06:26:03:01:DA,-74,MFG_4C000215FDA50693A4E24FB1AFCFC6EB0764782500010002D8,1.5,Yes,mattress,0.0
2421807,ANCHOR_01,52:06:26:03:01:DA,-78,MFG_4C000215FDA50693A4E24FB1AFCFC6EB0764782500010002D8,1.5,Yes,mattress,0.0
2422807,ANCHOR_01,52:06:26:03:01:DA,-78,MFG_4C000215FDA50693A4E24FB1AFCFC6EB0764782500010002D8,1.5,Yes,mattress,0.0
2423837,ANCHOR_01,52:06:26:03:01:DA,-82,MFG_4C000215FDA50693A4E24FB1AFCFC6EB0764782500010002D8,1.5,Yes,mattress,0.0
2424827,ANCHOR_01,52:06:26:03:01:DA,-83,MFG_4C000215FDA50693A4E24FB1AFCFC6EB0764782500010002D8,1.5,Yes,mattress,0.0
2425817,ANCHOR_01,52:06:26:03:01:DA,-83,MFG_4C000215FDA50693A4E24FB1AFCFC6EB0764782500010002D8,1.5,Yes,mattress,0.0
2426827,ANCHOR_01,52:06:26:03:01:DA,-74,MFG_4C000215FDA50693A4E24FB1AFCFC6EB0764782500010002D8,1.5,Yes,mattress,0.0
2427827,ANCHOR_01,52:06:26:03:01:DA,-75,MFG_4C000215FDA50693A4E24FB1AFCFC6EB0764782500010002D8,1.5,Yes,mattress,0.0
2428837,ANCHOR_01,52:06:26:03:01:DA,-78,MFG_4C000215FDA50693A4E24FB1AFCFC6EB0764782500010002D8,1.5,Yes,mattress,0.0
2429837,ANCHOR_01,52:06:26:03:01:DA,-81,MFG_4C000215FDA50693A4E24FB1AFCFC6EB0764782500010002D8,1.5,Yes,mattress,0.0
2430857,ANCHOR_01,52:06:26:03:01:DA,-84,MFG_4C000215FDA50693A4E24FB1AFCFC6EB0764782500010002D8,1.5,Yes,mattress,0.0
2432857,ANCHOR_01,52:06:26:03:01:DA,-75,MFG_4C000215FDA50693A4E24FB1AFCFC6EB0764782500010002D8,1.5,Yes,mattress,0.0
2434877,ANCHOR_01,52:06:26:03:01:DA,-78,MFG_4C000215FDA50693A4E24FB1AFCFC6EB0764782500010002D8,1.5,Yes,mattress,0.0
2435887,ANCHOR_01,52:06:26:03:01:DA,-82,MFG_4C000215FDA50693A4E24FB1AFCFC6EB0764782500010002D8,1.5,Yes,mattress,0.0
2436877,ANCHOR_01,52:06:26:03:01:DA,-84,MFG_4C000215FDA50693A4E24FB1AFCFC6EB0764782500010002D8,1.5,Yes,mattress,0.0
2437877,ANCHOR_01,52:06:26:03:01:DA,-85,MFG_4C000215FDA50693A4E24FB1AFCFC6EB0764782500010002D8,1.5,Yes,mattress,0.0
2438897,ANCHOR_01,52:06:26:03:01:DA,-75,MFG_4C000215FDA50693A4E24FB1AFCFC6EB0764782500010002D8,1.5,Yes,mattress,0.0
2440897,ANCHOR_01,52:06:26:03:01:DA,-79,MFG_4C000215FDA50693A4E24FB1AFCFC6EB0764782500010002D8,1.5,Yes,mattress,0.0
2441897,ANCHOR_01,52:06:26:03:01:DA,-79,MFG_4C000215FDA50693A4E24FB1AFCFC6EB0764782500010002D8,1.5,Yes,mattress,0.0
2442917,ANCHOR_01,52:06:26:03:01:DA,-82,MFG_4C000215FDA50693A4E24FB1AFCFC6EB0764782500010002D8,1.5,Yes,mattress,0.0
2443917,ANCHOR_01,52:06:26:03:01:DA,-75,MFG_4C000215FDA50693A4E24FB1AFCFC6EB0764782500010002D8,1.5,Yes,mattress,0.0
2444927,ANCHOR_01,52:06:26:03:01:DA,-74,MFG_4C000215FDA50693A4E24FB1AFCFC6EB0764782500010002D8,1.5,Yes,mattress,0.0
2445947,ANCHOR_01,52:06:26:03:01:DA,-79,MFG_4C000215FDA50693A4E24FB1AFCFC6EB0764782500010002D8,1.5,Yes,mattress,0.0
2446937,ANCHOR_01,52:06:26:03:01:DA,-78,MFG_4C000215FDA50693A4E24FB1AFCFC6EB0764782500010002D8,1.5,Yes,mattress,0.0
2447937,ANCHOR_01,52:06:26:03:01:DA,-83,MFG_4C000215FDA50693A4E24FB1AFCFC6EB0764782500010002D8,1.5,Yes,mattress,0.0
2448947,ANCHOR_01,52:06:26:03:01:DA,-83,MFG_4C000215FDA50693A4E24FB1AFCFC6EB0764782500010002D8,1.5,Yes,mattress,0.0
2449967,ANCHOR_01,52:06:26:03:01:DA,-75,MFG_4C000215FDA50693A4E24FB1AFCFC6EB0764782500010002D8,1.5,Yes,mattress,0.0
2450957,ANCHOR_01,52:06:26:03:01:DA,-75,MFG_4C000215FDA50693A4E24FB1AFCFC6EB0764782500010002D8,1.5,Yes,mattress,0.0
2451957,ANCHOR_01,52:06:26:03:01:DA,-78,MFG_4C000215FDA50693A4E24FB1AFCFC6EB0764782500010002D8,1.5,Yes,mattress,0.0
2452967,ANCHOR_01,52:06:26:03:01:DA,-78,MFG_4C000215FDA50693A4E24FB1AFCFC6EB0764782500010002D8,1.5,Yes,mattress,0.0
2454977,ANCHOR_01,52:06:26:03:01:DA,-83,MFG_4C000215FDA50693A4E24FB1AFCFC6EB0764782500010002D8,1.5,Yes,mattress,0.0
2456987,ANCHOR_01,52:06:26:03:01:DA,-74,MFG_4C000215FDA50693A4E24FB1AFCFC6EB0764782500010002D8,1.5,Yes,mattress,0.0
2458007,ANCHOR_01,52:06:26:03:01:DA,-79,MFG_4C000215FDA50693A4E24FB1AFCFC6EB0764782500010002D8,1.5,Yes,mattress,0.0
2458987,ANCHOR_01,52:06:26:03:01:DA,-79,MFG_4C000215FDA50693A4E24FB1AFCFC6EB0764782500010002D8,1.5,Yes,mattress,0.0
2460017,ANCHOR_01,52:06:26:03:01:DA,-85,MFG_4C000215FDA50693A4E24FB1AFCFC6EB0764782500010002D8,1.5,Yes,mattress,0.0
2461997,ANCHOR_01,52:06:26:03:01:DA,-84,MFG_4C000215FDA50693A4E24FB1AFCFC6EB0764782500010002D8,1.5,Yes,mattress,0.0
2462997,ANCHOR_01,52:06:26:03:01:DA,-75,MFG_4C000215FDA50693A4E24FB1AFCFC6EB0764782500010002D8,1.5,Yes,mattress,0.0
2463997,ANCHOR_01,52:06:26:03:01:DA,-75,MFG_4C000215FDA50693A4E24FB1AFCFC6EB0764782500010002D8,1.5,Yes,mattress,0.0
2466017,ANCHOR_01,52:06:26:03:01:DA,-78,MFG_4C000215FDA50693A4E24FB1AFCFC6EB0764782500010002D8,1.5,Yes,mattress,0.0
2469017,ANCHOR_01,52:06:26:03:01:DA,-83,MFG_4C000215FDA50693A4E24FB1AFCFC6EB0764782500010002D8,1.5,Yes,mattress,0.0
2470037,ANCHOR_01,52:06:26:03:01:DA,-75,MFG_4C000215FDA50693A4E24FB1AFCFC6EB0764782500010002D8,1.5,Yes,mattress,0.0
2471027,ANCHOR_01,52:06:26:03:01:DA,-75,MFG_4C000215FDA50693A4E24FB1AFCFC6EB0764782500010002D8,1.5,Yes,mattress,0.0
2472047,ANCHOR_01,52:06:26:03:01:DA,-78,MFG_4C000215FDA50693A4E24FB1AFCFC6EB0764782500010002D8,1.5,Yes,mattress,0.0
2474047,ANCHOR_01,52:06:26:03:01:DA,-83,MFG_4C000215FDA50693A4E24FB1AFCFC6EB0764782500010002D8,1.5,Yes,mattress,0.0
2475077,ANCHOR_01,52:06:26:03:01:DA,-75,MFG_4C000215FDA50693A4E24FB1AFCFC6EB0764782500010002D8,1.5,Yes,mattress,0.0
2476057,ANCHOR_01,52:06:26:03:01:DA,-75,MFG_4C000215FDA50693A4E24FB1AFCFC6EB0764782500010002D8,1.5,Yes,mattress,0.0
2477087,ANCHOR_01,52:06:26:03:01:DA,-79,MFG_4C000215FDA50693A4E24FB1AFCFC6EB0764782500010002D8,1.5,Yes,mattress,0.0
2478067,ANCHOR_01,52:06:26:03:01:DA,-79,MFG_4C000215FDA50693A4E24FB1AFCFC6EB0764782500010002D8,1.5,Yes,mattress,0.0
2479097,ANCHOR_01,52:06:26:03:01:DA,-84,MFG_4C000215FDA50693A4E24FB1AFCFC6EB0764782500010002D8,1.5,Yes,mattress,0.0
2480087,ANCHOR_01,52:06:26:03:01:DA,-82,MFG_4C000215FDA50693A4E24FB1AFCFC6EB0764782500010002D8,1.5,Yes,mattress,0.0
2482097,ANCHOR_01,52:06:26:03:01:DA,-75,MFG_4C000215FDA50693A4E24FB1AFCFC6EB0764782500010002D8,1.5,Yes,mattress,0.0
2483087,ANCHOR_01,52:06:26:03:01:DA,-75,MFG_4C000215FDA50693A4E24FB1AFCFC6EB0764782500010002D8,1.5,Yes,mattress,0.0
2484107,ANCHOR_01,52:06:26:03:01:DA,-78,MFG_4C000215FDA50693A4E24FB1AFCFC6EB0764782500010002D8,1.5,Yes,mattress,0.0
2485097,ANCHOR_01,52:06:26:03:01:DA,-79,MFG_4C000215FDA50693A4E24FB1AFCFC6EB0764782500010002D8,1.5,Yes,mattress,0.0
2486107,ANCHOR_01,52:06:26:03:01:DA,-85,MFG_4C000215FDA50693A4E24FB1AFCFC6EB0764782500010002D8,1.5,Yes,mattress,0.0
2487107,ANCHOR_01,52:06:26:03:01:DA,-82,MFG_4C000215FDA50693A4E24FB1AFCFC6EB0764782500010002D8,1.5,Yes,mattress,0.0
2488107,ANCHOR_01,52:06:26:03:01:DA,-74,MFG_4C000215FDA50693A4E24FB1AFCFC6EB0764782500010002D8,1.5,Yes,mattress,0.0
2489117,ANCHOR_01,52:06:26:03:01:DA,-75,MFG_4C000215FDA50693A4E24FB1AFCFC6EB0764782500010002D8,1.5,Yes,mattress,0.0
2490137,ANCHOR_01,52:06:26:03:01:DA,-78,MFG_4C000215FDA50693A4E24FB1AFCFC6EB0764782500010002D8,1.5,Yes,mattress,0.0
2492127,ANCHOR_01,52:06:26:03:01:DA,-84,MFG_4C000215FDA50693A4E24FB1AFCFC6EB0764782500010002D8,1.5,Yes,mattress,0.0
2494137,ANCHOR_01,52:06:26:03:01:DA,-75,MFG_4C000215FDA50693A4E24FB1AFCFC6EB0764782500010002D8,1.5,Yes,mattress,0.0
2495147,ANCHOR_01,52:06:26:03:01:DA,-75,MFG_4C000215FDA50693A4E24FB1AFCFC6EB0764782500010002D8,1.5,Yes,mattress,0.0
2497157,ANCHOR_01,52:06:26:03:01:DA,-78,MFG_4C000215FDA50693A4E24FB1AFCFC6EB0764782500010002D8,1.5,Yes,mattress,0.0
2498157,ANCHOR_01,52:06:26:03:01:DA,-82,MFG_4C000215FDA50693A4E24FB1AFCFC6EB0764782500010002D8,1.5,Yes,mattress,0.0
2499157,ANCHOR_01,52:06:26:03:01:DA,-84,MFG_4C000215FDA50693A4E24FB1AFCFC6EB0764782500010002D8,1.5,Yes,mattress,0.0
2500167,ANCHOR_01,52:06:26:03:01:DA,-75,MFG_4C000215FDA50693A4E24FB1AFCFC6EB0764782500010002D8,1.5,Yes,mattress,0.0
2501167,ANCHOR_01,52:06:26:03:01:DA,-75,MFG_4C000215FDA50693A4E24FB1AFCFC6EB0764782500010002D8,1.5,Yes,mattress,0.0
2503177,ANCHOR_01,52:06:26:03:01:DA,-78,MFG_4C000215FDA50693A4E24FB1AFCFC6EB0764782500010002D8,1.5,Yes,mattress,0.0
2504207,ANCHOR_01,52:06:26:03:01:DA,-83,MFG_4C000215FDA50693A4E24FB1AFCFC6EB0764782500010002D8,1.5,Yes,mattress,0.0
2505187,ANCHOR_01,52:06:26:03:01:DA,-82,MFG_4C000215FDA50693A4E24FB1AFCFC6EB0764782500010002D8,1.5,Yes,mattress,0.0
2507197,ANCHOR_01,52:06:26:03:01:DA,-75,MFG_4C000215FDA50693A4E24FB1AFCFC6EB0764782500010002D8,1.5,Yes,mattress,0.0
2508197,ANCHOR_01,52:06:26:03:01:DA,-75,MFG_4C000215FDA50693A4E24FB1AFCFC6EB0764782500010002D8,1.5,Yes,mattress,0.0
2509207,ANCHOR_01,52:06:26:03:01:DA,-78,MFG_4C000215FDA50693A4E24FB1AFCFC6EB0764782500010002D8,1.5,Yes,mattress,0.0
2511227,ANCHOR_01,52:06:26:03:01:DA,-85,MFG_4C000215FDA50693A4E24FB1AFCFC6EB0764782500010002D8,1.5,Yes,mattress,0.0
2512227,ANCHOR_01,52:06:26:03:01:DA,-75,MFG_4C000215FDA50693A4E24FB1AFCFC6EB0764782500010002D8,1.5,Yes,mattress,0.0
2513227,ANCHOR_01,52:06:26:03:01:DA,-74,MFG_4C000215FDA50693A4E24FB1AFCFC6EB0764782500010002D8,1.5,Yes,mattress,0.0
2514237,ANCHOR_01,52:06:26:03:01:DA,-78,MFG_4C000215FDA50693A4E24FB1AFCFC6EB0764782500010002D8,1.5,Yes,mattress,0.0
2515247,ANCHOR_01,52:06:26:03:01:DA,-78,MFG_4C000215FDA50693A4E24FB1AFCFC6EB0764782500010002D8,1.5,Yes,mattress,0.0
2516247,ANCHOR_01,52:06:26:03:01:DA,-84,MFG_4C000215FDA50693A4E24FB1AFCFC6EB0764782500010002D8,1.5,Yes,mattress,0.0
2518277,ANCHOR_01,52:06:26:03:01:DA,-75,MFG_4C000215FDA50693A4E24FB1AFCFC6EB0764782500010002D8,1.5,Yes,mattress,0.0
2520287,ANCHOR_01,52:06:26:03:01:DA,-78,MFG_4C000215FDA50693A4E24FB1AFCFC6EB0764782500010002D8,1.5,Yes,mattress,0.0
2521277,ANCHOR_01,52:06:26:03:01:DA,-78,MFG_4C000215FDA50693A4E24FB1AFCFC6EB0764782500010002D8,1.5,Yes,mattress,0.0
2522277,ANCHOR_01,52:06:26:03:01:DA,-83,MFG_4C000215FDA50693A4E24FB1AFCFC6EB0764782500010002D8,1.5,Yes,mattress,0.0
2523287,ANCHOR_01,52:06:26:03:01:DA,-85,MFG_4C000215FDA50693A4E24FB1AFCFC6EB0764782500010002D8,1.5,Yes,mattress,0.0
2524297,ANCHOR_01,52:06:26:03:01:DA,-74,MFG_4C000215FDA50693A4E24FB1AFCFC6EB0764782500010002D8,1.5,Yes,mattress,0.0
2525287,ANCHOR_01,52:06:26:03:01:DA,-75,MFG_4C000215FDA50693A4E24FB1AFCFC6EB0764782500010002D8,1.5,Yes,mattress,0.0
2526317,ANCHOR_01,52:06:26:03:01:DA,-77,MFG_4C000215FDA50693A4E24FB1AFCFC6EB0764782500010002D8,1.5,Yes,mattress,0.0
2527297,ANCHOR_01,52:06:26:03:01:DA,-77,MFG_4C000215FDA50693A4E24FB1AFCFC6EB0764782500010002D8,1.5,Yes,mattress,0.0
2528307,ANCHOR_01,52:06:26:03:01:DA,-82,MFG_4C000215FDA50693A4E24FB1AFCFC6EB0764782500010002D8,1.5,Yes,mattress,0.0
2529307,ANCHOR_01,52:06:26:03:01:DA,-80,MFG_4C000215FDA50693A4E24FB1AFCFC6EB0764782500010002D8,1.5,Yes,mattress,0.0
