timestamp,anchor,mac,rssi,name,distance_m,obstacle,obstacle_type,height_m
5972237,ANCHOR_01,52:06:26:03:01:DA,-77,MFG_4C000215FDA50693A4E24FB1AFCFC6EB0764782500010002D8,4.6,Yes,mattress,0.0
5973227,ANCHOR_01,52:06:26:03:01:DA,-77,MFG_4C000215FDA50693A4E24FB1AFCFC6EB0764782500010002D8,4.6,Yes,mattress,0.0
5974247,ANCHOR_01,52:06:26:03:01:DA,-83,MFG_4C000215FDA50693A4E24FB1AFCFC6EB0764782500010002D8,4.6,Yes,mattress,0.0
5975237,ANCHOR_01,52:06:26:03:01:DA,-85,MFG_4C000215FDA50693A4E24FB1AFCFC6EB0764782500010002D8,4.6,Yes,mattress,0.0
5976247,ANCHOR_01,52:06:26:03:01:DA,-78,MFG_4C000215FDA50693A4E24FB1AFCFC6EB0764782500010002D8,4.6,Yes,mattress,0.0
5977247,ANCHOR_01,52:06:26:03:01:DA,-79,MFG_4C000215FDA50693A4E24FB1AFCFC6EB0764782500010002D8,4.6,Yes,mattress,0.0
5978267,ANCHOR_01,52:06:26:03:01:DA,-77,MFG_4C000215FDA50693A4E24FB1AFCFC6EB0764782500010002D8,4.6,Yes,mattress,0.0
5980267,ANCHOR_01,52:06:26:03:01:DA,-90,MFG_4C000215FDA50693A4E24FB1AFCFC6EB0764782500010002D8,4.6,Yes,mattress,0.0
5982287,ANCHOR_01,52:06:26:03:01:DA,-81,MFG_4C000215FDA50693A4E24FB1AFCFC6EB0764782500010002D8,4.6,Yes,mattress,0.0
5983267,ANCHOR_01,52:06:26:03:01:DA,-80,MFG_4C000215FDA50693A4E24FB1AFCFC6EB0764782500010002D8,4.6,Yes,mattress,0.0
5985287,ANCHOR_01,52:06:26:03:01:DA,-79,MFG_4C000215FDA50693A4E24FB1AFCFC6EB0764782500010002D8,4.6,Yes,mattress,0.0
5986287,ANCHOR_01,52:06:26:03:01:DA,-87,MFG_4C000215FDA50693A4E24FB1AFCFC6EB0764782500010002D8,4.6,Yes,mattress,0.0
5987297,ANCHOR_01,52:06:26:03:01:DA,-89,MFG_4C000215FDA50693A4E24FB1AFCFC6EB0764782500010002D8,4.6,Yes,mattress,0.0
5988317,ANCHOR_01,52:06:26:03:01:DA,-78,MFG_4C000215FDA50693A4E24FB1AFCFC6EB0764782500010002D8,4.6,Yes,mattress,0.0
5989307,ANCHOR_01,52:06:26:03:01:DA,-78,MFG_4C000215FDA50693A4E24FB1AFCFC6EB0764782500010002D8,4.6,Yes,mattress,0.0
5990327,ANCHOR_01,52:06:26:03:01:DA,-80,MFG_4C000215FDA50693A4E24FB1AFCFC6EB0764782500010002D8,4.6,Yes,mattress,0.0
5991317,ANCHOR_01,52:06:26:03:01:DA,-80,MFG_4C000215FDA50693A4E24FB1AFCFC6EB0764782500010002D8,4.6,Yes,mattress,0.0
5992337,ANCHOR_01,52:06:26:03:01:DA,-86,MFG_4C000215FDA50693A4E24FB1AFCFC6EB0764782500010002D8,4.6,Yes,mattress,0.0
5993327,ANCHOR_01,52:06:26:03:01:DA,-89,MFG_4C000215FDA50693A4E24FB1AFCFC6EB0764782500010002D8,4.6,Yes,mattress,0.0
5994347,ANCHOR_01,52:06:26:03:01:DA,-78,MFG_4C000215FDA50693A4E24FB1AFCFC6EB0764782500010002D8,4.6,Yes,mattress,0.0
5995337,ANCHOR_01,52:06:26:03:01:DA,-78,MFG_4C000215FDA50693A4E24FB1AFCFC6EB0764782500010002D8,4.6,Yes,mattress,0.0
5996357,ANCHOR_01,52:06:26:03:01:DA,-79,MFG_4C000215FDA50693A4E24FB1AFCFC6EB0764782500010002D8,4.6,Yes,mattress,0.0
5997347,ANCHOR_01,52:06:26:03:01:DA,-79,MFG_4C000215FDA50693A4E24FB1AFCFC6EB0764782500010002D8,4.6,Yes,mattress,0.0
5998357,ANCHOR_01,52:06:26:03:01:DA,-87,MFG_4C000215FDA50693A4E24FB1AFCFC6EB0764782500010002D8,4.6,Yes,mattress,0.0
5999387,ANCHOR_01,52:06:26:03:01:DA,-78,MFG_4C000215FDA50693A4E24FB1AFCFC6EB0764782500010002D8,4.6,Yes,mattress,0.0
6000367,ANCHOR_01,52:06:26:03:01:DA,-78,MFG_4C000215FDA50693A4E24FB1AFCFC6EB0764782500010002D8,4.6,Yes,mattress,0.0
6001387,ANCHOR_01,52:06:26:03:01:DA,-79,MFG_4C000215FDA50693A4E24FB1AFCFC6EB0764782500010002D8,4.6,Yes,mattress,0.0
6002367,ANCHOR_01,52:06:26:03:01:DA,-79,MFG_4C000215FDA50693A4E24FB1AFCFC6EB0764782500010002D8,4.6,Yes,mattress,0.0
6003407,ANCHOR_01,52:06:26:03:01:DA,-90,MFG_4C000215FDA50693A4E24FB1AFCFC6EB0764782500010002D8,4.6,Yes,mattress,0.0
6004397,ANCHOR_01,52:06:26:03:01:DA,-88,MFG_4C000215FDA50693A4E24FB1AFCFC6EB0764782500010002D8,4.6,Yes,mattress,0.0
6006407,ANCHOR_01,52:06:26:03:01:DA,-78,MFG_4C000215FDA50693A4E24FB1AFCFC6EB0764782500010002D8,4.6,Yes,mattress,0.0
6007427,ANCHOR_01,52:06:26:03:01:DA,-79,MFG_4C000215FDA50693A4E24FB1AFCFC6EB0764782500010002D8,4.6,Yes,mattress,0.0
6008407,ANCHOR_01,52:06:26:03:01:DA,-78,MFG_4C000215FDA50693A4E24FB1AFCFC6EB0764782500010002D8,4.6,Yes,mattress,0.0
6009437,ANCHOR_01,52:06:26:03:01:DA,-86,MFG_4C000215FDA50693A4E24FB1AFCFC6EB0764782500010002D8,4.6,Yes,mattress,0.0
6010417,ANCHOR_01,52:06:26:03:01:DA,-85,MFG_4C000215FDA50693A4E24FB1AFCFC6EB0764782500010002D8,4.6,Yes,mattress,0.0
6012437,ANCHOR_01,52:06:26:03:01:DA,-78,MFG_4C000215FDA50693A4E24FB1AFCFC6EB0764782500010002D8,4.6,Yes,mattress,0.0
6013427,ANCHOR_01,52:06:26:03:01:DA,-78,MFG_4C000215FDA50693A4E24FB1AFCFC6EB0764782500010002D8,4.6,Yes,mattress,0.0
6014447,ANCHOR_01,52:06:26:03:01:DA,-79,MFG_4C000215FDA50693A4E24FB1AFCFC6EB0764782500010002D8,4.6,Yes,mattress,0.0
6015437,ANCHOR_01,52:06:26:03:01:DA,-78,MFG_4C000215FDA50693A4E24FB1AFCFC6EB0764782500010002D8,4.6,Yes,mattress,0.0
6016457,ANCHOR_01,52:06:26:03:01:DA,-89,MFG_4C000215FDA50693A4E24FB1AFCFC6EB0764782500010002D8,4.6,Yes,mattress,0.0
6018467,ANCHOR_01,52:06:26:03:01:DA,-78,MFG_4C000215FDA50693A4E24FB1AFCFC6EB0764782500010002D8,4.6,Yes,mattress,0.0
6019457,ANCHOR_01,52:06:26:03:01:DA,-78,MFG_4C000215FDA50693A4E24FB1AFCFC6EB0764782500010002D8,4.6,Yes,mattress,0.0
6020457,ANCHOR_01,52:06:26:03:01:DA,-78,MFG_4C000215FDA50693A4E24FB1AFCFC6EB0764782500010002D8,4.6,Yes,mattress,0.0
6021467,ANCHOR_01,52:06:26:03:01:DA,-78,MFG_4C000215FDA50693A4E24FB1AFCFC6EB0764782500010002D8,4.6,Yes,mattress,0.0
6022487,ANCHOR_01,52:06:26:03:01:DA,-86,MFG_4C000215FDA50693A4E24FB1AFCFC6EB0764782500010002D8,4.6,Yes,mattress,0.0
6024497,ANCHOR_01,52:06:26:03:01:DA,-78,MFG_4C000215FDA50693A4E24FB1AFCFC6EB0764782500010002D8,4.6,Yes,mattress,0.0
6025487,ANCHOR_01,52:06:26:03:01:DA,-79,MFG_4C000215FDA50693A4E24FB1AFCFC6EB0764782500010002D8,4.6,Yes,mattress,0.0
6026497,ANCHOR_01,52:06:26:03:01:DA,-79,MFG_4C000215FDA50693A4E24FB1AFCFC6EB0764782500010002D8,4.6,Yes,mattress,0.0
6027527,ANCHOR_01,52:06:26:03:01:DA,-87,MFG_4C000215FDA50693A4E24FB1AFCFC6EB0764782500010002D8,4.6,Yes,mattress,0.0
6028517,ANCHOR_01,52:06:26:03:01:DA,-85,MFG_4C000215FDA50693A4E24FB1AFCFC6EB0764782500010002D8,4.6,Yes,mattress,0.0
6030517,ANCHOR_01,52:06:26:03:01:DA,-78,MFG_4C000215FDA50693A4E24FB1AFCFC6EB0764782500010002D8,4.6,Yes,mattress,0.0
6031517,ANCHOR_01,52:06:26:03:01:DA,-78,MFG_4C000215FDA50693A4E24FB1AFCFC6EB0764782500010002D8,4.6,Yes,mattress,0.0
6032517,ANCHOR_01,52:06:26:03:01:DA,-79,MFG_4C000215FDA50693A4E24FB1AFCFC6EB0764782500010002D8,4.6,Yes,mattress,0.0
6033517,ANCHOR_01,52:06:26:03:01:DA,-78,MFG_4C000215FDA50693A4E24FB1AFCFC6EB0764782500010002D8,4.6,Yes,mattress,0.0
6034547,ANCHOR_01,52:06:26:03:01:DA,-86,MFG_4C000215FDA50693A4E24FB1AFCFC6EB0764782500010002D8,4.6,Yes,mattress,0.0
6035537,ANCHOR_01,52:06:26:03:01:DA,-89,MFG_4C000215FDA50693A4E24FB1AFCFC6EB0764782500010002D8,4.6,Yes,mattress,0.0
6036557,ANCHOR_01,52:06:26:03:01:DA,-78,MFG_4C000215FDA50693A4E24FB1AFCFC6EB0764782500010002D8,4.6,Yes,mattress,0.0
6037537,ANCHOR_01,52:06:26:03:01:DA,-78,MFG_4C000215FDA50693A4E24FB1AFCFC6EB0764782500010002D8,4.6,Yes,mattress,0.0
6038567,ANCHOR_01,52:06:26:03:01:DA,-80,MFG_4C000215FDA50693A4E24FB1AFCFC6EB0764782500010002D8,4.6,Yes,mattress,0.0
6039557,ANCHOR_01,52:06:26:03:01:DA,-79,MFG_4C000215FDA50693A4E24FB1AFCFC6EB0764782500010002D8,4.6,Yes,mattress,0.0
6040567,ANCHOR_01,52:06:26:03:01:DA,-88,MFG_4C000215FDA50693A4E24FB1AFCFC6EB0764782500010002D8,4.6,Yes,mattress,0.0
6041597,ANCHOR_01,52:06:26:03:01:DA,-78,MFG_4C000215FDA50693A4E24FB1AFCFC6EB0764782500010002D8,4.6,Yes,mattress,0.0
6042577,ANCHOR_01,52:06:26:03:01:DA,-79,MFG_4C000215FDA50693A4E24FB1AFCFC6EB0764782500010002D8,4.6,Yes,mattress,0.0
6043587,ANCHOR_01,52:06:26:03:01:DA,-80,MFG_4C000215FDA50693A4E24FB1AFCFC6EB0764782500010002D8,4.6,Yes,mattress,0.0
6044597,ANCHOR_01,52:06:26:03:01:DA,-80,MFG_4C000215FDA50693A4E24FB1AFCFC6EB0764782500010002D8,4.6,Yes,mattress,0.0
6045617,ANCHOR_01,52:06:26:03:01:DA,-88,MFG_4C000215FDA50693A4E24FB1AFCFC6EB0764782500010002D8,4.6,Yes,mattress,0.0
6046607,ANCHOR_01,52:06:26:03:01:DA,-88,MFG_4C000215FDA50693A4E24FB1AFCFC6EB0764782500010002D8,4.6,Yes,mattress,0.0
6047607,ANCHOR_01,52:06:26:03:01:DA,-78,MFG_4C000215FDA50693A4E24FB1AFCFC6EB0764782500010002D8,4.6,Yes,mattress,0.0
6048617,ANCHOR_01,52:06:26:03:01:DA,-77,MFG_4C000215FDA50693A4E24FB1AFCFC6EB0764782500010002D8,4.6,Yes,mattress,0.0
6049627,ANCHOR_01,52:06:26:03:01:DA,-79,MFG_4C000215FDA50693A4E24FB1AFCFC6EB0764782500010002D8,4.6,Yes,mattress,0.0
6050627,ANCHOR_01,52:06:26:03:01:DA,-79,MFG_4C000215FDA50693A4E24FB1AFCFC6EB0764782500010002D8,4.6,Yes,mattress,0.0
6051647,ANCHOR_01,52:06:26:03:01:DA,-89,MFG_4C000215FDA50693A4E24FB1AFCFC6EB0764782500010002D8,4.6,Yes,mattress,0.0
6052637,ANCHOR_01,52:06:26:03:01:DA,-86,MFG_4C000215FDA50693A4E24FB1AFCFC6EB0764782500010002D8,4.6,Yes,mattress,0.0
6053637,ANCHOR_01,52:06:26:03:01:DA,-78,MFG_4C000215FDA50693A4E24FB1AFCFC6EB0764782500010002D8,4.6,Yes,mattress,0.0
6054647,ANCHOR_01,52:06:26:03:01:DA,-78,MFG_4C000215FDA50693A4E24FB1AFCFC6EB0764782500010002D8,4.6,Yes,mattress,0.0
6055667,ANCHOR_01,52:06:26:03:01:DA,-78,MFG_4C000215FDA50693A4E24FB1AFCFC6EB0764782500010002D8,4.6,Yes,mattress,0.0
6056647,ANCHOR_01,52:06:26:03:01:DA,-79,MFG_4C000215FDA50693A4E24FB1AFCFC6EB0764782500010002D8,4.6,Yes,mattress,0.0
6057677,ANCHOR_01,52:06:26:03:01:DA,-85,MFG_4C000215FDA50693A4E24FB1AFCFC6EB0764782500010002D8,4.6,Yes,mattress,0.0
6058667,ANCHOR_01,52:06:26:03:01:DA,-87,MFG_4C000215FDA50693A4E24FB1AFCFC6EB0764782500010002D8,4.6,Yes,mattress,0.0
6059687,ANCHOR_01,52:06:26:03:01:DA,-79,MFG_4C000215FDA50693A4E24FB1AFCFC6EB0764782500010002D8,4.6,Yes,mattress,0.0
6060677,ANCHOR_01,52:06:26:03:01:DA,-78,MFG_4C000215FDA50693A4E24FB1AFCFC6EB0764782500010002D8,4.6,Yes,mattress,0.0
6061687,ANCHOR_01,52:06:26:03:01:DA,-79,MFG_4C000215FDA50693A4E24FB1AFCFC6EB0764782500010002D8,4.6,Yes,mattress,0.0
6062687,ANCHOR_01,52:06:26:03:01:DA,-79,MFG_4C000215FDA50693A4E24FB1AFCFC6EB0764782500010002D8,4.6,Yes,mattress,0.0
6063707,ANCHOR_01,52:06:26:03:01:DA,-90,MFG_4C000215FDA50693A4E24FB1AFCFC6EB0764782500010002D8,4.6,Yes,mattress,0.0
6064687,ANCHOR_01,52:06:26:03:01:DA,-85,MFG_4C000215FDA50693A4E24FB1AFCFC6EB0764782500010002D8,4.6,Yes,mattress,0.0
6065717,ANCHOR_01,52:06:26:03:01:DA,-78,MFG_4C000215FDA50693A4E24FB1AFCFC6EB0764782500010002D8,4.6,Yes,mattress,0.0
6066707,ANCHOR_01,52:06:26:03:01:DA,-78,MFG_4C000215FDA50693A4E24FB1AFCFC6EB0764782500010002D8,4.6,Yes,mattress,0.0
6067707,ANCHOR_01,52:06:26:03:01:DA,-78,MFG_4C000215FDA50693A4E24FB1AFCFC6EB0764782500010002D8,4.6,Yes,mattress,0.0
6068707,ANCHOR_01,52:06:26:03:01:DA,-78,MFG_4C000215FDA50693A4E24FB1AFCFC6EB0764782500010002D8,4.6,Yes,mattress,0.0
6069737,ANCHOR_01,52:06:26:03:01:DA,-89,MFG_4C000215FDA50693A4E24FB1AFCFC6EB0764782500010002D8,4.6,Yes,mattress,0.0
6070727,ANCHOR_01,52:06:26:03:01:DA,-87,MFG_4C000215FDA50693A4E24FB1AFCFC6EB0764782500010002D8,4.6,Yes,mattress,0.0
6071727,ANCHOR_01,52:06:26:03:01:DA,-78,MFG_4C000215FDA50693A4E24FB1AFCFC6EB0764782500010002D8,4.6,Yes,mattress,0.0
6072737,ANCHOR_01,52:06:26:03:01:DA,-78,MFG_4C000215FDA50693A4E24FB1AFCFC6EB0764782500010002D8,4.6,Yes,mattress,0.0
6073757,ANCHOR_01,52:06:26:03:01:DA,-79,MFG_4C000215FDA50693A4E24FB1AFCFC6EB0764782500010002D8,4.6,Yes,mattress,0.0
6074737,ANCHOR_01,52:06:26:03:01:DA,-78,MFG_4C000215FDA50693A4E24FB1AFCFC6EB0764782500010002D8,4.6,Yes,mattress,0.0
6075767,ANCHOR_01,52:06:26:03:01:DA,-86,MFG_4C000215FDA50693A4E24FB1AFCFC6EB0764782500010002D8,4.6,Yes,mattress,0.0
6076757,ANCHOR_01,52:06:26:03:01:DA,-86,MFG_4C000215FDA50693A4E24FB1AFCFC6EB0764782500010002D8,4.6,Yes,mattress,0.0
6078757,ANCHOR_01,52:06:26:03:01:DA,-78,MFG_4C000215FDA50693A4E24FB1AFCFC6EB0764782500010002D8,4.6,Yes,mattress,0.0
6079787,ANCHOR_01,52:06:26:03:01:DA,-79,MFG_4C000215FDA50693A4E24FB1AFCFC6EB0764782500010002D8,4.6,Yes,mattress,0.0
6080767,ANCHOR_01,52:06:26:03:01:DA,-80,MFG_4C000215FDA50693A4E24FB1AFCFC6EB0764782500010002D8,4.6,Yes,mattress,0.0
6081797,ANCHOR_01,52:06:26:03:01:DA,-85,MFG_4C000215FDA50693A4E24FB1AFCFC6EB0764782500010002D8,4.6,Yes,mattress,0.0
6082787,ANCHOR_01,52:06:26:03:01:DA,-90,MFG_4C000215FDA50693A4E24FB1AFCFC6EB0764782500010002D8,4.6,Yes,mattress,0.0
6083787,ANCHOR_01,52:06:26:03:01:DA,-78,MFG_4C000215FDA50693A4E24FB1AFCFC6EB0764782500010002D8,4.6,Yes,mattress,0.0
6084827,ANCHOR_01,52:06:26:03:01:DA,-78,MFG_4C000215FDA50693A4E24FB1AFCFC6EB0764782500010002D8,4.6,Yes,mattress,0.0
6085807,ANCHOR_01,52:06:26:03:01:DA,-78,MFG_4C000215FDA50693A4E24FB1AFCFC6EB0764782500010002D8,4.6,Yes,mattress,0.0
6086827,ANCHOR_01,52:06:26:03:01:DA,-90,MFG_4C000215FDA50693A4E24FB1AFCFC6EB0764782500010002D8,4.6,Yes,mattress,0.0
6087827,ANCHOR_01,52:06:26:03:01:DA,-85,MFG_4C000215FDA50693A4E24FB1AFCFC6EB0764782500010002D8,4.6,Yes,mattress,0.0
6088837,ANCHOR_01,52:06:26:03:01:DA,-79,MFG_4C000215FDA50693A4E24FB1AFCFC6EB0764782500010002D8,4.6,Yes,mattress,0.0
6089827,ANCHOR_01,52:06:26:03:01:DA,-78,MFG_4C000215FDA50693A4E24FB1AFCFC6EB0764782500010002D8,4.6,Yes,mattress,0.0
6090857,ANCHOR_01,52:06:26:03:01:DA,-78,MFG_4C000215FDA50693A4E24FB1AFCFC6EB0764782500010002D8,4.6,Yes,mattress,0.0
6091837,ANCHOR_01,52:06:26:03:01:DA,-78,MFG_4C000215FDA50693A4E24FB1AFCFC6EB0764782500010002D8,4.6,Yes,mattress,0.0
6092867,ANCHOR_01,52:06:26:03:01:DA,-90,MFG_4C000215FDA50693A4E24FB1AFCFC6EB0764782500010002D8,4.6,Yes,mattress,0.0
6093847,ANCHOR_01,52:06:26:03:01:DA,-88,MFG_4C000215FDA50693A4E24FB1AFCFC6EB0764782500010002D8,4.6,Yes,mattress,0.0
6095857,ANCHOR_01,52:06:26:03:01:DA,-78,MFG_4C000215FDA50693A4E24FB1AFCFC6EB0764782500010002D8,4.6,Yes,mattress,0.0
6096877,ANCHOR_01,52:06:26:03:01:DA,-78,MFG_4C000215FDA50693A4E24FB1AFCFC6EB0764782500010002D8,4.6,Yes,mattress,0.0
6097867,ANCHOR_01,52:06:26:03:01:DA,-78,MFG_4C000215FDA50693A4E24FB1AFCFC6EB0764782500010002D8,4.6,Yes,mattress,0.0
6098867,ANCHOR_01,52:06:26:03:01:DA,-78,MFG_4C000215FDA50693A4E24FB1AFCFC6EB0764782500010002D8,4.6,Yes,mattress,0.0
6099887,ANCHOR_01,52:06:26:03:01:DA,-86,MFG_4C000215FDA50693A4E24FB1AFCFC6EB0764782500010002D8,4.6,Yes,mattress,0.0
6100877,ANCHOR_01,52:06:26:03:01:DA,-87,MFG_4C000215FDA50693A4E24FB1AFCFC6EB0764782500010002D8,4.6,Yes,mattress,0.0
6101897,ANCHOR_01,52:06:26:03:01:DA,-78,MFG_4C000215FDA50693A4E24FB1AFCFC6EB0764782500010002D8,4.6,Yes,mattress,0.0
6102887,ANCHOR_01,52:06:26:03:01:DA,-78,MFG_4C000215FDA50693A4E24FB1AFCFC6EB0764782500010002D8,4.6,Yes,mattress,0.0
6105917,ANCHOR_01,52:06:26:03:01:DA,-88,MFG_4C000215FDA50693A4E24FB1AFCFC6EB0764782500010002D8,4.6,Yes,mattress,0.0
6106907,ANCHOR_01,52:06:26:03:01:DA,-86,MFG_4C000215FDA50693A4E24FB1AFCFC6EB0764782500010002D8,4.6,Yes,mattress,0.0
6107917,ANCHOR_01,52:06:26:03:01:DA,-78,MFG_4C000215FDA50693A4E24FB1AFCFC6EB0764782500010002D8,4.6,Yes,mattress,0.0
6108937,ANCHOR_01,52:06:26:03:01:DA,-79,MFG_4C000215FDA50693A4E24FB1AFCFC6EB0764782500010002D8,4.6,Yes,mattress,0.0
6109927,ANCHOR_01,52:06:26:03:01:DA,-79,MFG_4C000215FDA50693A4E24FB1AFCFC6EB0764782500010002D8,4.6,Yes,mattress,0.0
6110957,ANCHOR_01,52:06:26:03:01:DA,-86,MFG_4C000215FDA50693A4E24FB1AFCFC6EB0764782500010002D8,4.6,Yes,mattress,0.0
6111947,ANCHOR_01,52:06:26:03:01:DA,-91,MFG_4C000215FDA50693A4E24FB1AFCFC6EB0764782500010002D8,4.6,Yes,mattress,0.0
6112957,ANCHOR_01,52:06:26:03:01:DA,-78,MFG_4C000215FDA50693A4E24FB1AFCFC6EB0764782500010002D8,4.6,Yes,mattress,0.0
6113957,ANCHOR_01,52:06:26:03:01:DA,-78,MFG_4C000215FDA50693A4E24FB1AFCFC6EB0764782500010002D8,4.6,Yes,mattress,0.0
6114977,ANCHOR_01,52:06:26:03:01:DA,-79,MFG_4C000215FDA50693A4E24FB1AFCFC6EB0764782500010002D8,4.6,Yes,mattress,0.0
6115957,ANCHOR_01,52:06:26:03:01:DA,-78,MFG_4C000215FDA50693A4E24FB1AFCFC6EB0764782500010002D8,4.6,Yes,mattress,0.0
6116987,ANCHOR_01,52:06:26:03:01:DA,-86,MFG_4C000215FDA50693A4E24FB1AFCFC6EB0764782500010002D8,4.6,Yes,mattress,0.0
6118987,ANCHOR_01,52:06:26:03:01:DA,-79,MFG_4C000215FDA50693A4E24FB1AFCFC6EB0764782500010002D8,4.6,Yes,mattress,0.0
6120997,ANCHOR_01,52:06:26:03:01:DA,-78,MFG_4C000215FDA50693A4E24FB1AFCFC6EB0764782500010002D8,4.6,Yes,mattress,0.0
6121997,ANCHOR_01,52:06:26:03:01:DA,-78,MFG_4C000215FDA50693A4E24FB1AFCFC6EB0764782500010002D8,4.6,Yes,mattress,0.0
6123007,ANCHOR_01,52:06:26:03:01:DA,-89,MFG_4C000215FDA50693A4E24FB1AFCFC6EB0764782500010002D8,4.6,Yes,mattress,0.0
6125027,ANCHOR_01,52:06:26:03:01:DA,-78,MFG_4C000215FDA50693A4E24FB1AFCFC6EB0764782500010002D8,4.6,Yes,mattress,0.0
6126007,ANCHOR_01,52:06:26:03:01:DA,-78,MFG_4C000215FDA50693A4E24FB1AFCFC6EB0764782500010002D8,4.6,Yes,mattress,0.0
6127037,ANCHOR_01,52:06:26:03:01:DA,-78,MFG_4C000215FDA50693A4E24FB1AFCFC6EB0764782500010002D8,4.6,Yes,mattress,0.0
6128027,ANCHOR_01,52:06:26:03:01:DA,-79,MFG_4C000215FDA50693A4E24FB1AFCFC6EB0764782500010002D8,4.6,Yes,mattress,0.0
6129047,ANCHOR_01,52:06:26:03:01:DA,-89,MFG_4C000215FDA50693A4E24FB1AFCFC6EB0764782500010002D8,4.6,Yes,mattress,0.0
6131057,ANCHOR_01,52:06:26:03:01:DA,-78,MFG_4C000215FDA50693A4E24FB1AFCFC6EB0764782500010002D8,4.6,Yes,mattress,0.0
6132047,ANCHOR_01,52:06:26:03:01:DA,-78,MFG_4C000215FDA50693A4E24FB1AFCFC6EB0764782500010002D8,4.6,Yes,mattress,0.0
6133047,ANCHOR_01,52:06:26:03:01:DA,-78,MFG_4C000215FDA50693A4E24FB1AFCFC6EB0764782500010002D8,4.6,Yes,mattress,0.0
6134057,ANCHOR_01,52:06:26:03:01:DA,-78,MFG_4C000215FDA50693A4E24FB1AFCFC6EB0764782500010002D8,4.6,Yes,mattress,0.0
6135077,ANCHOR_01,52:06:26:03:01:DA,-86,MFG_4C000215FDA50693A4E24FB1AFCFC6EB0764782500010002D8,4.6,Yes,mattress,0.0
6136067,ANCHOR_01,52:06:26:03:01:DA,-87,MFG_4C000215FDA50693A4E24FB1AFCFC6EB0764782500010002D8,4.6,Yes,mattress,0.0
6137087,ANCHOR_01,52:06:26:03:01:DA,-78,MFG_4C000215FDA50693A4E24FB1AFCFC6EB0764782500010002D8,4.6,Yes,mattress,0.0
6138077,ANCHOR_01,52:06:26:03:01:DA,-78,MFG_4C000215FDA50693A4E24FB1AFCFC6EB0764782500010002D8,4.6,Yes,mattress,0.0
6139067,ANCHOR_01,52:06:26:03:01:DA,-78,MFG_4C000215FDA50693A4E24FB1AFCFC6EB0764782500010002D8,4.6,Yes,mattress,0.0
6140067,ANCHOR_01,52:06:26:03:01:DA,-78,MFG_4C000215FDA50693A4E24FB1AFCFC6EB0764782500010002D8,4.6,Yes,mattress,0.0
6141087,ANCHOR_01,52:06:26:03:01:DA,-89,MFG_4C000215FDA50693A4E24FB1AFCFC6EB0764782500010002D8,4.6,Yes,mattress,0.0
6142097,ANCHOR_01,52:06:26:03:01:DA,-86,MFG_4C000215FDA50693A4E24FB1AFCFC6EB0764782500010002D8,4.6,Yes,mattress,0.0
6144107,ANCHOR_01,52:06:26:03:01:DA,-78,MFG_4C000215FDA50693A4E24FB1AFCFC6EB0764782500010002D8,4.6,Yes,mattress,0.0
6145097,ANCHOR_01,52:06:26:03:01:DA,-78,MFG_4C000215FDA50693A4E24FB1AFCFC6EB0764782500010002D8,4.6,Yes,mattress,0.0
6146107,ANCHOR_01,52:06:26:03:01:DA,-78,MFG_4C000215FDA50693A4E24FB1AFCFC6EB0764782500010002D8,4.6,Yes,mattress,0.0
6147117,ANCHOR_01,52:06:26:03:01:DA,-86,MFG_4C000215FDA50693A4E24FB1AFCFC6EB0764782500010002D8,4.6,Yes,mattress,0.0
6148127,ANCHOR_01,52:06:26:03:01:DA,-88,MFG_4C000215FDA50693A4E24FB1AFCFC6EB0764782500010002D8,4.6,Yes,mattress,0.0
6149137,ANCHOR_01,52:06:26:03:01:DA,-78,MFG_4C000215FDA50693A4E24FB1AFCFC6EB0764782500010002D8,4.6,Yes,mattress,0.0
6150127,ANCHOR_01,52:06:26:03:01:DA,-78,MFG_4C000215FDA50693A4E24FB1AFCFC6EB0764782500010002D8,4.6,Yes,mattress,0.0
6151137,ANCHOR_01,52:06:26:03:01:DA,-78,MFG_4C000215FDA50693A4E24FB1AFCFC6EB0764782500010002D8,4.6,Yes,mattress,0.0
6152147,ANCHOR_01,52:06:26:03:01:DA,-79,MFG_4C000215FDA50693A4E24FB1AFCFC6EB0764782500010002D8,4.6,Yes,mattress,0.0
6153167,ANCHOR_01,52:06:26:03:01:DA,-86,MFG_4C000215FDA50693A4E24FB1AFCFC6EB0764782500010002D8,4.6,Yes,mattress,0.0
6154157,ANCHOR_01,52:06:26:03:01:DA,-87,MFG_4C000215FDA50693A4E24FB1AFCFC6EB0764782500010002D8,4.6,Yes,mattress,0.0
6156167,ANCHOR_01,52:06:26:03:01:DA,-78,MFG_4C000215FDA50693A4E24FB1AFCFC6EB0764782500010002D8,4.6,Yes,mattress,0.0
6157157,ANCHOR_01,52:06:26:03:01:DA,-79,MFG_4C000215FDA50693A4E24FB1AFCFC6EB0764782500010002D8,4.6,Yes,mattress,0.0
6158177,ANCHOR_01,52:06:26:03:01:DA,-78,MFG_4C000215FDA50693A4E24FB1AFCFC6EB0764782500010002D8,4.6,Yes,mattress,0.0
6160177,ANCHOR_01,52:06:26:03:01:DA,-85,MFG_4C000215FDA50693A4E24FB1AFCFC6EB0764782500010002D8,4.6,Yes,mattress,0.0
6161177,ANCHOR_01,52:06:26:03:01:DA,-86,MFG_4C000215FDA50693A4E24FB1AFCFC6EB0764782500010002D8,4.6,Yes,mattress,0.0
6162187,ANCHOR_01,52:06:26:03:01:DA,-78,MFG_4C000215FDA50693A4E24FB1AFCFC6EB0764782500010002D8,4.6,Yes,mattress,0.0
6163187,ANCHOR_01,52:06:26:03:01:DA,-79,MFG_4C000215FDA50693A4E24FB1AFCFC6EB0764782500010002D8,4.6,Yes,mattress,0.0
6164207,ANCHOR_01,52:06:26:03:01:DA,-78,MFG_4C000215FDA50693A4E24FB1AFCFC6EB0764782500010002D8,4.6,Yes,mattress,0.0
6165197,ANCHOR_01,52:06:26:03:01:DA,-79,MFG_4C000215FDA50693A4E24FB1AFCFC6EB0764782500010002D8,4.6,Yes,mattress,0.0
6166197,ANCHOR_01,52:06:26:03:01:DA,-89,MFG_4C000215FDA50693A4E24FB1AFCFC6EB0764782500010002D8,4.6,Yes,mattress,0.0
6167207,ANCHOR_01,52:06:26:03:01:DA,-85,MFG_4C000215FDA50693A4E24FB1AFCFC6EB0764782500010002D8,4.6,Yes,mattress,0.0
6168217,ANCHOR_01,52:06:26:03:01:DA,-78,MFG_4C000215FDA50693A4E24FB1AFCFC6EB0764782500010002D8,4.6,Yes,mattress,0.0
6170237,ANCHOR_01,52:06:26:03:01:DA,-79,MFG_4C000215FDA50693A4E24FB1AFCFC6EB0764782500010002D8,4.6,Yes,mattress,0.0
6171217,ANCHOR_01,52:06:26:03:01:DA,-79,MFG_4C000215FDA50693A4E24FB1AFCFC6EB0764782500010002D8,4.6,Yes,mattress,0.0
6172227,ANCHOR_01,52:06:26:03:01:DA,-86,MFG_4C000215FDA50693A4E24FB1AFCFC6EB0764782500010002D8,4.6,Yes,mattress,0.0
6173237,ANCHOR_01,52:06:26:03:01:DA,-86,MFG_4C000215FDA50693A4E24FB1AFCFC6EB0764782500010002D8,4.6,Yes,mattress,0.0
6174247,ANCHOR_01,52:06:26:03:01:DA,-78,MFG_4C000215FDA50693A4E24FB1AFCFC6EB0764782500010002D8,4.6,Yes,mattress,0.0
6175247,ANCHOR_01,52:06:26:03:01:DA,-78,MFG_4C000215FDA50693A4E24FB1AFCFC6EB0764782500010002D8,4.6,Yes,mattress,0.0
6176257,ANCHOR_01,52:06:26:03:01:DA,-79,MFG_4C000215FDA50693A4E24FB1AFCFC6EB0764782500010002D8,4.6,Yes,mattress,0.0
6178267,ANCHOR_01,52:06:26:03:01:DA,-89,MFG_4C000215FDA50693A4E24FB1AFCFC6EB0764782500010002D8,4.6,Yes,mattress,0.0
6180287,ANCHOR_01,52:06:26:03:01:DA,-78,MFG_4C000215FDA50693A4E24FB1AFCFC6EB0764782500010002D8,4.6,Yes,mattress,0.0
6181267,ANCHOR_01,52:06:26:03:01:DA,-78,MFG_4C000215FDA50693A4E24FB1AFCFC6EB0764782500010002D8,4.6,Yes,mattress,0.0
6182287,ANCHOR_01,52:06:26:03:01:DA,-79,MFG_4C000215FDA50693A4E24FB1AFCFC6EB0764782500010002D8,4.6,Yes,mattress,0.0
6183287,ANCHOR_01,52:06:26:03:01:DA,-79,MFG_4C000215FDA50693A4E24FB1AFCFC6EB0764782500010002D8,4.6,Yes,mattress,0.0
6184307,ANCHOR_01,52:06:26:03:01:DA,-87,MFG_4C000215FDA50693A4E24FB1AFCFC6EB0764782500010002D8,4.6,Yes,mattress,0.0
6186307,ANCHOR_01,52:06:26:03:01:DA,-78,MFG_4C000215FDA50693A4E24FB1AFCFC6EB0764782500010002D8,4.6,Yes,mattress,0.0
6187307,ANCHOR_01,52:06:26:03:01:DA,-78,MFG_4C000215FDA50693A4E24FB1AFCFC6EB0764782500010002D8,4.6,Yes,mattress,0.0
6188327,ANCHOR_01,52:06:26:03:01:DA,-79,MFG_4C000215FDA50693A4E24FB1AFCFC6EB0764782500010002D8,4.6,Yes,mattress,0.0
6189317,ANCHOR_01,52:06:26:03:01:DA,-79,MFG_4C000215FDA50693A4E24FB1AFCFC6EB0764782500010002D8,4.6,Yes,mattress,0.0
6190327,ANCHOR_01,52:06:26:03:01:DA,-87,MFG_4C000215FDA50693A4E24FB1AFCFC6EB0764782500010002D8,4.6,Yes,mattress,0.0
6191327,ANCHOR_01,52:06:26:03:01:DA,-86,MFG_4C000215FDA50693A4E24FB1AFCFC6EB0764782500010002D8,4.6,Yes,mattress,0.0
6192327,ANCHOR_01,52:06:26:03:01:DA,-78,MFG_4C000215FDA50693A4E24FB1AFCFC6EB0764782500010002D8,4.6,Yes,mattress,0.0
6193337,ANCHOR_01,52:06:26:03:01:DA,-78,MFG_4C000215FDA50693A4E24FB1AFCFC6EB0764782500010002D8,4.6,Yes,mattress,0.0
6194337,ANCHOR_01,52:06:26:03:01:DA,-79,MFG_4C000215FDA50693A4E24FB1AFCFC6EB0764782500010002D8,4.6,Yes,mattress,0.0
6195377,ANCHOR_01,52:06:26:03:01:DA,-86,MFG_4C000215FDA50693A4E24FB1AFCFC6EB0764782500010002D8,4.6,Yes,mattress,0.0
6197357,ANCHOR_01,52:06:26:03:01:DA,-89,MFG_4C000215FDA50693A4E24FB1AFCFC6EB0764782500010002D8,4.6,Yes,mattress,0.0
6198377,ANCHOR_01,52:06:26:03:01:DA,-78,MFG_4C000215FDA50693A4E24FB1AFCFC6EB0764782500010002D8,4.6,Yes,mattress,0.0
6199357,ANCHOR_01,52:06:26:03:01:DA,-78,MFG_4C000215FDA50693A4E24FB1AFCFC6EB0764782500010002D8,4.6,Yes,mattress,0.0
6200377,ANCHOR_01,52:06:26:03:01:DA,-80,MFG_4C000215FDA50693A4E24FB1AFCFC6EB0764782500010002D8,4.6,Yes,mattress,0.0
6202397,ANCHOR_01,52:06:26:03:01:DA,-89,MFG_4C000215FDA50693A4E24FB1AFCFC6EB0764782500010002D8,4.6,Yes,mattress,0.0
6204407,ANCHOR_01,52:06:26:03:01:DA,-78,MFG_4C000215FDA50693A4E24FB1AFCFC6EB0764782500010002D8,4.6,Yes,mattress,0.0
6205397,ANCHOR_01,52:06:26:03:01:DA,-78,MFG_4C000215FDA50693A4E24FB1AFCFC6EB0764782500010002D8,4.6,Yes,mattress,0.0
6207407,ANCHOR_01,52:06:26:03:01:DA,-78,MFG_4C000215FDA50693A4E24FB1AFCFC6EB0764782500010002D8,4.6,Yes,mattress,0.0
6208407,ANCHOR_01,52:06:26:03:01:DA,-89,MFG_4C000215FDA50693A4E24FB1AFCFC6EB0764782500010002D8,4.6,Yes,mattress,0.0
6209417,ANCHOR_01,52:06:26:03:01:DA,-91,MFG_4C000215FDA50693A4E24FB1AFCFC6EB0764782500010002D8,4.6,Yes,mattress,0.0
6210437,ANCHOR_01,52:06:26:03:01:DA,-78,MFG_4C000215FDA50693A4E24FB1AFCFC6EB0764782500010002D8,4.6,Yes,mattress,0.0
6211427,ANCHOR_01,52:06:26:03:01:DA,-78,MFG_4C000215FDA50693A4E24FB1AFCFC6EB0764782500010002D8,4.6,Yes,mattress,0.0
6212447,ANCHOR_01,52:06:26:03:01:DA,-79,MFG_4C000215FDA50693A4E24FB1AFCFC6EB0764782500010002D8,4.6,Yes,mattress,0.0
6213437,ANCHOR_01,52:06:26:03:01:DA,-79,MFG_4C000215FDA50693A4E24FB1AFCFC6EB0764782500010002D8,4.6,Yes,mattress,0.0
6214457,ANCHOR_01,52:06:26:03:01:DA,-86,MFG_4C000215FDA50693A4E24FB1AFCFC6EB0764782500010002D8,4.6,Yes,mattress,0.0
6216467,ANCHOR_01,52:06:26:03:01:DA,-78,MFG_4C000215FDA50693A4E24FB1AFCFC6EB0764782500010002D8,4.6,Yes,mattress,0.0
6217457,ANCHOR_01,52:06:26:03:01:DA,-78,MFG_4C000215FDA50693A4E24FB1AFCFC6EB0764782500010002D8,4.6,Yes,mattress,0.0
6218477,ANCHOR_01,52:06:26:03:01:DA,-79,MFG_4C000215FDA50693A4E24FB1AFCFC6EB0764782500010002D8,4.6,Yes,mattress,0.0
6219497,ANCHOR_01,52:06:26:03:01:DA,-86,MFG_4C000215FDA50693A4E24FB1AFCFC6EB0764782500010002D8,4.6,Yes,mattress,0.0
6220477,ANCHOR_01,52:06:26:03:01:DA,-90,MFG_4C000215FDA50693A4E24FB1AFCFC6EB0764782500010002D8,4.6,Yes,mattress,0.0
6222497,ANCHOR_01,52:06:26:03:01:DA,-77,MFG_4C000215FDA50693A4E24FB1AFCFC6EB0764782500010002D8,4.6,Yes,mattress,0.0
6223487,ANCHOR_01,52:06:26:03:01:DA,-78,MFG_4C000215FDA50693A4E24FB1AFCFC6EB0764782500010002D8,4.6,Yes,mattress,0.0
6224487,ANCHOR_01,52:06:26:03:01:DA,-78,MFG_4C000215FDA50693A4E24FB1AFCFC6EB0764782500010002D8,4.6,Yes,mattress,0.0
6225497,ANCHOR_01,52:06:26:03:01:DA,-79,MFG_4C000215FDA50693A4E24FB1AFCFC6EB0764782500010002D8,4.6,Yes,mattress,0.0
6226517,ANCHOR_01,52:06:26:03:01:DA,-87,MFG_4C000215FDA50693A4E24FB1AFCFC6EB0764782500010002D8,4.6,Yes,mattress,0.0
6227507,ANCHOR_01,52:06:26:03:01:DA,-88,MFG_4C000215FDA50693A4E24FB1AFCFC6EB0764782500010002D8,4.6,Yes,mattress,0.0
6228507,ANCHOR_01,52:06:26:03:01:DA,-78,MFG_4C000215FDA50693A4E24FB1AFCFC6EB0764782500010002D8,4.6,Yes,mattress,0.0
6229517,ANCHOR_01,52:06:26:03:01:DA,-79,MFG_4C000215FDA50693A4E24FB1AFCFC6EB0764782500010002D8,4.6,Yes,mattress,0.0
6230537,ANCHOR_01,52:06:26:03:01:DA,-78,MFG_4C000215FDA50693A4E24FB1AFCFC6EB0764782500010002D8,4.6,Yes,mattress,0.0
6231527,ANCHOR_01,52:06:26:03:01:DA,-79,MFG_4C000215FDA50693A4E24FB1AFCFC6EB0764782500010002D8,4.6,Yes,mattress,0.0
6232547,ANCHOR_01,52:06:26:03:01:DA,-86,MFG_4C000215FDA50693A4E24FB1AFCFC6EB0764782500010002D8,4.6,Yes,mattress,0.0
6233537,ANCHOR_01,52:06:26:03:01:DA,-88,MFG_4C000215FDA50693A4E24FB1AFCFC6EB0764782500010002D8,4.6,Yes,mattress,0.0
6234557,ANCHOR_01,52:06:26:03:01:DA,-79,MFG_4C000215FDA50693A4E24FB1AFCFC6EB0764782500010002D8,4.6,Yes,mattress,0.0
6235537,ANCHOR_01,52:06:26:03:01:DA,-78,MFG_4C000215FDA50693A4E24FB1AFCFC6EB0764782500010002D8,4.6,Yes,mattress,0.0
6236537,ANCHOR_01,52:06:26:03:01:DA,-78,MFG_4C000215FDA50693A4E24FB1AFCFC6EB0764782500010002D8,4.6,Yes,mattress,0.0
6237557,ANCHOR_01,52:06:26:03:01:DA,-79,MFG_4C000215FDA50693A4E24FB1AFCFC6EB0764782500010002D8,4.6,Yes,mattress,0.0
6238547,ANCHOR_01,52:06:26:03:01:DA,-79,MFG_4C000215FDA50693A4E24FB1AFCFC6EB0764782500010002D8,4.6,Yes,mattress,0.0
6239567,ANCHOR_01,52:06:26:03:01:DA,-86,MFG_4C000215FDA50693A4E24FB1AFCFC6EB0764782500010002D8,4.6,Yes,mattress,0.0
6240557,ANCHOR_01,52:06:26:03:01:DA,-90,MFG_4C000215FDA50693A4E24FB1AFCFC6EB0764782500010002D8,4.6,Yes,mattress,0.0
6241577,ANCHOR_01,52:06:26:03:01:DA,-78,MFG_4C000215FDA50693A4E24FB1AFCFC6EB0764782500010002D8,4.6,Yes,mattress,0.0
6242567,ANCHOR_01,52:06:26:03:01:DA,-78,MFG_4C000215FDA50693A4E24FB1AFCFC6EB0764782500010002D8,4.6,Yes,mattress,0.0
6243587,ANCHOR_01,52:06:26:03:01:DA,-78,MFG_4C000215FDA50693A4E24FB1AFCFC6EB0764782500010002D8,4.6,Yes,mattress,0.0
6244587,ANCHOR_01,52:06:26:03:01:DA,-87,MFG_4C000215FDA50693A4E24FB1AFCFC6EB0764782500010002D8,4.6,Yes,mattress,0.0
6245597,ANCHOR_01,52:06:26:03:01:DA,-86,MFG_4C000215FDA50693A4E24FB1AFCFC6EB0764782500010002D8,4.6,Yes,mattress,0.0
6246617,ANCHOR_01,52:06:26:03:01:DA,-78,MFG_4C000215FDA50693A4E24FB1AFCFC6EB0764782500010002D8,4.6,Yes,mattress,0.0
6247607,ANCHOR_01,52:06:26:03:01:DA,-78,MFG_4C000215FDA50693A4E24FB1AFCFC6EB0764782500010002D8,4.6,Yes,mattress,0.0
6248627,ANCHOR_01,52:06:26:03:01:DA,-78,MFG_4C000215FDA50693A4E24FB1AFCFC6EB0764782500010002D8,4.6,Yes,mattress,0.0
6249617,ANCHOR_01,52:06:26:03:01:DA,-78,MFG_4C000215FDA50693A4E24FB1AFCFC6EB0764782500010002D8,4.6,Yes,mattress,0.0
6250637,ANCHOR_01,52:06:26:03:01:DA,-85,MFG_4C000215FDA50693A4E24FB1AFCFC6EB0764782500010002D8,4.6,Yes,mattress,0.0
6251627,ANCHOR_01,52:06:26:03:01:DA,-88,MFG_4C000215FDA50693A4E24FB1AFCFC6EB0764782500010002D8,4.6,Yes,mattress,0.0
6252647,ANCHOR_01,52:06:26:03:01:DA,-78,MFG_4C000215FDA50693A4E24FB1AFCFC6EB0764782500010002D8,4.6,Yes,mattress,0.0
6253637,ANCHOR_01,52:06:26:03:01:DA,-78,MFG_4C000215FDA50693A4E24FB1AFCFC6EB0764782500010002D8,4.6,Yes,mattress,0.0
6254657,ANCHOR_01,52:06:26:03:01:DA,-79,MFG_4C000215FDA50693A4E24FB1AFCFC6EB0764782500010002D8,4.6,Yes,mattress,0.0
6255677,ANCHOR_01,52:06:26:03:01:DA,-86,MFG_4C000215FDA50693A4E24FB1AFCFC6EB0764782500010002D8,4.6,Yes,mattress,0.0
6256647,ANCHOR_01,52:06:26:03:01:DA,-87,MFG_4C000215FDA50693A4E24FB1AFCFC6EB0764782500010002D8,4.6,Yes,mattress,0.0
6257657,ANCHOR_01,52:06:26:03:01:DA,-89,MFG_4C000215FDA50693A4E24FB1AFCFC6EB0764782500010002D8,4.6,Yes,mattress,0.0
6258677,ANCHOR_01,52:06:26:03:01:DA,-78,MFG_4C000215FDA50693A4E24FB1AFCFC6EB0764782500010002D8,4.6,Yes,mattress,0.0
6259667,ANCHOR_01,52:06:26:03:01:DA,-78,MFG_4C000215FDA50693A4E24FB1AFCFC6EB0764782500010002D8,4.6,Yes,mattress,0.0
6260687,ANCHOR_01,52:06:26:03:01:DA,-79,MFG_4C000215FDA50693A4E24FB1AFCFC6EB0764782500010002D8,4.6,Yes,mattress,0.0
6261677,ANCHOR_01,52:06:26:03:01:DA,-79,MFG_4C000215FDA50693A4E24FB1AFCFC6EB0764782500010002D8,4.6,Yes,mattress,0.0
6262697,ANCHOR_01,52:06:26:03:01:DA,-85,MFG_4C000215FDA50693A4E24FB1AFCFC6EB0764782500010002D8,4.6,Yes,mattress,0.0
6263687,ANCHOR_01,52:06:26:03:01:DA,-86,MFG_4C000215FDA50693A4E24FB1AFCFC6EB0764782500010002D8,4.6,Yes,mattress,0.0
6264707,ANCHOR_01,52:06:26:03:01:DA,-78,MFG_4C000215FDA50693A4E24FB1AFCFC6EB0764782500010002D8,4.6,Yes,mattress,0.0
6265687,ANCHOR_01,52:06:26:03:01:DA,-78,MFG_4C000215FDA50693A4E24FB1AFCFC6EB0764782500010002D8,4.6,Yes,mattress,0.0
6266687,ANCHOR_01,52:06:26:03:01:DA,-78,MFG_4C000215FDA50693A4E24FB1AFCFC6EB0764782500010002D8,4.6,Yes,mattress,0.0
6267707,ANCHOR_01,52:06:26:03:01:DA,-78,MFG_4C000215FDA50693A4E24FB1AFCFC6EB0764782500010002D8,4.6,Yes,mattress,0.0
6269717,ANCHOR_01,52:06:26:03:01:DA,-87,MFG_4C000215FDA50693A4E24FB1AFCFC6EB0764782500010002D8,4.6,Yes,mattress,0.0
6270727,ANCHOR_01,52:06:26:03:01:DA,-78,MFG_4C000215FDA50693A4E24FB1AFCFC6EB0764782500010002D8,4.6,Yes,mattress,0.0
6271727,ANCHOR_01,52:06:26:03:01:DA,-78,MFG_4C000215FDA50693A4E24FB1AFCFC6EB0764782500010002D8,4.6,Yes,mattress,0.0
6272747,ANCHOR_01,52:06:26:03:01:DA,-78,MFG_4C000215FDA50693A4E24FB1AFCFC6EB0764782500010002D8,4.6,Yes,mattress,0.0
6273737,ANCHOR_01,52:06:26:03:01:DA,-79,MFG_4C000215FDA50693A4E24FB1AFCFC6EB0764782500010002D8,4.6,Yes,mattress,0.0
6274757,ANCHOR_01,52:06:26:03:01:DA,-86,MFG_4C000215FDA50693A4E24FB1AFCFC6EB0764782500010002D8,4.6,Yes,mattress,0.0
6275747,ANCHOR_01,52:06:26:03:01:DA,-87,MFG_4C000215FDA50693A4E24FB1AFCFC6EB0764782500010002D8,4.6,Yes,mattress,0.0
6276767,ANCHOR_01,52:06:26:03:01:DA,-78,MFG_4C000215FDA50693A4E24FB1AFCFC6EB0764782500010002D8,4.6,Yes,mattress,0.0
6277757,ANCHOR_01,52:06:26:03:01:DA,-78,MFG_4C000215FDA50693A4E24FB1AFCFC6EB0764782500010002D8,4.6,Yes,mattress,0.0
6278777,ANCHOR_01,52:06:26:03:01:DA,-80,MFG_4C000215FDA50693A4E24FB1AFCFC6EB0764782500010002D8,4.6,Yes,mattress,0.0
6279767,ANCHOR_01,52:06:26:03:01:DA,-79,MFG_4C000215FDA50693A4E24FB1AFCFC6EB0764782500010002D8,4.6,Yes,mattress,0.0
6280787,ANCHOR_01,52:06:26:03:01:DA,-89,MFG_4C000215FDA50693A4E24FB1AFCFC6EB0764782500010002D8,4.6,Yes,mattress,0.0
6281777,ANCHOR_01,52:06:26:03:01:DA,-88,MFG_4C000215FDA50693A4E24FB1AFCFC6EB0764782500010002D8,4.6,Yes,mattress,0.0
6282797,ANCHOR_01,52:06:26:03:01:DA,-78,MFG_4C000215FDA50693A4E24FB1AFCFC6EB0764782500010002D8,4.6,Yes,mattress,0.0
6283787,ANCHOR_01,52:06:26:03:01:DA,-79,MFG_4C000215FDA50693A4E24FB1AFCFC6EB0764782500010002D8,4.6,Yes,mattress,0.0
6284807,ANCHOR_01,52:06:26:03:01:DA,-80,MFG_4C000215FDA50693A4E24FB1AFCFC6EB0764782500010002D8,4.6,Yes,mattress,0.0
6285797,ANCHOR_01,52:06:26:03:01:DA,-78,MFG_4C000215FDA50693A4E24FB1AFCFC6EB0764782500010002D8,4.6,Yes,mattress,0.0
6286787,ANCHOR_01,52:06:26:03:01:DA,-78,MFG_4C000215FDA50693A4E24FB1AFCFC6EB0764782500010002D8,4.6,Yes,mattress,0.0
6287807,ANCHOR_01,52:06:26:03:01:DA,-86,MFG_4C000215FDA50693A4E24FB1AFCFC6EB0764782500010002D8,4.6,Yes,mattress,0.0
6289817,ANCHOR_01,52:06:26:03:01:DA,-78,MFG_4C000215FDA50693A4E24FB1AFCFC6EB0764782500010002D8,4.6,Yes,mattress,0.0
6290807,ANCHOR_01,52:06:26:03:01:DA,-78,MFG_4C000215FDA50693A4E24FB1AFCFC6EB0764782500010002D8,4.6,Yes,mattress,0.0
6291827,ANCHOR_01,52:06:26:03:01:DA,-79,MFG_4C000215FDA50693A4E24FB1AFCFC6EB0764782500010002D8,4.6,Yes,mattress,0.0
6292817,ANCHOR_01,52:06:26:03:01:DA,-80,MFG_4C000215FDA50693A4E24FB1AFCFC6EB0764782500010002D8,4.6,Yes,mattress,0.0
6293837,ANCHOR_01,52:06:26:03:01:DA,-86,MFG_4C000215FDA50693A4E24FB1AFCFC6EB0764782500010002D8,4.6,Yes,mattress,0.0
6294827,ANCHOR_01,52:06:26:03:01:DA,-85,MFG_4C000215FDA50693A4E24FB1AFCFC6EB0764782500010002D8,4.6,Yes,mattress,0.0
6295847,ANCHOR_01,52:06:26:03:01:DA,-78,MFG_4C000215FDA50693A4E24FB1AFCFC6EB0764782500010002D8,4.6,Yes,mattress,0.0
6296837,ANCHOR_01,52:06:26:03:01:DA,-78,MFG_4C000215FDA50693A4E24FB1AFCFC6EB0764782500010002D8,4.6,Yes,mattress,0.0
6297847,ANCHOR_01,52:06:26:03:01:DA,-78,MFG_4C000215FDA50693A4E24FB1AFCFC6EB0764782500010002D8,4.6,Yes,mattress,0.0
6298847,ANCHOR_01,52:06:26:03:01:DA,-79,MFG_4C000215FDA50693A4E24FB1AFCFC6EB0764782500010002D8,4.6,Yes,mattress,0.0
6299867,ANCHOR_01,52:06:26:03:01:DA,-89,MFG_4C000215FDA50693A4E24FB1AFCFC6EB0764782500010002D8,4.6,Yes,mattress,0.0
6300857,ANCHOR_01,52:06:26:03:01:DA,-86,MFG_4C000215FDA50693A4E24FB1AFCFC6EB0764782500010002D8,4.6,Yes,mattress,0.0
6301877,ANCHOR_01,52:06:26:03:01:DA,-78,MFG_4C000215FDA50693A4E24FB1AFCFC6EB0764782500010002D8,4.6,Yes,mattress,0.0
6302867,ANCHOR_01,52:06:26:03:01:DA,-78,MFG_4C000215FDA50693A4E24FB1AFCFC6EB0764782500010002D8,4.6,Yes,mattress,0.0
6303887,ANCHOR_01,52:06:26:03:01:DA,-79,MFG_4C000215FDA50693A4E24FB1AFCFC6EB0764782500010002D8,4.6,Yes,mattress,0.0
6304877,ANCHOR_01,52:06:26:03:01:DA,-79,MFG_4C000215FDA50693A4E24FB1AFCFC6EB0764782500010002D8,4.6,Yes,mattress,0.0
6305897,ANCHOR_01,52:06:26:03:01:DA,-87,MFG_4C000215FDA50693A4E24FB1AFCFC6EB0764782500010002D8,4.6,Yes,mattress,0.0
6306877,ANCHOR_01,52:06:26:03:01:DA,-87,MFG_4C000215FDA50693A4E24FB1AFCFC6EB0764782500010002D8,4.6,Yes,mattress,0.0
6308897,ANCHOR_01,52:06:26:03:01:DA,-78,MFG_4C000215FDA50693A4E24FB1AFCFC6EB0764782500010002D8,4.6,Yes,mattress,0.0
6309897,ANCHOR_01,52:06:26:03:01:DA,-79,MFG_4C000215FDA50693A4E24FB1AFCFC6EB0764782500010002D8,4.6,Yes,mattress,0.0
6310907,ANCHOR_01,52:06:26:03:01:DA,-79,MFG_4C000215FDA50693A4E24FB1AFCFC6EB0764782500010002D8,4.6,Yes,mattress,0.0
6312917,ANCHOR_01,52:06:26:03:01:DA,-89,MFG_4C000215FDA50693A4E24FB1AFCFC6EB0764782500010002D8,4.6,Yes,mattress,0.0
6314927,ANCHOR_01,52:06:26:03:01:DA,-78,MFG_4C000215FDA50693A4E24FB1AFCFC6EB0764782500010002D8,4.6,Yes,mattress,0.0
6315917,ANCHOR_01,52:06:26:03:01:DA,-78,MFG_4C000215FDA50693A4E24FB1AFCFC6EB0764782500010002D8,4.6,Yes,mattress,0.0
6316927,ANCHOR_01,52:06:26:03:01:DA,-78,MFG_4C000215FDA50693A4E24FB1AFCFC6EB0764782500010002D8,4.6,Yes,mattress,0.0
6318947,ANCHOR_01,52:06:26:03:01:DA,-88,MFG_4C000215FDA50693A4E24FB1AFCFC6EB0764782500010002D8,4.6,Yes,mattress,0.0
6319937,ANCHOR_01,52:06:26:03:01:DA,-86,MFG_4C000215FDA50693A4E24FB1AFCFC6EB0764782500010002D8,4.6,Yes,mattress,0.0
6320957,ANCHOR_01,52:06:26:03:01:DA,-78,MFG_4C000215FDA50693A4E24FB1AFCFC6EB0764782500010002D8,4.6,Yes,mattress,0.0
6321947,ANCHOR_01,52:06:26:03:01:DA,-78,MFG_4C000215FDA50693A4E24FB1AFCFC6EB0764782500010002D8,4.6,Yes,mattress,0.0
6322967,ANCHOR_01,52:06:26:03:01:DA,-79,MFG_4C000215FDA50693A4E24FB1AFCFC6EB0764782500010002D8,4.6,Yes,mattress,0.0
6323957,ANCHOR_01,52:06:26:03:01:DA,-78,MFG_4C000215FDA50693A4E24FB1AFCFC6EB0764782500010002D8,4.6,Yes,mattress,0.0
6324957,ANCHOR_01,52:06:26:03:01:DA,-90,MFG_4C000215FDA50693A4E24FB1AFCFC6EB0764782500010002D8,4.6,Yes,mattress,0.0
6325967,ANCHOR_01,52:06:26:03:01:DA,-86,MFG_4C000215FDA50693A4E24FB1AFCFC6EB0764782500010002D8,4.6,Yes,mattress,0.0
6326967,ANCHOR_01,52:06:26:03:01:DA,-78,MFG_4C000215FDA50693A4E24FB1AFCFC6EB0764782500010002D8,4.6,Yes,mattress,0.0
6327977,ANCHOR_01,52:06:26:03:01:DA,-78,MFG_4C000215FDA50693A4E24FB1AFCFC6EB0764782500010002D8,4.6,Yes,mattress,0.0
6328997,ANCHOR_01,52:06:26:03:01:DA,-79,MFG_4C000215FDA50693A4E24FB1AFCFC6EB0764782500010002D8,4.6,Yes,mattress,0.0
6329987,ANCHOR_01,52:06:26:03:01:DA,-78,MFG_4C000215FDA50693A4E24FB1AFCFC6EB0764782500010002D8,4.6,Yes,mattress,0.0
6331007,ANCHOR_01,52:06:26:03:01:DA,-90,MFG_4C000215FDA50693A4E24FB1AFCFC6EB0764782500010002D8,4.6,Yes,mattress,0.0
6331997,ANCHOR_01,52:06:26:03:01:DA,-88,MFG_4C000215FDA50693A4E24FB1AFCFC6EB0764782500010002D8,4.6,Yes,mattress,0.0
6333017,ANCHOR_01,52:06:26:03:01:DA,-78,MFG_4C000215FDA50693A4E24FB1AFCFC6EB0764782500010002D8,4.6,Yes,mattress,0.0
6333997,ANCHOR_01,52:06:26:03:01:DA,-78,MFG_4C000215FDA50693A4E24FB1AFCFC6EB0764782500010002D8,4.6,Yes,mattress,0.0
6335027,ANCHOR_01,52:06:26:03:01:DA,-78,MFG_4C000215FDA50693A4E24FB1AFCFC6EB0764782500010002D8,4.6,Yes,mattress,0.0
6336007,ANCHOR_01,52:06:26:03:01:DA,-78,MFG_4C000215FDA50693A4E24FB1AFCFC6EB0764782500010002D8,4.6,Yes,mattress,0.0
6337037,ANCHOR_01,52:06:26:03:01:DA,-85,MFG_4C000215FDA50693A4E24FB1AFCFC6EB0764782500010002D8,4.6,Yes,mattress,0.0
6338027,ANCHOR_01,52:06:26:03:01:DA,-89,MFG_4C000215FDA50693A4E24FB1AFCFC6EB0764782500010002D8,4.6,Yes,mattress,0.0
6340037,ANCHOR_01,52:06:26:03:01:DA,-78,MFG_4C000215FDA50693A4E24FB1AFCFC6EB0764782500010002D8,4.6,Yes,mattress,0.0
6341027,ANCHOR_01,52:06:26:03:01:DA,-78,MFG_4C000215FDA50693A4E24FB1AFCFC6EB0764782500010002D8,4.6,Yes,mattress,0.0
6342037,ANCHOR_01,52:06:26:03:01:DA,-78,MFG_4C000215FDA50693A4E24FB1AFCFC6EB0764782500010002D8,4.6,Yes,mattress,0.0
6343067,ANCHOR_01,52:06:26:03:01:DA,-85,MFG_4C000215FDA50693A4E24FB1AFCFC6EB0764782500010002D8,4.6,Yes,mattress,0.0
6344057,ANCHOR_01,52:06:26:03:01:DA,-85,MFG_4C000215FDA50693A4E24FB1AFCFC6EB0764782500010002D8,4.6,Yes,mattress,0.0
6345057,ANCHOR_01,52:06:26:03:01:DA,-78,MFG_4C000215FDA50693A4E24FB1AFCFC6EB0764782500010002D8,4.6,Yes,mattress,0.0
6346067,ANCHOR_01,52:06:26:03:01:DA,-78,MFG_4C000215FDA50693A4E24FB1AFCFC6EB0764782500010002D8,4.6,Yes,mattress,0.0
6347087,ANCHOR_01,52:06:26:03:01:DA,-78,MFG_4C000215FDA50693A4E24FB1AFCFC6EB0764782500010002D8,4.6,Yes,mattress,0.0
6348077,ANCHOR_01,52:06:26:03:01:DA,-79,MFG_4C000215FDA50693A4E24FB1AFCFC6EB0764782500010002D8,4.6,Yes,mattress,0.0
6349097,ANCHOR_01,52:06:26:03:01:DA,-89,MFG_4C000215FDA50693A4E24FB1AFCFC6EB0764782500010002D8,4.6,Yes,mattress,0.0
6350087,ANCHOR_01,52:06:26:03:01:DA,-86,MFG_4C000215FDA50693A4E24FB1AFCFC6EB0764782500010002D8,4.6,Yes,mattress,0.0
6351107,ANCHOR_01,52:06:26:03:01:DA,-78,MFG_4C000215FDA50693A4E24FB1AFCFC6EB0764782500010002D8,4.6,Yes,mattress,0.0
6352097,ANCHOR_01,52:06:26:03:01:DA,-78,MFG_4C000215FDA50693A4E24FB1AFCFC6EB0764782500010002D8,4.6,Yes,mattress,0.0
6353117,ANCHOR_01,52:06:26:03:01:DA,-78,MFG_4C000215FDA50693A4E24FB1AFCFC6EB0764782500010002D8,4.6,Yes,mattress,0.0
6354107,ANCHOR_01,52:06:26:03:01:DA,-78,MFG_4C000215FDA50693A4E24FB1AFCFC6EB0764782500010002D8,4.6,Yes,mattress,0.0
6355127,ANCHOR_01,52:06:26:03:01:DA,-89,MFG_4C000215FDA50693A4E24FB1AFCFC6EB0764782500010002D8,4.6,Yes,mattress,0.0
6356117,ANCHOR_01,52:06:26:03:01:DA,-86,MFG_4C000215FDA50693A4E24FB1AFCFC6EB0764782500010002D8,4.6,Yes,mattress,0.0
6357117,ANCHOR_01,52:06:26:03:01:DA,-78,MFG_4C000215FDA50693A4E24FB1AFCFC6EB0764782500010002D8,4.6,Yes,mattress,0.0
6358127,ANCHOR_01,52:06:26:03:01:DA,-78,MFG_4C000215FDA50693A4E24FB1AFCFC6EB0764782500010002D8,4.6,Yes,mattress,0.0
6359147,ANCHOR_01,52:06:26:03:01:DA,-78,MFG_4C000215FDA50693A4E24FB1AFCFC6EB0764782500010002D8,4.6,Yes,mattress,0.0
6360137,ANCHOR_01,52:06:26:03:01:DA,-78,MFG_4C000215FDA50693A4E24FB1AFCFC6EB0764782500010002D8,4.6,Yes,mattress,0.0
6361157,ANCHOR_01,52:06:26:03:01:DA,-87,MFG_4C000215FDA50693A4E24FB1AFCFC6EB0764782500010002D8,4.6,Yes,mattress,0.0
6362147,ANCHOR_01,52:06:26:03:01:DA,-87,MFG_4C000215FDA50693A4E24FB1AFCFC6EB0764782500010002D8,4.6,Yes,mattress,0.0
6363167,ANCHOR_01,52:06:26:03:01:DA,-77,MFG_4C000215FDA50693A4E24FB1AFCFC6EB0764782500010002D8,4.6,Yes,mattress,0.0
6364157,ANCHOR_01,52:06:26:03:01:DA,-78,MFG_4C000215FDA50693A4E24FB1AFCFC6EB0764782500010002D8,4.6,Yes,mattress,0.0
6365167,ANCHOR_01,52:06:26:03:01:DA,-79,MFG_4C000215FDA50693A4E24FB1AFCFC6EB0764782500010002D8,4.6,Yes,mattress,0.0
6366197,ANCHOR_01,52:06:26:03:01:DA,-87,MFG_4C000215FDA50693A4E24FB1AFCFC6EB0764782500010002D8,4.6,Yes,mattress,0.0
6367177,ANCHOR_01,52:06:26:03:01:DA,-89,MFG_4C000215FDA50693A4E24FB1AFCFC6EB0764782500010002D8,4.6,Yes,mattress,0.0
6369197,ANCHOR_01,52:06:26:03:01:DA,-78,MFG_4C000215FDA50693A4E24FB1AFCFC6EB0764782500010002D8,4.6,Yes,mattress,0.0
6371207,ANCHOR_01,52:06:26:03:01:DA,-79,MFG_4C000215FDA50693A4E24FB1AFCFC6EB0764782500010002D8,4.6,Yes,mattress,0.0
6372227,ANCHOR_01,52:06:26:03:01:DA,-85,MFG_4C000215FDA50693A4E24FB1AFCFC6EB0764782500010002D8,4.6,Yes,mattress,0.0
6374237,ANCHOR_01,52:06:26:03:01:DA,-78,MFG_4C000215FDA50693A4E24FB1AFCFC6EB0764782500010002D8,4.6,Yes,mattress,0.0
6375217,ANCHOR_01,52:06:26:03:01:DA,-78,MFG_4C000215FDA50693A4E24FB1AFCFC6EB0764782500010002D8,4.6,Yes,mattress,0.0
6376247,ANCHOR_01,52:06:26:03:01:DA,-79,MFG_4C000215FDA50693A4E24FB1AFCFC6EB0764782500010002D8,4.6,Yes,mattress,0.0
6378257,ANCHOR_01,52:06:26:03:01:DA,-86,MFG_4C000215FDA50693A4E24FB1AFCFC6EB0764782500010002D8,4.6,Yes,mattress,0.0
6380247,ANCHOR_01,52:06:26:03:01:DA,-78,MFG_4C000215FDA50693A4E24FB1AFCFC6EB0764782500010002D8,4.6,Yes,mattress,0.0
6382277,ANCHOR_01,52:06:26:03:01:DA,-78,MFG_4C000215FDA50693A4E24FB1AFCFC6EB0764782500010002D8,4.6,Yes,mattress,0.0
6384287,ANCHOR_01,52:06:26:03:01:DA,-88,MFG_4C000215FDA50693A4E24FB1AFCFC6EB0764782500010002D8,4.6,Yes,mattress,0.0
6385277,ANCHOR_01,52:06:26:03:01:DA,-87,MFG_4C000215FDA50693A4E24FB1AFCFC6EB0764782500010002D8,4.6,Yes,mattress,0.0
6386297,ANCHOR_01,52:06:26:03:01:DA,-78,MFG_4C000215FDA50693A4E24FB1AFCFC6EB0764782500010002D8,4.6,Yes,mattress,0.0
6387277,ANCHOR_01,52:06:26:03:01:DA,-78,MFG_4C000215FDA50693A4E24FB1AFCFC6EB0764782500010002D8,4.6,Yes,mattress,0.0
6388307,ANCHOR_01,52:06:26:03:01:DA,-79,MFG_4C000215FDA50693A4E24FB1AFCFC6EB0764782500010002D8,4.6,Yes,mattress,0.0
6389297,ANCHOR_01,52:06:26:03:01:DA,-79,MFG_4C000215FDA50693A4E24FB1AFCFC6EB0764782500010002D8,4.6,Yes,mattress,0.0
6390297,ANCHOR_01,52:06:26:03:01:DA,-87,MFG_4C000215FDA50693A4E24FB1AFCFC6EB0764782500010002D8,4.6,Yes,mattress,0.0
6391307,ANCHOR_01,52:06:26:03:01:DA,-86,MFG_4C000215FDA50693A4E24FB1AFCFC6EB0764782500010002D8,4.6,Yes,mattress,0.0
6392327,ANCHOR_01,52:06:26:03:01:DA,-78,MFG_4C000215FDA50693A4E24FB1AFCFC6EB0764782500010002D8,4.6,Yes,mattress,0.0
6393317,ANCHOR_01,52:06:26:03:01:DA,-78,MFG_4C000215FDA50693A4E24FB1AFCFC6EB0764782500010002D8,4.6,Yes,mattress,0.0
6394337,ANCHOR_01,52:06:26:03:01:DA,-79,MFG_4C000215FDA50693A4E24FB1AFCFC6EB0764782500010002D8,4.6,Yes,mattress,0.0
6395327,ANCHOR_01,52:06:26:03:01:DA,-79,MFG_4C000215FDA50693A4E24FB1AFCFC6EB0764782500010002D8,4.6,Yes,mattress,0.0
6396347,ANCHOR_01,52:06:26:03:01:DA,-89,MFG_4C000215FDA50693A4E24FB1AFCFC6EB0764782500010002D8,4.6,Yes,mattress,0.0
6397337,ANCHOR_01,52:06:26:03:01:DA,-89,MFG_4C000215FDA50693A4E24FB1AFCFC6EB0764782500010002D8,4.6,Yes,mattress,0.0
6399347,ANCHOR_01,52:06:26:03:01:DA,-79,MFG_4C000215FDA50693A4E24FB1AFCFC6EB0764782500010002D8,4.6,Yes,mattress,0.0
6400367,ANCHOR_01,52:06:26:03:01:DA,-79,MFG_4C000215FDA50693A4E24FB1AFCFC6EB0764782500010002D8,4.6,Yes,mattress,0.0
6401357,ANCHOR_01,52:06:26:03:01:DA,-78,MFG_4C000215FDA50693A4E24FB1AFCFC6EB0764782500010002D8,4.6,Yes,mattress,0.0
6402377,ANCHOR_01,52:06:26:03:01:DA,-91,MFG_4C000215FDA50693A4E24FB1AFCFC6EB0764782500010002D8,4.6,Yes,mattress,0.0
6403367,ANCHOR_01,52:06:26:03:01:DA,-89,MFG_4C000215FDA50693A4E24FB1AFCFC6EB0764782500010002D8,4.6,Yes,mattress,0.0
6405377,ANCHOR_01,52:06:26:03:01:DA,-78,MFG_4C000215FDA50693A4E24FB1AFCFC6EB0764782500010002D8,4.6,Yes,mattress,0.0
6406397,ANCHOR_01,52:06:26:03:01:DA,-79,MFG_4C000215FDA50693A4E24FB1AFCFC6EB0764782500010002D8,4.6,Yes,mattress,0.0
6407387,ANCHOR_01,52:06:26:03:01:DA,-79,MFG_4C000215FDA50693A4E24FB1AFCFC6EB0764782500010002D8,4.6,Yes,mattress,0.0
6408407,ANCHOR_01,52:06:26:03:01:DA,-89,MFG_4C000215FDA50693A4E24FB1AFCFC6EB0764782500010002D8,4.6,Yes,mattress,0.0
6410417,ANCHOR_01,52:06:26:03:01:DA,-78,MFG_4C000215FDA50693A4E24FB1AFCFC6EB0764782500010002D8,4.6,Yes,mattress,0.0
6411437,ANCHOR_01,52:06:26:03:01:DA,-79,MFG_4C000215FDA50693A4E24FB1AFCFC6EB0764782500010002D8,4.6,Yes,mattress,0.0
6412427,ANCHOR_01,52:06:26:03:01:DA,-78,MFG_4C000215FDA50693A4E24FB1AFCFC6EB0764782500010002D8,4.6,Yes,mattress,0.0
6413447,ANCHOR_01,52:06:26:03:01:DA,-85,MFG_4C000215FDA50693A4E24FB1AFCFC6EB0764782500010002D8,4.6,Yes,mattress,0.0
6414437,ANCHOR_01,52:06:26:03:01:DA,-90,MFG_4C000215FDA50693A4E24FB1AFCFC6EB0764782500010002D8,4.6,Yes,mattress,0.0
6415457,ANCHOR_01,52:06:26:03:01:DA,-78,MFG_4C000215FDA50693A4E24FB1AFCFC6EB0764782500010002D8,4.6,Yes,mattress,0.0
6416447,ANCHOR_01,52:06:26:03:01:DA,-78,MFG_4C000215FDA50693A4E24FB1AFCFC6EB0764782500010002D8,4.6,Yes,mattress,0.0
6417467,ANCHOR_01,52:06:26:03:01:DA,-79,MFG_4C000215FDA50693A4E24FB1AFCFC6EB0764782500010002D8,4.6,Yes,mattress,0.0
6418457,ANCHOR_01,52:06:26:03:01:DA,-79,MFG_4C000215FDA50693A4E24FB1AFCFC6EB0764782500010002D8,4.6,Yes,mattress,0.0
6419477,ANCHOR_01,52:06:26:03:01:DA,-85,MFG_4C000215FDA50693A4E24FB1AFCFC6EB0764782500010002D8,4.6,Yes,mattress,0.0
6420467,ANCHOR_01,52:06:26:03:01:DA,-87,MFG_4C000215FDA50693A4E24FB1AFCFC6EB0764782500010002D8,4.6,Yes,mattress,0.0
6421487,ANCHOR_01,52:06:26:03:01:DA,-78,MFG_4C000215FDA50693A4E24FB1AFCFC6EB0764782500010002D8,4.6,Yes,mattress,0.0
6422477,ANCHOR_01,52:06:26:03:01:DA,-78,MFG_4C000215FDA50693A4E24FB1AFCFC6EB0764782500010002D8,4.6,Yes,mattress,0.0
6423497,ANCHOR_01,52:06:26:03:01:DA,-79,MFG_4C000215FDA50693A4E24FB1AFCFC6EB0764782500010002D8,4.6,Yes,mattress,0.0
6424487,ANCHOR_01,52:06:26:03:01:DA,-78,MFG_4C000215FDA50693A4E24FB1AFCFC6EB0764782500010002D8,4.6,Yes,mattress,0.0
6426497,ANCHOR_01,52:06:26:03:01:DA,-86,MFG_4C000215FDA50693A4E24FB1AFCFC6EB0764782500010002D8,4.6,Yes,mattress,0.0
6427497,ANCHOR_01,52:06:26:03:01:DA,-78,MFG_4C000215FDA50693A4E24FB1AFCFC6EB0764782500010002D8,4.6,Yes,mattress,0.0
6428507,ANCHOR_01,52:06:26:03:01:DA,-78,MFG_4C000215FDA50693A4E24FB1AFCFC6EB0764782500010002D8,4.6,Yes,mattress,0.0
6429507,ANCHOR_01,52:06:26:03:01:DA,-79,MFG_4C000215FDA50693A4E24FB1AFCFC6EB0764782500010002D8,4.6,Yes,mattress,0.0
6430517,ANCHOR_01,52:06:26:03:01:DA,-79,MFG_4C000215FDA50693A4E24FB1AFCFC6EB0764782500010002D8,4.6,Yes,mattress,0.0
6431537,ANCHOR_01,52:06:26:03:01:DA,-89,MFG_4C000215FDA50693A4E24FB1AFCFC6EB0764782500010002D8,4.6,Yes,mattress,0.0
6433547,ANCHOR_01,52:06:26:03:01:DA,-78,MFG_4C000215FDA50693A4E24FB1AFCFC6EB0764782500010002D8,4.6,Yes,mattress,0.0
6434537,ANCHOR_01,52:06:26:03:01:DA,-78,MFG_4C000215FDA50693A4E24FB1AFCFC6EB0764782500010002D8,4.6,Yes,mattress,0.0
6435557,ANCHOR_01,52:06:26:03:01:DA,-78,MFG_4C000215FDA50693A4E24FB1AFCFC6EB0764782500010002D8,4.6,Yes,mattress,0.0
6436547,ANCHOR_01,52:06:26:03:01:DA,-79,MFG_4C000215FDA50693A4E24FB1AFCFC6EB0764782500010002D8,4.6,Yes,mattress,0.0
6437557,ANCHOR_01,52:06:26:03:01:DA,-85,MFG_4C000215FDA50693A4E24FB1AFCFC6EB0764782500010002D8,4.6,Yes,mattress,0.0
6438557,ANCHOR_01,52:06:26:03:01:DA,-86,MFG_4C000215FDA50693A4E24FB1AFCFC6EB0764782500010002D8,4.6,Yes,mattress,0.0
6439577,ANCHOR_01,52:06:26:03:01:DA,-79,MFG_4C000215FDA50693A4E24FB1AFCFC6EB0764782500010002D8,4.6,Yes,mattress,0.0
6440567,ANCHOR_01,52:06:26:03:01:DA,-78,MFG_4C000215FDA50693A4E24FB1AFCFC6EB0764782500010002D8,4.6,Yes,mattress,0.0
6441587,ANCHOR_01,52:06:26:03:01:DA,-79,MFG_4C000215FDA50693A4E24FB1AFCFC6EB0764782500010002D8,4.6,Yes,mattress,0.0
6442577,ANCHOR_01,52:06:26:03:01:DA,-78,MFG_4C000215FDA50693A4E24FB1AFCFC6EB0764782500010002D8,4.6,Yes,mattress,0.0
6443597,ANCHOR_01,52:06:26:03:01:DA,-89,MFG_4C000215FDA50693A4E24FB1AFCFC6EB0764782500010002D8,4.6,Yes,mattress,0.0
6444577,ANCHOR_01,52:06:26:03:01:DA,-90,MFG_4C000215FDA50693A4E24FB1AFCFC6EB0764782500010002D8,4.6,Yes,mattress,0.0
6445577,ANCHOR_01,52:06:26:03:01:DA,-89,MFG_4C000215FDA50693A4E24FB1AFCFC6EB0764782500010002D8,4.6,Yes,mattress,0.0
6446597,ANCHOR_01,52:06:26:03:01:DA,-78,MFG_4C000215FDA50693A4E24FB1AFCFC6EB0764782500010002D8,4.6,Yes,mattress,0.0
6447587,ANCHOR_01,52:06:26:03:01:DA,-78,MFG_4C000215FDA50693A4E24FB1AFCFC6EB0764782500010002D8,4.6,Yes,mattress,0.0
6448607,ANCHOR_01,52:06:26:03:01:DA,-79,MFG_4C000215FDA50693A4E24FB1AFCFC6EB0764782500010002D8,4.6,Yes,mattress,0.0
6450617,ANCHOR_01,52:06:26:03:01:DA,-88,MFG_4C000215FDA50693A4E24FB1AFCFC6EB0764782500010002D8,4.6,Yes,mattress,0.0
6451637,ANCHOR_01,52:06:26:03:01:DA,-78,MFG_4C000215FDA50693A4E24FB1AFCFC6EB0764782500010002D8,4.6,Yes,mattress,0.0
6452627,ANCHOR_01,52:06:26:03:01:DA,-79,MFG_4C000215FDA50693A4E24FB1AFCFC6EB0764782500010002D8,4.6,Yes,mattress,0.0
6453647,ANCHOR_01,52:06:26:03:01:DA,-78,MFG_4C000215FDA50693A4E24FB1AFCFC6EB0764782500010002D8,4.6,Yes,mattress,0.0
6454637,ANCHOR_01,52:06:26:03:01:DA,-79,MFG_4C000215FDA50693A4E24FB1AFCFC6EB0764782500010002D8,4.6,Yes,mattress,0.0
6455657,ANCHOR_01,52:06:26:03:01:DA,-87,MFG_4C000215FDA50693A4E24FB1AFCFC6EB0764782500010002D8,4.6,Yes,mattress,0.0
6456637,ANCHOR_01,52:06:26:03:01:DA,-89,MFG_4C000215FDA50693A4E24FB1AFCFC6EB0764782500010002D8,4.6,Yes,mattress,0.0
6458657,ANCHOR_01,52:06:26:03:01:DA,-78,MFG_4C000215FDA50693A4E24FB1AFCFC6EB0764782500010002D8,4.6,Yes,mattress,0.0
6459657,ANCHOR_01,52:06:26:03:01:DA,-78,MFG_4C000215FDA50693A4E24FB1AFCFC6EB0764782500010002D8,4.6,Yes,mattress,0.0
6460667,ANCHOR_01,52:06:26:03:01:DA,-78,MFG_4C000215FDA50693A4E24FB1AFCFC6EB0764782500010002D8,4.6,Yes,mattress,0.0
6461687,ANCHOR_01,52:06:26:03:01:DA,-86,MFG_4C000215FDA50693A4E24FB1AFCFC6EB0764782500010002D8,4.6,Yes,mattress,0.0
6462667,ANCHOR_01,52:06:26:03:01:DA,-88,MFG_4C000215FDA50693A4E24FB1AFCFC6EB0764782500010002D8,4.6,Yes,mattress,0.0
6463697,ANCHOR_01,52:06:26:03:01:DA,-78,MFG_4C000215FDA50693A4E24FB1AFCFC6EB0764782500010002D8,4.6,Yes,mattress,0.0
6464687,ANCHOR_01,52:06:26:03:01:DA,-78,MFG_4C000215FDA50693A4E24FB1AFCFC6EB0764782500010002D8,4.6,Yes,mattress,0.0
6465707,ANCHOR_01,52:06:26:03:01:DA,-79,MFG_4C000215FDA50693A4E24FB1AFCFC6EB0764782500010002D8,4.6,Yes,mattress,0.0
6466697,ANCHOR_01,52:06:26:03:01:DA,-78,MFG_4C000215FDA50693A4E24FB1AFCFC6EB0764782500010002D8,4.6,Yes,mattress,0.0
6467717,ANCHOR_01,52:06:26:03:01:DA,-86,MFG_4C000215FDA50693A4E24FB1AFCFC6EB0764782500010002D8,4.6,Yes,mattress,0.0
6468707,ANCHOR_01,52:06:26:03:01:DA,-89,MFG_4C000215FDA50693A4E24FB1AFCFC6EB0764782500010002D8,4.6,Yes,mattress,0.0
6470717,ANCHOR_01,52:06:26:03:01:DA,-78,MFG_4C000215FDA50693A4E24FB1AFCFC6EB0764782500010002D8,4.6,Yes,mattress,0.0
6471737,ANCHOR_01,52:06:26:03:01:DA,-79,MFG_4C000215FDA50693A4E24FB1AFCFC6EB0764782500010002D8,4.6,Yes,mattress,0.0
6472727,ANCHOR_01,52:06:26:03:01:DA,-79,MFG_4C000215FDA50693A4E24FB1AFCFC6EB0764782500010002D8,4.6,Yes,mattress,0.0
6473737,ANCHOR_01,52:06:26:03:01:DA,-87,MFG_4C000215FDA50693A4E24FB1AFCFC6EB0764782500010002D8,4.6,Yes,mattress,0.0
6474737,ANCHOR_01,52:06:26:03:01:DA,-89,MFG_4C000215FDA50693A4E24FB1AFCFC6EB0764782500010002D8,4.6,Yes,mattress,0.0
6475757,ANCHOR_01,52:06:26:03:01:DA,-79,MFG_4C000215FDA50693A4E24FB1AFCFC6EB0764782500010002D8,4.6,Yes,mattress,0.0
6476747,ANCHOR_01,52:06:26:03:01:DA,-78,MFG_4C000215FDA50693A4E24FB1AFCFC6EB0764782500010002D8,4.6,Yes,mattress,0.0
6477767,ANCHOR_01,52:06:26:03:01:DA,-78,MFG_4C000215FDA50693A4E24FB1AFCFC6EB0764782500010002D8,4.6,Yes,mattress,0.0
6478747,ANCHOR_01,52:06:26:03:01:DA,-79,MFG_4C000215FDA50693A4E24FB1AFCFC6EB0764782500010002D8,4.6,Yes,mattress,0.0
6479747,ANCHOR_01,52:06:26:03:01:DA,-79,MFG_4C000215FDA50693A4E24FB1AFCFC6EB0764782500010002D8,4.6,Yes,mattress,0.0
6480767,ANCHOR_01,52:06:26:03:01:DA,-85,MFG_4C000215FDA50693A4E24FB1AFCFC6EB0764782500010002D8,4.6,Yes,mattress,0.0
6481787,ANCHOR_01,52:06:26:03:01:DA,-78,MFG_4C000215FDA50693A4E24FB1AFCFC6EB0764782500010002D8,4.6,Yes,mattress,0.0
6482777,ANCHOR_01,52:06:26:03:01:DA,-78,MFG_4C000215FDA50693A4E24FB1AFCFC6EB0764782500010002D8,4.6,Yes,mattress,0.0
6483767,ANCHOR_01,52:06:26:03:01:DA,-78,MFG_4C000215FDA50693A4E24FB1AFCFC6EB0764782500010002D8,4.6,Yes,mattress,0.0
6484787,ANCHOR_01,52:06:26:03:01:DA,-78,MFG_4C000215FDA50693A4E24FB1AFCFC6EB0764782500010002D8,4.6,Yes,mattress,0.0
6485777,ANCHOR_01,52:06:26:03:01:DA,-78,MFG_4C000215FDA50693A4E24FB1AFCFC6EB0764782500010002D8,4.6,Yes,mattress,0.0
6486797,ANCHOR_01,52:06:26:03:01:DA,-89,MFG_4C000215FDA50693A4E24FB1AFCFC6EB0764782500010002D8,4.6,Yes,mattress,0.0
6488807,ANCHOR_01,52:06:26:03:01:DA,-78,MFG_4C000215FDA50693A4E24FB1AFCFC6EB0764782500010002D8,4.6,Yes,mattress,0.0
6489827,ANCHOR_01,52:06:26:03:01:DA,-80,MFG_4C000215FDA50693A4E24FB1AFCFC6EB0764782500010002D8,4.6,Yes,mattress,0.0
6490807,ANCHOR_01,52:06:26:03:01:DA,-78,MFG_4C000215FDA50693A4E24FB1AFCFC6EB0764782500010002D8,4.6,Yes,mattress,0.0
6491837,ANCHOR_01,52:06:26:03:01:DA,-86,MFG_4C000215FDA50693A4E24FB1AFCFC6EB0764782500010002D8,4.6,Yes,mattress,0.0
6492827,ANCHOR_01,52:06:26:03:01:DA,-86,MFG_4C000215FDA50693A4E24FB1AFCFC6EB0764782500010002D8,4.6,Yes,mattress,0.0
6494837,ANCHOR_01,52:06:26:03:01:DA,-78,MFG_4C000215FDA50693A4E24FB1AFCFC6EB0764782500010002D8,4.6,Yes,mattress,0.0
6495827,ANCHOR_01,52:06:26:03:01:DA,-78,MFG_4C000215FDA50693A4E24FB1AFCFC6EB0764782500010002D8,4.6,Yes,mattress,0.0
6496847,ANCHOR_01,52:06:26:03:01:DA,-79,MFG_4C000215FDA50693A4E24FB1AFCFC6EB0764782500010002D8,4.6,Yes,mattress,0.0
6497837,ANCHOR_01,52:06:26:03:01:DA,-79,MFG_4C000215FDA50693A4E24FB1AFCFC6EB0764782500010002D8,4.6,Yes,mattress,0.0
6498857,ANCHOR_01,52:06:26:03:01:DA,-87,MFG_4C000215FDA50693A4E24FB1AFCFC6EB0764782500010002D8,4.6,Yes,mattress,0.0
6500857,ANCHOR_01,52:06:26:03:01:DA,-78,MFG_4C000215FDA50693A4E24FB1AFCFC6EB0764782500010002D8,4.6,Yes,mattress,0.0
6502867,ANCHOR_01,52:06:26:03:01:DA,-79,MFG_4C000215FDA50693A4E24FB1AFCFC6EB0764782500010002D8,4.6,Yes,mattress,0.0
6503897,ANCHOR_01,52:06:26:03:01:DA,-85,MFG_4C000215FDA50693A4E24FB1AFCFC6EB0764782500010002D8,4.6,Yes,mattress,0.0
6504877,ANCHOR_01,52:06:26:03:01:DA,-88,MFG_4C000215FDA50693A4E24FB1AFCFC6EB0764782500010002D8,4.6,Yes,mattress,0.0
6506897,ANCHOR_01,52:06:26:03:01:DA,-78,MFG_4C000215FDA50693A4E24FB1AFCFC6EB0764782500010002D8,4.6,Yes,mattress,0.0
6507887,ANCHOR_01,52:06:26:03:01:DA,-78,MFG_4C000215FDA50693A4E24FB1AFCFC6EB0764782500010002D8,4.6,Yes,mattress,0.0
6508907,ANCHOR_01,52:06:26:03:01:DA,-78,MFG_4C000215FDA50693A4E24FB1AFCFC6EB0764782500010002D8,4.6,Yes,mattress,0.0
6509897,ANCHOR_01,52:06:26:03:01:DA,-79,MFG_4C000215FDA50693A4E24FB1AFCFC6EB0764782500010002D8,4.6,Yes,mattress,0.0
6510917,ANCHOR_01,52:06:26:03:01:DA,-86,MFG_4C000215FDA50693A4E24FB1AFCFC6EB0764782500010002D8,4.6,Yes,mattress,0.0
6511907,ANCHOR_01,52:06:26:03:01:DA,-86,MFG_4C000215FDA50693A4E24FB1AFCFC6EB0764782500010002D8,4.6,Yes,mattress,0.0
6512917,ANCHOR_01,52:06:26:03:01:DA,-79,MFG_4C000215FDA50693A4E24FB1AFCFC6EB0764782500010002D8,4.6,Yes,mattress,0.0
6513917,ANCHOR_01,52:06:26:03:01:DA,-79,MFG_4C000215FDA50693A4E24FB1AFCFC6EB0764782500010002D8,4.6,Yes,mattress,0.0
6514917,ANCHOR_01,52:06:26:03:01:DA,-78,MFG_4C000215FDA50693A4E24FB1AFCFC6EB0764782500010002D8,4.6,Yes,mattress,0.0
6515927,ANCHOR_01,52:06:26:03:01:DA,-79,MFG_4C000215FDA50693A4E24FB1AFCFC6EB0764782500010002D8,4.6,Yes,mattress,0.0
6516947,ANCHOR_01,52:06:26:03:01:DA,-85,MFG_4C000215FDA50693A4E24FB1AFCFC6EB0764782500010002D8,4.6,Yes,mattress,0.0
6517937,ANCHOR_01,52:06:26:03:01:DA,-86,MFG_4C000215FDA50693A4E24FB1AFCFC6EB0764782500010002D8,4.6,Yes,mattress,0.0
6519947,ANCHOR_01,52:06:26:03:01:DA,-79,MFG_4C000215FDA50693A4E24FB1AFCFC6EB0764782500010002D8,4.6,Yes,mattress,0.0
6521957,ANCHOR_01,52:06:26:03:01:DA,-79,MFG_4C000215FDA50693A4E24FB1AFCFC6EB0764782500010002D8,4.6,Yes,mattress,0.0
6522977,ANCHOR_01,52:06:26:03:01:DA,-86,MFG_4C000215FDA50693A4E24FB1AFCFC6EB0764782500010002D8,4.6,Yes,mattress,0.0
6523957,ANCHOR_01,52:06:26:03:01:DA,-87,MFG_4C000215FDA50693A4E24FB1AFCFC6EB0764782500010002D8,4.6,Yes,mattress,0.0
6525977,ANCHOR_01,52:06:26:03:01:DA,-78,MFG_4C000215FDA50693A4E24FB1AFCFC6EB0764782500010002D8,4.6,Yes,mattress,0.0
6526987,ANCHOR_01,52:06:26:03:01:DA,-79,MFG_4C000215FDA50693A4E24FB1AFCFC6EB0764782500010002D8,4.6,Yes,mattress,0.0
6527987,ANCHOR_01,52:06:26:03:01:DA,-79,MFG_4C000215FDA50693A4E24FB1AFCFC6EB0764782500010002D8,4.6,Yes,mattress,0.0
6529007,ANCHOR_01,52:06:26:03:01:DA,-89,MFG_4C000215FDA50693A4E24FB1AFCFC6EB0764782500010002D8,4.6,Yes,mattress,0.0
6529997,ANCHOR_01,52:06:26:03:01:DA,-89,MFG_4C000215FDA50693A4E24FB1AFCFC6EB0764782500010002D8,4.6,Yes,mattress,0.0
6531017,ANCHOR_01,52:06:26:03:01:DA,-78,MFG_4C000215FDA50693A4E24FB1AFCFC6EB0764782500010002D8,4.6,Yes,mattress,0.0
6532007,ANCHOR_01,52:06:26:03:01:DA,-78,MFG_4C000215FDA50693A4E24FB1AFCFC6EB0764782500010002D8,4.6,Yes,mattress,0.0
6533027,ANCHOR_01,52:06:26:03:01:DA,-79,MFG_4C000215FDA50693A4E24FB1AFCFC6EB0764782500010002D8,4.6,Yes,mattress,0.0
6535037,ANCHOR_01,52:06:26:03:01:DA,-90,MFG_4C000215FDA50693A4E24FB1AFCFC6EB0764782500010002D8,4.6,Yes,mattress,0.0
6537047,ANCHOR_01,52:06:26:03:01:DA,-78,MFG_4C000215FDA50693A4E24FB1AFCFC6EB0764782500010002D8,4.6,Yes,mattress,0.0
6538067,ANCHOR_01,52:06:26:03:01:DA,-79,MFG_4C000215FDA50693A4E24FB1AFCFC6EB0764782500010002D8,4.6,Yes,mattress,0.0
6539047,ANCHOR_01,52:06:26:03:01:DA,-78,MFG_4C000215FDA50693A4E24FB1AFCFC6EB0764782500010002D8,4.6,Yes,mattress,0.0
6540077,ANCHOR_01,52:06:26:03:01:DA,-87,MFG_4C000215FDA50693A4E24FB1AFCFC6EB0764782500010002D8,4.6,Yes,mattress,0.0
6541067,ANCHOR_01,52:06:26:03:01:DA,-89,MFG_4C000215FDA50693A4E24FB1AFCFC6EB0764782500010002D8,4.6,Yes,mattress,0.0
6542087,ANCHOR_01,52:06:26:03:01:DA,-78,MFG_4C000215FDA50693A4E24FB1AFCFC6EB0764782500010002D8,4.6,Yes,mattress,0.0
6543077,ANCHOR_01,52:06:26:03:01:DA,-78,MFG_4C000215FDA50693A4E24FB1AFCFC6EB0764782500010002D8,4.6,Yes,mattress,0.0
6544097,ANCHOR_01,52:06:26:03:01:DA,-78,MFG_4C000215FDA50693A4E24FB1AFCFC6EB0764782500010002D8,4.6,Yes,mattress,0.0
6545087,ANCHOR_01,52:06:26:03:01:DA,-79,MFG_4C000215FDA50693A4E24FB1AFCFC6EB0764782500010002D8,4.6,Yes,mattress,0.0
6546107,ANCHOR_01,52:06:26:03:01:DA,-87,MFG_4C000215FDA50693A4E24FB1AFCFC6EB0764782500010002D8,4.6,Yes,mattress,0.0
6547097,ANCHOR_01,52:06:26:03:01:DA,-85,MFG_4C000215FDA50693A4E24FB1AFCFC6EB0764782500010002D8,4.6,Yes,mattress,0.0
6549107,ANCHOR_01,52:06:26:03:01:DA,-78,MFG_4C000215FDA50693A4E24FB1AFCFC6EB0764782500010002D8,4.6,Yes,mattress,0.0
6550127,ANCHOR_01,52:06:26:03:01:DA,-79,MFG_4C000215FDA50693A4E24FB1AFCFC6EB0764782500010002D8,4.6,Yes,mattress,0.0
6551107,ANCHOR_01,52:06:26:03:01:DA,-78,MFG_4C000215FDA50693A4E24FB1AFCFC6EB0764782500010002D8,4.6,Yes,mattress,0.0
6552137,ANCHOR_01,52:06:26:03:01:DA,-90,MFG_4C000215FDA50693A4E24FB1AFCFC6EB0764782500010002D8,4.6,Yes,mattress,0.0
6553117,ANCHOR_01,52:06:26:03:01:DA,-87,MFG_4C000215FDA50693A4E24FB1AFCFC6EB0764782500010002D8,4.6,Yes,mattress,0.0
6554147,ANCHOR_01,52:06:26:03:01:DA,-78,MFG_4C000215FDA50693A4E24FB1AFCFC6EB0764782500010002D8,4.6,Yes,mattress,0.0
6555137,ANCHOR_01,52:06:26:03:01:DA,-78,MFG_4C000215FDA50693A4E24FB1AFCFC6EB0764782500010002D8,4.6,Yes,mattress,0.0
6556127,ANCHOR_01,52:06:26:03:01:DA,-78,MFG_4C000215FDA50693A4E24FB1AFCFC6EB0764782500010002D8,4.6,Yes,mattress,0.0
6557147,ANCHOR_01,52:06:26:03:01:DA,-80,MFG_4C000215FDA50693A4E24FB1AFCFC6EB0764782500010002D8,4.6,Yes,mattress,0.0
6558137,ANCHOR_01,52:06:26:03:01:DA,-79,MFG_4C000215FDA50693A4E24FB1AFCFC6EB0764782500010002D8,4.6,Yes,mattress,0.0
6559157,ANCHOR_01,52:06:26:03:01:DA,-85,MFG_4C000215FDA50693A4E24FB1AFCFC6EB0764782500010002D8,4.6,Yes,mattress,0.0
6561167,ANCHOR_01,52:06:26:03:01:DA,-78,MFG_4C000215FDA50693A4E24FB1AFCFC6EB0764782500010002D8,4.6,Yes,mattress,0.0
6563167,ANCHOR_01,52:06:26:03:01:DA,-78,MFG_4C000215FDA50693A4E24FB1AFCFC6EB0764782500010002D8,4.6,Yes,mattress,0.0
6565187,ANCHOR_01,52:06:26:03:01:DA,-86,MFG_4C000215FDA50693A4E24FB1AFCFC6EB0764782500010002D8,4.6,Yes,mattress,0.0
6567197,ANCHOR_01,52:06:26:03:01:DA,-78,MFG_4C000215FDA50693A4E24FB1AFCFC6EB0764782500010002D8,4.6,Yes,mattress,0.0
6568187,ANCHOR_01,52:06:26:03:01:DA,-78,MFG_4C000215FDA50693A4E24FB1AFCFC6EB0764782500010002D8,4.6,Yes,mattress,0.0
6569207,ANCHOR_01,52:06:26:03:01:DA,-79,MFG_4C000215FDA50693A4E24FB1AFCFC6EB0764782500010002D8,4.6,Yes,mattress,0.0
6570197,ANCHOR_01,52:06:26:03:01:DA,-79,MFG_4C000215FDA50693A4E24FB1AFCFC6EB0764782500010002D8,4.6,Yes,mattress,0.0
6571217,ANCHOR_01,52:06:26:03:01:DA,-86,MFG_4C000215FDA50693A4E24FB1AFCFC6EB0764782500010002D8,4.6,Yes,mattress,0.0
6572207,ANCHOR_01,52:06:26:03:01:DA,-88,MFG_4C000215FDA50693A4E24FB1AFCFC6EB0764782500010002D8,4.6,Yes,mattress,0.0
6573227,ANCHOR_01,52:06:26:03:01:DA,-78,MFG_4C000215FDA50693A4E24FB1AFCFC6EB0764782500010002D8,4.6,Yes,mattress,0.0
6574207,ANCHOR_01,52:06:26:03:01:DA,-78,MFG_4C000215FDA50693A4E24FB1AFCFC6EB0764782500010002D8,4.6,Yes,mattress,0.0
6575237,ANCHOR_01,52:06:26:03:01:DA,-79,MFG_4C000215FDA50693A4E24FB1AFCFC6EB0764782500010002D8,4.6,Yes,mattress,0.0
6577237,ANCHOR_01,52:06:26:03:01:DA,-88,MFG_4C000215FDA50693A4E24FB1AFCFC6EB0764782500010002D8,4.6,Yes,mattress,0.0
6579257,ANCHOR_01,52:06:26:03:01:DA,-78,MFG_4C000215FDA50693A4E24FB1AFCFC6EB0764782500010002D8,4.6,Yes,mattress,0.0
6581267,ANCHOR_01,52:06:26:03:01:DA,-78,MFG_4C000215FDA50693A4E24FB1AFCFC6EB0764782500010002D8,4.6,Yes,mattress,0.0
6583277,ANCHOR_01,52:06:26:03:01:DA,-88,MFG_4C000215FDA50693A4E24FB1AFCFC6EB0764782500010002D8,4.6,Yes,mattress,0.0
6584267,ANCHOR_01,52:06:26:03:01:DA,-86,MFG_4C000215FDA50693A4E24FB1AFCFC6EB0764782500010002D8,4.6,Yes,mattress,0.0
6585287,ANCHOR_01,52:06:26:03:01:DA,-79,MFG_4C000215FDA50693A4E24FB1AFCFC6EB0764782500010002D8,4.6,Yes,mattress,0.0
6586277,ANCHOR_01,52:06:26:03:01:DA,-78,MFG_4C000215FDA50693A4E24FB1AFCFC6EB0764782500010002D8,4.6,Yes,mattress,0.0
6587297,ANCHOR_01,52:06:26:03:01:DA,-78,MFG_4C000215FDA50693A4E24FB1AFCFC6EB0764782500010002D8,4.6,Yes,mattress,0.0
6589297,ANCHOR_01,52:06:26:03:01:DA,-87,MFG_4C000215FDA50693A4E24FB1AFCFC6EB0764782500010002D8,4.6,Yes,mattress,0.0
6591317,ANCHOR_01,52:06:26:03:01:DA,-78,MFG_4C000215FDA50693A4E24FB1AFCFC6EB0764782500010002D8,4.6,Yes,mattress,0.0
6592307,ANCHOR_01,52:06:26:03:01:DA,-78,MFG_4C000215FDA50693A4E24FB1AFCFC6EB0764782500010002D8,4.6,Yes,mattress,0.0
6593327,ANCHOR_01,52:06:26:03:01:DA,-80,MFG_4C000215FDA50693A4E24FB1AFCFC6EB0764782500010002D8,4.6,Yes,mattress,0.0
6594317,ANCHOR_01,52:06:26:03:01:DA,-79,MFG_4C000215FDA50693A4E24FB1AFCFC6EB0764782500010002D8,4.6,Yes,mattress,0.0
6595337,ANCHOR_01,52:06:26:03:01:DA,-88,MFG_4C000215FDA50693A4E24FB1AFCFC6EB0764782500010002D8,4.6,Yes,mattress,0.0
6596327,ANCHOR_01,52:06:26:03:01:DA,-85,MFG_4C000215FDA50693A4E24FB1AFCFC6EB0764782500010002D8,4.6,Yes,mattress,0.0
6598337,ANCHOR_01,52:06:26:03:01:DA,-79,MFG_4C000215FDA50693A4E24FB1AFCFC6EB0764782500010002D8,4.6,Yes,mattress,0.0
6600347,ANCHOR_01,52:06:26:03:01:DA,-79,MFG_4C000215FDA50693A4E24FB1AFCFC6EB0764782500010002D8,4.6,Yes,mattress,0.0
6601367,ANCHOR_01,52:06:26:03:01:DA,-85,MFG_4C000215FDA50693A4E24FB1AFCFC6EB0764782500010002D8,4.6,Yes,mattress,0.0
6602357,ANCHOR_01,52:06:26:03:01:DA,-87,MFG_4C000215FDA50693A4E24FB1AFCFC6EB0764782500010002D8,4.6,Yes,mattress,0.0
6604357,ANCHOR_01,52:06:26:03:01:DA,-78,MFG_4C000215FDA50693A4E24FB1AFCFC6EB0764782500010002D8,4.6,Yes,mattress,0.0
6605387,ANCHOR_01,52:06:26:03:01:DA,-79,MFG_4C000215FDA50693A4E24FB1AFCFC6EB0764782500010002D8,4.6,Yes,mattress,0.0
6606377,ANCHOR_01,52:06:26:03:01:DA,-78,MFG_4C000215FDA50693A4E24FB1AFCFC6EB0764782500010002D8,4.6,Yes,mattress,0.0
6607397,ANCHOR_01,52:06:26:03:01:DA,-87,MFG_4C000215FDA50693A4E24FB1AFCFC6EB0764782500010002D8,4.6,Yes,mattress,0.0
6609407,ANCHOR_01,52:06:26:03:01:DA,-78,MFG_4C000215FDA50693A4E24FB1AFCFC6EB0764782500010002D8,4.6,Yes,mattress,0.0
6610427,ANCHOR_01,52:06:26:03:01:DA,-79,MFG_4C000215FDA50693A4E24FB1AFCFC6EB0764782500010002D8,4.6,Yes,mattress,0.0
6611417,ANCHOR_01,52:06:26:03:01:DA,-79,MFG_4C000215FDA50693A4E24FB1AFCFC6EB0764782500010002D8,4.6,Yes,mattress,0.0
6612437,ANCHOR_01,52:06:26:03:01:DA,-88,MFG_4C000215FDA50693A4E24FB1AFCFC6EB0764782500010002D8,4.6,Yes,mattress,0.0
6613427,ANCHOR_01,52:06:26:03:01:DA,-88,MFG_4C000215FDA50693A4E24FB1AFCFC6EB0764782500010002D8,4.6,Yes,mattress,0.0
6614447,ANCHOR_01,52:06:26:03:01:DA,-78,MFG_4C000215FDA50693A4E24FB1AFCFC6EB0764782500010002D8,4.6,Yes,mattress,0.0
6615427,ANCHOR_01,52:06:26:03:01:DA,-78,MFG_4C000215FDA50693A4E24FB1AFCFC6EB0764782500010002D8,4.6,Yes,mattress,0.0
6616457,ANCHOR_01,52:06:26:03:01:DA,-80,MFG_4C000215FDA50693A4E24FB1AFCFC6EB0764782500010002D8,4.6,Yes,mattress,0.0
6617447,ANCHOR_01,52:06:26:03:01:DA,-79,MFG_4C000215FDA50693A4E24FB1AFCFC6EB0764782500010002D8,4.6,Yes,mattress,0.0
6618467,ANCHOR_01,52:06:26:03:01:DA,-85,MFG_4C000215FDA50693A4E24FB1AFCFC6EB0764782500010002D8,4.6,Yes,mattress,0.0
6620467,ANCHOR_01,52:06:26:03:01:DA,-78,MFG_4C000215FDA50693A4E24FB1AFCFC6EB0764782500010002D8,4.6,Yes,mattress,0.0
6621497,ANCHOR_01,52:06:26:03:01:DA,-79,MFG_4C000215FDA50693A4E24FB1AFCFC6EB0764782500010002D8,4.6,Yes,mattress,0.0
6622487,ANCHOR_01,52:06:26:03:01:DA,-78,MFG_4C000215FDA50693A4E24FB1AFCFC6EB0764782500010002D8,4.6,Yes,mattress,0.0
6623507,ANCHOR_01,52:06:26:03:01:DA,-86,MFG_4C000215FDA50693A4E24FB1AFCFC6EB0764782500010002D8,4.6,Yes,mattress,0.0
6624497,ANCHOR_01,52:06:26:03:01:DA,-85,MFG_4C000215FDA50693A4E24FB1AFCFC6EB0764782500010002D8,4.6,Yes,mattress,0.0
6626507,ANCHOR_01,52:06:26:03:01:DA,-78,MFG_4C000215FDA50693A4E24FB1AFCFC6EB0764782500010002D8,4.6,Yes,mattress,0.0
6627497,ANCHOR_01,52:06:26:03:01:DA,-79,MFG_4C000215FDA50693A4E24FB1AFCFC6EB0764782500010002D8,4.6,Yes,mattress,0.0
6628517,ANCHOR_01,52:06:26:03:01:DA,-79,MFG_4C000215FDA50693A4E24FB1AFCFC6EB0764782500010002D8,4.6,Yes,mattress,0.0
6630527,ANCHOR_01,52:06:26:03:01:DA,-89,MFG_4C000215FDA50693A4E24FB1AFCFC6EB0764782500010002D8,4.6,Yes,mattress,0.0
6632517,ANCHOR_01,52:06:26:03:01:DA,-79,MFG_4C000215FDA50693A4E24FB1AFCFC6EB0764782500010002D8,4.6,Yes,mattress,0.0
6633527,ANCHOR_01,52:06:26:03:01:DA,-78,MFG_4C000215FDA50693A4E24FB1AFCFC6EB0764782500010002D8,4.6,Yes,mattress,0.0
6634547,ANCHOR_01,52:06:26:03:01:DA,-78,MFG_4C000215FDA50693A4E24FB1AFCFC6EB0764782500010002D8,4.6,Yes,mattress,0.0
6635537,ANCHOR_01,52:06:26:03:01:DA,-79,MFG_4C000215FDA50693A4E24FB1AFCFC6EB0764782500010002D8,4.6,Yes,mattress,0.0
6636557,ANCHOR_01,52:06:26:03:01:DA,-88,MFG_4C000215FDA50693A4E24FB1AFCFC6EB0764782500010002D8,4.6,Yes,mattress,0.0
6638567,ANCHOR_01,52:06:26:03:01:DA,-78,MFG_4C000215FDA50693A4E24FB1AFCFC6EB0764782500010002D8,4.6,Yes,mattress,0.0
6639587,ANCHOR_01,52:06:26:03:01:DA,-80,MFG_4C000215FDA50693A4E24FB1AFCFC6EB0764782500010002D8,4.6,Yes,mattress,0.0
6640577,ANCHOR_01,52:06:26:03:01:DA,-79,MFG_4C000215FDA50693A4E24FB1AFCFC6EB0764782500010002D8,4.6,Yes,mattress,0.0
6641597,ANCHOR_01,52:06:26:03:01:DA,-87,MFG_4C000215FDA50693A4E24FB1AFCFC6EB0764782500010002D8,4.6,Yes,mattress,0.0
6643607,ANCHOR_01,52:06:26:03:01:DA,-78,MFG_4C000215FDA50693A4E24FB1AFCFC6EB0764782500010002D8,4.6,Yes,mattress,0.0
6645617,ANCHOR_01,52:06:26:03:01:DA,-79,MFG_4C000215FDA50693A4E24FB1AFCFC6EB0764782500010002D8,4.6,Yes,mattress,0.0
6647627,ANCHOR_01,52:06:26:03:01:DA,-88,MFG_4C000215FDA50693A4E24FB1AFCFC6EB0764782500010002D8,4.6,Yes,mattress,0.0
6648647,ANCHOR_01,52:06:26:03:01:DA,-78,MFG_4C000215FDA50693A4E24FB1AFCFC6EB0764782500010002D8,4.6,Yes,mattress,0.0
6649637,ANCHOR_01,52:06:26:03:01:DA,-79,MFG_4C000215FDA50693A4E24FB1AFCFC6EB0764782500010002D8,4.6,Yes,mattress,0.0
6650647,ANCHOR_01,52:06:26:03:01:DA,-79,MFG_4C000215FDA50693A4E24FB1AFCFC6EB0764782500010002D8,4.6,Yes,mattress,0.0
6651647,ANCHOR_01,52:06:26:03:01:DA,-79,MFG_4C000215FDA50693A4E24FB1AFCFC6EB0764782500010002D8,4.6,Yes,mattress,0.0
6652657,ANCHOR_01,52:06:26:03:01:DA,-85,MFG_4C000215FDA50693A4E24FB1AFCFC6EB0764782500010002D8,4.6,Yes,mattress,0.0
6653657,ANCHOR_01,52:06:26:03:01:DA,-86,MFG_4C000215FDA50693A4E24FB1AFCFC6EB0764782500010002D8,4.6,Yes,mattress,0.0
6655667,ANCHOR_01,52:06:26:03:01:DA,-78,MFG_4C000215FDA50693A4E24FB1AFCFC6EB0764782500010002D8,4.6,Yes,mattress,0.0
6657677,ANCHOR_01,52:06:26:03:01:DA,-79,MFG_4C000215FDA50693A4E24FB1AFCFC6EB0764782500010002D8,4.6,Yes,mattress,0.0
6659687,ANCHOR_01,52:06:26:03:01:DA,-85,MFG_4C000215FDA50693A4E24FB1AFCFC6EB0764782500010002D8,4.6,Yes,mattress,0.0
6660677,ANCHOR_01,52:06:26:03:01:DA,-89,MFG_4C000215FDA50693A4E24FB1AFCFC6EB0764782500010002D8,4.6,Yes,mattress,0.0
6661687,ANCHOR_01,52:06:26:03:01:DA,-78,MFG_4C000215FDA50693A4E24FB1AFCFC6EB0764782500010002D8,4.6,Yes,mattress,0.0
6662717,ANCHOR_01,52:06:26:03:01:DA,-79,MFG_4C000215FDA50693A4E24FB1AFCFC6EB0764782500010002D8,4.6,Yes,mattress,0.0
6663697,ANCHOR_01,52:06:26:03:01:DA,-79,MFG_4C000215FDA50693A4E24FB1AFCFC6EB0764782500010002D8,4.6,Yes,mattress,0.0
6664727,ANCHOR_01,52:06:26:03:01:DA,-88,MFG_4C000215FDA50693A4E24FB1AFCFC6EB0764782500010002D8,4.6,Yes,mattress,0.0
6665717,ANCHOR_01,52:06:26:03:01:DA,-87,MFG_4C000215FDA50693A4E24FB1AFCFC6EB0764782500010002D8,4.6,Yes,mattress,0.0
6667727,ANCHOR_01,52:06:26:03:01:DA,-78,MFG_4C000215FDA50693A4E24FB1AFCFC6EB0764782500010002D8,4.6,Yes,mattress,0.0
6669737,ANCHOR_01,52:06:26:03:01:DA,-79,MFG_4C000215FDA50693A4E24FB1AFCFC6EB0764782500010002D8,4.6,Yes,mattress,0.0
6670757,ANCHOR_01,52:06:26:03:01:DA,-86,MFG_4C000215FDA50693A4E24FB1AFCFC6EB0764782500010002D8,4.6,Yes,mattress,0.0
6671747,ANCHOR_01,52:06:26:03:01:DA,-89,MFG_4C000215FDA50693A4E24FB1AFCFC6EB0764782500010002D8,4.6,Yes,mattress,0.0
6672767,ANCHOR_01,52:06:26:03:01:DA,-78,MFG_4C000215FDA50693A4E24FB1AFCFC6EB0764782500010002D8,4.6,Yes,mattress,0.0
6673757,ANCHOR_01,52:06:26:03:01:DA,-78,MFG_4C000215FDA50693A4E24FB1AFCFC6EB0764782500010002D8,4.6,Yes,mattress,0.0
6674777,ANCHOR_01,52:06:26:03:01:DA,-79,MFG_4C000215FDA50693A4E24FB1AFCFC6EB0764782500010002D8,4.6,Yes,mattress,0.0
6675757,ANCHOR_01,52:06:26:03:01:DA,-80,MFG_4C000215FDA50693A4E24FB1AFCFC6EB0764782500010002D8,4.6,Yes,mattress,0.0
6676787,ANCHOR_01,52:06:26:03:01:DA,-85,MFG_4C000215FDA50693A4E24FB1AFCFC6EB0764782500010002D8,4.6,Yes,mattress,0.0
6677777,ANCHOR_01,52:06:26:03:01:DA,-89,MFG_4C000215FDA50693A4E24FB1AFCFC6EB0764782500010002D8,4.6,Yes,mattress,0.0
6678777,ANCHOR_01,52:06:26:03:01:DA,-78,MFG_4C000215FDA50693A4E24FB1AFCFC6EB0764782500010002D8,4.6,Yes,mattress,0.0
6679787,ANCHOR_01,52:06:26:03:01:DA,-78,MFG_4C000215FDA50693A4E24FB1AFCFC6EB0764782500010002D8,4.6,Yes,mattress,0.0
6680807,ANCHOR_01,52:06:26:03:01:DA,-79,MFG_4C000215FDA50693A4E24FB1AFCFC6EB0764782500010002D8,4.6,Yes,mattress,0.0
6681797,ANCHOR_01,52:06:26:03:01:DA,-79,MFG_4C000215FDA50693A4E24FB1AFCFC6EB0764782500010002D8,4.6,Yes,mattress,0.0
6682817,ANCHOR_01,52:06:26:03:01:DA,-85,MFG_4C000215FDA50693A4E24FB1AFCFC6EB0764782500010002D8,4.6,Yes,mattress,0.0
6683807,ANCHOR_01,52:06:26:03:01:DA,-85,MFG_4C000215FDA50693A4E24FB1AFCFC6EB0764782500010002D8,4.6,Yes,mattress,0.0
6684827,ANCHOR_01,52:06:26:03:01:DA,-78,MFG_4C000215FDA50693A4E24FB1AFCFC6EB0764782500010002D8,4.6,Yes,mattress,0.0
6685807,ANCHOR_01,52:06:26:03:01:DA,-79,MFG_4C000215FDA50693A4E24FB1AFCFC6EB0764782500010002D8,4.6,Yes,mattress,0.0
6687817,ANCHOR_01,52:06:26:03:01:DA,-79,MFG_4C000215FDA50693A4E24FB1AFCFC6EB0764782500010002D8,4.6,Yes,mattress,0.0
6688847,ANCHOR_01,52:06:26:03:01:DA,-89,MFG_4C000215FDA50693A4E24FB1AFCFC6EB0764782500010002D8,4.6,Yes,mattress,0.0
6689837,ANCHOR_01,52:06:26:03:01:DA,-87,MFG_4C000215FDA50693A4E24FB1AFCFC6EB0764782500010002D8,4.6,Yes,mattress,0.0
6690857,ANCHOR_01,52:06:26:03:01:DA,-78,MFG_4C000215FDA50693A4E24FB1AFCFC6EB0764782500010002D8,4.6,Yes,mattress,0.0
6691847,ANCHOR_01,52:06:26:03:01:DA,-78,MFG_4C000215FDA50693A4E24FB1AFCFC6EB0764782500010002D8,4.6,Yes,mattress,0.0
6692867,ANCHOR_01,52:06:26:03:01:DA,-79,MFG_4C000215FDA50693A4E24FB1AFCFC6EB0764782500010002D8,4.6,Yes,mattress,0.0
6693857,ANCHOR_01,52:06:26:03:01:DA,-78,MFG_4C000215FDA50693A4E24FB1AFCFC6EB0764782500010002D8,4.6,Yes,mattress,0.0
6694877,ANCHOR_01,52:06:26:03:01:DA,-89,MFG_4C000215FDA50693A4E24FB1AFCFC6EB0764782500010002D8,4.6,Yes,mattress,0.0
6695867,ANCHOR_01,52:06:26:03:01:DA,-86,MFG_4C000215FDA50693A4E24FB1AFCFC6EB0764782500010002D8,4.6,Yes,mattress,0.0
6696887,ANCHOR_01,52:06:26:03:01:DA,-78,MFG_4C000215FDA50693A4E24FB1AFCFC6EB0764782500010002D8,4.6,Yes,mattress,0.0
6697867,ANCHOR_01,52:06:26:03:01:DA,-78,MFG_4C000215FDA50693A4E24FB1AFCFC6EB0764782500010002D8,4.6,Yes,mattress,0.0
6698897,ANCHOR_01,52:06:26:03:01:DA,-78,MFG_4C000215FDA50693A4E24FB1AFCFC6EB0764782500010002D8,4.6,Yes,mattress,0.0
6699917,ANCHOR_01,52:06:26:03:01:DA,-90,MFG_4C000215FDA50693A4E24FB1AFCFC6EB0764782500010002D8,4.6,Yes,mattress,0.0
6700907,ANCHOR_01,52:06:26:03:01:DA,-86,MFG_4C000215FDA50693A4E24FB1AFCFC6EB0764782500010002D8,4.6,Yes,mattress,0.0
6701897,ANCHOR_01,52:06:26:03:01:DA,-86,MFG_4C000215FDA50693A4E24FB1AFCFC6EB0764782500010002D8,4.6,Yes,mattress,0.0
6702917,ANCHOR_01,52:06:26:03:01:DA,-78,MFG_4C000215FDA50693A4E24FB1AFCFC6EB0764782500010002D8,4.6,Yes,mattress,0.0
6703907,ANCHOR_01,52:06:26:03:01:DA,-78,MFG_4C000215FDA50693A4E24FB1AFCFC6EB0764782500010002D8,4.6,Yes,mattress,0.0
6704927,ANCHOR_01,52:06:26:03:01:DA,-79,MFG_4C000215FDA50693A4E24FB1AFCFC6EB0764782500010002D8,4.6,Yes,mattress,0.0
6705907,ANCHOR_01,52:06:26:03:01:DA,-79,MFG_4C000215FDA50693A4E24FB1AFCFC6EB0764782500010002D8,4.6,Yes,mattress,0.0
6707927,ANCHOR_01,52:06:26:03:01:DA,-86,MFG_4C000215FDA50693A4E24FB1AFCFC6EB0764782500010002D8,4.6,Yes,mattress,0.0
6708917,ANCHOR_01,52:06:26:03:01:DA,-85,MFG_4C000215FDA50693A4E24FB1AFCFC6EB0764782500010002D8,4.6,Yes,mattress,0.0
6709937,ANCHOR_01,52:06:26:03:01:DA,-79,MFG_4C000215FDA50693A4E24FB1AFCFC6EB0764782500010002D8,4.6,Yes,mattress,0.0
6711947,ANCHOR_01,52:06:26:03:01:DA,-78,MFG_4C000215FDA50693A4E24FB1AFCFC6EB0764782500010002D8,4.6,Yes,mattress,0.0
6713957,ANCHOR_01,52:06:26:03:01:DA,-88,MFG_4C000215FDA50693A4E24FB1AFCFC6EB0764782500010002D8,4.6,Yes,mattress,0.0
6715967,ANCHOR_01,52:06:26:03:01:DA,-78,MFG_4C000215FDA50693A4E24FB1AFCFC6EB0764782500010002D8,4.6,Yes,mattress,0.0
6717967,ANCHOR_01,52:06:26:03:01:DA,-78,MFG_4C000215FDA50693A4E24FB1AFCFC6EB0764782500010002D8,4.6,Yes,mattress,0.0
6718967,ANCHOR_01,52:06:26:03:01:DA,-79,MFG_4C000215FDA50693A4E24FB1AFCFC6EB0764782500010002D8,4.6,Yes,mattress,0.0
6719967,ANCHOR_01,52:06:26:03:01:DA,-86,MFG_4C000215FDA50693A4E24FB1AFCFC6EB0764782500010002D8,4.6,Yes,mattress,0.0
6721997,ANCHOR_01,52:06:26:03:01:DA,-78,MFG_4C000215FDA50693A4E24FB1AFCFC6EB0764782500010002D8,4.6,Yes,mattress,0.0
6722987,ANCHOR_01,52:06:26:03:01:DA,-78,MFG_4C000215FDA50693A4E24FB1AFCFC6EB0764782500010002D8,4.6,Yes,mattress,0.0
6724007,ANCHOR_01,52:06:26:03:01:DA,-78,MFG_4C000215FDA50693A4E24FB1AFCFC6EB0764782500010002D8,4.6,Yes,mattress,0.0
6724997,ANCHOR_01,52:06:26:03:01:DA,-79,MFG_4C000215FDA50693A4E24FB1AFCFC6EB0764782500010002D8,4.6,Yes,mattress,0.0
6726017,ANCHOR_01,52:06:26:03:01:DA,-86,MFG_4C000215FDA50693A4E24FB1AFCFC6EB0764782500010002D8,4.6,Yes,mattress,0.0
6727007,ANCHOR_01,52:06:26:03:01:DA,-86,MFG_4C000215FDA50693A4E24FB1AFCFC6EB0764782500010002D8,4.6,Yes,mattress,0.0
6728007,ANCHOR_01,52:06:26:03:01:DA,-78,MFG_4C000215FDA50693A4E24FB1AFCFC6EB0764782500010002D8,4.6,Yes,mattress,0.0
6729017,ANCHOR_01,52:06:26:03:01:DA,-78,MFG_4C000215FDA50693A4E24FB1AFCFC6EB0764782500010002D8,4.6,Yes,mattress,0.0
6730037,ANCHOR_01,52:06:26:03:01:DA,-78,MFG_4C000215FDA50693A4E24FB1AFCFC6EB0764782500010002D8,4.6,Yes,mattress,0.0
6731027,ANCHOR_01,52:06:26:03:01:DA,-79,MFG_4C000215FDA50693A4E24FB1AFCFC6EB0764782500010002D8,4.6,Yes,mattress,0.0
6732047,ANCHOR_01,52:06:26:03:01:DA,-85,MFG_4C000215FDA50693A4E24FB1AFCFC6EB0764782500010002D8,4.6,Yes,mattress,0.0
6734057,ANCHOR_01,52:06:26:03:01:DA,-78,MFG_4C000215FDA50693A4E24FB1AFCFC6EB0764782500010002D8,4.6,Yes,mattress,0.0
6735077,ANCHOR_01,52:06:26:03:01:DA,-78,MFG_4C000215FDA50693A4E24FB1AFCFC6EB0764782500010002D8,4.6,Yes,mattress,0.0
6736067,ANCHOR_01,52:06:26:03:01:DA,-79,MFG_4C000215FDA50693A4E24FB1AFCFC6EB0764782500010002D8,4.6,Yes,mattress,0.0
6737057,ANCHOR_01,52:06:26:03:01:DA,-79,MFG_4C000215FDA50693A4E24FB1AFCFC6EB0764782500010002D8,4.6,Yes,mattress,0.0
6738067,ANCHOR_01,52:06:26:03:01:DA,-86,MFG_4C000215FDA50693A4E24FB1AFCFC6EB0764782500010002D8,4.6,Yes,mattress,0.0
6739067,ANCHOR_01,52:06:26:03:01:DA,-85,MFG_4C000215FDA50693A4E24FB1AFCFC6EB0764782500010002D8,4.6,Yes,mattress,0.0
6740087,ANCHOR_01,52:06:26:03:01:DA,-78,MFG_4C000215FDA50693A4E24FB1AFCFC6EB0764782500010002D8,4.6,Yes,mattress,0.0
6741067,ANCHOR_01,52:06:26:03:01:DA,-78,MFG_4C000215FDA50693A4E24FB1AFCFC6EB0764782500010002D8,4.6,Yes,mattress,0.0
6742097,ANCHOR_01,52:06:26:03:01:DA,-79,MFG_4C000215FDA50693A4E24FB1AFCFC6EB0764782500010002D8,4.6,Yes,mattress,0.0
6743087,ANCHOR_01,52:06:26:03:01:DA,-79,MFG_4C000215FDA50693A4E24FB1AFCFC6EB0764782500010002D8,4.6,Yes,mattress,0.0
6744107,ANCHOR_01,52:06:26:03:01:DA,-87,MFG_4C000215FDA50693A4E24FB1AFCFC6EB0764782500010002D8,4.6,Yes,mattress,0.0
6745097,ANCHOR_01,52:06:26:03:01:DA,-86,MFG_4C000215FDA50693A4E24FB1AFCFC6EB0764782500010002D8,4.6,Yes,mattress,0.0
6746117,ANCHOR_01,52:06:26:03:01:DA,-78,MFG_4C000215FDA50693A4E24FB1AFCFC6EB0764782500010002D8,4.6,Yes,mattress,0.0
6747107,ANCHOR_01,52:06:26:03:01:DA,-79,MFG_4C000215FDA50693A4E24FB1AFCFC6EB0764782500010002D8,4.6,Yes,mattress,0.0
6748127,ANCHOR_01,52:06:26:03:01:DA,-78,MFG_4C000215FDA50693A4E24FB1AFCFC6EB0764782500010002D8,4.6,Yes,mattress,0.0
6749147,ANCHOR_01,52:06:26:03:01:DA,-86,MFG_4C000215FDA50693A4E24FB1AFCFC6EB0764782500010002D8,4.6,Yes,mattress,0.0
6750137,ANCHOR_01,52:06:26:03:01:DA,-86,MFG_4C000215FDA50693A4E24FB1AFCFC6EB0764782500010002D8,4.6,Yes,mattress,0.0
6751157,ANCHOR_01,52:06:26:03:01:DA,-79,MFG_4C000215FDA50693A4E24FB1AFCFC6EB0764782500010002D8,4.6,Yes,mattress,0.0
6752137,ANCHOR_01,52:06:26:03:01:DA,-78,MFG_4C000215FDA50693A4E24FB1AFCFC6EB0764782500010002D8,4.6,Yes,mattress,0.0
6753167,ANCHOR_01,52:06:26:03:01:DA,-79,MFG_4C000215FDA50693A4E24FB1AFCFC6EB0764782500010002D8,4.6,Yes,mattress,0.0
6754157,ANCHOR_01,52:06:26:03:01:DA,-79,MFG_4C000215FDA50693A4E24FB1AFCFC6EB0764782500010002D8,4.6,Yes,mattress,0.0
6755157,ANCHOR_01,52:06:26:03:01:DA,-87,MFG_4C000215FDA50693A4E24FB1AFCFC6EB0764782500010002D8,4.6,Yes,mattress,0.0
6756167,ANCHOR_01,52:06:26:03:01:DA,-86,MFG_4C000215FDA50693A4E24FB1AFCFC6EB0764782500010002D8,4.6,Yes,mattress,0.0
6758177,ANCHOR_01,52:06:26:03:01:DA,-78,MFG_4C000215FDA50693A4E24FB1AFCFC6EB0764782500010002D8,4.6,Yes,mattress,0.0
6759197,ANCHOR_01,52:06:26:03:01:DA,-78,MFG_4C000215FDA50693A4E24FB1AFCFC6EB0764782500010002D8,4.6,Yes,mattress,0.0
6760187,ANCHOR_01,52:06:26:03:01:DA,-79,MFG_4C000215FDA50693A4E24FB1AFCFC6EB0764782500010002D8,4.6,Yes,mattress,0.0
6761207,ANCHOR_01,52:06:26:03:01:DA,-89,MFG_4C000215FDA50693A4E24FB1AFCFC6EB0764782500010002D8,4.6,Yes,mattress,0.0
6762197,ANCHOR_01,52:06:26:03:01:DA,-89,MFG_4C000215FDA50693A4E24FB1AFCFC6EB0764782500010002D8,4.6,Yes,mattress,0.0
6763217,ANCHOR_01,52:06:26:03:01:DA,-78,MFG_4C000215FDA50693A4E24FB1AFCFC6EB0764782500010002D8,4.6,Yes,mattress,0.0
6764207,ANCHOR_01,52:06:26:03:01:DA,-78,MFG_4C000215FDA50693A4E24FB1AFCFC6EB0764782500010002D8,4.6,Yes,mattress,0.0
6765227,ANCHOR_01,52:06:26:03:01:DA,-78,MFG_4C000215FDA50693A4E24FB1AFCFC6EB0764782500010002D8,4.6,Yes,mattress,0.0
6766217,ANCHOR_01,52:06:26:03:01:DA,-79,MFG_4C000215FDA50693A4E24FB1AFCFC6EB0764782500010002D8,4.6,Yes,mattress,0.0
6767227,ANCHOR_01,52:06:26:03:01:DA,-85,MFG_4C000215FDA50693A4E24FB1AFCFC6EB0764782500010002D8,4.6,Yes,mattress,0.0
6768257,ANCHOR_01,52:06:26:03:01:DA,-78,MFG_4C000215FDA50693A4E24FB1AFCFC6EB0764782500010002D8,4.6,Yes,mattress,0.0
6769247,ANCHOR_01,52:06:26:03:01:DA,-78,MFG_4C000215FDA50693A4E24FB1AFCFC6EB0764782500010002D8,4.6,Yes,mattress,0.0
6770247,ANCHOR_01,52:06:26:03:01:DA,-79,MFG_4C000215FDA50693A4E24FB1AFCFC6EB0764782500010002D8,4.6,Yes,mattress,0.0
6771257,ANCHOR_01,52:06:26:03:01:DA,-79,MFG_4C000215FDA50693A4E24FB1AFCFC6EB0764782500010002D8,4.6,Yes,mattress,0.0
6772257,ANCHOR_01,52:06:26:03:01:DA,-85,MFG_4C000215FDA50693A4E24FB1AFCFC6EB0764782500010002D8,4.6,Yes,mattress,0.0
6773267,ANCHOR_01,52:06:26:03:01:DA,-85,MFG_4C000215FDA50693A4E24FB1AFCFC6EB0764782500010002D8,4.6,Yes,mattress,0.0
6774287,ANCHOR_01,52:06:26:03:01:DA,-78,MFG_4C000215FDA50693A4E24FB1AFCFC6EB0764782500010002D8,4.6,Yes,mattress,0.0
6775277,ANCHOR_01,52:06:26:03:01:DA,-78,MFG_4C000215FDA50693A4E24FB1AFCFC6EB0764782500010002D8,4.6,Yes,mattress,0.0
6777287,ANCHOR_01,52:06:26:03:01:DA,-80,MFG_4C000215FDA50693A4E24FB1AFCFC6EB0764782500010002D8,4.6,Yes,mattress,0.0
6778277,ANCHOR_01,52:06:26:03:01:DA,-79,MFG_4C000215FDA50693A4E24FB1AFCFC6EB0764782500010002D8,4.6,Yes,mattress,0.0
6779297,ANCHOR_01,52:06:26:03:01:DA,-89,MFG_4C000215FDA50693A4E24FB1AFCFC6EB0764782500010002D8,4.6,Yes,mattress,0.0
6780287,ANCHOR_01,52:06:26:03:01:DA,-88,MFG_4C000215FDA50693A4E24FB1AFCFC6EB0764782500010002D8,4.6,Yes,mattress,0.0
6781307,ANCHOR_01,52:06:26:03:01:DA,-78,MFG_4C000215FDA50693A4E24FB1AFCFC6EB0764782500010002D8,4.6,Yes,mattress,0.0
6782297,ANCHOR_01,52:06:26:03:01:DA,-78,MFG_4C000215FDA50693A4E24FB1AFCFC6EB0764782500010002D8,4.6,Yes,mattress,0.0
6783317,ANCHOR_01,52:06:26:03:01:DA,-79,MFG_4C000215FDA50693A4E24FB1AFCFC6EB0764782500010002D8,4.6,Yes,mattress,0.0
6784337,ANCHOR_01,52:06:26:03:01:DA,-85,MFG_4C000215FDA50693A4E24FB1AFCFC6EB0764782500010002D8,4.6,Yes,mattress,0.0
6785317,ANCHOR_01,52:06:26:03:01:DA,-87,MFG_4C000215FDA50693A4E24FB1AFCFC6EB0764782500010002D8,4.6,Yes,mattress,0.0
6787337,ANCHOR_01,52:06:26:03:01:DA,-78,MFG_4C000215FDA50693A4E24FB1AFCFC6EB0764782500010002D8,4.6,Yes,mattress,0.0
6788347,ANCHOR_01,52:06:26:03:01:DA,-79,MFG_4C000215FDA50693A4E24FB1AFCFC6EB0764782500010002D8,4.6,Yes,mattress,0.0
6789347,ANCHOR_01,52:06:26:03:01:DA,-78,MFG_4C000215FDA50693A4E24FB1AFCFC6EB0764782500010002D8,4.6,Yes,mattress,0.0
6790347,ANCHOR_01,52:06:26:03:01:DA,-88,MFG_4C000215FDA50693A4E24FB1AFCFC6EB0764782500010002D8,4.6,Yes,mattress,0.0
6791357,ANCHOR_01,52:06:26:03:01:DA,-86,MFG_4C000215FDA50693A4E24FB1AFCFC6EB0764782500010002D8,4.6,Yes,mattress,0.0
6792377,ANCHOR_01,52:06:26:03:01:DA,-78,MFG_4C000215FDA50693A4E24FB1AFCFC6EB0764782500010002D8,4.6,Yes,mattress,0.0
6793357,ANCHOR_01,52:06:26:03:01:DA,-78,MFG_4C000215FDA50693A4E24FB1AFCFC6EB0764782500010002D8,4.6,Yes,mattress,0.0
6794387,ANCHOR_01,52:06:26:03:01:DA,-78,MFG_4C000215FDA50693A4E24FB1AFCFC6EB0764782500010002D8,4.6,Yes,mattress,0.0
6795377,ANCHOR_01,52:06:26:03:01:DA,-80,MFG_4C000215FDA50693A4E24FB1AFCFC6EB0764782500010002D8,4.6,Yes,mattress,0.0
6796397,ANCHOR_01,52:06:26:03:01:DA,-87,MFG_4C000215FDA50693A4E24FB1AFCFC6EB0764782500010002D8,4.6,Yes,mattress,0.0
6797387,ANCHOR_01,52:06:26:03:01:DA,-87,MFG_4C000215FDA50693A4E24FB1AFCFC6EB0764782500010002D8,4.6,Yes,mattress,0.0
6799397,ANCHOR_01,52:06:26:03:01:DA,-78,MFG_4C000215FDA50693A4E24FB1AFCFC6EB0764782500010002D8,4.6,Yes,mattress,0.0
6800387,ANCHOR_01,52:06:26:03:01:DA,-78,MFG_4C000215FDA50693A4E24FB1AFCFC6EB0764782500010002D8,4.6,Yes,mattress,0.0
6801407,ANCHOR_01,52:06:26:03:01:DA,-79,MFG_4C000215FDA50693A4E24FB1AFCFC6EB0764782500010002D8,4.6,Yes,mattress,0.0
6803417,ANCHOR_01,52:06:26:03:01:DA,-88,MFG_4C000215FDA50693A4E24FB1AFCFC6EB0764782500010002D8,4.6,Yes,mattress,0.0
6805417,ANCHOR_01,52:06:26:03:01:DA,-78,MFG_4C000215FDA50693A4E24FB1AFCFC6EB0764782500010002D8,4.6,Yes,mattress,0.0
6806447,ANCHOR_01,52:06:26:03:01:DA,-78,MFG_4C000215FDA50693A4E24FB1AFCFC6EB0764782500010002D8,4.6,Yes,mattress,0.0
6807437,ANCHOR_01,52:06:26:03:01:DA,-78,MFG_4C000215FDA50693A4E24FB1AFCFC6EB0764782500010002D8,4.6,Yes,mattress,0.0
6808447,ANCHOR_01,52:06:26:03:01:DA,-87,MFG_4C000215FDA50693A4E24FB1AFCFC6EB0764782500010002D8,4.6,Yes,mattress,0.0
6810467,ANCHOR_01,52:06:26:03:01:DA,-78,MFG_4C000215FDA50693A4E24FB1AFCFC6EB0764782500010002D8,4.6,Yes,mattress,0.0
6811457,ANCHOR_01,52:06:26:03:01:DA,-78,MFG_4C000215FDA50693A4E24FB1AFCFC6EB0764782500010002D8,4.6,Yes,mattress,0.0
6812477,ANCHOR_01,52:06:26:03:01:DA,-78,MFG_4C000215FDA50693A4E24FB1AFCFC6EB0764782500010002D8,4.6,Yes,mattress,0.0
6813467,ANCHOR_01,52:06:26:03:01:DA,-79,MFG_4C000215FDA50693A4E24FB1AFCFC6EB0764782500010002D8,4.6,Yes,mattress,0.0
6814487,ANCHOR_01,52:06:26:03:01:DA,-86,MFG_4C000215FDA50693A4E24FB1AFCFC6EB0764782500010002D8,4.6,Yes,mattress,0.0
6815477,ANCHOR_01,52:06:26:03:01:DA,-90,MFG_4C000215FDA50693A4E24FB1AFCFC6EB0764782500010002D8,4.6,Yes,mattress,0.0
6816487,ANCHOR_01,52:06:26:03:01:DA,-78,MFG_4C000215FDA50693A4E24FB1AFCFC6EB0764782500010002D8,4.6,Yes,mattress,0.0
6817487,ANCHOR_01,52:06:26:03:01:DA,-78,MFG_4C000215FDA50693A4E24FB1AFCFC6EB0764782500010002D8,4.6,Yes,mattress,0.0
6818507,ANCHOR_01,52:06:26:03:01:DA,-78,MFG_4C000215FDA50693A4E24FB1AFCFC6EB0764782500010002D8,4.6,Yes,mattress,0.0
6819497,ANCHOR_01,52:06:26:03:01:DA,-78,MFG_4C000215FDA50693A4E24FB1AFCFC6EB0764782500010002D8,4.6,Yes,mattress,0.0
6820517,ANCHOR_01,52:06:26:03:01:DA,-86,MFG_4C000215FDA50693A4E24FB1AFCFC6EB0764782500010002D8,4.6,Yes,mattress,0.0
6821507,ANCHOR_01,52:06:26:03:01:DA,-88,MFG_4C000215FDA50693A4E24FB1AFCFC6EB0764782500010002D8,4.6,Yes,mattress,0.0
6822527,ANCHOR_01,52:06:26:03:01:DA,-79,MFG_4C000215FDA50693A4E24FB1AFCFC6EB0764782500010002D8,4.6,Yes,mattress,0.0
6823517,ANCHOR_01,52:06:26:03:01:DA,-78,MFG_4C000215FDA50693A4E24FB1AFCFC6EB0764782500010002D8,4.6,Yes,mattress,0.0
6824537,ANCHOR_01,52:06:26:03:01:DA,-78,MFG_4C000215FDA50693A4E24FB1AFCFC6EB0764782500010002D8,4.6,Yes,mattress,0.0
6826547,ANCHOR_01,52:06:26:03:01:DA,-90,MFG_4C000215FDA50693A4E24FB1AFCFC6EB0764782500010002D8,4.6,Yes,mattress,0.0
6827537,ANCHOR_01,52:06:26:03:01:DA,-88,MFG_4C000215FDA50693A4E24FB1AFCFC6EB0764782500010002D8,4.6,Yes,mattress,0.0
6828557,ANCHOR_01,52:06:26:03:01:DA,-78,MFG_4C000215FDA50693A4E24FB1AFCFC6EB0764782500010002D8,4.6,Yes,mattress,0.0
6829547,ANCHOR_01,52:06:26:03:01:DA,-78,MFG_4C000215FDA50693A4E24FB1AFCFC6EB0764782500010002D8,4.6,Yes,mattress,0.0
6830567,ANCHOR_01,52:06:26:03:01:DA,-78,MFG_4C000215FDA50693A4E24FB1AFCFC6EB0764782500010002D8,4.6,Yes,mattress,0.0
6832557,ANCHOR_01,52:06:26:03:01:DA,-88,MFG_4C000215FDA50693A4E24FB1AFCFC6EB0764782500010002D8,4.6,Yes,mattress,0.0
6833567,ANCHOR_01,52:06:26:03:01:DA,-85,MFG_4C000215FDA50693A4E24FB1AFCFC6EB0764782500010002D8,4.6,Yes,mattress,0.0
6834587,ANCHOR_01,52:06:26:03:01:DA,-78,MFG_4C000215FDA50693A4E24FB1AFCFC6EB0764782500010002D8,4.6,Yes,mattress,0.0
6835567,ANCHOR_01,52:06:26:03:01:DA,-78,MFG_4C000215FDA50693A4E24FB1AFCFC6EB0764782500010002D8,4.6,Yes,mattress,0.0
6836597,ANCHOR_01,52:06:26:03:01:DA,-79,MFG_4C000215FDA50693A4E24FB1AFCFC6EB0764782500010002D8,4.6,Yes,mattress,0.0
6837587,ANCHOR_01,52:06:26:03:01:DA,-79,MFG_4C000215FDA50693A4E24FB1AFCFC6EB0764782500010002D8,4.6,Yes,mattress,0.0
6838607,ANCHOR_01,52:06:26:03:01:DA,-87,MFG_4C000215FDA50693A4E24FB1AFCFC6EB0764782500010002D8,4.6,Yes,mattress,0.0
6839597,ANCHOR_01,52:06:26:03:01:DA,-85,MFG_4C000215FDA50693A4E24FB1AFCFC6EB0764782500010002D8,4.6,Yes,mattress,0.0
6840617,ANCHOR_01,52:06:26:03:01:DA,-78,MFG_4C000215FDA50693A4E24FB1AFCFC6EB0764782500010002D8,4.6,Yes,mattress,0.0
6841607,ANCHOR_01,52:06:26:03:01:DA,-78,MFG_4C000215FDA50693A4E24FB1AFCFC6EB0764782500010002D8,4.6,Yes,mattress,0.0
6842617,ANCHOR_01,52:06:26:03:01:DA,-78,MFG_4C000215FDA50693A4E24FB1AFCFC6EB0764782500010002D8,4.6,Yes,mattress,0.0
6843617,ANCHOR_01,52:06:26:03:01:DA,-79,MFG_4C000215FDA50693A4E24FB1AFCFC6EB0764782500010002D8,4.6,Yes,mattress,0.0
6844637,ANCHOR_01,52:06:26:03:01:DA,-85,MFG_4C000215FDA50693A4E24FB1AFCFC6EB0764782500010002D8,4.6,Yes,mattress,0.0
6845627,ANCHOR_01,52:06:26:03:01:DA,-86,MFG_4C000215FDA50693A4E24FB1AFCFC6EB0764782500010002D8,4.6,Yes,mattress,0.0
6846627,ANCHOR_01,52:06:26:03:01:DA,-79,MFG_4C000215FDA50693A4E24FB1AFCFC6EB0764782500010002D8,4.6,Yes,mattress,0.0
6847637,ANCHOR_01,52:06:26:03:01:DA,-78,MFG_4C000215FDA50693A4E24FB1AFCFC6EB0764782500010002D8,4.6,Yes,mattress,0.0
6848657,ANCHOR_01,52:06:26:03:01:DA,-79,MFG_4C000215FDA50693A4E24FB1AFCFC6EB0764782500010002D8,4.6,Yes,mattress,0.0
6849647,ANCHOR_01,52:06:26:03:01:DA,-80,MFG_4C000215FDA50693A4E24FB1AFCFC6EB0764782500010002D8,4.6,Yes,mattress,0.0
6850637,ANCHOR_01,52:06:26:03:01:DA,-79,MFG_4C000215FDA50693A4E24FB1AFCFC6EB0764782500010002D8,4.6,Yes,mattress,0.0
6851657,ANCHOR_01,52:06:26:03:01:DA,-86,MFG_4C000215FDA50693A4E24FB1AFCFC6EB0764782500010002D8,4.6,Yes,mattress,0.0
6852647,ANCHOR_01,52:06:26:03:01:DA,-86,MFG_4C000215FDA50693A4E24FB1AFCFC6EB0764782500010002D8,4.6,Yes,mattress,0.0
6853647,ANCHOR_01,52:06:26:03:01:DA,-78,MFG_4C000215FDA50693A4E24FB1AFCFC6EB0764782500010002D8,4.6,Yes,mattress,0.0
6854657,ANCHOR_01,52:06:26:03:01:DA,-78,MFG_4C000215FDA50693A4E24FB1AFCFC6EB0764782500010002D8,4.6,Yes,mattress,0.0
6855677,ANCHOR_01,52:06:26:03:01:DA,-80,MFG_4C000215FDA50693A4E24FB1AFCFC6EB0764782500010002D8,4.6,Yes,mattress,0.0
6856667,ANCHOR_01,52:06:26:03:01:DA,-78,MFG_4C000215FDA50693A4E24FB1AFCFC6EB0764782500010002D8,4.6,Yes,mattress,0.0
6857687,ANCHOR_01,52:06:26:03:01:DA,-89,MFG_4C000215FDA50693A4E24FB1AFCFC6EB0764782500010002D8,4.6,Yes,mattress,0.0
6858667,ANCHOR_01,52:06:26:03:01:DA,-90,MFG_4C000215FDA50693A4E24FB1AFCFC6EB0764782500010002D8,4.6,Yes,mattress,0.0
6860687,ANCHOR_01,52:06:26:03:01:DA,-78,MFG_4C000215FDA50693A4E24FB1AFCFC6EB0764782500010002D8,4.6,Yes,mattress,0.0
6861677,ANCHOR_01,52:06:26:03:01:DA,-78,MFG_4C000215FDA50693A4E24FB1AFCFC6EB0764782500010002D8,4.6,Yes,mattress,0.0
6862697,ANCHOR_01,52:06:26:03:01:DA,-79,MFG_4C000215FDA50693A4E24FB1AFCFC6EB0764782500010002D8,4.6,Yes,mattress,0.0
6864707,ANCHOR_01,52:06:26:03:01:DA,-86,MFG_4C000215FDA50693A4E24FB1AFCFC6EB0764782500010002D8,4.6,Yes,mattress,0.0
6865727,ANCHOR_01,52:06:26:03:01:DA,-78,MFG_4C000215FDA50693A4E24FB1AFCFC6EB0764782500010002D8,4.6,Yes,mattress,0.0
6866717,ANCHOR_01,52:06:26:03:01:DA,-77,MFG_4C000215FDA50693A4E24FB1AFCFC6EB0764782500010002D8,4.6,Yes,mattress,0.0
6867717,ANCHOR_01,52:06:26:03:01:DA,-79,MFG_4C000215FDA50693A4E24FB1AFCFC6EB0764782500010002D8,4.6,Yes,mattress,0.0
6868727,ANCHOR_01,52:06:26:03:01:DA,-79,MFG_4C000215FDA50693A4E24FB1AFCFC6EB0764782500010002D8,4.6,Yes,mattress,0.0
6869747,ANCHOR_01,52:06:26:03:01:DA,-87,MFG_4C000215FDA50693A4E24FB1AFCFC6EB0764782500010002D8,4.6,Yes,mattress,0.0
6870737,ANCHOR_01,52:06:26:03:01:DA,-89,MFG_4C000215FDA50693A4E24FB1AFCFC6EB0764782500010002D8,4.6,Yes,mattress,0.0
6871757,ANCHOR_01,52:06:26:03:01:DA,-78,MFG_4C000215FDA50693A4E24FB1AFCFC6EB0764782500010002D8,4.6,Yes,mattress,0.0
6872757,ANCHOR_01,52:06:26:03:01:DA,-79,MFG_4C000215FDA50693A4E24FB1AFCFC6EB0764782500010002D8,4.6,Yes,mattress,0.0
6873767,ANCHOR_01,52:06:26:03:01:DA,-80,MFG_4C000215FDA50693A4E24FB1AFCFC6EB0764782500010002D8,4.6,Yes,mattress,0.0
6874787,ANCHOR_01,52:06:26:03:01:DA,-87,MFG_4C000215FDA50693A4E24FB1AFCFC6EB0764782500010002D8,4.6,Yes,mattress,0.0
6875777,ANCHOR_01,52:06:26:03:01:DA,-88,MFG_4C000215FDA50693A4E24FB1AFCFC6EB0764782500010002D8,4.6,Yes,mattress,0.0
6877777,ANCHOR_01,52:06:26:03:01:DA,-78,MFG_4C000215FDA50693A4E24FB1AFCFC6EB0764782500010002D8,4.6,Yes,mattress,0.0
6878797,ANCHOR_01,52:06:26:03:01:DA,-79,MFG_4C000215FDA50693A4E24FB1AFCFC6EB0764782500010002D8,4.6,Yes,mattress,0.0
6879797,ANCHOR_01,52:06:26:03:01:DA,-78,MFG_4C000215FDA50693A4E24FB1AFCFC6EB0764782500010002D8,4.6,Yes,mattress,0.0
6881807,ANCHOR_01,52:06:26:03:01:DA,-86,MFG_4C000215FDA50693A4E24FB1AFCFC6EB0764782500010002D8,4.6,Yes,mattress,0.0
6883817,ANCHOR_01,52:06:26:03:01:DA,-78,MFG_4C000215FDA50693A4E24FB1AFCFC6EB0764782500010002D8,4.6,Yes,mattress,0.0
6885827,ANCHOR_01,52:06:26:03:01:DA,-79,MFG_4C000215FDA50693A4E24FB1AFCFC6EB0764782500010002D8,4.6,Yes,mattress,0.0
6886847,ANCHOR_01,52:06:26:03:01:DA,-86,MFG_4C000215FDA50693A4E24FB1AFCFC6EB0764782500010002D8,4.6,Yes,mattress,0.0
6887837,ANCHOR_01,52:06:26:03:01:DA,-90,MFG_4C000215FDA50693A4E24FB1AFCFC6EB0764782500010002D8,4.6,Yes,mattress,0.0
6888857,ANCHOR_01,52:06:26:03:01:DA,-78,MFG_4C000215FDA50693A4E24FB1AFCFC6EB0764782500010002D8,4.6,Yes,mattress,0.0
6889847,ANCHOR_01,52:06:26:03:01:DA,-78,MFG_4C000215FDA50693A4E24FB1AFCFC6EB0764782500010002D8,4.6,Yes,mattress,0.0
6890867,ANCHOR_01,52:06:26:03:01:DA,-79,MFG_4C000215FDA50693A4E24FB1AFCFC6EB0764782500010002D8,4.6,Yes,mattress,0.0
6891857,ANCHOR_01,52:06:26:03:01:DA,-79,MFG_4C000215FDA50693A4E24FB1AFCFC6EB0764782500010002D8,4.6,Yes,mattress,0.0
6892877,ANCHOR_01,52:06:26:03:01:DA,-85,MFG_4C000215FDA50693A4E24FB1AFCFC6EB0764782500010002D8,4.6,Yes,mattress,0.0
6893867,ANCHOR_01,52:06:26:03:01:DA,-90,MFG_4C000215FDA50693A4E24FB1AFCFC6EB0764782500010002D8,4.6,Yes,mattress,0.0
6894887,ANCHOR_01,52:06:26:03:01:DA,-77,MFG_4C000215FDA50693A4E24FB1AFCFC6EB0764782500010002D8,4.6,Yes,mattress,0.0
6895877,ANCHOR_01,52:06:26:03:01:DA,-78,MFG_4C000215FDA50693A4E24FB1AFCFC6EB0764782500010002D8,4.6,Yes,mattress,0.0
6896897,ANCHOR_01,52:06:26:03:01:DA,-78,MFG_4C000215FDA50693A4E24FB1AFCFC6EB0764782500010002D8,4.6,Yes,mattress,0.0
6898907,ANCHOR_01,52:06:26:03:01:DA,-89,MFG_4C000215FDA50693A4E24FB1AFCFC6EB0764782500010002D8,4.6,Yes,mattress,0.0
6899897,ANCHOR_01,52:06:26:03:01:DA,-87,MFG_4C000215FDA50693A4E24FB1AFCFC6EB0764782500010002D8,4.6,Yes,mattress,0.0
6900917,ANCHOR_01,52:06:26:03:01:DA,-78,MFG_4C000215FDA50693A4E24FB1AFCFC6EB0764782500010002D8,4.6,Yes,mattress,0.0
6901907,ANCHOR_01,52:06:26:03:01:DA,-79,MFG_4C000215FDA50693A4E24FB1AFCFC6EB0764782500010002D8,4.6,Yes,mattress,0.0
6902917,ANCHOR_01,52:06:26:03:01:DA,-78,MFG_4C000215FDA50693A4E24FB1AFCFC6EB0764782500010002D8,4.6,Yes,mattress,0.0
6904927,ANCHOR_01,52:06:26:03:01:DA,-89,MFG_4C000215FDA50693A4E24FB1AFCFC6EB0764782500010002D8,4.6,Yes,mattress,0.0
6905957,ANCHOR_01,52:06:26:03:01:DA,-78,MFG_4C000215FDA50693A4E24FB1AFCFC6EB0764782500010002D8,4.6,Yes,mattress,0.0
6906947,ANCHOR_01,52:06:26:03:01:DA,-78,MFG_4C000215FDA50693A4E24FB1AFCFC6EB0764782500010002D8,4.6,Yes,mattress,0.0
6907967,ANCHOR_01,52:06:26:03:01:DA,-78,MFG_4C000215FDA50693A4E24FB1AFCFC6EB0764782500010002D8,4.6,Yes,mattress,0.0
6908957,ANCHOR_01,52:06:26:03:01:DA,-80,MFG_4C000215FDA50693A4E24FB1AFCFC6EB0764782500010002D8,4.6,Yes,mattress,0.0
6910967,ANCHOR_01,52:06:26:03:01:DA,-85,MFG_4C000215FDA50693A4E24FB1AFCFC6EB0764782500010002D8,4.6,Yes,mattress,0.0
6911957,ANCHOR_01,52:06:26:03:01:DA,-85,MFG_4C000215FDA50693A4E24FB1AFCFC6EB0764782500010002D8,4.6,Yes,mattress,0.0
6912977,ANCHOR_01,52:06:26:03:01:DA,-78,MFG_4C000215FDA50693A4E24FB1AFCFC6EB0764782500010002D8,4.6,Yes,mattress,0.0
6913967,ANCHOR_01,52:06:26:03:01:DA,-78,MFG_4C000215FDA50693A4E24FB1AFCFC6EB0764782500010002D8,4.6,Yes,mattress,0.0
6914977,ANCHOR_01,52:06:26:03:01:DA,-79,MFG_4C000215FDA50693A4E24FB1AFCFC6EB0764782500010002D8,4.6,Yes,mattress,0.0
6915977,ANCHOR_01,52:06:26:03:01:DA,-79,MFG_4C000215FDA50693A4E24FB1AFCFC6EB0764782500010002D8,4.6,Yes,mattress,0.0
6916987,ANCHOR_01,52:06:26:03:01:DA,-87,MFG_4C000215FDA50693A4E24FB1AFCFC6EB0764782500010002D8,4.6,Yes,mattress,0.0
6917987,ANCHOR_01,52:06:26:03:01:DA,-89,MFG_4C000215FDA50693A4E24FB1AFCFC6EB0764782500010002D8,4.6,Yes,mattress,0.0
6918987,ANCHOR_01,52:06:26:03:01:DA,-78,MFG_4C000215FDA50693A4E24FB1AFCFC6EB0764782500010002D8,4.6,Yes,mattress,0.0
6919997,ANCHOR_01,52:06:26:03:01:DA,-78,MFG_4C000215FDA50693A4E24FB1AFCFC6EB0764782500010002D8,4.6,Yes,mattress,0.0
6921017,ANCHOR_01,52:06:26:03:01:DA,-79,MFG_4C000215FDA50693A4E24FB1AFCFC6EB0764782500010002D8,4.6,Yes,mattress,0.0
6922007,ANCHOR_01,52:06:26:03:01:DA,-79,MFG_4C000215FDA50693A4E24FB1AFCFC6EB0764782500010002D8,4.6,Yes,mattress,0.0
6923027,ANCHOR_01,52:06:26:03:01:DA,-88,MFG_4C000215FDA50693A4E24FB1AFCFC6EB0764782500010002D8,4.6,Yes,mattress,0.0
6925037,ANCHOR_01,52:06:26:03:01:DA,-79,MFG_4C000215FDA50693A4E24FB1AFCFC6EB0764782500010002D8,4.6,Yes,mattress,0.0
6926037,ANCHOR_01,52:06:26:03:01:DA,-78,MFG_4C000215FDA50693A4E24FB1AFCFC6EB0764782500010002D8,4.6,Yes,mattress,0.0
6927047,ANCHOR_01,52:06:26:03:01:DA,-79,MFG_4C000215FDA50693A4E24FB1AFCFC6EB0764782500010002D8,4.6,Yes,mattress,0.0
6928067,ANCHOR_01,52:06:26:03:01:DA,-89,MFG_4C000215FDA50693A4E24FB1AFCFC6EB0764782500010002D8,4.6,Yes,mattress,0.0
6929057,ANCHOR_01,52:06:26:03:01:DA,-87,MFG_4C000215FDA50693A4E24FB1AFCFC6EB0764782500010002D8,4.6,Yes,mattress,0.0
6930077,ANCHOR_01,52:06:26:03:01:DA,-78,MFG_4C000215FDA50693A4E24FB1AFCFC6EB0764782500010002D8,4.6,Yes,mattress,0.0
6931067,ANCHOR_01,52:06:26:03:01:DA,-78,MFG_4C000215FDA50693A4E24FB1AFCFC6EB0764782500010002D8,4.6,Yes,mattress,0.0
6932087,ANCHOR_01,52:06:26:03:01:DA,-78,MFG_4C000215FDA50693A4E24FB1AFCFC6EB0764782500010002D8,4.6,Yes,mattress,0.0
6934087,ANCHOR_01,52:06:26:03:01:DA,-86,MFG_4C000215FDA50693A4E24FB1AFCFC6EB0764782500010002D8,4.6,Yes,mattress,0.0
6936107,ANCHOR_01,52:06:26:03:01:DA,-78,MFG_4C000215FDA50693A4E24FB1AFCFC6EB0764782500010002D8,4.6,Yes,mattress,0.0
6938117,ANCHOR_01,52:06:26:03:01:DA,-79,MFG_4C000215FDA50693A4E24FB1AFCFC6EB0764782500010002D8,4.6,Yes,mattress,0.0
6940127,ANCHOR_01,52:06:26:03:01:DA,-89,MFG_4C000215FDA50693A4E24FB1AFCFC6EB0764782500010002D8,4.6,Yes,mattress,0.0
6942127,ANCHOR_01,52:06:26:03:01:DA,-78,MFG_4C000215FDA50693A4E24FB1AFCFC6EB0764782500010002D8,4.6,Yes,mattress,0.0
6943127,ANCHOR_01,52:06:26:03:01:DA,-78,MFG_4C000215FDA50693A4E24FB1AFCFC6EB0764782500010002D8,4.6,Yes,mattress,0.0
6944147,ANCHOR_01,52:06:26:03:01:DA,-79,MFG_4C000215FDA50693A4E24FB1AFCFC6EB0764782500010002D8,4.6,Yes,mattress,0.0
6945137,ANCHOR_01,52:06:26:03:01:DA,-79,MFG_4C000215FDA50693A4E24FB1AFCFC6EB0764782500010002D8,4.6,Yes,mattress,0.0
6946137,ANCHOR_01,52:06:26:03:01:DA,-86,MFG_4C000215FDA50693A4E24FB1AFCFC6EB0764782500010002D8,4.6,Yes,mattress,0.0
6947147,ANCHOR_01,52:06:26:03:01:DA,-85,MFG_4C000215FDA50693A4E24FB1AFCFC6EB0764782500010002D8,4.6,Yes,mattress,0.0
6948167,ANCHOR_01,52:06:26:03:01:DA,-78,MFG_4C000215FDA50693A4E24FB1AFCFC6EB0764782500010002D8,4.6,Yes,mattress,0.0
6949157,ANCHOR_01,52:06:26:03:01:DA,-78,MFG_4C000215FDA50693A4E24FB1AFCFC6EB0764782500010002D8,4.6,Yes,mattress,0.0
6950177,ANCHOR_01,52:06:26:03:01:DA,-78,MFG_4C000215FDA50693A4E24FB1AFCFC6EB0764782500010002D8,4.6,Yes,mattress,0.0
6951167,ANCHOR_01,52:06:26:03:01:DA,-78,MFG_4C000215FDA50693A4E24FB1AFCFC6EB0764782500010002D8,4.6,Yes,mattress,0.0
6952187,ANCHOR_01,52:06:26:03:01:DA,-85,MFG_4C000215FDA50693A4E24FB1AFCFC6EB0764782500010002D8,4.6,Yes,mattress,0.0
6954167,ANCHOR_01,52:06:26:03:01:DA,-86,MFG_4C000215FDA50693A4E24FB1AFCFC6EB0764782500010002D8,4.6,Yes,mattress,0.0
6955187,ANCHOR_01,52:06:26:03:01:DA,-78,MFG_4C000215FDA50693A4E24FB1AFCFC6EB0764782500010002D8,4.6,Yes,mattress,0.0
6956177,ANCHOR_01,52:06:26:03:01:DA,-78,MFG_4C000215FDA50693A4E24FB1AFCFC6EB0764782500010002D8,4.6,Yes,mattress,0.0
6957197,ANCHOR_01,52:06:26:03:01:DA,-80,MFG_4C000215FDA50693A4E24FB1AFCFC6EB0764782500010002D8,4.6,Yes,mattress,0.0
6958197,ANCHOR_01,52:06:26:03:01:DA,-86,MFG_4C000215FDA50693A4E24FB1AFCFC6EB0764782500010002D8,4.6,Yes,mattress,0.0
6959207,ANCHOR_01,52:06:26:03:01:DA,-89,MFG_4C000215FDA50693A4E24FB1AFCFC6EB0764782500010002D8,4.6,Yes,mattress,0.0
6961217,ANCHOR_01,52:06:26:03:01:DA,-78,MFG_4C000215FDA50693A4E24FB1AFCFC6EB0764782500010002D8,4.6,Yes,mattress,0.0
6962207,ANCHOR_01,52:06:26:03:01:DA,-78,MFG_4C000215FDA50693A4E24FB1AFCFC6EB0764782500010002D8,4.6,Yes,mattress,0.0
6963227,ANCHOR_01,52:06:26:03:01:DA,-79,MFG_4C000215FDA50693A4E24FB1AFCFC6EB0764782500010002D8,4.6,Yes,mattress,0.0
6964247,ANCHOR_01,52:06:26:03:01:DA,-86,MFG_4C000215FDA50693A4E24FB1AFCFC6EB0764782500010002D8,4.6,Yes,mattress,0.0
6965237,ANCHOR_01,52:06:26:03:01:DA,-89,MFG_4C000215FDA50693A4E24FB1AFCFC6EB0764782500010002D8,4.6,Yes,mattress,0.0
6967247,ANCHOR_01,52:06:26:03:01:DA,-78,MFG_4C000215FDA50693A4E24FB1AFCFC6EB0764782500010002D8,4.6,Yes,mattress,0.0
6968267,ANCHOR_01,52:06:26:03:01:DA,-79,MFG_4C000215FDA50693A4E24FB1AFCFC6EB0764782500010002D8,4.6,Yes,mattress,0.0
6969257,ANCHOR_01,52:06:26:03:01:DA,-80,MFG_4C000215FDA50693A4E24FB1AFCFC6EB0764782500010002D8,4.6,Yes,mattress,0.0
6970277,ANCHOR_01,52:06:26:03:01:DA,-87,MFG_4C000215FDA50693A4E24FB1AFCFC6EB0764782500010002D8,4.6,Yes,mattress,0.0
6971267,ANCHOR_01,52:06:26:03:01:DA,-85,MFG_4C000215FDA50693A4E24FB1AFCFC6EB0764782500010002D8,4.6,Yes,mattress,0.0
6973277,ANCHOR_01,52:06:26:03:01:DA,-78,MFG_4C000215FDA50693A4E24FB1AFCFC6EB0764782500010002D8,4.6,Yes,mattress,0.0
6974297,ANCHOR_01,52:06:26:03:01:DA,-79,MFG_4C000215FDA50693A4E24FB1AFCFC6EB0764782500010002D8,4.6,Yes,mattress,0.0
6975287,ANCHOR_01,52:06:26:03:01:DA,-78,MFG_4C000215FDA50693A4E24FB1AFCFC6EB0764782500010002D8,4.6,Yes,mattress,0.0
6976307,ANCHOR_01,52:06:26:03:01:DA,-89,MFG_4C000215FDA50693A4E24FB1AFCFC6EB0764782500010002D8,4.6,Yes,mattress,0.0
6978307,ANCHOR_01,52:06:26:03:01:DA,-78,MFG_4C000215FDA50693A4E24FB1AFCFC6EB0764782500010002D8,4.6,Yes,mattress,0.0
6979307,ANCHOR_01,52:06:26:03:01:DA,-78,MFG_4C000215FDA50693A4E24FB1AFCFC6EB0764782500010002D8,4.6,Yes,mattress,0.0
6980307,ANCHOR_01,52:06:26:03:01:DA,-79,MFG_4C000215FDA50693A4E24FB1AFCFC6EB0764782500010002D8,4.6,Yes,mattress,0.0
6981317,ANCHOR_01,52:06:26:03:01:DA,-78,MFG_4C000215FDA50693A4E24FB1AFCFC6EB0764782500010002D8,4.6,Yes,mattress,0.0
6982337,ANCHOR_01,52:06:26:03:01:DA,-90,MFG_4C000215FDA50693A4E24FB1AFCFC6EB0764782500010002D8,4.6,Yes,mattress,0.0
6983327,ANCHOR_01,52:06:26:03:01:DA,-89,MFG_4C000215FDA50693A4E24FB1AFCFC6EB0764782500010002D8,4.6,Yes,mattress,0.0
6985337,ANCHOR_01,52:06:26:03:01:DA,-78,MFG_4C000215FDA50693A4E24FB1AFCFC6EB0764782500010002D8,4.6,Yes,mattress,0.0
6986327,ANCHOR_01,52:06:26:03:01:DA,-78,MFG_4C000215FDA50693A4E24FB1AFCFC6EB0764782500010002D8,4.6,Yes,mattress,0.0
6987327,ANCHOR_01,52:06:26:03:01:DA,-79,MFG_4C000215FDA50693A4E24FB1AFCFC6EB0764782500010002D8,4.6,Yes,mattress,0.0
6988337,ANCHOR_01,52:06:26:03:01:DA,-79,MFG_4C000215FDA50693A4E24FB1AFCFC6EB0764782500010002D8,4.6,Yes,mattress,0.0
6989357,ANCHOR_01,52:06:26:03:01:DA,-87,MFG_4C000215FDA50693A4E24FB1AFCFC6EB0764782500010002D8,4.6,Yes,mattress,0.0
6990347,ANCHOR_01,52:06:26:03:01:DA,-89,MFG_4C000215FDA50693A4E24FB1AFCFC6EB0764782500010002D8,4.6,Yes,mattress,0.0
6991367,ANCHOR_01,52:06:26:03:01:DA,-78,MFG_4C000215FDA50693A4E24FB1AFCFC6EB0764782500010002D8,4.6,Yes,mattress,0.0
6992387,ANCHOR_01,52:06:26:03:01:DA,-79,MFG_4C000215FDA50693A4E24FB1AFCFC6EB0764782500010002D8,4.6,Yes,mattress,0.0
6993377,ANCHOR_01,52:06:26:03:01:DA,-78,MFG_4C000215FDA50693A4E24FB1AFCFC6EB0764782500010002D8,4.6,Yes,mattress,0.0
6994367,ANCHOR_01,52:06:26:03:01:DA,-78,MFG_4C000215FDA50693A4E24FB1AFCFC6EB0764782500010002D8,4.6,Yes,mattress,0.0
6995387,ANCHOR_01,52:06:26:03:01:DA,-85,MFG_4C000215FDA50693A4E24FB1AFCFC6EB0764782500010002D8,4.6,Yes,mattress,0.0
6996407,ANCHOR_01,52:06:26:03:01:DA,-78,MFG_4C000215FDA50693A4E24FB1AFCFC6EB0764782500010002D8,4.6,Yes,mattress,0.0
6997377,ANCHOR_01,52:06:26:03:01:DA,-78,MFG_4C000215FDA50693A4E24FB1AFCFC6EB0764782500010002D8,4.6,Yes,mattress,0.0
6998387,ANCHOR_01,52:06:26:03:01:DA,-78,MFG_4C000215FDA50693A4E24FB1AFCFC6EB0764782500010002D8,4.6,Yes,mattress,0.0
6999407,ANCHOR_01,52:06:26:03:01:DA,-79,MFG_4C000215FDA50693A4E24FB1AFCFC6EB0764782500010002D8,4.6,Yes,mattress,0.0
7000397,ANCHOR_01,52:06:26:03:01:DA,-79,MFG_4C000215FDA50693A4E24FB1AFCFC6EB0764782500010002D8,4.6,Yes,mattress,0.0
7001417,ANCHOR_01,52:06:26:03:01:DA,-86,MFG_4C000215FDA50693A4E24FB1AFCFC6EB0764782500010002D8,4.6,Yes,mattress,0.0
7003427,ANCHOR_01,52:06:26:03:01:DA,-78,MFG_4C000215FDA50693A4E24FB1AFCFC6EB0764782500010002D8,4.6,Yes,mattress,0.0
7004417,ANCHOR_01,52:06:26:03:01:DA,-78,MFG_4C000215FDA50693A4E24FB1AFCFC6EB0764782500010002D8,4.6,Yes,mattress,0.0
7005417,ANCHOR_01,52:06:26:03:01:DA,-78,MFG_4C000215FDA50693A4E24FB1AFCFC6EB0764782500010002D8,4.6,Yes,mattress,0.0
7006427,ANCHOR_01,52:06:26:03:01:DA,-79,MFG_4C000215FDA50693A4E24FB1AFCFC6EB0764782500010002D8,4.6,Yes,mattress,0.0
7007447,ANCHOR_01,52:06:26:03:01:DA,-85,MFG_4C000215FDA50693A4E24FB1AFCFC6EB0764782500010002D8,4.6,Yes,mattress,0.0
7009457,ANCHOR_01,52:06:26:03:01:DA,-78,MFG_4C000215FDA50693A4E24FB1AFCFC6EB0764782500010002D8,4.6,Yes,mattress,0.0
7010447,ANCHOR_01,52:06:26:03:01:DA,-78,MFG_4C000215FDA50693A4E24FB1AFCFC6EB0764782500010002D8,4.6,Yes,mattress,0.0
7011467,ANCHOR_01,52:06:26:03:01:DA,-79,MFG_4C000215FDA50693A4E24FB1AFCFC6EB0764782500010002D8,4.6,Yes,mattress,0.0
7013477,ANCHOR_01,52:06:26:03:01:DA,-87,MFG_4C000215FDA50693A4E24FB1AFCFC6EB0764782500010002D8,4.6,Yes,mattress,0.0
7015477,ANCHOR_01,52:06:26:03:01:DA,-79,MFG_4C000215FDA50693A4E24FB1AFCFC6EB0764782500010002D8,4.6,Yes,mattress,0.0
7017497,ANCHOR_01,52:06:26:03:01:DA,-78,MFG_4C000215FDA50693A4E24FB1AFCFC6EB0764782500010002D8,4.6,Yes,mattress,0.0
7018487,ANCHOR_01,52:06:26:03:01:DA,-78,MFG_4C000215FDA50693A4E24FB1AFCFC6EB0764782500010002D8,4.6,Yes,mattress,0.0
7019507,ANCHOR_01,52:06:26:03:01:DA,-85,MFG_4C000215FDA50693A4E24FB1AFCFC6EB0764782500010002D8,4.6,Yes,mattress,0.0
7021517,ANCHOR_01,52:06:26:03:01:DA,-78,MFG_4C000215FDA50693A4E24FB1AFCFC6EB0764782500010002D8,4.6,Yes,mattress,0.0
7022537,ANCHOR_01,52:06:26:03:01:DA,-78,MFG_4C000215FDA50693A4E24FB1AFCFC6EB0764782500010002D8,4.6,Yes,mattress,0.0
7023527,ANCHOR_01,52:06:26:03:01:DA,-78,MFG_4C000215FDA50693A4E24FB1AFCFC6EB0764782500010002D8,4.6,Yes,mattress,0.0
7024547,ANCHOR_01,52:06:26:03:01:DA,-86,MFG_4C000215FDA50693A4E24FB1AFCFC6EB0764782500010002D8,4.6,Yes,mattress,0.0
7025537,ANCHOR_01,52:06:26:03:01:DA,-85,MFG_4C000215FDA50693A4E24FB1AFCFC6EB0764782500010002D8,4.6,Yes,mattress,0.0
7026557,ANCHOR_01,52:06:26:03:01:DA,-78,MFG_4C000215FDA50693A4E24FB1AFCFC6EB0764782500010002D8,4.6,Yes,mattress,0.0
7027537,ANCHOR_01,52:06:26:03:01:DA,-78,MFG_4C000215FDA50693A4E24FB1AFCFC6EB0764782500010002D8,4.6,Yes,mattress,0.0
7028567,ANCHOR_01,52:06:26:03:01:DA,-79,MFG_4C000215FDA50693A4E24FB1AFCFC6EB0764782500010002D8,4.6,Yes,mattress,0.0
7029557,ANCHOR_01,52:06:26:03:01:DA,-79,MFG_4C000215FDA50693A4E24FB1AFCFC6EB0764782500010002D8,4.6,Yes,mattress,0.0
7030577,ANCHOR_01,52:06:26:03:01:DA,-89,MFG_4C000215FDA50693A4E24FB1AFCFC6EB0764782500010002D8,4.6,Yes,mattress,0.0
7031567,ANCHOR_01,52:06:26:03:01:DA,-90,MFG_4C000215FDA50693A4E24FB1AFCFC6EB0764782500010002D8,4.6,Yes,mattress,0.0
7033577,ANCHOR_01,52:06:26:03:01:DA,-78,MFG_4C000215FDA50693A4E24FB1AFCFC6EB0764782500010002D8,4.6,Yes,mattress,0.0
7034567,ANCHOR_01,52:06:26:03:01:DA,-78,MFG_4C000215FDA50693A4E24FB1AFCFC6EB0764782500010002D8,4.6,Yes,mattress,0.0
7035587,ANCHOR_01,52:06:26:03:01:DA,-78,MFG_4C000215FDA50693A4E24FB1AFCFC6EB0764782500010002D8,4.6,Yes,mattress,0.0
7036577,ANCHOR_01,52:06:26:03:01:DA,-79,MFG_4C000215FDA50693A4E24FB1AFCFC6EB0764782500010002D8,4.6,Yes,mattress,0.0
7037587,ANCHOR_01,52:06:26:03:01:DA,-90,MFG_4C000215FDA50693A4E24FB1AFCFC6EB0764782500010002D8,4.6,Yes,mattress,0.0
7038587,ANCHOR_01,52:06:26:03:01:DA,-89,MFG_4C000215FDA50693A4E24FB1AFCFC6EB0764782500010002D8,4.6,Yes,mattress,0.0
7039587,ANCHOR_01,52:06:26:03:01:DA,-78,MFG_4C000215FDA50693A4E24FB1AFCFC6EB0764782500010002D8,4.6,Yes,mattress,0.0
7040597,ANCHOR_01,52:06:26:03:01:DA,-78,MFG_4C000215FDA50693A4E24FB1AFCFC6EB0764782500010002D8,4.6,Yes,mattress,0.0
7041617,ANCHOR_01,52:06:26:03:01:DA,-78,MFG_4C000215FDA50693A4E24FB1AFCFC6EB0764782500010002D8,4.6,Yes,mattress,0.0
7042607,ANCHOR_01,52:06:26:03:01:DA,-78,MFG_4C000215FDA50693A4E24FB1AFCFC6EB0764782500010002D8,4.6,Yes,mattress,0.0
7043627,ANCHOR_01,52:06:26:03:01:DA,-87,MFG_4C000215FDA50693A4E24FB1AFCFC6EB0764782500010002D8,4.6,Yes,mattress,0.0
7044617,ANCHOR_01,52:06:26:03:01:DA,-85,MFG_4C000215FDA50693A4E24FB1AFCFC6EB0764782500010002D8,4.6,Yes,mattress,0.0
7045637,ANCHOR_01,52:06:26:03:01:DA,-78,MFG_4C000215FDA50693A4E24FB1AFCFC6EB0764782500010002D8,4.6,Yes,mattress,0.0
7046627,ANCHOR_01,52:06:26:03:01:DA,-78,MFG_4C000215FDA50693A4E24FB1AFCFC6EB0764782500010002D8,4.6,Yes,mattress,0.0
7047647,ANCHOR_01,52:06:26:03:01:DA,-78,MFG_4C000215FDA50693A4E24FB1AFCFC6EB0764782500010002D8,4.6,Yes,mattress,0.0
7048637,ANCHOR_01,52:06:26:03:01:DA,-78,MFG_4C000215FDA50693A4E24FB1AFCFC6EB0764782500010002D8,4.6,Yes,mattress,0.0
7049637,ANCHOR_01,52:06:26:03:01:DA,-85,MFG_4C000215FDA50693A4E24FB1AFCFC6EB0764782500010002D8,4.6,Yes,mattress,0.0
7050647,ANCHOR_01,52:06:26:03:01:DA,-86,MFG_4C000215FDA50693A4E24FB1AFCFC6EB0764782500010002D8,4.6,Yes,mattress,0.0
7052657,ANCHOR_01,52:06:26:03:01:DA,-78,MFG_4C000215FDA50693A4E24FB1AFCFC6EB0764782500010002D8,4.6,Yes,mattress,0.0
7053647,ANCHOR_01,52:06:26:03:01:DA,-78,MFG_4C000215FDA50693A4E24FB1AFCFC6EB0764782500010002D8,4.6,Yes,mattress,0.0
7054657,ANCHOR_01,52:06:26:03:01:DA,-78,MFG_4C000215FDA50693A4E24FB1AFCFC6EB0764782500010002D8,4.6,Yes,mattress,0.0
7055687,ANCHOR_01,52:06:26:03:01:DA,-87,MFG_4C000215FDA50693A4E24FB1AFCFC6EB0764782500010002D8,4.6,Yes,mattress,0.0
7056667,ANCHOR_01,52:06:26:03:01:DA,-89,MFG_4C000215FDA50693A4E24FB1AFCFC6EB0764782500010002D8,4.6,Yes,mattress,0.0
7057697,ANCHOR_01,52:06:26:03:01:DA,-79,MFG_4C000215FDA50693A4E24FB1AFCFC6EB0764782500010002D8,4.6,Yes,mattress,0.0
7058687,ANCHOR_01,52:06:26:03:01:DA,-78,MFG_4C000215FDA50693A4E24FB1AFCFC6EB0764782500010002D8,4.6,Yes,mattress,0.0
7059677,ANCHOR_01,52:06:26:03:01:DA,-78,MFG_4C000215FDA50693A4E24FB1AFCFC6EB0764782500010002D8,4.6,Yes,mattress,0.0
7060697,ANCHOR_01,52:06:26:03:01:DA,-78,MFG_4C000215FDA50693A4E24FB1AFCFC6EB0764782500010002D8,4.6,Yes,mattress,0.0
7061687,ANCHOR_01,52:06:26:03:01:DA,-79,MFG_4C000215FDA50693A4E24FB1AFCFC6EB0764782500010002D8,4.6,Yes,mattress,0.0
7062707,ANCHOR_01,52:06:26:03:01:DA,-85,MFG_4C000215FDA50693A4E24FB1AFCFC6EB0764782500010002D8,4.6,Yes,mattress,0.0
7063697,ANCHOR_01,52:06:26:03:01:DA,-89,MFG_4C000215FDA50693A4E24FB1AFCFC6EB0764782500010002D8,4.6,Yes,mattress,0.0
7064707,ANCHOR_01,52:06:26:03:01:DA,-79,MFG_4C000215FDA50693A4E24FB1AFCFC6EB0764782500010002D8,4.6,Yes,mattress,0.0
7065707,ANCHOR_01,52:06:26:03:01:DA,-78,MFG_4C000215FDA50693A4E24FB1AFCFC6EB0764782500010002D8,4.6,Yes,mattress,0.0
7066707,ANCHOR_01,52:06:26:03:01:DA,-79,MFG_4C000215FDA50693A4E24FB1AFCFC6EB0764782500010002D8,4.6,Yes,mattress,0.0
7067717,ANCHOR_01,52:06:26:03:01:DA,-78,MFG_4C000215FDA50693A4E24FB1AFCFC6EB0764782500010002D8,4.6,Yes,mattress,0.0
7068717,ANCHOR_01,52:06:26:03:01:DA,-87,MFG_4C000215FDA50693A4E24FB1AFCFC6EB0764782500010002D8,4.6,Yes,mattress,0.0
7069727,ANCHOR_01,52:06:26:03:01:DA,-85,MFG_4C000215FDA50693A4E24FB1AFCFC6EB0764782500010002D8,4.6,Yes,mattress,0.0
7071737,ANCHOR_01,52:06:26:03:01:DA,-78,MFG_4C000215FDA50693A4E24FB1AFCFC6EB0764782500010002D8,4.6,Yes,mattress,0.0
7072757,ANCHOR_01,52:06:26:03:01:DA,-78,MFG_4C000215FDA50693A4E24FB1AFCFC6EB0764782500010002D8,4.6,Yes,mattress,0.0
7073737,ANCHOR_01,52:06:26:03:01:DA,-79,MFG_4C000215FDA50693A4E24FB1AFCFC6EB0764782500010002D8,4.6,Yes,mattress,0.0
7074767,ANCHOR_01,52:06:26:03:01:DA,-89,MFG_4C000215FDA50693A4E24FB1AFCFC6EB0764782500010002D8,4.6,Yes,mattress,0.0
7075757,ANCHOR_01,52:06:26:03:01:DA,-86,MFG_4C000215FDA50693A4E24FB1AFCFC6EB0764782500010002D8,4.6,Yes,mattress,0.0
7076777,ANCHOR_01,52:06:26:03:01:DA,-79,MFG_4C000215FDA50693A4E24FB1AFCFC6EB0764782500010002D8,4.6,Yes,mattress,0.0
7078787,ANCHOR_01,52:06:26:03:01:DA,-78,MFG_4C000215FDA50693A4E24FB1AFCFC6EB0764782500010002D8,4.6,Yes,mattress,0.0
7079777,ANCHOR_01,52:06:26:03:01:DA,-79,MFG_4C000215FDA50693A4E24FB1AFCFC6EB0764782500010002D8,4.6,Yes,mattress,0.0
7080797,ANCHOR_01,52:06:26:03:01:DA,-86,MFG_4C000215FDA50693A4E24FB1AFCFC6EB0764782500010002D8,4.6,Yes,mattress,0.0
7081787,ANCHOR_01,52:06:26:03:01:DA,-86,MFG_4C000215FDA50693A4E24FB1AFCFC6EB0764782500010002D8,4.6,Yes,mattress,0.0
7082807,ANCHOR_01,52:06:26:03:01:DA,-78,MFG_4C000215FDA50693A4E24FB1AFCFC6EB0764782500010002D8,4.6,Yes,mattress,0.0
7083797,ANCHOR_01,52:06:26:03:01:DA,-78,MFG_4C000215FDA50693A4E24FB1AFCFC6EB0764782500010002D8,4.6,Yes,mattress,0.0
7084817,ANCHOR_01,52:06:26:03:01:DA,-79,MFG_4C000215FDA50693A4E24FB1AFCFC6EB0764782500010002D8,4.6,Yes,mattress,0.0
7085807,ANCHOR_01,52:06:26:03:01:DA,-79,MFG_4C000215FDA50693A4E24FB1AFCFC6EB0764782500010002D8,4.6,Yes,mattress,0.0
7086827,ANCHOR_01,52:06:26:03:01:DA,-86,MFG_4C000215FDA50693A4E24FB1AFCFC6EB0764782500010002D8,4.6,Yes,mattress,0.0
7087817,ANCHOR_01,52:06:26:03:01:DA,-86,MFG_4C000215FDA50693A4E24FB1AFCFC6EB0764782500010002D8,4.6,Yes,mattress,0.0
7088817,ANCHOR_01,52:06:26:03:01:DA,-79,MFG_4C000215FDA50693A4E24FB1AFCFC6EB0764782500010002D8,4.6,Yes,mattress,0.0
7089827,ANCHOR_01,52:06:26:03:01:DA,-79,MFG_4C000215FDA50693A4E24FB1AFCFC6EB0764782500010002D8,4.6,Yes,mattress,0.0
7090847,ANCHOR_01,52:06:26:03:01:DA,-79,MFG_4C000215FDA50693A4E24FB1AFCFC6EB0764782500010002D8,4.6,Yes,mattress,0.0
7091837,ANCHOR_01,52:06:26:03:01:DA,-78,MFG_4C000215FDA50693A4E24FB1AFCFC6EB0764782500010002D8,4.6,Yes,mattress,0.0
7092857,ANCHOR_01,52:06:26:03:01:DA,-89,MFG_4C000215FDA50693A4E24FB1AFCFC6EB0764782500010002D8,4.6,Yes,mattress,0.0
7093847,ANCHOR_01,52:06:26:03:01:DA,-88,MFG_4C000215FDA50693A4E24FB1AFCFC6EB0764782500010002D8,4.6,Yes,mattress,0.0
7094867,ANCHOR_01,52:06:26:03:01:DA,-78,MFG_4C000215FDA50693A4E24FB1AFCFC6EB0764782500010002D8,4.6,Yes,mattress,0.0
7095847,ANCHOR_01,52:06:26:03:01:DA,-78,MFG_4C000215FDA50693A4E24FB1AFCFC6EB0764782500010002D8,4.6,Yes,mattress,0.0
7097857,ANCHOR_01,52:06:26:03:01:DA,-78,MFG_4C000215FDA50693A4E24FB1AFCFC6EB0764782500010002D8,4.6,Yes,mattress,0.0
7098857,ANCHOR_01,52:06:26:03:01:DA,-80,MFG_4C000215FDA50693A4E24FB1AFCFC6EB0764782500010002D8,4.6,Yes,mattress,0.0
7099877,ANCHOR_01,52:06:26:03:01:DA,-90,MFG_4C000215FDA50693A4E24FB1AFCFC6EB0764782500010002D8,4.6,Yes,mattress,0.0
7101887,ANCHOR_01,52:06:26:03:01:DA,-78,MFG_4C000215FDA50693A4E24FB1AFCFC6EB0764782500010002D8,4.6,Yes,mattress,0.0
7102867,ANCHOR_01,52:06:26:03:01:DA,-78,MFG_4C000215FDA50693A4E24FB1AFCFC6EB0764782500010002D8,4.6,Yes,mattress,0.0
7103897,ANCHOR_01,52:06:26:03:01:DA,-79,MFG_4C000215FDA50693A4E24FB1AFCFC6EB0764782500010002D8,4.6,Yes,mattress,0.0
7104887,ANCHOR_01,52:06:26:03:01:DA,-79,MFG_4C000215FDA50693A4E24FB1AFCFC6EB0764782500010002D8,4.6,Yes,mattress,0.0
7105897,ANCHOR_01,52:06:26:03:01:DA,-86,MFG_4C000215FDA50693A4E24FB1AFCFC6EB0764782500010002D8,4.6,Yes,mattress,0.0
7106897,ANCHOR_01,52:06:26:03:01:DA,-90,MFG_4C000215FDA50693A4E24FB1AFCFC6EB0764782500010002D8,4.6,Yes,mattress,0.0
7107917,ANCHOR_01,52:06:26:03:01:DA,-78,MFG_4C000215FDA50693A4E24FB1AFCFC6EB0764782500010002D8,4.6,Yes,mattress,0.0
7108907,ANCHOR_01,52:06:26:03:01:DA,-78,MFG_4C000215FDA50693A4E24FB1AFCFC6EB0764782500010002D8,4.6,Yes,mattress,0.0
7109927,ANCHOR_01,52:06:26:03:01:DA,-79,MFG_4C000215FDA50693A4E24FB1AFCFC6EB0764782500010002D8,4.6,Yes,mattress,0.0
7111937,ANCHOR_01,52:06:26:03:01:DA,-88,MFG_4C000215FDA50693A4E24FB1AFCFC6EB0764782500010002D8,4.6,Yes,mattress,0.0
7112957,ANCHOR_01,52:06:26:03:01:DA,-78,MFG_4C000215FDA50693A4E24FB1AFCFC6EB0764782500010002D8,4.6,Yes,mattress,0.0
7113937,ANCHOR_01,52:06:26:03:01:DA,-78,MFG_4C000215FDA50693A4E24FB1AFCFC6EB0764782500010002D8,4.6,Yes,mattress,0.0
7114937,ANCHOR_01,52:06:26:03:01:DA,-79,MFG_4C000215FDA50693A4E24FB1AFCFC6EB0764782500010002D8,4.6,Yes,mattress,0.0
7115957,ANCHOR_01,52:06:26:03:01:DA,-78,MFG_4C000215FDA50693A4E24FB1AFCFC6EB0764782500010002D8,4.6,Yes,mattress,0.0
7116947,ANCHOR_01,52:06:26:03:01:DA,-78,MFG_4C000215FDA50693A4E24FB1AFCFC6EB0764782500010002D8,4.6,Yes,mattress,0.0
7117947,ANCHOR_01,52:06:26:03:01:DA,-89,MFG_4C000215FDA50693A4E24FB1AFCFC6EB0764782500010002D8,4.6,Yes,mattress,0.0
7118957,ANCHOR_01,52:06:26:03:01:DA,-85,MFG_4C000215FDA50693A4E24FB1AFCFC6EB0764782500010002D8,4.6,Yes,mattress,0.0
7119977,ANCHOR_01,52:06:26:03:01:DA,-78,MFG_4C000215FDA50693A4E24FB1AFCFC6EB0764782500010002D8,4.6,Yes,mattress,0.0
7120967,ANCHOR_01,52:06:26:03:01:DA,-78,MFG_4C000215FDA50693A4E24FB1AFCFC6EB0764782500010002D8,4.6,Yes,mattress,0.0
7121987,ANCHOR_01,52:06:26:03:01:DA,-79,MFG_4C000215FDA50693A4E24FB1AFCFC6EB0764782500010002D8,4.6,Yes,mattress,0.0
7122977,ANCHOR_01,52:06:26:03:01:DA,-79,MFG_4C000215FDA50693A4E24FB1AFCFC6EB0764782500010002D8,4.6,Yes,mattress,0.0
7123997,ANCHOR_01,52:06:26:03:01:DA,-85,MFG_4C000215FDA50693A4E24FB1AFCFC6EB0764782500010002D8,4.6,Yes,mattress,0.0
7124977,ANCHOR_01,52:06:26:03:01:DA,-86,MFG_4C000215FDA50693A4E24FB1AFCFC6EB0764782500010002D8,4.6,Yes,mattress,0.0
7126007,ANCHOR_01,52:06:26:03:01:DA,-78,MFG_4C000215FDA50693A4E24FB1AFCFC6EB0764782500010002D8,4.6,Yes,mattress,0.0
7126997,ANCHOR_01,52:06:26:03:01:DA,-78,MFG_4C000215FDA50693A4E24FB1AFCFC6EB0764782500010002D8,4.6,Yes,mattress,0.0
7128017,ANCHOR_01,52:06:26:03:01:DA,-78,MFG_4C000215FDA50693A4E24FB1AFCFC6EB0764782500010002D8,4.6,Yes,mattress,0.0
7129007,ANCHOR_01,52:06:26:03:01:DA,-79,MFG_4C000215FDA50693A4E24FB1AFCFC6EB0764782500010002D8,4.6,Yes,mattress,0.0
7129997,ANCHOR_01,52:06:26:03:01:DA,-78,MFG_4C000215FDA50693A4E24FB1AFCFC6EB0764782500010002D8,4.6,Yes,mattress,0.0
7131017,ANCHOR_01,52:06:26:03:01:DA,-89,MFG_4C000215FDA50693A4E24FB1AFCFC6EB0764782500010002D8,4.6,Yes,mattress,0.0
7133027,ANCHOR_01,52:06:26:03:01:DA,-78,MFG_4C000215FDA50693A4E24FB1AFCFC6EB0764782500010002D8,4.6,Yes,mattress,0.0
7134007,ANCHOR_01,52:06:26:03:01:DA,-78,MFG_4C000215FDA50693A4E24FB1AFCFC6EB0764782500010002D8,4.6,Yes,mattress,0.0
7135027,ANCHOR_01,52:06:26:03:01:DA,-79,MFG_4C000215FDA50693A4E24FB1AFCFC6EB0764782500010002D8,4.6,Yes,mattress,0.0
7136027,ANCHOR_01,52:06:26:03:01:DA,-79,MFG_4C000215FDA50693A4E24FB1AFCFC6EB0764782500010002D8,4.6,Yes,mattress,0.0
7137047,ANCHOR_01,52:06:26:03:01:DA,-86,MFG_4C000215FDA50693A4E24FB1AFCFC6EB0764782500010002D8,4.6,Yes,mattress,0.0
7138037,ANCHOR_01,52:06:26:03:01:DA,-89,MFG_4C000215FDA50693A4E24FB1AFCFC6EB0764782500010002D8,4.6,Yes,mattress,0.0
7139057,ANCHOR_01,52:06:26:03:01:DA,-79,MFG_4C000215FDA50693A4E24FB1AFCFC6EB0764782500010002D8,4.6,Yes,mattress,0.0
7140077,ANCHOR_01,52:06:26:03:01:DA,-79,MFG_4C000215FDA50693A4E24FB1AFCFC6EB0764782500010002D8,4.6,Yes,mattress,0.0
7141067,ANCHOR_01,52:06:26:03:01:DA,-78,MFG_4C000215FDA50693A4E24FB1AFCFC6EB0764782500010002D8,4.6,Yes,mattress,0.0
7142087,ANCHOR_01,52:06:26:03:01:DA,-85,MFG_4C000215FDA50693A4E24FB1AFCFC6EB0764782500010002D8,4.6,Yes,mattress,0.0
7144097,ANCHOR_01,52:06:26:03:01:DA,-79,MFG_4C000215FDA50693A4E24FB1AFCFC6EB0764782500010002D8,4.6,Yes,mattress,0.0
7145117,ANCHOR_01,52:06:26:03:01:DA,-79,MFG_4C000215FDA50693A4E24FB1AFCFC6EB0764782500010002D8,4.6,Yes,mattress,0.0
7146107,ANCHOR_01,52:06:26:03:01:DA,-80,MFG_4C000215FDA50693A4E24FB1AFCFC6EB0764782500010002D8,4.6,Yes,mattress,0.0
7147127,ANCHOR_01,52:06:26:03:01:DA,-86,MFG_4C000215FDA50693A4E24FB1AFCFC6EB0764782500010002D8,4.6,Yes,mattress,0.0
7148117,ANCHOR_01,52:06:26:03:01:DA,-89,MFG_4C000215FDA50693A4E24FB1AFCFC6EB0764782500010002D8,4.6,Yes,mattress,0.0
7149137,ANCHOR_01,52:06:26:03:01:DA,-78,MFG_4C000215FDA50693A4E24FB1AFCFC6EB0764782500010002D8,4.6,Yes,mattress,0.0
7150127,ANCHOR_01,52:06:26:03:01:DA,-78,MFG_4C000215FDA50693A4E24FB1AFCFC6EB0764782500010002D8,4.6,Yes,mattress,0.0
7151147,ANCHOR_01,52:06:26:03:01:DA,-79,MFG_4C000215FDA50693A4E24FB1AFCFC6EB0764782500010002D8,4.6,Yes,mattress,0.0
7152137,ANCHOR_01,52:06:26:03:01:DA,-78,MFG_4C000215FDA50693A4E24FB1AFCFC6EB0764782500010002D8,4.6,Yes,mattress,0.0
7153157,ANCHOR_01,52:06:26:03:01:DA,-90,MFG_4C000215FDA50693A4E24FB1AFCFC6EB0764782500010002D8,4.6,Yes,mattress,0.0
7154147,ANCHOR_01,52:06:26:03:01:DA,-86,MFG_4C000215FDA50693A4E24FB1AFCFC6EB0764782500010002D8,4.6,Yes,mattress,0.0
7155147,ANCHOR_01,52:06:26:03:01:DA,-78,MFG_4C000215FDA50693A4E24FB1AFCFC6EB0764782500010002D8,4.6,Yes,mattress,0.0
7156157,ANCHOR_01,52:06:26:03:01:DA,-78,MFG_4C000215FDA50693A4E24FB1AFCFC6EB0764782500010002D8,4.6,Yes,mattress,0.0
7157177,ANCHOR_01,52:06:26:03:01:DA,-79,MFG_4C000215FDA50693A4E24FB1AFCFC6EB0764782500010002D8,4.6,Yes,mattress,0.0
7158167,ANCHOR_01,52:06:26:03:01:DA,-78,MFG_4C000215FDA50693A4E24FB1AFCFC6EB0764782500010002D8,4.6,Yes,mattress,0.0
7159187,ANCHOR_01,52:06:26:03:01:DA,-86,MFG_4C000215FDA50693A4E24FB1AFCFC6EB0764782500010002D8,4.6,Yes,mattress,0.0
7160177,ANCHOR_01,52:06:26:03:01:DA,-86,MFG_4C000215FDA50693A4E24FB1AFCFC6EB0764782500010002D8,4.6,Yes,mattress,0.0
7161177,ANCHOR_01,52:06:26:03:01:DA,-78,MFG_4C000215FDA50693A4E24FB1AFCFC6EB0764782500010002D8,4.6,Yes,mattress,0.0
7162217,ANCHOR_01,52:06:26:03:01:DA,-79,MFG_4C000215FDA50693A4E24FB1AFCFC6EB0764782500010002D8,4.6,Yes,mattress,0.0
7163207,ANCHOR_01,52:06:26:03:01:DA,-79,MFG_4C000215FDA50693A4E24FB1AFCFC6EB0764782500010002D8,4.6,Yes,mattress,0.0
7164207,ANCHOR_01,52:06:26:03:01:DA,-89,MFG_4C000215FDA50693A4E24FB1AFCFC6EB0764782500010002D8,4.6,Yes,mattress,0.0
7165217,ANCHOR_01,52:06:26:03:01:DA,-85,MFG_4C000215FDA50693A4E24FB1AFCFC6EB0764782500010002D8,4.6,Yes,mattress,0.0
7166237,ANCHOR_01,52:06:26:03:01:DA,-78,MFG_4C000215FDA50693A4E24FB1AFCFC6EB0764782500010002D8,4.6,Yes,mattress,0.0
7167227,ANCHOR_01,52:06:26:03:01:DA,-78,MFG_4C000215FDA50693A4E24FB1AFCFC6EB0764782500010002D8,4.6,Yes,mattress,0.0
7168247,ANCHOR_01,52:06:26:03:01:DA,-79,MFG_4C000215FDA50693A4E24FB1AFCFC6EB0764782500010002D8,4.6,Yes,mattress,0.0
7169227,ANCHOR_01,52:06:26:03:01:DA,-79,MFG_4C000215FDA50693A4E24FB1AFCFC6EB0764782500010002D8,4.6,Yes,mattress,0.0
7170257,ANCHOR_01,52:06:26:03:01:DA,-86,MFG_4C000215FDA50693A4E24FB1AFCFC6EB0764782500010002D8,4.6,Yes,mattress,0.0
7171247,ANCHOR_01,52:06:26:03:01:DA,-86,MFG_4C000215FDA50693A4E24FB1AFCFC6EB0764782500010002D8,4.6,Yes,mattress,0.0
7172257,ANCHOR_01,52:06:26:03:01:DA,-78,MFG_4C000215FDA50693A4E24FB1AFCFC6EB0764782500010002D8,4.6,Yes,mattress,0.0
7173257,ANCHOR_01,52:06:26:03:01:DA,-78,MFG_4C000215FDA50693A4E24FB1AFCFC6EB0764782500010002D8,4.6,Yes,mattress,0.0
7174267,ANCHOR_01,52:06:26:03:01:DA,-78,MFG_4C000215FDA50693A4E24FB1AFCFC6EB0764782500010002D8,4.6,Yes,mattress,0.0
7175297,ANCHOR_01,52:06:26:03:01:DA,-86,MFG_4C000215FDA50693A4E24FB1AFCFC6EB0764782500010002D8,4.6,Yes,mattress,0.0
7176287,ANCHOR_01,52:06:26:03:01:DA,-85,MFG_4C000215FDA50693A4E24FB1AFCFC6EB0764782500010002D8,4.6,Yes,mattress,0.0
7177277,ANCHOR_01,52:06:26:03:01:DA,-88,MFG_4C000215FDA50693A4E24FB1AFCFC6EB0764782500010002D8,4.6,Yes,mattress,0.0
7178297,ANCHOR_01,52:06:26:03:01:DA,-78,MFG_4C000215FDA50693A4E24FB1AFCFC6EB0764782500010002D8,4.6,Yes,mattress,0.0
7179287,ANCHOR_01,52:06:26:03:01:DA,-78,MFG_4C000215FDA50693A4E24FB1AFCFC6EB0764782500010002D8,4.6,Yes,mattress,0.0
7180307,ANCHOR_01,52:06:26:03:01:DA,-79,MFG_4C000215FDA50693A4E24FB1AFCFC6EB0764782500010002D8,4.6,Yes,mattress,0.0
7181327,ANCHOR_01,52:06:26:03:01:DA,-88,MFG_4C000215FDA50693A4E24FB1AFCFC6EB0764782500010002D8,4.6,Yes,mattress,0.0
7182317,ANCHOR_01,52:06:26:03:01:DA,-88,MFG_4C000215FDA50693A4E24FB1AFCFC6EB0764782500010002D8,4.6,Yes,mattress,0.0
7184327,ANCHOR_01,52:06:26:03:01:DA,-78,MFG_4C000215FDA50693A4E24FB1AFCFC6EB0764782500010002D8,4.6,Yes,mattress,0.0
7186337,ANCHOR_01,52:06:26:03:01:DA,-79,MFG_4C000215FDA50693A4E24FB1AFCFC6EB0764782500010002D8,4.6,Yes,mattress,0.0
7187357,ANCHOR_01,52:06:26:03:01:DA,-90,MFG_4C000215FDA50693A4E24FB1AFCFC6EB0764782500010002D8,4.6,Yes,mattress,0.0
7188347,ANCHOR_01,52:06:26:03:01:DA,-87,MFG_4C000215FDA50693A4E24FB1AFCFC6EB0764782500010002D8,4.6,Yes,mattress,0.0
7189367,ANCHOR_01,52:06:26:03:01:DA,-78,MFG_4C000215FDA50693A4E24FB1AFCFC6EB0764782500010002D8,4.6,Yes,mattress,0.0
7190357,ANCHOR_01,52:06:26:03:01:DA,-78,MFG_4C000215FDA50693A4E24FB1AFCFC6EB0764782500010002D8,4.6,Yes,mattress,0.0
7191377,ANCHOR_01,52:06:26:03:01:DA,-79,MFG_4C000215FDA50693A4E24FB1AFCFC6EB0764782500010002D8,4.6,Yes,mattress,0.0
7192367,ANCHOR_01,52:06:26:03:01:DA,-79,MFG_4C000215FDA50693A4E24FB1AFCFC6EB0764782500010002D8,4.6,Yes,mattress,0.0
7193387,ANCHOR_01,52:06:26:03:01:DA,-89,MFG_4C000215FDA50693A4E24FB1AFCFC6EB0764782500010002D8,4.6,Yes,mattress,0.0
7195397,ANCHOR_01,52:06:26:03:01:DA,-78,MFG_4C000215FDA50693A4E24FB1AFCFC6EB0764782500010002D8,4.6,Yes,mattress,0.0
7196387,ANCHOR_01,52:06:26:03:01:DA,-78,MFG_4C000215FDA50693A4E24FB1AFCFC6EB0764782500010002D8,4.6,Yes,mattress,0.0
7197387,ANCHOR_01,52:06:26:03:01:DA,-79,MFG_4C000215FDA50693A4E24FB1AFCFC6EB0764782500010002D8,4.6,Yes,mattress,0.0
7198397,ANCHOR_01,52:06:26:03:01:DA,-79,MFG_4C000215FDA50693A4E24FB1AFCFC6EB0764782500010002D8,4.6,Yes,mattress,0.0
7200407,ANCHOR_01,52:06:26:03:01:DA,-90,MFG_4C000215FDA50693A4E24FB1AFCFC6EB0764782500010002D8,4.6,Yes,mattress,0.0
7202417,ANCHOR_01,52:06:26:03:01:DA,-78,MFG_4C000215FDA50693A4E24FB1AFCFC6EB0764782500010002D8,4.6,Yes,mattress,0.0
7203407,ANCHOR_01,52:06:26:03:01:DA,-78,MFG_4C000215FDA50693A4E24FB1AFCFC6EB0764782500010002D8,4.6,Yes,mattress,0.0
7204407,ANCHOR_01,52:06:26:03:01:DA,-79,MFG_4C000215FDA50693A4E24FB1AFCFC6EB0764782500010002D8,4.6,Yes,mattress,0.0
7205417,ANCHOR_01,52:06:26:03:01:DA,-79,MFG_4C000215FDA50693A4E24FB1AFCFC6EB0764782500010002D8,4.6,Yes,mattress,0.0
7206437,ANCHOR_01,52:06:26:03:01:DA,-86,MFG_4C000215FDA50693A4E24FB1AFCFC6EB0764782500010002D8,4.6,Yes,mattress,0.0
7207427,ANCHOR_01,52:06:26:03:01:DA,-86,MFG_4C000215FDA50693A4E24FB1AFCFC6EB0764782500010002D8,4.6,Yes,mattress,0.0
7208447,ANCHOR_01,52:06:26:03:01:DA,-78,MFG_4C000215FDA50693A4E24FB1AFCFC6EB0764782500010002D8,4.6,Yes,mattress,0.0
7209437,ANCHOR_01,52:06:26:03:01:DA,-78,MFG_4C000215FDA50693A4E24FB1AFCFC6EB0764782500010002D8,4.6,Yes,mattress,0.0
7210457,ANCHOR_01,52:06:26:03:01:DA,-79,MFG_4C000215FDA50693A4E24FB1AFCFC6EB0764782500010002D8,4.6,Yes,mattress,0.0
7211447,ANCHOR_01,52:06:26:03:01:DA,-79,MFG_4C000215FDA50693A4E24FB1AFCFC6EB0764782500010002D8,4.6,Yes,mattress,0.0
7212447,ANCHOR_01,52:06:26:03:01:DA,-89,MFG_4C000215FDA50693A4E24FB1AFCFC6EB0764782500010002D8,4.6,Yes,mattress,0.0
7214477,ANCHOR_01,52:06:26:03:01:DA,-78,MFG_4C000215FDA50693A4E24FB1AFCFC6EB0764782500010002D8,4.6,Yes,mattress,0.0
7216487,ANCHOR_01,52:06:26:03:01:DA,-79,MFG_4C000215FDA50693A4E24FB1AFCFC6EB0764782500010002D8,4.6,Yes,mattress,0.0
7217507,ANCHOR_01,52:06:26:03:01:DA,-86,MFG_4C000215FDA50693A4E24FB1AFCFC6EB0764782500010002D8,4.6,Yes,mattress,0.0
7218497,ANCHOR_01,52:06:26:03:01:DA,-86,MFG_4C000215FDA50693A4E24FB1AFCFC6EB0764782500010002D8,4.6,Yes,mattress,0.0
7219517,ANCHOR_01,52:06:26:03:01:DA,-78,MFG_4C000215FDA50693A4E24FB1AFCFC6EB0764782500010002D8,4.6,Yes,mattress,0.0
7220507,ANCHOR_01,52:06:26:03:01:DA,-78,MFG_4C000215FDA50693A4E24FB1AFCFC6EB0764782500010002D8,4.6,Yes,mattress,0.0
7221527,ANCHOR_01,52:06:26:03:01:DA,-79,MFG_4C000215FDA50693A4E24FB1AFCFC6EB0764782500010002D8,4.6,Yes,mattress,0.0
7222517,ANCHOR_01,52:06:26:03:01:DA,-79,MFG_4C000215FDA50693A4E24FB1AFCFC6EB0764782500010002D8,4.6,Yes,mattress,0.0
7223527,ANCHOR_01,52:06:26:03:01:DA,-87,MFG_4C000215FDA50693A4E24FB1AFCFC6EB0764782500010002D8,4.6,Yes,mattress,0.0
7224527,ANCHOR_01,52:06:26:03:01:DA,-87,MFG_4C000215FDA50693A4E24FB1AFCFC6EB0764782500010002D8,4.6,Yes,mattress,0.0
7225547,ANCHOR_01,52:06:26:03:01:DA,-78,MFG_4C000215FDA50693A4E24FB1AFCFC6EB0764782500010002D8,4.6,Yes,mattress,0.0
7226537,ANCHOR_01,52:06:26:03:01:DA,-78,MFG_4C000215FDA50693A4E24FB1AFCFC6EB0764782500010002D8,4.6,Yes,mattress,0.0
7227557,ANCHOR_01,52:06:26:03:01:DA,-78,MFG_4C000215FDA50693A4E24FB1AFCFC6EB0764782500010002D8,4.6,Yes,mattress,0.0
7229567,ANCHOR_01,52:06:26:03:01:DA,-87,MFG_4C000215FDA50693A4E24FB1AFCFC6EB0764782500010002D8,4.6,Yes,mattress,0.0
7230587,ANCHOR_01,52:06:26:03:01:DA,-78,MFG_4C000215FDA50693A4E24FB1AFCFC6EB0764782500010002D8,4.6,Yes,mattress,0.0
7231577,ANCHOR_01,52:06:26:03:01:DA,-78,MFG_4C000215FDA50693A4E24FB1AFCFC6EB0764782500010002D8,4.6,Yes,mattress,0.0
7232597,ANCHOR_01,52:06:26:03:01:DA,-79,MFG_4C000215FDA50693A4E24FB1AFCFC6EB0764782500010002D8,4.6,Yes,mattress,0.0
7233577,ANCHOR_01,52:06:26:03:01:DA,-78,MFG_4C000215FDA50693A4E24FB1AFCFC6EB0764782500010002D8,4.6,Yes,mattress,0.0
7234607,ANCHOR_01,52:06:26:03:01:DA,-88,MFG_4C000215FDA50693A4E24FB1AFCFC6EB0764782500010002D8,4.6,Yes,mattress,0.0
7235597,ANCHOR_01,52:06:26:03:01:DA,-86,MFG_4C000215FDA50693A4E24FB1AFCFC6EB0764782500010002D8,4.6,Yes,mattress,0.0
7237607,ANCHOR_01,52:06:26:03:01:DA,-78,MFG_4C000215FDA50693A4E24FB1AFCFC6EB0764782500010002D8,4.6,Yes,mattress,0.0
7239617,ANCHOR_01,52:06:26:03:01:DA,-79,MFG_4C000215FDA50693A4E24FB1AFCFC6EB0764782500010002D8,4.6,Yes,mattress,0.0
7241627,ANCHOR_01,52:06:26:03:01:DA,-86,MFG_4C000215FDA50693A4E24FB1AFCFC6EB0764782500010002D8,4.6,Yes,mattress,0.0
7242647,ANCHOR_01,52:06:26:03:01:DA,-78,MFG_4C000215FDA50693A4E24FB1AFCFC6EB0764782500010002D8,4.6,Yes,mattress,0.0
7243637,ANCHOR_01,52:06:26:03:01:DA,-78,MFG_4C000215FDA50693A4E24FB1AFCFC6EB0764782500010002D8,4.6,Yes,mattress,0.0
7244657,ANCHOR_01,52:06:26:03:01:DA,-79,MFG_4C000215FDA50693A4E24FB1AFCFC6EB0764782500010002D8,4.6,Yes,mattress,0.0
7245637,ANCHOR_01,52:06:26:03:01:DA,-78,MFG_4C000215FDA50693A4E24FB1AFCFC6EB0764782500010002D8,4.6,Yes,mattress,0.0
7248657,ANCHOR_01,52:06:26:03:01:DA,-78,MFG_4C000215FDA50693A4E24FB1AFCFC6EB0764782500010002D8,4.6,Yes,mattress,0.0
7249667,ANCHOR_01,52:06:26:03:01:DA,-79,MFG_4C000215FDA50693A4E24FB1AFCFC6EB0764782500010002D8,4.6,Yes,mattress,0.0
7251677,ANCHOR_01,52:06:26:03:01:DA,-78,MFG_4C000215FDA50693A4E24FB1AFCFC6EB0764782500010002D8,4.6,Yes,mattress,0.0
7252697,ANCHOR_01,52:06:26:03:01:DA,-86,MFG_4C000215FDA50693A4E24FB1AFCFC6EB0764782500010002D8,4.6,Yes,mattress,0.0
7253677,ANCHOR_01,52:06:26:03:01:DA,-90,MFG_4C000215FDA50693A4E24FB1AFCFC6EB0764782500010002D8,4.6,Yes,mattress,0.0
7254707,ANCHOR_01,52:06:26:03:01:DA,-78,MFG_4C000215FDA50693A4E24FB1AFCFC6EB0764782500010002D8,4.6,Yes,mattress,0.0
7255697,ANCHOR_01,52:06:26:03:01:DA,-78,MFG_4C000215FDA50693A4E24FB1AFCFC6EB0764782500010002D8,4.6,Yes,mattress,0.0
7256717,ANCHOR_01,52:06:26:03:01:DA,-80,MFG_4C000215FDA50693A4E24FB1AFCFC6EB0764782500010002D8,4.6,Yes,mattress,0.0
7257707,ANCHOR_01,52:06:26:03:01:DA,-78,MFG_4C000215FDA50693A4E24FB1AFCFC6EB0764782500010002D8,4.6,Yes,mattress,0.0
7258727,ANCHOR_01,52:06:26:03:01:DA,-88,MFG_4C000215FDA50693A4E24FB1AFCFC6EB0764782500010002D8,4.6,Yes,mattress,0.0
7259717,ANCHOR_01,52:06:26:03:01:DA,-88,MFG_4C000215FDA50693A4E24FB1AFCFC6EB0764782500010002D8,4.6,Yes,mattress,0.0
7261727,ANCHOR_01,52:06:26:03:01:DA,-79,MFG_4C000215FDA50693A4E24FB1AFCFC6EB0764782500010002D8,4.6,Yes,mattress,0.0
7262747,ANCHOR_01,52:06:26:03:01:DA,-79,MFG_4C000215FDA50693A4E24FB1AFCFC6EB0764782500010002D8,4.6,Yes,mattress,0.0
7263737,ANCHOR_01,52:06:26:03:01:DA,-80,MFG_4C000215FDA50693A4E24FB1AFCFC6EB0764782500010002D8,4.6,Yes,mattress,0.0
7264757,ANCHOR_01,52:06:26:03:01:DA,-89,MFG_4C000215FDA50693A4E24FB1AFCFC6EB0764782500010002D8,4.6,Yes,mattress,0.0
7266767,ANCHOR_01,52:06:26:03:01:DA,-78,MFG_4C000215FDA50693A4E24FB1AFCFC6EB0764782500010002D8,4.6,Yes,mattress,0.0
7267757,ANCHOR_01,52:06:26:03:01:DA,-78,MFG_4C000215FDA50693A4E24FB1AFCFC6EB0764782500010002D8,4.6,Yes,mattress,0.0
7268777,ANCHOR_01,52:06:26:03:01:DA,-78,MFG_4C000215FDA50693A4E24FB1AFCFC6EB0764782500010002D8,4.6,Yes,mattress,0.0
7269767,ANCHOR_01,52:06:26:03:01:DA,-79,MFG_4C000215FDA50693A4E24FB1AFCFC6EB0764782500010002D8,4.6,Yes,mattress,0.0
7270767,ANCHOR_01,52:06:26:03:01:DA,-86,MFG_4C000215FDA50693A4E24FB1AFCFC6EB0764782500010002D8,4.6,Yes,mattress,0.0
7271777,ANCHOR_01,52:06:26:03:01:DA,-86,MFG_4C000215FDA50693A4E24FB1AFCFC6EB0764782500010002D8,4.6,Yes,mattress,0.0
7272797,ANCHOR_01,52:06:26:03:01:DA,-78,MFG_4C000215FDA50693A4E24FB1AFCFC6EB0764782500010002D8,4.6,Yes,mattress,0.0
7274807,ANCHOR_01,52:06:26:03:01:DA,-79,MFG_4C000215FDA50693A4E24FB1AFCFC6EB0764782500010002D8,4.6,Yes,mattress,0.0
7275797,ANCHOR_01,52:06:26:03:01:DA,-79,MFG_4C000215FDA50693A4E24FB1AFCFC6EB0764782500010002D8,4.6,Yes,mattress,0.0
7276817,ANCHOR_01,52:06:26:03:01:DA,-87,MFG_4C000215FDA50693A4E24FB1AFCFC6EB0764782500010002D8,4.6,Yes,mattress,0.0
7278807,ANCHOR_01,52:06:26:03:01:DA,-77,MFG_4C000215FDA50693A4E24FB1AFCFC6EB0764782500010002D8,4.6,Yes,mattress,0.0
7279817,ANCHOR_01,52:06:26:03:01:DA,-78,MFG_4C000215FDA50693A4E24FB1AFCFC6EB0764782500010002D8,4.6,Yes,mattress,0.0
7280837,ANCHOR_01,52:06:26:03:01:DA,-79,MFG_4C000215FDA50693A4E24FB1AFCFC6EB0764782500010002D8,4.6,Yes,mattress,0.0
7281827,ANCHOR_01,52:06:26:03:01:DA,-78,MFG_4C000215FDA50693A4E24FB1AFCFC6EB0764782500010002D8,4.6,Yes,mattress,0.0
7282847,ANCHOR_01,52:06:26:03:01:DA,-89,MFG_4C000215FDA50693A4E24FB1AFCFC6EB0764782500010002D8,4.6,Yes,mattress,0.0
7283837,ANCHOR_01,52:06:26:03:01:DA,-87,MFG_4C000215FDA50693A4E24FB1AFCFC6EB0764782500010002D8,4.6,Yes,mattress,0.0
7284857,ANCHOR_01,52:06:26:03:01:DA,-78,MFG_4C000215FDA50693A4E24FB1AFCFC6EB0764782500010002D8,4.6,Yes,mattress,0.0
7285847,ANCHOR_01,52:06:26:03:01:DA,-78,MFG_4C000215FDA50693A4E24FB1AFCFC6EB0764782500010002D8,4.6,Yes,mattress,0.0
7286857,ANCHOR_01,52:06:26:03:01:DA,-79,MFG_4C000215FDA50693A4E24FB1AFCFC6EB0764782500010002D8,4.6,Yes,mattress,0.0
7287887,ANCHOR_01,52:06:26:03:01:DA,-85,MFG_4C000215FDA50693A4E24FB1AFCFC6EB0764782500010002D8,4.6,Yes,mattress,0.0
7288867,ANCHOR_01,52:06:26:03:01:DA,-86,MFG_4C000215FDA50693A4E24FB1AFCFC6EB0764782500010002D8,4.6,Yes,mattress,0.0
7289877,ANCHOR_01,52:06:26:03:01:DA,-78,MFG_4C000215FDA50693A4E24FB1AFCFC6EB0764782500010002D8,4.6,Yes,mattress,0.0
7290887,ANCHOR_01,52:06:26:03:01:DA,-78,MFG_4C000215FDA50693A4E24FB1AFCFC6EB0764782500010002D8,4.6,Yes,mattress,0.0
7291907,ANCHOR_01,52:06:26:03:01:DA,-78,MFG_4C000215FDA50693A4E24FB1AFCFC6EB0764782500010002D8,4.6,Yes,mattress,0.0
7292897,ANCHOR_01,52:06:26:03:01:DA,-79,MFG_4C000215FDA50693A4E24FB1AFCFC6EB0764782500010002D8,4.6,Yes,mattress,0.0
7293917,ANCHOR_01,52:06:26:03:01:DA,-87,MFG_4C000215FDA50693A4E24FB1AFCFC6EB0764782500010002D8,4.6,Yes,mattress,0.0
7294897,ANCHOR_01,52:06:26:03:01:DA,-88,MFG_4C000215FDA50693A4E24FB1AFCFC6EB0764782500010002D8,4.6,Yes,mattress,0.0
7295927,ANCHOR_01,52:06:26:03:01:DA,-78,MFG_4C000215FDA50693A4E24FB1AFCFC6EB0764782500010002D8,4.6,Yes,mattress,0.0
7296917,ANCHOR_01,52:06:26:03:01:DA,-78,MFG_4C000215FDA50693A4E24FB1AFCFC6EB0764782500010002D8,4.6,Yes,mattress,0.0
7297927,ANCHOR_01,52:06:26:03:01:DA,-80,MFG_4C000215FDA50693A4E24FB1AFCFC6EB0764782500010002D8,4.6,Yes,mattress,0.0
7298927,ANCHOR_01,52:06:26:03:01:DA,-78,MFG_4C000215FDA50693A4E24FB1AFCFC6EB0764782500010002D8,4.6,Yes,mattress,0.0
7299947,ANCHOR_01,52:06:26:03:01:DA,-90,MFG_4C000215FDA50693A4E24FB1AFCFC6EB0764782500010002D8,4.6,Yes,mattress,0.0
7300937,ANCHOR_01,52:06:26:03:01:DA,-86,MFG_4C000215FDA50693A4E24FB1AFCFC6EB0764782500010002D8,4.6,Yes,mattress,0.0
7301957,ANCHOR_01,52:06:26:03:01:DA,-78,MFG_4C000215FDA50693A4E24FB1AFCFC6EB0764782500010002D8,4.6,Yes,mattress,0.0
7302947,ANCHOR_01,52:06:26:03:01:DA,-78,MFG_4C000215FDA50693A4E24FB1AFCFC6EB0764782500010002D8,4.6,Yes,mattress,0.0
7303937,ANCHOR_01,52:06:26:03:01:DA,-78,MFG_4C000215FDA50693A4E24FB1AFCFC6EB0764782500010002D8,4.6,Yes,mattress,0.0
7304937,ANCHOR_01,52:06:26:03:01:DA,-78,MFG_4C000215FDA50693A4E24FB1AFCFC6EB0764782500010002D8,4.6,Yes,mattress,0.0
7305947,ANCHOR_01,52:06:26:03:01:DA,-78,MFG_4C000215FDA50693A4E24FB1AFCFC6EB0764782500010002D8,4.6,Yes,mattress,0.0
7306967,ANCHOR_01,52:06:26:03:01:DA,-87,MFG_4C000215FDA50693A4E24FB1AFCFC6EB0764782500010002D8,4.6,Yes,mattress,0.0
7307957,ANCHOR_01,52:06:26:03:01:DA,-87,MFG_4C000215FDA50693A4E24FB1AFCFC6EB0764782500010002D8,4.6,Yes,mattress,0.0
7309967,ANCHOR_01,52:06:26:03:01:DA,-79,MFG_4C000215FDA50693A4E24FB1AFCFC6EB0764782500010002D8,4.6,Yes,mattress,0.0
7310987,ANCHOR_01,52:06:26:03:01:DA,-78,MFG_4C000215FDA50693A4E24FB1AFCFC6EB0764782500010002D8,4.6,Yes,mattress,0.0
7311967,ANCHOR_01,52:06:26:03:01:DA,-79,MFG_4C000215FDA50693A4E24FB1AFCFC6EB0764782500010002D8,4.6,Yes,mattress,0.0
7313987,ANCHOR_01,52:06:26:03:01:DA,-87,MFG_4C000215FDA50693A4E24FB1AFCFC6EB0764782500010002D8,4.6,Yes,mattress,0.0
7314997,ANCHOR_01,52:06:26:03:01:DA,-78,MFG_4C000215FDA50693A4E24FB1AFCFC6EB0764782500010002D8,4.6,Yes,mattress,0.0
7315997,ANCHOR_01,52:06:26:03:01:DA,-78,MFG_4C000215FDA50693A4E24FB1AFCFC6EB0764782500010002D8,4.6,Yes,mattress,0.0
7317017,ANCHOR_01,52:06:26:03:01:DA,-79,MFG_4C000215FDA50693A4E24FB1AFCFC6EB0764782500010002D8,4.6,Yes,mattress,0.0
7318007,ANCHOR_01,52:06:26:03:01:DA,-79,MFG_4C000215FDA50693A4E24FB1AFCFC6EB0764782500010002D8,4.6,Yes,mattress,0.0
7319027,ANCHOR_01,52:06:26:03:01:DA,-87,MFG_4C000215FDA50693A4E24FB1AFCFC6EB0764782500010002D8,4.6,Yes,mattress,0.0
7320047,ANCHOR_01,52:06:26:03:01:DA,-78,MFG_4C000215FDA50693A4E24FB1AFCFC6EB0764782500010002D8,4.6,Yes,mattress,0.0
7321037,ANCHOR_01,52:06:26:03:01:DA,-78,MFG_4C000215FDA50693A4E24FB1AFCFC6EB0764782500010002D8,4.6,Yes,mattress,0.0
7322057,ANCHOR_01,52:06:26:03:01:DA,-78,MFG_4C000215FDA50693A4E24FB1AFCFC6EB0764782500010002D8,4.6,Yes,mattress,0.0
7323047,ANCHOR_01,52:06:26:03:01:DA,-79,MFG_4C000215FDA50693A4E24FB1AFCFC6EB0764782500010002D8,4.6,Yes,mattress,0.0
7324067,ANCHOR_01,52:06:26:03:01:DA,-85,MFG_4C000215FDA50693A4E24FB1AFCFC6EB0764782500010002D8,4.6,Yes,mattress,0.0
7325057,ANCHOR_01,52:06:26:03:01:DA,-85,MFG_4C000215FDA50693A4E24FB1AFCFC6EB0764782500010002D8,4.6,Yes,mattress,0.0
7326077,ANCHOR_01,52:06:26:03:01:DA,-79,MFG_4C000215FDA50693A4E24FB1AFCFC6EB0764782500010002D8,4.6,Yes,mattress,0.0
7327057,ANCHOR_01,52:06:26:03:01:DA,-78,MFG_4C000215FDA50693A4E24FB1AFCFC6EB0764782500010002D8,4.6,Yes,mattress,0.0
7329077,ANCHOR_01,52:06:26:03:01:DA,-78,MFG_4C000215FDA50693A4E24FB1AFCFC6EB0764782500010002D8,4.6,Yes,mattress,0.0
7330067,ANCHOR_01,52:06:26:03:01:DA,-79,MFG_4C000215FDA50693A4E24FB1AFCFC6EB0764782500010002D8,4.6,Yes,mattress,0.0
7331087,ANCHOR_01,52:06:26:03:01:DA,-86,MFG_4C000215FDA50693A4E24FB1AFCFC6EB0764782500010002D8,4.6,Yes,mattress,0.0
7332077,ANCHOR_01,52:06:26:03:01:DA,-88,MFG_4C000215FDA50693A4E24FB1AFCFC6EB0764782500010002D8,4.6,Yes,mattress,0.0
7333097,ANCHOR_01,52:06:26:03:01:DA,-78,MFG_4C000215FDA50693A4E24FB1AFCFC6EB0764782500010002D8,4.6,Yes,mattress,0.0
7334077,ANCHOR_01,52:06:26:03:01:DA,-79,MFG_4C000215FDA50693A4E24FB1AFCFC6EB0764782500010002D8,4.6,Yes,mattress,0.0
7335077,ANCHOR_01,52:06:26:03:01:DA,-79,MFG_4C000215FDA50693A4E24FB1AFCFC6EB0764782500010002D8,4.6,Yes,mattress,0.0
7336097,ANCHOR_01,52:06:26:03:01:DA,-80,MFG_4C000215FDA50693A4E24FB1AFCFC6EB0764782500010002D8,4.6,Yes,mattress,0.0
7337097,ANCHOR_01,52:06:26:03:01:DA,-86,MFG_4C000215FDA50693A4E24FB1AFCFC6EB0764782500010002D8,4.6,Yes,mattress,0.0
7338107,ANCHOR_01,52:06:26:03:01:DA,-88,MFG_4C000215FDA50693A4E24FB1AFCFC6EB0764782500010002D8,4.6,Yes,mattress,0.0
7339127,ANCHOR_01,52:06:26:03:01:DA,-78,MFG_4C000215FDA50693A4E24FB1AFCFC6EB0764782500010002D8,4.6,Yes,mattress,0.0
7340117,ANCHOR_01,52:06:26:03:01:DA,-78,MFG_4C000215FDA50693A4E24FB1AFCFC6EB0764782500010002D8,4.6,Yes,mattress,0.0
7341137,ANCHOR_01,52:06:26:03:01:DA,-78,MFG_4C000215FDA50693A4E24FB1AFCFC6EB0764782500010002D8,4.6,Yes,mattress,0.0
7342117,ANCHOR_01,52:06:26:03:01:DA,-78,MFG_4C000215FDA50693A4E24FB1AFCFC6EB0764782500010002D8,4.6,Yes,mattress,0.0
7343147,ANCHOR_01,52:06:26:03:01:DA,-89,MFG_4C000215FDA50693A4E24FB1AFCFC6EB0764782500010002D8,4.6,Yes,mattress,0.0
7344137,ANCHOR_01,52:06:26:03:01:DA,-90,MFG_4C000215FDA50693A4E24FB1AFCFC6EB0764782500010002D8,4.6,Yes,mattress,0.0
7346137,ANCHOR_01,52:06:26:03:01:DA,-78,MFG_4C000215FDA50693A4E24FB1AFCFC6EB0764782500010002D8,4.6,Yes,mattress,0.0
7347167,ANCHOR_01,52:06:26:03:01:DA,-79,MFG_4C000215FDA50693A4E24FB1AFCFC6EB0764782500010002D8,4.6,Yes,mattress,0.0
7348147,ANCHOR_01,52:06:26:03:01:DA,-79,MFG_4C000215FDA50693A4E24FB1AFCFC6EB0764782500010002D8,4.6,Yes,mattress,0.0
7349177,ANCHOR_01,52:06:26:03:01:DA,-89,MFG_4C000215FDA50693A4E24FB1AFCFC6EB0764782500010002D8,4.6,Yes,mattress,0.0
7350167,ANCHOR_01,52:06:26:03:01:DA,-89,MFG_4C000215FDA50693A4E24FB1AFCFC6EB0764782500010002D8,4.6,Yes,mattress,0.0
7351187,ANCHOR_01,52:06:26:03:01:DA,-78,MFG_4C000215FDA50693A4E24FB1AFCFC6EB0764782500010002D8,4.6,Yes,mattress,0.0
7352177,ANCHOR_01,52:06:26:03:01:DA,-78,MFG_4C000215FDA50693A4E24FB1AFCFC6EB0764782500010002D8,4.6,Yes,mattress,0.0
7353197,ANCHOR_01,52:06:26:03:01:DA,-79,MFG_4C000215FDA50693A4E24FB1AFCFC6EB0764782500010002D8,4.6,Yes,mattress,0.0
7354187,ANCHOR_01,52:06:26:03:01:DA,-78,MFG_4C000215FDA50693A4E24FB1AFCFC6EB0764782500010002D8,4.6,Yes,mattress,0.0
7355207,ANCHOR_01,52:06:26:03:01:DA,-88,MFG_4C000215FDA50693A4E24FB1AFCFC6EB0764782500010002D8,4.6,Yes,mattress,0.0
7356197,ANCHOR_01,52:06:26:03:01:DA,-87,MFG_4C000215FDA50693A4E24FB1AFCFC6EB0764782500010002D8,4.6,Yes,mattress,0.0
7357217,ANCHOR_01,52:06:26:03:01:DA,-77,MFG_4C000215FDA50693A4E24FB1AFCFC6EB0764782500010002D8,4.6,Yes,mattress,0.0
7358207,ANCHOR_01,52:06:26:03:01:DA,-78,MFG_4C000215FDA50693A4E24FB1AFCFC6EB0764782500010002D8,4.6,Yes,mattress,0.0
7359227,ANCHOR_01,52:06:26:03:01:DA,-78,MFG_4C000215FDA50693A4E24FB1AFCFC6EB0764782500010002D8,4.6,Yes,mattress,0.0
7360247,ANCHOR_01,52:06:26:03:01:DA,-90,MFG_4C000215FDA50693A4E24FB1AFCFC6EB0764782500010002D8,4.6,Yes,mattress,0.0
7361237,ANCHOR_01,52:06:26:03:01:DA,-87,MFG_4C000215FDA50693A4E24FB1AFCFC6EB0764782500010002D8,4.6,Yes,mattress,0.0
7362227,ANCHOR_01,52:06:26:03:01:DA,-90,MFG_4C000215FDA50693A4E24FB1AFCFC6EB0764782500010002D8,4.6,Yes,mattress,0.0
7363247,ANCHOR_01,52:06:26:03:01:DA,-78,MFG_4C000215FDA50693A4E24FB1AFCFC6EB0764782500010002D8,4.6,Yes,mattress,0.0
7364267,ANCHOR_01,52:06:26:03:01:DA,-78,MFG_4C000215FDA50693A4E24FB1AFCFC6EB0764782500010002D8,4.6,Yes,mattress,0.0
7365247,ANCHOR_01,52:06:26:03:01:DA,-78,MFG_4C000215FDA50693A4E24FB1AFCFC6EB0764782500010002D8,4.6,Yes,mattress,0.0
7366277,ANCHOR_01,52:06:26:03:01:DA,-90,MFG_4C000215FDA50693A4E24FB1AFCFC6EB0764782500010002D8,4.6,Yes,mattress,0.0
7367267,ANCHOR_01,52:06:26:03:01:DA,-87,MFG_4C000215FDA50693A4E24FB1AFCFC6EB0764782500010002D8,4.6,Yes,mattress,0.0
7368287,ANCHOR_01,52:06:26:03:01:DA,-78,MFG_4C000215FDA50693A4E24FB1AFCFC6EB0764782500010002D8,4.6,Yes,mattress,0.0
7369277,ANCHOR_01,52:06:26:03:01:DA,-78,MFG_4C000215FDA50693A4E24FB1AFCFC6EB0764782500010002D8,4.6,Yes,mattress,0.0
7371287,ANCHOR_01,52:06:26:03:01:DA,-79,MFG_4C000215FDA50693A4E24FB1AFCFC6EB0764782500010002D8,4.6,Yes,mattress,0.0
7372307,ANCHOR_01,52:06:26:03:01:DA,-88,MFG_4C000215FDA50693A4E24FB1AFCFC6EB0764782500010002D8,4.6,Yes,mattress,0.0
7373287,ANCHOR_01,52:06:26:03:01:DA,-89,MFG_4C000215FDA50693A4E24FB1AFCFC6EB0764782500010002D8,4.6,Yes,mattress,0.0
7374317,ANCHOR_01,52:06:26:03:01:DA,-82,MFG_4C000215FDA50693A4E24FB1AFCFC6EB0764782500010002D8,4.6,Yes,mattress,0.0
7375297,ANCHOR_01,52:06:26:03:01:DA,-81,MFG_4C000215FDA50693A4E24FB1AFCFC6EB0764782500010002D8,4.6,Yes,mattress,0.0
7376327,ANCHOR_01,52:06:26:03:01:DA,-77,MFG_4C000215FDA50693A4E24FB1AFCFC6EB0764782500010002D8,4.6,Yes,mattress,0.0
7377317,ANCHOR_01,52:06:26:03:01:DA,-77,MFG_4C000215FDA50693A4E24FB1AFCFC6EB0764782500010002D8,4.6,Yes,mattress,0.0
7378337,ANCHOR_01,52:06:26:03:01:DA,-88,MFG_4C000215FDA50693A4E24FB1AFCFC6EB0764782500010002D8,4.6,Yes,mattress,0.0
7380347,ANCHOR_01,52:06:26:03:01:DA,-80,MFG_4C000215FDA50693A4E24FB1AFCFC6EB0764782500010002D8,4.6,Yes,mattress,0.0
7381367,ANCHOR_01,52:06:26:03:01:DA,-78,MFG_4C000215FDA50693A4E24FB1AFCFC6EB0764782500010002D8,4.6,Yes,mattress,0.0
7382357,ANCHOR_01,52:06:26:03:01:DA,-78,MFG_4C000215FDA50693A4E24FB1AFCFC6EB0764782500010002D8,4.6,Yes,mattress,0.0
7383377,ANCHOR_01,52:06:26:03:01:DA,-86,MFG_4C000215FDA50693A4E24FB1AFCFC6EB0764782500010002D8,4.6,Yes,mattress,0.0
7384367,ANCHOR_01,52:06:26:03:01:DA,-90,MFG_4C000215FDA50693A4E24FB1AFCFC6EB0764782500010002D8,4.6,Yes,mattress,0.0
7385387,ANCHOR_01,52:06:26:03:01:DA,-79,MFG_4C000215FDA50693A4E24FB1AFCFC6EB0764782500010002D8,4.6,Yes,mattress,0.0
7387387,ANCHOR_01,52:06:26:03:01:DA,-79,MFG_4C000215FDA50693A4E24FB1AFCFC6EB0764782500010002D8,4.6,Yes,mattress,0.0
7388417,ANCHOR_01,52:06:26:03:01:DA,-88,MFG_4C000215FDA50693A4E24FB1AFCFC6EB0764782500010002D8,4.6,Yes,mattress,0.0
7389407,ANCHOR_01,52:06:26:03:01:DA,-86,MFG_4C000215FDA50693A4E24FB1AFCFC6EB0764782500010002D8,4.6,Yes,mattress,0.0
7390427,ANCHOR_01,52:06:26:03:01:DA,-78,MFG_4C000215FDA50693A4E24FB1AFCFC6EB0764782500010002D8,4.6,Yes,mattress,0.0
7391417,ANCHOR_01,52:06:26:03:01:DA,-78,MFG_4C000215FDA50693A4E24FB1AFCFC6EB0764782500010002D8,4.6,Yes,mattress,0.0
7392417,ANCHOR_01,52:06:26:03:01:DA,-78,MFG_4C000215FDA50693A4E24FB1AFCFC6EB0764782500010002D8,4.6,Yes,mattress,0.0
7393427,ANCHOR_01,52:06:26:03:01:DA,-78,MFG_4C000215FDA50693A4E24FB1AFCFC6EB0764782500010002D8,4.6,Yes,mattress,0.0
7394447,ANCHOR_01,52:06:26:03:01:DA,-86,MFG_4C000215FDA50693A4E24FB1AFCFC6EB0764782500010002D8,4.6,Yes,mattress,0.0
7395437,ANCHOR_01,52:06:26:03:01:DA,-87,MFG_4C000215FDA50693A4E24FB1AFCFC6EB0764782500010002D8,4.6,Yes,mattress,0.0
7397437,ANCHOR_01,52:06:26:03:01:DA,-78,MFG_4C000215FDA50693A4E24FB1AFCFC6EB0764782500010002D8,4.6,Yes,mattress,0.0
7398437,ANCHOR_01,52:06:26:03:01:DA,-79,MFG_4C000215FDA50693A4E24FB1AFCFC6EB0764782500010002D8,4.6,Yes,mattress,0.0
7399457,ANCHOR_01,52:06:26:03:01:DA,-78,MFG_4C000215FDA50693A4E24FB1AFCFC6EB0764782500010002D8,4.6,Yes,mattress,0.0
7400447,ANCHOR_01,52:06:26:03:01:DA,-78,MFG_4C000215FDA50693A4E24FB1AFCFC6EB0764782500010002D8,4.6,Yes,mattress,0.0
7401467,ANCHOR_01,52:06:26:03:01:DA,-89,MFG_4C000215FDA50693A4E24FB1AFCFC6EB0764782500010002D8,4.6,Yes,mattress,0.0
7403477,ANCHOR_01,52:06:26:03:01:DA,-79,MFG_4C000215FDA50693A4E24FB1AFCFC6EB0764782500010002D8,4.6,Yes,mattress,0.0
7405477,ANCHOR_01,52:06:26:03:01:DA,-78,MFG_4C000215FDA50693A4E24FB1AFCFC6EB0764782500010002D8,4.6,Yes,mattress,0.0
7407497,ANCHOR_01,52:06:26:03:01:DA,-85,MFG_4C000215FDA50693A4E24FB1AFCFC6EB0764782500010002D8,4.6,Yes,mattress,0.0
7408507,ANCHOR_01,52:06:26:03:01:DA,-78,MFG_4C000215FDA50693A4E24FB1AFCFC6EB0764782500010002D8,4.6,Yes,mattress,0.0
7409507,ANCHOR_01,52:06:26:03:01:DA,-79,MFG_4C000215FDA50693A4E24FB1AFCFC6EB0764782500010002D8,4.6,Yes,mattress,0.0
7410507,ANCHOR_01,52:06:26:03:01:DA,-79,MFG_4C000215FDA50693A4E24FB1AFCFC6EB0764782500010002D8,4.6,Yes,mattress,0.0
7411517,ANCHOR_01,52:06:26:03:01:DA,-78,MFG_4C000215FDA50693A4E24FB1AFCFC6EB0764782500010002D8,4.6,Yes,mattress,0.0
7412507,ANCHOR_01,52:06:26:03:01:DA,-78,MFG_4C000215FDA50693A4E24FB1AFCFC6EB0764782500010002D8,4.6,Yes,mattress,0.0
7413527,ANCHOR_01,52:06:26:03:01:DA,-85,MFG_4C000215FDA50693A4E24FB1AFCFC6EB0764782500010002D8,4.6,Yes,mattress,0.0
7414547,ANCHOR_01,52:06:26:03:01:DA,-78,MFG_4C000215FDA50693A4E24FB1AFCFC6EB0764782500010002D8,4.6,Yes,mattress,0.0
7415537,ANCHOR_01,52:06:26:03:01:DA,-79,MFG_4C000215FDA50693A4E24FB1AFCFC6EB0764782500010002D8,4.6,Yes,mattress,0.0
7416557,ANCHOR_01,52:06:26:03:01:DA,-78,MFG_4C000215FDA50693A4E24FB1AFCFC6EB0764782500010002D8,4.6,Yes,mattress,0.0
7417537,ANCHOR_01,52:06:26:03:01:DA,-79,MFG_4C000215FDA50693A4E24FB1AFCFC6EB0764782500010002D8,4.6,Yes,mattress,0.0
7418547,ANCHOR_01,52:06:26:03:01:DA,-86,MFG_4C000215FDA50693A4E24FB1AFCFC6EB0764782500010002D8,4.6,Yes,mattress,0.0
7419557,ANCHOR_01,52:06:26:03:01:DA,-86,MFG_4C000215FDA50693A4E24FB1AFCFC6EB0764782500010002D8,4.6,Yes,mattress,0.0
7420577,ANCHOR_01,52:06:26:03:01:DA,-78,MFG_4C000215FDA50693A4E24FB1AFCFC6EB0764782500010002D8,4.6,Yes,mattress,0.0
7421567,ANCHOR_01,52:06:26:03:01:DA,-79,MFG_4C000215FDA50693A4E24FB1AFCFC6EB0764782500010002D8,4.6,Yes,mattress,0.0
7422587,ANCHOR_01,52:06:26:03:01:DA,-78,MFG_4C000215FDA50693A4E24FB1AFCFC6EB0764782500010002D8,4.6,Yes,mattress,0.0
7423577,ANCHOR_01,52:06:26:03:01:DA,-79,MFG_4C000215FDA50693A4E24FB1AFCFC6EB0764782500010002D8,4.6,Yes,mattress,0.0
7424597,ANCHOR_01,52:06:26:03:01:DA,-87,MFG_4C000215FDA50693A4E24FB1AFCFC6EB0764782500010002D8,4.6,Yes,mattress,0.0
7425587,ANCHOR_01,52:06:26:03:01:DA,-87,MFG_4C000215FDA50693A4E24FB1AFCFC6EB0764782500010002D8,4.6,Yes,mattress,0.0
7426597,ANCHOR_01,52:06:26:03:01:DA,-78,MFG_4C000215FDA50693A4E24FB1AFCFC6EB0764782500010002D8,4.6,Yes,mattress,0.0
7427597,ANCHOR_01,52:06:26:03:01:DA,-78,MFG_4C000215FDA50693A4E24FB1AFCFC6EB0764782500010002D8,4.6,Yes,mattress,0.0
7428617,ANCHOR_01,52:06:26:03:01:DA,-78,MFG_4C000215FDA50693A4E24FB1AFCFC6EB0764782500010002D8,4.6,Yes,mattress,0.0
7429607,ANCHOR_01,52:06:26:03:01:DA,-78,MFG_4C000215FDA50693A4E24FB1AFCFC6EB0764782500010002D8,4.6,Yes,mattress,0.0
7430627,ANCHOR_01,52:06:26:03:01:DA,-86,MFG_4C000215FDA50693A4E24FB1AFCFC6EB0764782500010002D8,4.6,Yes,mattress,0.0
7431617,ANCHOR_01,52:06:26:03:01:DA,-86,MFG_4C000215FDA50693A4E24FB1AFCFC6EB0764782500010002D8,4.6,Yes,mattress,0.0
7432637,ANCHOR_01,52:06:26:03:01:DA,-78,MFG_4C000215FDA50693A4E24FB1AFCFC6EB0764782500010002D8,4.6,Yes,mattress,0.0
7434647,ANCHOR_01,52:06:26:03:01:DA,-79,MFG_4C000215FDA50693A4E24FB1AFCFC6EB0764782500010002D8,4.6,Yes,mattress,0.0
7435637,ANCHOR_01,52:06:26:03:01:DA,-79,MFG_4C000215FDA50693A4E24FB1AFCFC6EB0764782500010002D8,4.6,Yes,mattress,0.0
7436657,ANCHOR_01,52:06:26:03:01:DA,-86,MFG_4C000215FDA50693A4E24FB1AFCFC6EB0764782500010002D8,4.6,Yes,mattress,0.0
7437647,ANCHOR_01,52:06:26:03:01:DA,-87,MFG_4C000215FDA50693A4E24FB1AFCFC6EB0764782500010002D8,4.6,Yes,mattress,0.0
7439657,ANCHOR_01,52:06:26:03:01:DA,-79,MFG_4C000215FDA50693A4E24FB1AFCFC6EB0764782500010002D8,4.6,Yes,mattress,0.0
7440657,ANCHOR_01,52:06:26:03:01:DA,-78,MFG_4C000215FDA50693A4E24FB1AFCFC6EB0764782500010002D8,4.6,Yes,mattress,0.0
7441667,ANCHOR_01,52:06:26:03:01:DA,-79,MFG_4C000215FDA50693A4E24FB1AFCFC6EB0764782500010002D8,4.6,Yes,mattress,0.0
7443677,ANCHOR_01,52:06:26:03:01:DA,-88,MFG_4C000215FDA50693A4E24FB1AFCFC6EB0764782500010002D8,4.6,Yes,mattress,0.0
7444697,ANCHOR_01,52:06:26:03:01:DA,-79,MFG_4C000215FDA50693A4E24FB1AFCFC6EB0764782500010002D8,4.6,Yes,mattress,0.0
7445687,ANCHOR_01,52:06:26:03:01:DA,-79,MFG_4C000215FDA50693A4E24FB1AFCFC6EB0764782500010002D8,4.6,Yes,mattress,0.0
7446707,ANCHOR_01,52:06:26:03:01:DA,-78,MFG_4C000215FDA50693A4E24FB1AFCFC6EB0764782500010002D8,4.6,Yes,mattress,0.0
7447697,ANCHOR_01,52:06:26:03:01:DA,-79,MFG_4C000215FDA50693A4E24FB1AFCFC6EB0764782500010002D8,4.6,Yes,mattress,0.0
7448717,ANCHOR_01,52:06:26:03:01:DA,-85,MFG_4C000215FDA50693A4E24FB1AFCFC6EB0764782500010002D8,4.6,Yes,mattress,0.0
7449707,ANCHOR_01,52:06:26:03:01:DA,-87,MFG_4C000215FDA50693A4E24FB1AFCFC6EB0764782500010002D8,4.6,Yes,mattress,0.0
7450727,ANCHOR_01,52:06:26:03:01:DA,-79,MFG_4C000215FDA50693A4E24FB1AFCFC6EB0764782500010002D8,4.6,Yes,mattress,0.0
7451717,ANCHOR_01,52:06:26:03:01:DA,-79,MFG_4C000215FDA50693A4E24FB1AFCFC6EB0764782500010002D8,4.6,Yes,mattress,0.0
7453757,ANCHOR_01,52:06:26:03:01:DA,-88,MFG_4C000215FDA50693A4E24FB1AFCFC6EB0764782500010002D8,4.6,Yes,mattress,0.0
7454737,ANCHOR_01,52:06:26:03:01:DA,-87,MFG_4C000215FDA50693A4E24FB1AFCFC6EB0764782500010002D8,4.6,Yes,mattress,0.0
7455767,ANCHOR_01,52:06:26:03:01:DA,-79,MFG_4C000215FDA50693A4E24FB1AFCFC6EB0764782500010002D8,4.6,Yes,mattress,0.0
7456757,ANCHOR_01,52:06:26:03:01:DA,-79,MFG_4C000215FDA50693A4E24FB1AFCFC6EB0764782500010002D8,4.6,Yes,mattress,0.0
7457777,ANCHOR_01,52:06:26:03:01:DA,-78,MFG_4C000215FDA50693A4E24FB1AFCFC6EB0764782500010002D8,4.6,Yes,mattress,0.0
7458767,ANCHOR_01,52:06:26:03:01:DA,-78,MFG_4C000215FDA50693A4E24FB1AFCFC6EB0764782500010002D8,4.6,Yes,mattress,0.0
7460777,ANCHOR_01,52:06:26:03:01:DA,-85,MFG_4C000215FDA50693A4E24FB1AFCFC6EB0764782500010002D8,4.6,Yes,mattress,0.0
7461767,ANCHOR_01,52:06:26:03:01:DA,-87,MFG_4C000215FDA50693A4E24FB1AFCFC6EB0764782500010002D8,4.6,Yes,mattress,0.0
7462787,ANCHOR_01,52:06:26:03:01:DA,-78,MFG_4C000215FDA50693A4E24FB1AFCFC6EB0764782500010002D8,4.6,Yes,mattress,0.0
7463777,ANCHOR_01,52:06:26:03:01:DA,-78,MFG_4C000215FDA50693A4E24FB1AFCFC6EB0764782500010002D8,4.6,Yes,mattress,0.0
7464797,ANCHOR_01,52:06:26:03:01:DA,-78,MFG_4C000215FDA50693A4E24FB1AFCFC6EB0764782500010002D8,4.6,Yes,mattress,0.0
7465787,ANCHOR_01,52:06:26:03:01:DA,-78,MFG_4C000215FDA50693A4E24FB1AFCFC6EB0764782500010002D8,4.6,Yes,mattress,0.0
7466797,ANCHOR_01,52:06:26:03:01:DA,-89,MFG_4C000215FDA50693A4E24FB1AFCFC6EB0764782500010002D8,4.6,Yes,mattress,0.0
7467797,ANCHOR_01,52:06:26:03:01:DA,-87,MFG_4C000215FDA50693A4E24FB1AFCFC6EB0764782500010002D8,4.6,Yes,mattress,0.0
7468797,ANCHOR_01,52:06:26:03:01:DA,-78,MFG_4C000215FDA50693A4E24FB1AFCFC6EB0764782500010002D8,4.6,Yes,mattress,0.0
7469807,ANCHOR_01,52:06:26:03:01:DA,-78,MFG_4C000215FDA50693A4E24FB1AFCFC6EB0764782500010002D8,4.6,Yes,mattress,0.0
7470827,ANCHOR_01,52:06:26:03:01:DA,-79,MFG_4C000215FDA50693A4E24FB1AFCFC6EB0764782500010002D8,4.6,Yes,mattress,0.0
7471817,ANCHOR_01,52:06:26:03:01:DA,-78,MFG_4C000215FDA50693A4E24FB1AFCFC6EB0764782500010002D8,4.6,Yes,mattress,0.0
7472837,ANCHOR_01,52:06:26:03:01:DA,-85,MFG_4C000215FDA50693A4E24FB1AFCFC6EB0764782500010002D8,4.6,Yes,mattress,0.0
7473827,ANCHOR_01,52:06:26:03:01:DA,-86,MFG_4C000215FDA50693A4E24FB1AFCFC6EB0764782500010002D8,4.6,Yes,mattress,0.0
7474847,ANCHOR_01,52:06:26:03:01:DA,-78,MFG_4C000215FDA50693A4E24FB1AFCFC6EB0764782500010002D8,4.6,Yes,mattress,0.0
7475827,ANCHOR_01,52:06:26:03:01:DA,-78,MFG_4C000215FDA50693A4E24FB1AFCFC6EB0764782500010002D8,4.6,Yes,mattress,0.0
7476857,ANCHOR_01,52:06:26:03:01:DA,-78,MFG_4C000215FDA50693A4E24FB1AFCFC6EB0764782500010002D8,4.6,Yes,mattress,0.0
7477847,ANCHOR_01,52:06:26:03:01:DA,-78,MFG_4C000215FDA50693A4E24FB1AFCFC6EB0764782500010002D8,4.6,Yes,mattress,0.0
7479857,ANCHOR_01,52:06:26:03:01:DA,-87,MFG_4C000215FDA50693A4E24FB1AFCFC6EB0764782500010002D8,4.6,Yes,mattress,0.0
7480847,ANCHOR_01,52:06:26:03:01:DA,-85,MFG_4C000215FDA50693A4E24FB1AFCFC6EB0764782500010002D8,4.6,Yes,mattress,0.0
7481857,ANCHOR_01,52:06:26:03:01:DA,-78,MFG_4C000215FDA50693A4E24FB1AFCFC6EB0764782500010002D8,4.6,Yes,mattress,0.0
7482857,ANCHOR_01,52:06:26:03:01:DA,-78,MFG_4C000215FDA50693A4E24FB1AFCFC6EB0764782500010002D8,4.6,Yes,mattress,0.0
7483857,ANCHOR_01,52:06:26:03:01:DA,-78,MFG_4C000215FDA50693A4E24FB1AFCFC6EB0764782500010002D8,4.6,Yes,mattress,0.0
7484867,ANCHOR_01,52:06:26:03:01:DA,-79,MFG_4C000215FDA50693A4E24FB1AFCFC6EB0764782500010002D8,4.6,Yes,mattress,0.0
7485887,ANCHOR_01,52:06:26:03:01:DA,-86,MFG_4C000215FDA50693A4E24FB1AFCFC6EB0764782500010002D8,4.6,Yes,mattress,0.0
7487897,ANCHOR_01,52:06:26:03:01:DA,-78,MFG_4C000215FDA50693A4E24FB1AFCFC6EB0764782500010002D8,4.6,Yes,mattress,0.0
7489907,ANCHOR_01,52:06:26:03:01:DA,-79,MFG_4C000215FDA50693A4E24FB1AFCFC6EB0764782500010002D8,4.6,Yes,mattress,0.0
7490897,ANCHOR_01,52:06:26:03:01:DA,-78,MFG_4C000215FDA50693A4E24FB1AFCFC6EB0764782500010002D8,4.6,Yes,mattress,0.0
7491917,ANCHOR_01,52:06:26:03:01:DA,-87,MFG_4C000215FDA50693A4E24FB1AFCFC6EB0764782500010002D8,4.6,Yes,mattress,0.0
7492937,ANCHOR_01,52:06:26:03:01:DA,-78,MFG_4C000215FDA50693A4E24FB1AFCFC6EB0764782500010002D8,4.6,Yes,mattress,0.0
7493927,ANCHOR_01,52:06:26:03:01:DA,-78,MFG_4C000215FDA50693A4E24FB1AFCFC6EB0764782500010002D8,4.6,Yes,mattress,0.0
7494947,ANCHOR_01,52:06:26:03:01:DA,-78,MFG_4C000215FDA50693A4E24FB1AFCFC6EB0764782500010002D8,4.6,Yes,mattress,0.0
7496957,ANCHOR_01,52:06:26:03:01:DA,-87,MFG_4C000215FDA50693A4E24FB1AFCFC6EB0764782500010002D8,4.6,Yes,mattress,0.0
7497947,ANCHOR_01,52:06:26:03:01:DA,-89,MFG_4C000215FDA50693A4E24FB1AFCFC6EB0764782500010002D8,4.6,Yes,mattress,0.0
7498947,ANCHOR_01,52:06:26:03:01:DA,-78,MFG_4C000215FDA50693A4E24FB1AFCFC6EB0764782500010002D8,4.6,Yes,mattress,0.0
7499957,ANCHOR_01,52:06:26:03:01:DA,-78,MFG_4C000215FDA50693A4E24FB1AFCFC6EB0764782500010002D8,4.6,Yes,mattress,0.0
7500957,ANCHOR_01,52:06:26:03:01:DA,-78,MFG_4C000215FDA50693A4E24FB1AFCFC6EB0764782500010002D8,4.6,Yes,mattress,0.0
7501967,ANCHOR_01,52:06:26:03:01:DA,-78,MFG_4C000215FDA50693A4E24FB1AFCFC6EB0764782500010002D8,4.6,Yes,mattress,0.0
7502987,ANCHOR_01,52:06:26:03:01:DA,-85,MFG_4C000215FDA50693A4E24FB1AFCFC6EB0764782500010002D8,4.6,Yes,mattress,0.0
7503977,ANCHOR_01,52:06:26:03:01:DA,-89,MFG_4C000215FDA50693A4E24FB1AFCFC6EB0764782500010002D8,4.6,Yes,mattress,0.0
7504997,ANCHOR_01,52:06:26:03:01:DA,-78,MFG_4C000215FDA50693A4E24FB1AFCFC6EB0764782500010002D8,4.6,Yes,mattress,0.0
7505987,ANCHOR_01,52:06:26:03:01:DA,-79,MFG_4C000215FDA50693A4E24FB1AFCFC6EB0764782500010002D8,4.6,Yes,mattress,0.0
7507007,ANCHOR_01,52:06:26:03:01:DA,-79,MFG_4C000215FDA50693A4E24FB1AFCFC6EB0764782500010002D8,4.6,Yes,mattress,0.0
7507997,ANCHOR_01,52:06:26:03:01:DA,-78,MFG_4C000215FDA50693A4E24FB1AFCFC6EB0764782500010002D8,4.6,Yes,mattress,0.0
7509017,ANCHOR_01,52:06:26:03:01:DA,-89,MFG_4C000215FDA50693A4E24FB1AFCFC6EB0764782500010002D8,4.6,Yes,mattress,0.0
7510007,ANCHOR_01,52:06:26:03:01:DA,-85,MFG_4C000215FDA50693A4E24FB1AFCFC6EB0764782500010002D8,4.6,Yes,mattress,0.0
7511027,ANCHOR_01,52:06:26:03:01:DA,-79,MFG_4C000215FDA50693A4E24FB1AFCFC6EB0764782500010002D8,4.6,Yes,mattress,0.0
7512017,ANCHOR_01,52:06:26:03:01:DA,-79,MFG_4C000215FDA50693A4E24FB1AFCFC6EB0764782500010002D8,4.6,Yes,mattress,0.0
7513037,ANCHOR_01,52:06:26:03:01:DA,-78,MFG_4C000215FDA50693A4E24FB1AFCFC6EB0764782500010002D8,4.6,Yes,mattress,0.0
7514027,ANCHOR_01,52:06:26:03:01:DA,-78,MFG_4C000215FDA50693A4E24FB1AFCFC6EB0764782500010002D8,4.6,Yes,mattress,0.0
7515047,ANCHOR_01,52:06:26:03:01:DA,-86,MFG_4C000215FDA50693A4E24FB1AFCFC6EB0764782500010002D8,4.6,Yes,mattress,0.0
7516037,ANCHOR_01,52:06:26:03:01:DA,-88,MFG_4C000215FDA50693A4E24FB1AFCFC6EB0764782500010002D8,4.6,Yes,mattress,0.0
7517057,ANCHOR_01,52:06:26:03:01:DA,-78,MFG_4C000215FDA50693A4E24FB1AFCFC6EB0764782500010002D8,4.6,Yes,mattress,0.0
7518047,ANCHOR_01,52:06:26:03:01:DA,-78,MFG_4C000215FDA50693A4E24FB1AFCFC6EB0764782500010002D8,4.6,Yes,mattress,0.0
7519067,ANCHOR_01,52:06:26:03:01:DA,-78,MFG_4C000215FDA50693A4E24FB1AFCFC6EB0764782500010002D8,4.6,Yes,mattress,0.0
7520057,ANCHOR_01,52:06:26:03:01:DA,-79,MFG_4C000215FDA50693A4E24FB1AFCFC6EB0764782500010002D8,4.6,Yes,mattress,0.0
7521077,ANCHOR_01,52:06:26:03:01:DA,-86,MFG_4C000215FDA50693A4E24FB1AFCFC6EB0764782500010002D8,4.6,Yes,mattress,0.0
7522057,ANCHOR_01,52:06:26:03:01:DA,-89,MFG_4C000215FDA50693A4E24FB1AFCFC6EB0764782500010002D8,4.6,Yes,mattress,0.0
7523087,ANCHOR_01,52:06:26:03:01:DA,-78,MFG_4C000215FDA50693A4E24FB1AFCFC6EB0764782500010002D8,4.6,Yes,mattress,0.0
7524077,ANCHOR_01,52:06:26:03:01:DA,-79,MFG_4C000215FDA50693A4E24FB1AFCFC6EB0764782500010002D8,4.6,Yes,mattress,0.0
7525097,ANCHOR_01,52:06:26:03:01:DA,-78,MFG_4C000215FDA50693A4E24FB1AFCFC6EB0764782500010002D8,4.6,Yes,mattress,0.0
7526087,ANCHOR_01,52:06:26:03:01:DA,-78,MFG_4C000215FDA50693A4E24FB1AFCFC6EB0764782500010002D8,4.6,Yes,mattress,0.0
7527087,ANCHOR_01,52:06:26:03:01:DA,-88,MFG_4C000215FDA50693A4E24FB1AFCFC6EB0764782500010002D8,4.6,Yes,mattress,0.0
7528097,ANCHOR_01,52:06:26:03:01:DA,-86,MFG_4C000215FDA50693A4E24FB1AFCFC6EB0764782500010002D8,4.6,Yes,mattress,0.0
7529117,ANCHOR_01,52:06:26:03:01:DA,-78,MFG_4C000215FDA50693A4E24FB1AFCFC6EB0764782500010002D8,4.6,Yes,mattress,0.0
7530107,ANCHOR_01,52:06:26:03:01:DA,-79,MFG_4C000215FDA50693A4E24FB1AFCFC6EB0764782500010002D8,4.6,Yes,mattress,0.0
7532107,ANCHOR_01,52:06:26:03:01:DA,-79,MFG_4C000215FDA50693A4E24FB1AFCFC6EB0764782500010002D8,4.6,Yes,mattress,0.0
7533107,ANCHOR_01,52:06:26:03:01:DA,-78,MFG_4C000215FDA50693A4E24FB1AFCFC6EB0764782500010002D8,4.6,Yes,mattress,0.0
7534127,ANCHOR_01,52:06:26:03:01:DA,-89,MFG_4C000215FDA50693A4E24FB1AFCFC6EB0764782500010002D8,4.6,Yes,mattress,0.0
7536137,ANCHOR_01,52:06:26:03:01:DA,-79,MFG_4C000215FDA50693A4E24FB1AFCFC6EB0764782500010002D8,4.6,Yes,mattress,0.0
7538147,ANCHOR_01,52:06:26:03:01:DA,-78,MFG_4C000215FDA50693A4E24FB1AFCFC6EB0764782500010002D8,4.6,Yes,mattress,0.0
7539137,ANCHOR_01,52:06:26:03:01:DA,-79,MFG_4C000215FDA50693A4E24FB1AFCFC6EB0764782500010002D8,4.6,Yes,mattress,0.0
7540157,ANCHOR_01,52:06:26:03:01:DA,-89,MFG_4C000215FDA50693A4E24FB1AFCFC6EB0764782500010002D8,4.6,Yes,mattress,0.0
7542167,ANCHOR_01,52:06:26:03:01:DA,-79,MFG_4C000215FDA50693A4E24FB1AFCFC6EB0764782500010002D8,4.6,Yes,mattress,0.0
7543187,ANCHOR_01,52:06:26:03:01:DA,-79,MFG_4C000215FDA50693A4E24FB1AFCFC6EB0764782500010002D8,4.6,Yes,mattress,0.0
7544167,ANCHOR_01,52:06:26:03:01:DA,-78,MFG_4C000215FDA50693A4E24FB1AFCFC6EB0764782500010002D8,4.6,Yes,mattress,0.0
7546187,ANCHOR_01,52:06:26:03:01:DA,-87,MFG_4C000215FDA50693A4E24FB1AFCFC6EB0764782500010002D8,4.6,Yes,mattress,0.0
7548197,ANCHOR_01,52:06:26:03:01:DA,-78,MFG_4C000215FDA50693A4E24FB1AFCFC6EB0764782500010002D8,4.6,Yes,mattress,0.0
7549187,ANCHOR_01,52:06:26:03:01:DA,-78,MFG_4C000215FDA50693A4E24FB1AFCFC6EB0764782500010002D8,4.6,Yes,mattress,0.0
7550207,ANCHOR_01,52:06:26:03:01:DA,-78,MFG_4C000215FDA50693A4E24FB1AFCFC6EB0764782500010002D8,4.6,Yes,mattress,0.0
7551197,ANCHOR_01,52:06:26:03:01:DA,-79,MFG_4C000215FDA50693A4E24FB1AFCFC6EB0764782500010002D8,4.6,Yes,mattress,0.0
7552217,ANCHOR_01,52:06:26:03:01:DA,-87,MFG_4C000215FDA50693A4E24FB1AFCFC6EB0764782500010002D8,4.6,Yes,mattress,0.0
7553237,ANCHOR_01,52:06:26:03:01:DA,-78,MFG_4C000215FDA50693A4E24FB1AFCFC6EB0764782500010002D8,4.6,Yes,mattress,0.0
7554227,ANCHOR_01,52:06:26:03:01:DA,-79,MFG_4C000215FDA50693A4E24FB1AFCFC6EB0764782500010002D8,4.6,Yes,mattress,0.0
7556237,ANCHOR_01,52:06:26:03:01:DA,-78,MFG_4C000215FDA50693A4E24FB1AFCFC6EB0764782500010002D8,4.6,Yes,mattress,0.0
7557227,ANCHOR_01,52:06:26:03:01:DA,-78,MFG_4C000215FDA50693A4E24FB1AFCFC6EB0764782500010002D8,4.6,Yes,mattress,0.0
7558247,ANCHOR_01,52:06:26:03:01:DA,-85,MFG_4C000215FDA50693A4E24FB1AFCFC6EB0764782500010002D8,4.6,Yes,mattress,0.0
7559237,ANCHOR_01,52:06:26:03:01:DA,-85,MFG_4C000215FDA50693A4E24FB1AFCFC6EB0764782500010002D8,4.6,Yes,mattress,0.0
7560257,ANCHOR_01,52:06:26:03:01:DA,-79,MFG_4C000215FDA50693A4E24FB1AFCFC6EB0764782500010002D8,4.6,Yes,mattress,0.0
7561247,ANCHOR_01,52:06:26:03:01:DA,-78,MFG_4C000215FDA50693A4E24FB1AFCFC6EB0764782500010002D8,4.6,Yes,mattress,0.0
7562267,ANCHOR_01,52:06:26:03:01:DA,-78,MFG_4C000215FDA50693A4E24FB1AFCFC6EB0764782500010002D8,4.6,Yes,mattress,0.0
7563257,ANCHOR_01,52:06:26:03:01:DA,-78,MFG_4C000215FDA50693A4E24FB1AFCFC6EB0764782500010002D8,4.6,Yes,mattress,0.0
7564277,ANCHOR_01,52:06:26:03:01:DA,-85,MFG_4C000215FDA50693A4E24FB1AFCFC6EB0764782500010002D8,4.6,Yes,mattress,0.0
7565267,ANCHOR_01,52:06:26:03:01:DA,-88,MFG_4C000215FDA50693A4E24FB1AFCFC6EB0764782500010002D8,4.6,Yes,mattress,0.0
7567277,ANCHOR_01,52:06:26:03:01:DA,-78,MFG_4C000215FDA50693A4E24FB1AFCFC6EB0764782500010002D8,4.6,Yes,mattress,0.0
7568267,ANCHOR_01,52:06:26:03:01:DA,-79,MFG_4C000215FDA50693A4E24FB1AFCFC6EB0764782500010002D8,4.6,Yes,mattress,0.0
7569287,ANCHOR_01,52:06:26:03:01:DA,-78,MFG_4C000215FDA50693A4E24FB1AFCFC6EB0764782500010002D8,4.6,Yes,mattress,0.0
7570277,ANCHOR_01,52:06:26:03:01:DA,-78,MFG_4C000215FDA50693A4E24FB1AFCFC6EB0764782500010002D8,4.6,Yes,mattress,0.0
7571297,ANCHOR_01,52:06:26:03:01:DA,-89,MFG_4C000215FDA50693A4E24FB1AFCFC6EB0764782500010002D8,4.6,Yes,mattress,0.0
7572307,ANCHOR_01,52:06:26:03:01:DA,-78,MFG_4C000215FDA50693A4E24FB1AFCFC6EB0764782500010002D8,4.6,Yes,mattress,0.0
7573307,ANCHOR_01,52:06:26:03:01:DA,-78,MFG_4C000215FDA50693A4E24FB1AFCFC6EB0764782500010002D8,4.6,Yes,mattress,0.0
7574327,ANCHOR_01,52:06:26:03:01:DA,-78,MFG_4C000215FDA50693A4E24FB1AFCFC6EB0764782500010002D8,4.6,Yes,mattress,0.0
7575317,ANCHOR_01,52:06:26:03:01:DA,-78,MFG_4C000215FDA50693A4E24FB1AFCFC6EB0764782500010002D8,4.6,Yes,mattress,0.0
7576337,ANCHOR_01,52:06:26:03:01:DA,-88,MFG_4C000215FDA50693A4E24FB1AFCFC6EB0764782500010002D8,4.6,Yes,mattress,0.0
7577357,ANCHOR_01,52:06:26:03:01:DA,-79,MFG_4C000215FDA50693A4E24FB1AFCFC6EB0764782500010002D8,4.6,Yes,mattress,0.0
7578347,ANCHOR_01,52:06:26:03:01:DA,-79,MFG_4C000215FDA50693A4E24FB1AFCFC6EB0764782500010002D8,4.6,Yes,mattress,0.0
7579367,ANCHOR_01,52:06:26:03:01:DA,-78,MFG_4C000215FDA50693A4E24FB1AFCFC6EB0764782500010002D8,4.6,Yes,mattress,0.0
7580357,ANCHOR_01,52:06:26:03:01:DA,-78,MFG_4C000215FDA50693A4E24FB1AFCFC6EB0764782500010002D8,4.6,Yes,mattress,0.0
7581347,ANCHOR_01,52:06:26:03:01:DA,-78,MFG_4C000215FDA50693A4E24FB1AFCFC6EB0764782500010002D8,4.6,Yes,mattress,0.0
7582367,ANCHOR_01,52:06:26:03:01:DA,-88,MFG_4C000215FDA50693A4E24FB1AFCFC6EB0764782500010002D8,4.6,Yes,mattress,0.0
7584377,ANCHOR_01,52:06:26:03:01:DA,-78,MFG_4C000215FDA50693A4E24FB1AFCFC6EB0764782500010002D8,4.6,Yes,mattress,0.0
7586387,ANCHOR_01,52:06:26:03:01:DA,-78,MFG_4C000215FDA50693A4E24FB1AFCFC6EB0764782500010002D8,4.6,Yes,mattress,0.0
7587377,ANCHOR_01,52:06:26:03:01:DA,-78,MFG_4C000215FDA50693A4E24FB1AFCFC6EB0764782500010002D8,4.6,Yes,mattress,0.0
7588397,ANCHOR_01,52:06:26:03:01:DA,-85,MFG_4C000215FDA50693A4E24FB1AFCFC6EB0764782500010002D8,4.6,Yes,mattress,0.0
7590407,ANCHOR_01,52:06:26:03:01:DA,-79,MFG_4C000215FDA50693A4E24FB1AFCFC6EB0764782500010002D8,4.6,Yes,mattress,0.0
7592417,ANCHOR_01,52:06:26:03:01:DA,-79,MFG_4C000215FDA50693A4E24FB1AFCFC6EB0764782500010002D8,4.6,Yes,mattress,0.0
7593437,ANCHOR_01,52:06:26:03:01:DA,-85,MFG_4C000215FDA50693A4E24FB1AFCFC6EB0764782500010002D8,4.6,Yes,mattress,0.0
7594427,ANCHOR_01,52:06:26:03:01:DA,-86,MFG_4C000215FDA50693A4E24FB1AFCFC6EB0764782500010002D8,4.6,Yes,mattress,0.0
7595447,ANCHOR_01,52:06:26:03:01:DA,-78,MFG_4C000215FDA50693A4E24FB1AFCFC6EB0764782500010002D8,4.6,Yes,mattress,0.0
7596427,ANCHOR_01,52:06:26:03:01:DA,-78,MFG_4C000215FDA50693A4E24FB1AFCFC6EB0764782500010002D8,4.6,Yes,mattress,0.0
7597457,ANCHOR_01,52:06:26:03:01:DA,-79,MFG_4C000215FDA50693A4E24FB1AFCFC6EB0764782500010002D8,4.6,Yes,mattress,0.0
7598447,ANCHOR_01,52:06:26:03:01:DA,-78,MFG_4C000215FDA50693A4E24FB1AFCFC6EB0764782500010002D8,4.6,Yes,mattress,0.0
7599457,ANCHOR_01,52:06:26:03:01:DA,-86,MFG_4C000215FDA50693A4E24FB1AFCFC6EB0764782500010002D8,4.6,Yes,mattress,0.0
7600457,ANCHOR_01,52:06:26:03:01:DA,-88,MFG_4C000215FDA50693A4E24FB1AFCFC6EB0764782500010002D8,4.6,Yes,mattress,0.0
7601447,ANCHOR_01,52:06:26:03:01:DA,-89,MFG_4C000215FDA50693A4E24FB1AFCFC6EB0764782500010002D8,4.6,Yes,mattress,0.0
7602467,ANCHOR_01,52:06:26:03:01:DA,-79,MFG_4C000215FDA50693A4E24FB1AFCFC6EB0764782500010002D8,4.6,Yes,mattress,0.0
7603457,ANCHOR_01,52:06:26:03:01:DA,-79,MFG_4C000215FDA50693A4E24FB1AFCFC6EB0764782500010002D8,4.6,Yes,mattress,0.0
7604477,ANCHOR_01,52:06:26:03:01:DA,-78,MFG_4C000215FDA50693A4E24FB1AFCFC6EB0764782500010002D8,4.6,Yes,mattress,0.0
7605467,ANCHOR_01,52:06:26:03:01:DA,-78,MFG_4C000215FDA50693A4E24FB1AFCFC6EB0764782500010002D8,4.6,Yes,mattress,0.0
7606477,ANCHOR_01,52:06:26:03:01:DA,-86,MFG_4C000215FDA50693A4E24FB1AFCFC6EB0764782500010002D8,4.6,Yes,mattress,0.0
7607477,ANCHOR_01,52:06:26:03:01:DA,-87,MFG_4C000215FDA50693A4E24FB1AFCFC6EB0764782500010002D8,4.6,Yes,mattress,0.0
7608497,ANCHOR_01,52:06:26:03:01:DA,-79,MFG_4C000215FDA50693A4E24FB1AFCFC6EB0764782500010002D8,4.6,Yes,mattress,0.0
7609487,ANCHOR_01,52:06:26:03:01:DA,-78,MFG_4C000215FDA50693A4E24FB1AFCFC6EB0764782500010002D8,4.6,Yes,mattress,0.0
7610507,ANCHOR_01,52:06:26:03:01:DA,-78,MFG_4C000215FDA50693A4E24FB1AFCFC6EB0764782500010002D8,4.6,Yes,mattress,0.0
7611487,ANCHOR_01,52:06:26:03:01:DA,-78,MFG_4C000215FDA50693A4E24FB1AFCFC6EB0764782500010002D8,4.6,Yes,mattress,0.0
7612487,ANCHOR_01,52:06:26:03:01:DA,-78,MFG_4C000215FDA50693A4E24FB1AFCFC6EB0764782500010002D8,4.6,Yes,mattress,0.0
7613487,ANCHOR_01,52:06:26:03:01:DA,-86,MFG_4C000215FDA50693A4E24FB1AFCFC6EB0764782500010002D8,4.6,Yes,mattress,0.0
7615507,ANCHOR_01,52:06:26:03:01:DA,-79,MFG_4C000215FDA50693A4E24FB1AFCFC6EB0764782500010002D8,4.6,Yes,mattress,0.0
7616537,ANCHOR_01,52:06:26:03:01:DA,-79,MFG_4C000215FDA50693A4E24FB1AFCFC6EB0764782500010002D8,4.6,Yes,mattress,0.0
7617527,ANCHOR_01,52:06:26:03:01:DA,-78,MFG_4C000215FDA50693A4E24FB1AFCFC6EB0764782500010002D8,4.6,Yes,mattress,0.0
7618547,ANCHOR_01,52:06:26:03:01:DA,-89,MFG_4C000215FDA50693A4E24FB1AFCFC6EB0764782500010002D8,4.6,Yes,mattress,0.0
7620557,ANCHOR_01,52:06:26:03:01:DA,-79,MFG_4C000215FDA50693A4E24FB1AFCFC6EB0764782500010002D8,4.6,Yes,mattress,0.0
7621557,ANCHOR_01,52:06:26:03:01:DA,-79,MFG_4C000215FDA50693A4E24FB1AFCFC6EB0764782500010002D8,4.6,Yes,mattress,0.0
7622567,ANCHOR_01,52:06:26:03:01:DA,-78,MFG_4C000215FDA50693A4E24FB1AFCFC6EB0764782500010002D8,4.6,Yes,mattress,0.0
7623587,ANCHOR_01,52:06:26:03:01:DA,-88,MFG_4C000215FDA50693A4E24FB1AFCFC6EB0764782500010002D8,4.6,Yes,mattress,0.0
7624577,ANCHOR_01,52:06:26:03:01:DA,-86,MFG_4C000215FDA50693A4E24FB1AFCFC6EB0764782500010002D8,4.6,Yes,mattress,0.0
7626587,ANCHOR_01,52:06:26:03:01:DA,-79,MFG_4C000215FDA50693A4E24FB1AFCFC6EB0764782500010002D8,4.6,Yes,mattress,0.0
7627607,ANCHOR_01,52:06:26:03:01:DA,-78,MFG_4C000215FDA50693A4E24FB1AFCFC6EB0764782500010002D8,4.6,Yes,mattress,0.0
7628597,ANCHOR_01,52:06:26:03:01:DA,-79,MFG_4C000215FDA50693A4E24FB1AFCFC6EB0764782500010002D8,4.6,Yes,mattress,0.0
7629617,ANCHOR_01,52:06:26:03:01:DA,-89,MFG_4C000215FDA50693A4E24FB1AFCFC6EB0764782500010002D8,4.6,Yes,mattress,0.0
7631607,ANCHOR_01,52:06:26:03:01:DA,-79,MFG_4C000215FDA50693A4E24FB1AFCFC6EB0764782500010002D8,4.6,Yes,mattress,0.0
7633637,ANCHOR_01,52:06:26:03:01:DA,-78,MFG_4C000215FDA50693A4E24FB1AFCFC6EB0764782500010002D8,4.6,Yes,mattress,0.0
7634627,ANCHOR_01,52:06:26:03:01:DA,-78,MFG_4C000215FDA50693A4E24FB1AFCFC6EB0764782500010002D8,4.6,Yes,mattress,0.0
7635647,ANCHOR_01,52:06:26:03:01:DA,-85,MFG_4C000215FDA50693A4E24FB1AFCFC6EB0764782500010002D8,4.6,Yes,mattress,0.0
7636637,ANCHOR_01,52:06:26:03:01:DA,-88,MFG_4C000215FDA50693A4E24FB1AFCFC6EB0764782500010002D8,4.6,Yes,mattress,0.0
7637657,ANCHOR_01,52:06:26:03:01:DA,-78,MFG_4C000215FDA50693A4E24FB1AFCFC6EB0764782500010002D8,4.6,Yes,mattress,0.0
7638647,ANCHOR_01,52:06:26:03:01:DA,-78,MFG_4C000215FDA50693A4E24FB1AFCFC6EB0764782500010002D8,4.6,Yes,mattress,0.0
7639667,ANCHOR_01,52:06:26:03:01:DA,-79,MFG_4C000215FDA50693A4E24FB1AFCFC6EB0764782500010002D8,4.6,Yes,mattress,0.0
7640657,ANCHOR_01,52:06:26:03:01:DA,-78,MFG_4C000215FDA50693A4E24FB1AFCFC6EB0764782500010002D8,4.6,Yes,mattress,0.0
7641677,ANCHOR_01,52:06:26:03:01:DA,-86,MFG_4C000215FDA50693A4E24FB1AFCFC6EB0764782500010002D8,4.6,Yes,mattress,0.0
7642667,ANCHOR_01,52:06:26:03:01:DA,-89,MFG_4C000215FDA50693A4E24FB1AFCFC6EB0764782500010002D8,4.6,Yes,mattress,0.0
7643687,ANCHOR_01,52:06:26:03:01:DA,-79,MFG_4C000215FDA50693A4E24FB1AFCFC6EB0764782500010002D8,4.6,Yes,mattress,0.0
7644667,ANCHOR_01,52:06:26:03:01:DA,-79,MFG_4C000215FDA50693A4E24FB1AFCFC6EB0764782500010002D8,4.6,Yes,mattress,0.0
7645697,ANCHOR_01,52:06:26:03:01:DA,-78,MFG_4C000215FDA50693A4E24FB1AFCFC6EB0764782500010002D8,4.6,Yes,mattress,0.0
7646677,ANCHOR_01,52:06:26:03:01:DA,-79,MFG_4C000215FDA50693A4E24FB1AFCFC6EB0764782500010002D8,4.6,Yes,mattress,0.0
7647697,ANCHOR_01,52:06:26:03:01:DA,-86,MFG_4C000215FDA50693A4E24FB1AFCFC6EB0764782500010002D8,4.6,Yes,mattress,0.0
7648697,ANCHOR_01,52:06:26:03:01:DA,-85,MFG_4C000215FDA50693A4E24FB1AFCFC6EB0764782500010002D8,4.6,Yes,mattress,0.0
7649697,ANCHOR_01,52:06:26:03:01:DA,-78,MFG_4C000215FDA50693A4E24FB1AFCFC6EB0764782500010002D8,4.6,Yes,mattress,0.0
7650707,ANCHOR_01,52:06:26:03:01:DA,-79,MFG_4C000215FDA50693A4E24FB1AFCFC6EB0764782500010002D8,4.6,Yes,mattress,0.0
7651727,ANCHOR_01,52:06:26:03:01:DA,-78,MFG_4C000215FDA50693A4E24FB1AFCFC6EB0764782500010002D8,4.6,Yes,mattress,0.0
7652717,ANCHOR_01,52:06:26:03:01:DA,-79,MFG_4C000215FDA50693A4E24FB1AFCFC6EB0764782500010002D8,4.6,Yes,mattress,0.0
7653737,ANCHOR_01,52:06:26:03:01:DA,-89,MFG_4C000215FDA50693A4E24FB1AFCFC6EB0764782500010002D8,4.6,Yes,mattress,0.0
7654727,ANCHOR_01,52:06:26:03:01:DA,-85,MFG_4C000215FDA50693A4E24FB1AFCFC6EB0764782500010002D8,4.6,Yes,mattress,0.0
7655747,ANCHOR_01,52:06:26:03:01:DA,-79,MFG_4C000215FDA50693A4E24FB1AFCFC6EB0764782500010002D8,4.6,Yes,mattress,0.0
7656737,ANCHOR_01,52:06:26:03:01:DA,-78,MFG_4C000215FDA50693A4E24FB1AFCFC6EB0764782500010002D8,4.6,Yes,mattress,0.0
7657757,ANCHOR_01,52:06:26:03:01:DA,-78,MFG_4C000215FDA50693A4E24FB1AFCFC6EB0764782500010002D8,4.6,Yes,mattress,0.0
7658747,ANCHOR_01,52:06:26:03:01:DA,-79,MFG_4C000215FDA50693A4E24FB1AFCFC6EB0764782500010002D8,4.6,Yes,mattress,0.0
7659767,ANCHOR_01,52:06:26:03:01:DA,-85,MFG_4C000215FDA50693A4E24FB1AFCFC6EB0764782500010002D8,4.6,Yes,mattress,0.0
7661777,ANCHOR_01,52:06:26:03:01:DA,-79,MFG_4C000215FDA50693A4E24FB1AFCFC6EB0764782500010002D8,4.6,Yes,mattress,0.0
7662797,ANCHOR_01,52:06:26:03:01:DA,-78,MFG_4C000215FDA50693A4E24FB1AFCFC6EB0764782500010002D8,4.6,Yes,mattress,0.0
7663787,ANCHOR_01,52:06:26:03:01:DA,-80,MFG_4C000215FDA50693A4E24FB1AFCFC6EB0764782500010002D8,4.6,Yes,mattress,0.0
7664807,ANCHOR_01,52:06:26:03:01:DA,-89,MFG_4C000215FDA50693A4E24FB1AFCFC6EB0764782500010002D8,4.6,Yes,mattress,0.0
7665797,ANCHOR_01,52:06:26:03:01:DA,-85,MFG_4C000215FDA50693A4E24FB1AFCFC6EB0764782500010002D8,4.6,Yes,mattress,0.0
7666817,ANCHOR_01,52:06:26:03:01:DA,-78,MFG_4C000215FDA50693A4E24FB1AFCFC6EB0764782500010002D8,4.6,Yes,mattress,0.0
7667807,ANCHOR_01,52:06:26:03:01:DA,-79,MFG_4C000215FDA50693A4E24FB1AFCFC6EB0764782500010002D8,4.6,Yes,mattress,0.0
7668827,ANCHOR_01,52:06:26:03:01:DA,-79,MFG_4C000215FDA50693A4E24FB1AFCFC6EB0764782500010002D8,4.6,Yes,mattress,0.0
7670837,ANCHOR_01,52:06:26:03:01:DA,-85,MFG_4C000215FDA50693A4E24FB1AFCFC6EB0764782500010002D8,4.6,Yes,mattress,0.0
7671827,ANCHOR_01,52:06:26:03:01:DA,-85,MFG_4C000215FDA50693A4E24FB1AFCFC6EB0764782500010002D8,4.6,Yes,mattress,0.0
7672837,ANCHOR_01,52:06:26:03:01:DA,-78,MFG_4C000215FDA50693A4E24FB1AFCFC6EB0764782500010002D8,4.6,Yes,mattress,0.0
7673837,ANCHOR_01,52:06:26:03:01:DA,-78,MFG_4C000215FDA50693A4E24FB1AFCFC6EB0764782500010002D8,4.6,Yes,mattress,0.0
7674857,ANCHOR_01,52:06:26:03:01:DA,-79,MFG_4C000215FDA50693A4E24FB1AFCFC6EB0764782500010002D8,4.6,Yes,mattress,0.0
7675867,ANCHOR_01,52:06:26:03:01:DA,-85,MFG_4C000215FDA50693A4E24FB1AFCFC6EB0764782500010002D8,4.6,Yes,mattress,0.0
7676867,ANCHOR_01,52:06:26:03:01:DA,-87,MFG_4C000215FDA50693A4E24FB1AFCFC6EB0764782500010002D8,4.6,Yes,mattress,0.0
7677887,ANCHOR_01,52:06:26:03:01:DA,-78,MFG_4C000215FDA50693A4E24FB1AFCFC6EB0764782500010002D8,4.6,Yes,mattress,0.0
7678877,ANCHOR_01,52:06:26:03:01:DA,-79,MFG_4C000215FDA50693A4E24FB1AFCFC6EB0764782500010002D8,4.6,Yes,mattress,0.0
7679897,ANCHOR_01,52:06:26:03:01:DA,-78,MFG_4C000215FDA50693A4E24FB1AFCFC6EB0764782500010002D8,4.6,Yes,mattress,0.0
7680887,ANCHOR_01,52:06:26:03:01:DA,-78,MFG_4C000215FDA50693A4E24FB1AFCFC6EB0764782500010002D8,4.6,Yes,mattress,0.0
7681907,ANCHOR_01,52:06:26:03:01:DA,-86,MFG_4C000215FDA50693A4E24FB1AFCFC6EB0764782500010002D8,4.6,Yes,mattress,0.0
7682897,ANCHOR_01,52:06:26:03:01:DA,-87,MFG_4C000215FDA50693A4E24FB1AFCFC6EB0764782500010002D8,4.6,Yes,mattress,0.0
7683917,ANCHOR_01,52:06:26:03:01:DA,-78,MFG_4C000215FDA50693A4E24FB1AFCFC6EB0764782500010002D8,4.6,Yes,mattress,0.0
7684897,ANCHOR_01,52:06:26:03:01:DA,-78,MFG_4C000215FDA50693A4E24FB1AFCFC6EB0764782500010002D8,4.6,Yes,mattress,0.0
7685927,ANCHOR_01,52:06:26:03:01:DA,-79,MFG_4C000215FDA50693A4E24FB1AFCFC6EB0764782500010002D8,4.6,Yes,mattress,0.0
7686917,ANCHOR_01,52:06:26:03:01:DA,-78,MFG_4C000215FDA50693A4E24FB1AFCFC6EB0764782500010002D8,4.6,Yes,mattress,0.0
7687937,ANCHOR_01,52:06:26:03:01:DA,-89,MFG_4C000215FDA50693A4E24FB1AFCFC6EB0764782500010002D8,4.6,Yes,mattress,0.0
7689937,ANCHOR_01,52:06:26:03:01:DA,-78,MFG_4C000215FDA50693A4E24FB1AFCFC6EB0764782500010002D8,4.6,Yes,mattress,0.0
7690967,ANCHOR_01,52:06:26:03:01:DA,-79,MFG_4C000215FDA50693A4E24FB1AFCFC6EB0764782500010002D8,4.6,Yes,mattress,0.0
7691957,ANCHOR_01,52:06:26:03:01:DA,-79,MFG_4C000215FDA50693A4E24FB1AFCFC6EB0764782500010002D8,4.6,Yes,mattress,0.0
7693967,ANCHOR_01,52:06:26:03:01:DA,-89,MFG_4C000215FDA50693A4E24FB1AFCFC6EB0764782500010002D8,4.6,Yes,mattress,0.0
7694957,ANCHOR_01,52:06:26:03:01:DA,-88,MFG_4C000215FDA50693A4E24FB1AFCFC6EB0764782500010002D8,4.6,Yes,mattress,0.0
7695957,ANCHOR_01,52:06:26:03:01:DA,-78,MFG_4C000215FDA50693A4E24FB1AFCFC6EB0764782500010002D8,4.6,Yes,mattress,0.0
7696997,ANCHOR_01,52:06:26:03:01:DA,-79,MFG_4C000215FDA50693A4E24FB1AFCFC6EB0764782500010002D8,4.6,Yes,mattress,0.0
7697987,ANCHOR_01,52:06:26:03:01:DA,-78,MFG_4C000215FDA50693A4E24FB1AFCFC6EB0764782500010002D8,4.6,Yes,mattress,0.0
7699997,ANCHOR_01,52:06:26:03:01:DA,-87,MFG_4C000215FDA50693A4E24FB1AFCFC6EB0764782500010002D8,4.6,Yes,mattress,0.0
7702007,ANCHOR_01,52:06:26:03:01:DA,-78,MFG_4C000215FDA50693A4E24FB1AFCFC6EB0764782500010002D8,4.6,Yes,mattress,0.0
7702997,ANCHOR_01,52:06:26:03:01:DA,-79,MFG_4C000215FDA50693A4E24FB1AFCFC6EB0764782500010002D8,4.6,Yes,mattress,0.0
7704017,ANCHOR_01,52:06:26:03:01:DA,-78,MFG_4C000215FDA50693A4E24FB1AFCFC6EB0764782500010002D8,4.6,Yes,mattress,0.0
7705007,ANCHOR_01,52:06:26:03:01:DA,-79,MFG_4C000215FDA50693A4E24FB1AFCFC6EB0764782500010002D8,4.6,Yes,mattress,0.0
7707017,ANCHOR_01,52:06:26:03:01:DA,-86,MFG_4C000215FDA50693A4E24FB1AFCFC6EB0764782500010002D8,4.6,Yes,mattress,0.0
7708007,ANCHOR_01,52:06:26:03:01:DA,-87,MFG_4C000215FDA50693A4E24FB1AFCFC6EB0764782500010002D8,4.6,Yes,mattress,0.0
7709027,ANCHOR_01,52:06:26:03:01:DA,-79,MFG_4C000215FDA50693A4E24FB1AFCFC6EB0764782500010002D8,4.6,Yes,mattress,0.0
7710007,ANCHOR_01,52:06:26:03:01:DA,-79,MFG_4C000215FDA50693A4E24FB1AFCFC6EB0764782500010002D8,4.6,Yes,mattress,0.0
7711037,ANCHOR_01,52:06:26:03:01:DA,-79,MFG_4C000215FDA50693A4E24FB1AFCFC6EB0764782500010002D8,4.6,Yes,mattress,0.0
7712027,ANCHOR_01,52:06:26:03:01:DA,-78,MFG_4C000215FDA50693A4E24FB1AFCFC6EB0764782500010002D8,4.6,Yes,mattress,0.0
7713037,ANCHOR_01,52:06:26:03:01:DA,-85,MFG_4C000215FDA50693A4E24FB1AFCFC6EB0764782500010002D8,4.6,Yes,mattress,0.0
7714037,ANCHOR_01,52:06:26:03:01:DA,-86,MFG_4C000215FDA50693A4E24FB1AFCFC6EB0764782500010002D8,4.6,Yes,mattress,0.0
7715047,ANCHOR_01,52:06:26:03:01:DA,-79,MFG_4C000215FDA50693A4E24FB1AFCFC6EB0764782500010002D8,4.6,Yes,mattress,0.0
7716047,ANCHOR_01,52:06:26:03:01:DA,-78,MFG_4C000215FDA50693A4E24FB1AFCFC6EB0764782500010002D8,4.6,Yes,mattress,0.0
7717067,ANCHOR_01,52:06:26:03:01:DA,-78,MFG_4C000215FDA50693A4E24FB1AFCFC6EB0764782500010002D8,4.6,Yes,mattress,0.0
7718057,ANCHOR_01,52:06:26:03:01:DA,-78,MFG_4C000215FDA50693A4E24FB1AFCFC6EB0764782500010002D8,4.6,Yes,mattress,0.0
7719077,ANCHOR_01,52:06:26:03:01:DA,-85,MFG_4C000215FDA50693A4E24FB1AFCFC6EB0764782500010002D8,4.6,Yes,mattress,0.0
7720067,ANCHOR_01,52:06:26:03:01:DA,-88,MFG_4C000215FDA50693A4E24FB1AFCFC6EB0764782500010002D8,4.6,Yes,mattress,0.0
7721087,ANCHOR_01,52:06:26:03:01:DA,-78,MFG_4C000215FDA50693A4E24FB1AFCFC6EB0764782500010002D8,4.6,Yes,mattress,0.0
7722067,ANCHOR_01,52:06:26:03:01:DA,-78,MFG_4C000215FDA50693A4E24FB1AFCFC6EB0764782500010002D8,4.6,Yes,mattress,0.0
7724087,ANCHOR_01,52:06:26:03:01:DA,-78,MFG_4C000215FDA50693A4E24FB1AFCFC6EB0764782500010002D8,4.6,Yes,mattress,0.0
7725077,ANCHOR_01,52:06:26:03:01:DA,-78,MFG_4C000215FDA50693A4E24FB1AFCFC6EB0764782500010002D8,4.6,Yes,mattress,0.0
7726097,ANCHOR_01,52:06:26:03:01:DA,-86,MFG_4C000215FDA50693A4E24FB1AFCFC6EB0764782500010002D8,4.6,Yes,mattress,0.0
7727117,ANCHOR_01,52:06:26:03:01:DA,-78,MFG_4C000215FDA50693A4E24FB1AFCFC6EB0764782500010002D8,4.6,Yes,mattress,0.0
7728107,ANCHOR_01,52:06:26:03:01:DA,-79,MFG_4C000215FDA50693A4E24FB1AFCFC6EB0764782500010002D8,4.6,Yes,mattress,0.0
7729127,ANCHOR_01,52:06:26:03:01:DA,-79,MFG_4C000215FDA50693A4E24FB1AFCFC6EB0764782500010002D8,4.6,Yes,mattress,0.0
7730107,ANCHOR_01,52:06:26:03:01:DA,-78,MFG_4C000215FDA50693A4E24FB1AFCFC6EB0764782500010002D8,4.6,Yes,mattress,0.0
7731137,ANCHOR_01,52:06:26:03:01:DA,-88,MFG_4C000215FDA50693A4E24FB1AFCFC6EB0764782500010002D8,4.6,Yes,mattress,0.0
7732117,ANCHOR_01,52:06:26:03:01:DA,-86,MFG_4C000215FDA50693A4E24FB1AFCFC6EB0764782500010002D8,4.6,Yes,mattress,0.0
7733117,ANCHOR_01,52:06:26:03:01:DA,-87,MFG_4C000215FDA50693A4E24FB1AFCFC6EB0764782500010002D8,4.6,Yes,mattress,0.0
7734137,ANCHOR_01,52:06:26:03:01:DA,-78,MFG_4C000215FDA50693A4E24FB1AFCFC6EB0764782500010002D8,4.6,Yes,mattress,0.0
7736147,ANCHOR_01,52:06:26:03:01:DA,-79,MFG_4C000215FDA50693A4E24FB1AFCFC6EB0764782500010002D8,4.6,Yes,mattress,0.0
7737157,ANCHOR_01,52:06:26:03:01:DA,-87,MFG_4C000215FDA50693A4E24FB1AFCFC6EB0764782500010002D8,4.6,Yes,mattress,0.0
7738157,ANCHOR_01,52:06:26:03:01:DA,-87,MFG_4C000215FDA50693A4E24FB1AFCFC6EB0764782500010002D8,4.6,Yes,mattress,0.0
7740167,ANCHOR_01,52:06:26:03:01:DA,-78,MFG_4C000215FDA50693A4E24FB1AFCFC6EB0764782500010002D8,4.6,Yes,mattress,0.0
7742177,ANCHOR_01,52:06:26:03:01:DA,-79,MFG_4C000215FDA50693A4E24FB1AFCFC6EB0764782500010002D8,4.6,Yes,mattress,0.0
7743197,ANCHOR_01,52:06:26:03:01:DA,-88,MFG_4C000215FDA50693A4E24FB1AFCFC6EB0764782500010002D8,4.6,Yes,mattress,0.0
7744177,ANCHOR_01,52:06:26:03:01:DA,-85,MFG_4C000215FDA50693A4E24FB1AFCFC6EB0764782500010002D8,4.6,Yes,mattress,0.0
7746197,ANCHOR_01,52:06:26:03:01:DA,-78,MFG_4C000215FDA50693A4E24FB1AFCFC6EB0764782500010002D8,4.6,Yes,mattress,0.0
7747187,ANCHOR_01,52:06:26:03:01:DA,-79,MFG_4C000215FDA50693A4E24FB1AFCFC6EB0764782500010002D8,4.6,Yes,mattress,0.0
7748207,ANCHOR_01,52:06:26:03:01:DA,-78,MFG_4C000215FDA50693A4E24FB1AFCFC6EB0764782500010002D8,4.6,Yes,mattress,0.0
7749197,ANCHOR_01,52:06:26:03:01:DA,-78,MFG_4C000215FDA50693A4E24FB1AFCFC6EB0764782500010002D8,4.6,Yes,mattress,0.0
7750217,ANCHOR_01,52:06:26:03:01:DA,-85,MFG_4C000215FDA50693A4E24FB1AFCFC6EB0764782500010002D8,4.6,Yes,mattress,0.0
7751207,ANCHOR_01,52:06:26:03:01:DA,-86,MFG_4C000215FDA50693A4E24FB1AFCFC6EB0764782500010002D8,4.6,Yes,mattress,0.0
7753217,ANCHOR_01,52:06:26:03:01:DA,-78,MFG_4C000215FDA50693A4E24FB1AFCFC6EB0764782500010002D8,4.6,Yes,mattress,0.0
7754227,ANCHOR_01,52:06:26:03:01:DA,-78,MFG_4C000215FDA50693A4E24FB1AFCFC6EB0764782500010002D8,4.6,Yes,mattress,0.0
7755227,ANCHOR_01,52:06:26:03:01:DA,-79,MFG_4C000215FDA50693A4E24FB1AFCFC6EB0764782500010002D8,4.6,Yes,mattress,0.0
7756247,ANCHOR_01,52:06:26:03:01:DA,-85,MFG_4C000215FDA50693A4E24FB1AFCFC6EB0764782500010002D8,4.6,Yes,mattress,0.0
7757237,ANCHOR_01,52:06:26:03:01:DA,-85,MFG_4C000215FDA50693A4E24FB1AFCFC6EB0764782500010002D8,4.6,Yes,mattress,0.0
7758257,ANCHOR_01,52:06:26:03:01:DA,-78,MFG_4C000215FDA50693A4E24FB1AFCFC6EB0764782500010002D8,4.6,Yes,mattress,0.0
7759237,ANCHOR_01,52:06:26:03:01:DA,-78,MFG_4C000215FDA50693A4E24FB1AFCFC6EB0764782500010002D8,4.6,Yes,mattress,0.0
7760267,ANCHOR_01,52:06:26:03:01:DA,-78,MFG_4C000215FDA50693A4E24FB1AFCFC6EB0764782500010002D8,4.6,Yes,mattress,0.0
7761257,ANCHOR_01,52:06:26:03:01:DA,-78,MFG_4C000215FDA50693A4E24FB1AFCFC6EB0764782500010002D8,4.6,Yes,mattress,0.0
7762257,ANCHOR_01,52:06:26:03:01:DA,-85,MFG_4C000215FDA50693A4E24FB1AFCFC6EB0764782500010002D8,4.6,Yes,mattress,0.0
7763267,ANCHOR_01,52:06:26:03:01:DA,-89,MFG_4C000215FDA50693A4E24FB1AFCFC6EB0764782500010002D8,4.6,Yes,mattress,0.0
7764287,ANCHOR_01,52:06:26:03:01:DA,-79,MFG_4C000215FDA50693A4E24FB1AFCFC6EB0764782500010002D8,4.6,Yes,mattress,0.0
7765277,ANCHOR_01,52:06:26:03:01:DA,-78,MFG_4C000215FDA50693A4E24FB1AFCFC6EB0764782500010002D8,4.6,Yes,mattress,0.0
7766297,ANCHOR_01,52:06:26:03:01:DA,-78,MFG_4C000215FDA50693A4E24FB1AFCFC6EB0764782500010002D8,4.6,Yes,mattress,0.0
7767287,ANCHOR_01,52:06:26:03:01:DA,-78,MFG_4C000215FDA50693A4E24FB1AFCFC6EB0764782500010002D8,4.6,Yes,mattress,0.0
7768277,ANCHOR_01,52:06:26:03:01:DA,-79,MFG_4C000215FDA50693A4E24FB1AFCFC6EB0764782500010002D8,4.6,Yes,mattress,0.0
7769297,ANCHOR_01,52:06:26:03:01:DA,-85,MFG_4C000215FDA50693A4E24FB1AFCFC6EB0764782500010002D8,4.6,Yes,mattress,0.0
7771307,ANCHOR_01,52:06:26:03:01:DA,-78,MFG_4C000215FDA50693A4E24FB1AFCFC6EB0764782500010002D8,4.6,Yes,mattress,0.0
7773317,ANCHOR_01,52:06:26:03:01:DA,-78,MFG_4C000215FDA50693A4E24FB1AFCFC6EB0764782500010002D8,4.6,Yes,mattress,0.0
7774337,ANCHOR_01,52:06:26:03:01:DA,-87,MFG_4C000215FDA50693A4E24FB1AFCFC6EB0764782500010002D8,4.6,Yes,mattress,0.0
7775327,ANCHOR_01,52:06:26:03:01:DA,-86,MFG_4C000215FDA50693A4E24FB1AFCFC6EB0764782500010002D8,4.6,Yes,mattress,0.0
7776347,ANCHOR_01,52:06:26:03:01:DA,-79,MFG_4C000215FDA50693A4E24FB1AFCFC6EB0764782500010002D8,4.6,Yes,mattress,0.0
7778357,ANCHOR_01,52:06:26:03:01:DA,-78,MFG_4C000215FDA50693A4E24FB1AFCFC6EB0764782500010002D8,4.6,Yes,mattress,0.0
7779377,ANCHOR_01,52:06:26:03:01:DA,-88,MFG_4C000215FDA50693A4E24FB1AFCFC6EB0764782500010002D8,4.6,Yes,mattress,0.0
7780367,ANCHOR_01,52:06:26:03:01:DA,-85,MFG_4C000215FDA50693A4E24FB1AFCFC6EB0764782500010002D8,4.6,Yes,mattress,0.0
7781387,ANCHOR_01,52:06:26:03:01:DA,-79,MFG_4C000215FDA50693A4E24FB1AFCFC6EB0764782500010002D8,4.6,Yes,mattress,0.0
7782377,ANCHOR_01,52:06:26:03:01:DA,-79,MFG_4C000215FDA50693A4E24FB1AFCFC6EB0764782500010002D8,4.6,Yes,mattress,0.0
7783387,ANCHOR_01,52:06:26:03:01:DA,-78,MFG_4C000215FDA50693A4E24FB1AFCFC6EB0764782500010002D8,4.6,Yes,mattress,0.0
7784417,ANCHOR_01,52:06:26:03:01:DA,-86,MFG_4C000215FDA50693A4E24FB1AFCFC6EB0764782500010002D8,4.6,Yes,mattress,0.0
7785407,ANCHOR_01,52:06:26:03:01:DA,-85,MFG_4C000215FDA50693A4E24FB1AFCFC6EB0764782500010002D8,4.6,Yes,mattress,0.0
7786407,ANCHOR_01,52:06:26:03:01:DA,-79,MFG_4C000215FDA50693A4E24FB1AFCFC6EB0764782500010002D8,4.6,Yes,mattress,0.0
7787417,ANCHOR_01,52:06:26:03:01:DA,-79,MFG_4C000215FDA50693A4E24FB1AFCFC6EB0764782500010002D8,4.6,Yes,mattress,0.0
7788437,ANCHOR_01,52:06:26:03:01:DA,-78,MFG_4C000215FDA50693A4E24FB1AFCFC6EB0764782500010002D8,4.6,Yes,mattress,0.0
7789427,ANCHOR_01,52:06:26:03:01:DA,-79,MFG_4C000215FDA50693A4E24FB1AFCFC6EB0764782500010002D8,4.6,Yes,mattress,0.0
7790417,ANCHOR_01,52:06:26:03:01:DA,-78,MFG_4C000215FDA50693A4E24FB1AFCFC6EB0764782500010002D8,4.6,Yes,mattress,0.0
7792427,ANCHOR_01,52:06:26:03:01:DA,-89,MFG_4C000215FDA50693A4E24FB1AFCFC6EB0764782500010002D8,4.6,Yes,mattress,0.0
7793427,ANCHOR_01,52:06:26:03:01:DA,-78,MFG_4C000215FDA50693A4E24FB1AFCFC6EB0764782500010002D8,4.6,Yes,mattress,0.0
7794437,ANCHOR_01,52:06:26:03:01:DA,-78,MFG_4C000215FDA50693A4E24FB1AFCFC6EB0764782500010002D8,4.6,Yes,mattress,0.0
7795427,ANCHOR_01,52:06:26:03:01:DA,-78,MFG_4C000215FDA50693A4E24FB1AFCFC6EB0764782500010002D8,4.6,Yes,mattress,0.0
7796447,ANCHOR_01,52:06:26:03:01:DA,-78,MFG_4C000215FDA50693A4E24FB1AFCFC6EB0764782500010002D8,4.6,Yes,mattress,0.0
7797467,ANCHOR_01,52:06:26:03:01:DA,-85,MFG_4C000215FDA50693A4E24FB1AFCFC6EB0764782500010002D8,4.6,Yes,mattress,0.0
7798447,ANCHOR_01,52:06:26:03:01:DA,-88,MFG_4C000215FDA50693A4E24FB1AFCFC6EB0764782500010002D8,4.6,Yes,mattress,0.0
7799477,ANCHOR_01,52:06:26:03:01:DA,-78,MFG_4C000215FDA50693A4E24FB1AFCFC6EB0764782500010002D8,4.6,Yes,mattress,0.0
7800467,ANCHOR_01,52:06:26:03:01:DA,-78,MFG_4C000215FDA50693A4E24FB1AFCFC6EB0764782500010002D8,4.6,Yes,mattress,0.0
7801487,ANCHOR_01,52:06:26:03:01:DA,-78,MFG_4C000215FDA50693A4E24FB1AFCFC6EB0764782500010002D8,4.6,Yes,mattress,0.0
7802477,ANCHOR_01,52:06:26:03:01:DA,-78,MFG_4C000215FDA50693A4E24FB1AFCFC6EB0764782500010002D8,4.6,Yes,mattress,0.0
7803497,ANCHOR_01,52:06:26:03:01:DA,-87,MFG_4C000215FDA50693A4E24FB1AFCFC6EB0764782500010002D8,4.6,Yes,mattress,0.0
7805487,ANCHOR_01,52:06:26:03:01:DA,-78,MFG_4C000215FDA50693A4E24FB1AFCFC6EB0764782500010002D8,4.6,Yes,mattress,0.0
7806497,ANCHOR_01,52:06:26:03:01:DA,-79,MFG_4C000215FDA50693A4E24FB1AFCFC6EB0764782500010002D8,4.6,Yes,mattress,0.0
7807517,ANCHOR_01,52:06:26:03:01:DA,-78,MFG_4C000215FDA50693A4E24FB1AFCFC6EB0764782500010002D8,4.6,Yes,mattress,0.0
7808537,ANCHOR_01,52:06:26:03:01:DA,-87,MFG_4C000215FDA50693A4E24FB1AFCFC6EB0764782500010002D8,4.6,Yes,mattress,0.0
7809527,ANCHOR_01,52:06:26:03:01:DA,-88,MFG_4C000215FDA50693A4E24FB1AFCFC6EB0764782500010002D8,4.6,Yes,mattress,0.0
7810547,ANCHOR_01,52:06:26:03:01:DA,-79,MFG_4C000215FDA50693A4E24FB1AFCFC6EB0764782500010002D8,4.6,Yes,mattress,0.0
7811537,ANCHOR_01,52:06:26:03:01:DA,-78,MFG_4C000215FDA50693A4E24FB1AFCFC6EB0764782500010002D8,4.6,Yes,mattress,0.0
7813527,ANCHOR_01,52:06:26:03:01:DA,-78,MFG_4C000215FDA50693A4E24FB1AFCFC6EB0764782500010002D8,4.6,Yes,mattress,0.0
7814537,ANCHOR_01,52:06:26:03:01:DA,-78,MFG_4C000215FDA50693A4E24FB1AFCFC6EB0764782500010002D8,4.6,Yes,mattress,0.0
7815557,ANCHOR_01,52:06:26:03:01:DA,-86,MFG_4C000215FDA50693A4E24FB1AFCFC6EB0764782500010002D8,4.6,Yes,mattress,0.0
7816547,ANCHOR_01,52:06:26:03:01:DA,-88,MFG_4C000215FDA50693A4E24FB1AFCFC6EB0764782500010002D8,4.6,Yes,mattress,0.0
7817567,ANCHOR_01,52:06:26:03:01:DA,-78,MFG_4C000215FDA50693A4E24FB1AFCFC6EB0764782500010002D8,4.6,Yes,mattress,0.0
7818557,ANCHOR_01,52:06:26:03:01:DA,-79,MFG_4C000215FDA50693A4E24FB1AFCFC6EB0764782500010002D8,4.6,Yes,mattress,0.0
7819547,ANCHOR_01,52:06:26:03:01:DA,-79,MFG_4C000215FDA50693A4E24FB1AFCFC6EB0764782500010002D8,4.6,Yes,mattress,0.0
7820547,ANCHOR_01,52:06:26:03:01:DA,-78,MFG_4C000215FDA50693A4E24FB1AFCFC6EB0764782500010002D8,4.6,Yes,mattress,0.0
7821557,ANCHOR_01,52:06:26:03:01:DA,-78,MFG_4C000215FDA50693A4E24FB1AFCFC6EB0764782500010002D8,4.6,Yes,mattress,0.0
7822577,ANCHOR_01,52:06:26:03:01:DA,-85,MFG_4C000215FDA50693A4E24FB1AFCFC6EB0764782500010002D8,4.6,Yes,mattress,0.0
7824587,ANCHOR_01,52:06:26:03:01:DA,-79,MFG_4C000215FDA50693A4E24FB1AFCFC6EB0764782500010002D8,4.6,Yes,mattress,0.0
7825577,ANCHOR_01,52:06:26:03:01:DA,-78,MFG_4C000215FDA50693A4E24FB1AFCFC6EB0764782500010002D8,4.6,Yes,mattress,0.0
7826597,ANCHOR_01,52:06:26:03:01:DA,-78,MFG_4C000215FDA50693A4E24FB1AFCFC6EB0764782500010002D8,4.6,Yes,mattress,0.0
7828607,ANCHOR_01,52:06:26:03:01:DA,-85,MFG_4C000215FDA50693A4E24FB1AFCFC6EB0764782500010002D8,4.6,Yes,mattress,0.0
7829597,ANCHOR_01,52:06:26:03:01:DA,-89,MFG_4C000215FDA50693A4E24FB1AFCFC6EB0764782500010002D8,4.6,Yes,mattress,0.0
7830607,ANCHOR_01,52:06:26:03:01:DA,-78,MFG_4C000215FDA50693A4E24FB1AFCFC6EB0764782500010002D8,4.6,Yes,mattress,0.0
7831607,ANCHOR_01,52:06:26:03:01:DA,-79,MFG_4C000215FDA50693A4E24FB1AFCFC6EB0764782500010002D8,4.6,Yes,mattress,0.0
7832627,ANCHOR_01,52:06:26:03:01:DA,-79,MFG_4C000215FDA50693A4E24FB1AFCFC6EB0764782500010002D8,4.6,Yes,mattress,0.0
7834637,ANCHOR_01,52:06:26:03:01:DA,-86,MFG_4C000215FDA50693A4E24FB1AFCFC6EB0764782500010002D8,4.6,Yes,mattress,0.0
7835627,ANCHOR_01,52:06:26:03:01:DA,-89,MFG_4C000215FDA50693A4E24FB1AFCFC6EB0764782500010002D8,4.6,Yes,mattress,0.0
7836647,ANCHOR_01,52:06:26:03:01:DA,-78,MFG_4C000215FDA50693A4E24FB1AFCFC6EB0764782500010002D8,4.6,Yes,mattress,0.0
7837627,ANCHOR_01,52:06:26:03:01:DA,-79,MFG_4C000215FDA50693A4E24FB1AFCFC6EB0764782500010002D8,4.6,Yes,mattress,0.0
7838657,ANCHOR_01,52:06:26:03:01:DA,-78,MFG_4C000215FDA50693A4E24FB1AFCFC6EB0764782500010002D8,4.6,Yes,mattress,0.0
7839637,ANCHOR_01,52:06:26:03:01:DA,-78,MFG_4C000215FDA50693A4E24FB1AFCFC6EB0764782500010002D8,4.6,Yes,mattress,0.0
7840667,ANCHOR_01,52:06:26:03:01:DA,-88,MFG_4C000215FDA50693A4E24FB1AFCFC6EB0764782500010002D8,4.6,Yes,mattress,0.0
7841657,ANCHOR_01,52:06:26:03:01:DA,-88,MFG_4C000215FDA50693A4E24FB1AFCFC6EB0764782500010002D8,4.6,Yes,mattress,0.0
7842667,ANCHOR_01,52:06:26:03:01:DA,-78,MFG_4C000215FDA50693A4E24FB1AFCFC6EB0764782500010002D8,4.6,Yes,mattress,0.0
7843667,ANCHOR_01,52:06:26:03:01:DA,-79,MFG_4C000215FDA50693A4E24FB1AFCFC6EB0764782500010002D8,4.6,Yes,mattress,0.0
7844687,ANCHOR_01,52:06:26:03:01:DA,-78,MFG_4C000215FDA50693A4E24FB1AFCFC6EB0764782500010002D8,4.6,Yes,mattress,0.0
7845677,ANCHOR_01,52:06:26:03:01:DA,-78,MFG_4C000215FDA50693A4E24FB1AFCFC6EB0764782500010002D8,4.6,Yes,mattress,0.0
7846697,ANCHOR_01,52:06:26:03:01:DA,-86,MFG_4C000215FDA50693A4E24FB1AFCFC6EB0764782500010002D8,4.6,Yes,mattress,0.0
7847677,ANCHOR_01,52:06:26:03:01:DA,-88,MFG_4C000215FDA50693A4E24FB1AFCFC6EB0764782500010002D8,4.6,Yes,mattress,0.0
7848707,ANCHOR_01,52:06:26:03:01:DA,-78,MFG_4C000215FDA50693A4E24FB1AFCFC6EB0764782500010002D8,4.6,Yes,mattress,0.0
7849697,ANCHOR_01,52:06:26:03:01:DA,-78,MFG_4C000215FDA50693A4E24FB1AFCFC6EB0764782500010002D8,4.6,Yes,mattress,0.0
7850697,ANCHOR_01,52:06:26:03:01:DA,-78,MFG_4C000215FDA50693A4E24FB1AFCFC6EB0764782500010002D8,4.6,Yes,mattress,0.0
7851707,ANCHOR_01,52:06:26:03:01:DA,-80,MFG_4C000215FDA50693A4E24FB1AFCFC6EB0764782500010002D8,4.6,Yes,mattress,0.0
7852727,ANCHOR_01,52:06:26:03:01:DA,-85,MFG_4C000215FDA50693A4E24FB1AFCFC6EB0764782500010002D8,4.6,Yes,mattress,0.0
7853717,ANCHOR_01,52:06:26:03:01:DA,-87,MFG_4C000215FDA50693A4E24FB1AFCFC6EB0764782500010002D8,4.6,Yes,mattress,0.0
7854737,ANCHOR_01,52:06:26:03:01:DA,-79,MFG_4C000215FDA50693A4E24FB1AFCFC6EB0764782500010002D8,4.6,Yes,mattress,0.0
7855727,ANCHOR_01,52:06:26:03:01:DA,-79,MFG_4C000215FDA50693A4E24FB1AFCFC6EB0764782500010002D8,4.6,Yes,mattress,0.0
7856747,ANCHOR_01,52:06:26:03:01:DA,-79,MFG_4C000215FDA50693A4E24FB1AFCFC6EB0764782500010002D8,4.6,Yes,mattress,0.0
7857737,ANCHOR_01,52:06:26:03:01:DA,-79,MFG_4C000215FDA50693A4E24FB1AFCFC6EB0764782500010002D8,4.6,Yes,mattress,0.0
7858757,ANCHOR_01,52:06:26:03:01:DA,-88,MFG_4C000215FDA50693A4E24FB1AFCFC6EB0764782500010002D8,4.6,Yes,mattress,0.0
7860767,ANCHOR_01,52:06:26:03:01:DA,-78,MFG_4C000215FDA50693A4E24FB1AFCFC6EB0764782500010002D8,4.6,Yes,mattress,0.0
7861747,ANCHOR_01,52:06:26:03:01:DA,-78,MFG_4C000215FDA50693A4E24FB1AFCFC6EB0764782500010002D8,4.6,Yes,mattress,0.0
7863767,ANCHOR_01,52:06:26:03:01:DA,-78,MFG_4C000215FDA50693A4E24FB1AFCFC6EB0764782500010002D8,4.6,Yes,mattress,0.0
7864757,ANCHOR_01,52:06:26:03:01:DA,-79,MFG_4C000215FDA50693A4E24FB1AFCFC6EB0764782500010002D8,4.6,Yes,mattress,0.0
7865777,ANCHOR_01,52:06:26:03:01:DA,-85,MFG_4C000215FDA50693A4E24FB1AFCFC6EB0764782500010002D8,4.6,Yes,mattress,0.0
7866757,ANCHOR_01,52:06:26:03:01:DA,-86,MFG_4C000215FDA50693A4E24FB1AFCFC6EB0764782500010002D8,4.6,Yes,mattress,0.0
7867787,ANCHOR_01,52:06:26:03:01:DA,-79,MFG_4C000215FDA50693A4E24FB1AFCFC6EB0764782500010002D8,4.6,Yes,mattress,0.0
7868777,ANCHOR_01,52:06:26:03:01:DA,-79,MFG_4C000215FDA50693A4E24FB1AFCFC6EB0764782500010002D8,4.6,Yes,mattress,0.0
7869777,ANCHOR_01,52:06:26:03:01:DA,-80,MFG_4C000215FDA50693A4E24FB1AFCFC6EB0764782500010002D8,4.6,Yes,mattress,0.0
7870787,ANCHOR_01,52:06:26:03:01:DA,-79,MFG_4C000215FDA50693A4E24FB1AFCFC6EB0764782500010002D8,4.6,Yes,mattress,0.0
7871807,ANCHOR_01,52:06:26:03:01:DA,-86,MFG_4C000215FDA50693A4E24FB1AFCFC6EB0764782500010002D8,4.6,Yes,mattress,0.0
7872797,ANCHOR_01,52:06:26:03:01:DA,-89,MFG_4C000215FDA50693A4E24FB1AFCFC6EB0764782500010002D8,4.6,Yes,mattress,0.0
7873787,ANCHOR_01,52:06:26:03:01:DA,-87,MFG_4C000215FDA50693A4E24FB1AFCFC6EB0764782500010002D8,4.6,Yes,mattress,0.0
7874797,ANCHOR_01,52:06:26:03:01:DA,-78,MFG_4C000215FDA50693A4E24FB1AFCFC6EB0764782500010002D8,4.6,Yes,mattress,0.0
7875797,ANCHOR_01,52:06:26:03:01:DA,-79,MFG_4C000215FDA50693A4E24FB1AFCFC6EB0764782500010002D8,4.6,Yes,mattress,0.0
7876817,ANCHOR_01,52:06:26:03:01:DA,-78,MFG_4C000215FDA50693A4E24FB1AFCFC6EB0764782500010002D8,4.6,Yes,mattress,0.0
7877807,ANCHOR_01,52:06:26:03:01:DA,-78,MFG_4C000215FDA50693A4E24FB1AFCFC6EB0764782500010002D8,4.6,Yes,mattress,0.0
7878827,ANCHOR_01,52:06:26:03:01:DA,-86,MFG_4C000215FDA50693A4E24FB1AFCFC6EB0764782500010002D8,4.6,Yes,mattress,0.0
7879817,ANCHOR_01,52:06:26:03:01:DA,-86,MFG_4C000215FDA50693A4E24FB1AFCFC6EB0764782500010002D8,4.6,Yes,mattress,0.0
7880827,ANCHOR_01,52:06:26:03:01:DA,-79,MFG_4C000215FDA50693A4E24FB1AFCFC6EB0764782500010002D8,4.6,Yes,mattress,0.0
7881827,ANCHOR_01,52:06:26:03:01:DA,-79,MFG_4C000215FDA50693A4E24FB1AFCFC6EB0764782500010002D8,4.6,Yes,mattress,0.0
7882817,ANCHOR_01,52:06:26:03:01:DA,-79,MFG_4C000215FDA50693A4E24FB1AFCFC6EB0764782500010002D8,4.6,Yes,mattress,0.0
7883837,ANCHOR_01,52:06:26:03:01:DA,-79,MFG_4C000215FDA50693A4E24FB1AFCFC6EB0764782500010002D8,4.6,Yes,mattress,0.0
7885847,ANCHOR_01,52:06:26:03:01:DA,-86,MFG_4C000215FDA50693A4E24FB1AFCFC6EB0764782500010002D8,4.6,Yes,mattress,0.0
7886837,ANCHOR_01,52:06:26:03:01:DA,-85,MFG_4C000215FDA50693A4E24FB1AFCFC6EB0764782500010002D8,4.6,Yes,mattress,0.0
7887857,ANCHOR_01,52:06:26:03:01:DA,-79,MFG_4C000215FDA50693A4E24FB1AFCFC6EB0764782500010002D8,4.6,Yes,mattress,0.0
7888847,ANCHOR_01,52:06:26:03:01:DA,-79,MFG_4C000215FDA50693A4E24FB1AFCFC6EB0764782500010002D8,4.6,Yes,mattress,0.0
7889867,ANCHOR_01,52:06:26:03:01:DA,-79,MFG_4C000215FDA50693A4E24FB1AFCFC6EB0764782500010002D8,4.6,Yes,mattress,0.0
7890857,ANCHOR_01,52:06:26:03:01:DA,-79,MFG_4C000215FDA50693A4E24FB1AFCFC6EB0764782500010002D8,4.6,Yes,mattress,0.0
7891857,ANCHOR_01,52:06:26:03:01:DA,-85,MFG_4C000215FDA50693A4E24FB1AFCFC6EB0764782500010002D8,4.6,Yes,mattress,0.0
7892867,ANCHOR_01,52:06:26:03:01:DA,-88,MFG_4C000215FDA50693A4E24FB1AFCFC6EB0764782500010002D8,4.6,Yes,mattress,0.0
7893887,ANCHOR_01,52:06:26:03:01:DA,-79,MFG_4C000215FDA50693A4E24FB1AFCFC6EB0764782500010002D8,4.6,Yes,mattress,0.0
7894877,ANCHOR_01,52:06:26:03:01:DA,-78,MFG_4C000215FDA50693A4E24FB1AFCFC6EB0764782500010002D8,4.6,Yes,mattress,0.0
7895897,ANCHOR_01,52:06:26:03:01:DA,-78,MFG_4C000215FDA50693A4E24FB1AFCFC6EB0764782500010002D8,4.6,Yes,mattress,0.0
7896877,ANCHOR_01,52:06:26:03:01:DA,-78,MFG_4C000215FDA50693A4E24FB1AFCFC6EB0764782500010002D8,4.6,Yes,mattress,0.0
7897907,ANCHOR_01,52:06:26:03:01:DA,-87,MFG_4C000215FDA50693A4E24FB1AFCFC6EB0764782500010002D8,4.6,Yes,mattress,0.0
7898897,ANCHOR_01,52:06:26:03:01:DA,-85,MFG_4C000215FDA50693A4E24FB1AFCFC6EB0764782500010002D8,4.6,Yes,mattress,0.0
7899917,ANCHOR_01,52:06:26:03:01:DA,-79,MFG_4C000215FDA50693A4E24FB1AFCFC6EB0764782500010002D8,4.6,Yes,mattress,0.0
7900907,ANCHOR_01,52:06:26:03:01:DA,-79,MFG_4C000215FDA50693A4E24FB1AFCFC6EB0764782500010002D8,4.6,Yes,mattress,0.0
7901897,ANCHOR_01,52:06:26:03:01:DA,-79,MFG_4C000215FDA50693A4E24FB1AFCFC6EB0764782500010002D8,4.6,Yes,mattress,0.0
7902917,ANCHOR_01,52:06:26:03:01:DA,-79,MFG_4C000215FDA50693A4E24FB1AFCFC6EB0764782500010002D8,4.6,Yes,mattress,0.0
7903937,ANCHOR_01,52:06:26:03:01:DA,-86,MFG_4C000215FDA50693A4E24FB1AFCFC6EB0764782500010002D8,4.6,Yes,mattress,0.0
7904927,ANCHOR_01,52:06:26:03:01:DA,-89,MFG_4C000215FDA50693A4E24FB1AFCFC6EB0764782500010002D8,4.6,Yes,mattress,0.0
7905937,ANCHOR_01,52:06:26:03:01:DA,-79,MFG_4C000215FDA50693A4E24FB1AFCFC6EB0764782500010002D8,4.6,Yes,mattress,0.0
7906937,ANCHOR_01,52:06:26:03:01:DA,-79,MFG_4C000215FDA50693A4E24FB1AFCFC6EB0764782500010002D8,4.6,Yes,mattress,0.0
7907937,ANCHOR_01,52:06:26:03:01:DA,-79,MFG_4C000215FDA50693A4E24FB1AFCFC6EB0764782500010002D8,4.6,Yes,mattress,0.0
7908947,ANCHOR_01,52:06:26:03:01:DA,-79,MFG_4C000215FDA50693A4E24FB1AFCFC6EB0764782500010002D8,4.6,Yes,mattress,0.0
7909967,ANCHOR_01,52:06:26:03:01:DA,-85,MFG_4C000215FDA50693A4E24FB1AFCFC6EB0764782500010002D8,4.6,Yes,mattress,0.0
7911977,ANCHOR_01,52:06:26:03:01:DA,-78,MFG_4C000215FDA50693A4E24FB1AFCFC6EB0764782500010002D8,4.6,Yes,mattress,0.0
7912997,ANCHOR_01,52:06:26:03:01:DA,-79,MFG_4C000215FDA50693A4E24FB1AFCFC6EB0764782500010002D8,4.6,Yes,mattress,0.0
7913987,ANCHOR_01,52:06:26:03:01:DA,-79,MFG_4C000215FDA50693A4E24FB1AFCFC6EB0764782500010002D8,4.6,Yes,mattress,0.0
7915007,ANCHOR_01,52:06:26:03:01:DA,-86,MFG_4C000215FDA50693A4E24FB1AFCFC6EB0764782500010002D8,4.6,Yes,mattress,0.0
7915997,ANCHOR_01,52:06:26:03:01:DA,-88,MFG_4C000215FDA50693A4E24FB1AFCFC6EB0764782500010002D8,4.6,Yes,mattress,0.0
7917017,ANCHOR_01,52:06:26:03:01:DA,-78,MFG_4C000215FDA50693A4E24FB1AFCFC6EB0764782500010002D8,4.6,Yes,mattress,0.0
7918007,ANCHOR_01,52:06:26:03:01:DA,-79,MFG_4C000215FDA50693A4E24FB1AFCFC6EB0764782500010002D8,4.6,Yes,mattress,0.0
7919027,ANCHOR_01,52:06:26:03:01:DA,-79,MFG_4C000215FDA50693A4E24FB1AFCFC6EB0764782500010002D8,4.6,Yes,mattress,0.0
7921037,ANCHOR_01,52:06:26:03:01:DA,-86,MFG_4C000215FDA50693A4E24FB1AFCFC6EB0764782500010002D8,4.6,Yes,mattress,0.0
7922037,ANCHOR_01,52:06:26:03:01:DA,-78,MFG_4C000215FDA50693A4E24FB1AFCFC6EB0764782500010002D8,4.6,Yes,mattress,0.0
7923047,ANCHOR_01,52:06:26:03:01:DA,-79,MFG_4C000215FDA50693A4E24FB1AFCFC6EB0764782500010002D8,4.6,Yes,mattress,0.0
7924067,ANCHOR_01,52:06:26:03:01:DA,-78,MFG_4C000215FDA50693A4E24FB1AFCFC6EB0764782500010002D8,4.6,Yes,mattress,0.0
7925057,ANCHOR_01,52:06:26:03:01:DA,-79,MFG_4C000215FDA50693A4E24FB1AFCFC6EB0764782500010002D8,4.6,Yes,mattress,0.0
7926077,ANCHOR_01,52:06:26:03:01:DA,-85,MFG_4C000215FDA50693A4E24FB1AFCFC6EB0764782500010002D8,4.6,Yes,mattress,0.0
7927067,ANCHOR_01,52:06:26:03:01:DA,-84,MFG_4C000215FDA50693A4E24FB1AFCFC6EB0764782500010002D8,4.6,Yes,mattress,0.0
7928087,ANCHOR_01,52:06:26:03:01:DA,-78,MFG_4C000215FDA50693A4E24FB1AFCFC6EB0764782500010002D8,4.6,Yes,mattress,0.0
7929077,ANCHOR_01,52:06:26:03:01:DA,-78,MFG_4C000215FDA50693A4E24FB1AFCFC6EB0764782500010002D8,4.6,Yes,mattress,0.0
7930097,ANCHOR_01,52:06:26:03:01:DA,-80,MFG_4C000215FDA50693A4E24FB1AFCFC6EB0764782500010002D8,4.6,Yes,mattress,0.0
7931077,ANCHOR_01,52:06:26:03:01:DA,-79,MFG_4C000215FDA50693A4E24FB1AFCFC6EB0764782500010002D8,4.6,Yes,mattress,0.0
7932107,ANCHOR_01,52:06:26:03:01:DA,-87,MFG_4C000215FDA50693A4E24FB1AFCFC6EB0764782500010002D8,4.6,Yes,mattress,0.0
7933097,ANCHOR_01,52:06:26:03:01:DA,-89,MFG_4C000215FDA50693A4E24FB1AFCFC6EB0764782500010002D8,4.6,Yes,mattress,0.0
7935107,ANCHOR_01,52:06:26:03:01:DA,-79,MFG_4C000215FDA50693A4E24FB1AFCFC6EB0764782500010002D8,4.6,Yes,mattress,0.0
7936097,ANCHOR_01,52:06:26:03:01:DA,-79,MFG_4C000215FDA50693A4E24FB1AFCFC6EB0764782500010002D8,4.6,Yes,mattress,0.0
7937117,ANCHOR_01,52:06:26:03:01:DA,-79,MFG_4C000215FDA50693A4E24FB1AFCFC6EB0764782500010002D8,4.6,Yes,mattress,0.0
7938137,ANCHOR_01,52:06:26:03:01:DA,-89,MFG_4C000215FDA50693A4E24FB1AFCFC6EB0764782500010002D8,4.6,Yes,mattress,0.0
7939127,ANCHOR_01,52:06:26:03:01:DA,-89,MFG_4C000215FDA50693A4E24FB1AFCFC6EB0764782500010002D8,4.6,Yes,mattress,0.0
7941117,ANCHOR_01,52:06:26:03:01:DA,-78,MFG_4C000215FDA50693A4E24FB1AFCFC6EB0764782500010002D8,4.6,Yes,mattress,0.0
7942127,ANCHOR_01,52:06:26:03:01:DA,-79,MFG_4C000215FDA50693A4E24FB1AFCFC6EB0764782500010002D8,4.6,Yes,mattress,0.0
7943147,ANCHOR_01,52:06:26:03:01:DA,-79,MFG_4C000215FDA50693A4E24FB1AFCFC6EB0764782500010002D8,4.6,Yes,mattress,0.0
7944137,ANCHOR_01,52:06:26:03:01:DA,-78,MFG_4C000215FDA50693A4E24FB1AFCFC6EB0764782500010002D8,4.6,Yes,mattress,0.0
7945157,ANCHOR_01,52:06:26:03:01:DA,-88,MFG_4C000215FDA50693A4E24FB1AFCFC6EB0764782500010002D8,4.6,Yes,mattress,0.0
7946147,ANCHOR_01,52:06:26:03:01:DA,-85,MFG_4C000215FDA50693A4E24FB1AFCFC6EB0764782500010002D8,4.6,Yes,mattress,0.0
7947167,ANCHOR_01,52:06:26:03:01:DA,-79,MFG_4C000215FDA50693A4E24FB1AFCFC6EB0764782500010002D8,4.6,Yes,mattress,0.0
7948157,ANCHOR_01,52:06:26:03:01:DA,-78,MFG_4C000215FDA50693A4E24FB1AFCFC6EB0764782500010002D8,4.6,Yes,mattress,0.0
7949177,ANCHOR_01,52:06:26:03:01:DA,-78,MFG_4C000215FDA50693A4E24FB1AFCFC6EB0764782500010002D8,4.6,Yes,mattress,0.0
7950197,ANCHOR_01,52:06:26:03:01:DA,-87,MFG_4C000215FDA50693A4E24FB1AFCFC6EB0764782500010002D8,4.6,Yes,mattress,0.0
7951177,ANCHOR_01,52:06:26:03:01:DA,-86,MFG_4C000215FDA50693A4E24FB1AFCFC6EB0764782500010002D8,4.6,Yes,mattress,0.0
7953197,ANCHOR_01,52:06:26:03:01:DA,-79,MFG_4C000215FDA50693A4E24FB1AFCFC6EB0764782500010002D8,4.6,Yes,mattress,0.0
7955207,ANCHOR_01,52:06:26:03:01:DA,-78,MFG_4C000215FDA50693A4E24FB1AFCFC6EB0764782500010002D8,4.6,Yes,mattress,0.0
7956227,ANCHOR_01,52:06:26:03:01:DA,-85,MFG_4C000215FDA50693A4E24FB1AFCFC6EB0764782500010002D8,4.6,Yes,mattress,0.0
7957207,ANCHOR_01,52:06:26:03:01:DA,-87,MFG_4C000215FDA50693A4E24FB1AFCFC6EB0764782500010002D8,4.6,Yes,mattress,0.0
7958227,ANCHOR_01,52:06:26:03:01:DA,-78,MFG_4C000215FDA50693A4E24FB1AFCFC6EB0764782500010002D8,4.6,Yes,mattress,0.0
7959227,ANCHOR_01,52:06:26:03:01:DA,-79,MFG_4C000215FDA50693A4E24FB1AFCFC6EB0764782500010002D8,4.6,Yes,mattress,0.0
7960247,ANCHOR_01,52:06:26:03:01:DA,-78,MFG_4C000215FDA50693A4E24FB1AFCFC6EB0764782500010002D8,4.6,Yes,mattress,0.0
7961237,ANCHOR_01,52:06:26:03:01:DA,-79,MFG_4C000215FDA50693A4E24FB1AFCFC6EB0764782500010002D8,4.6,Yes,mattress,0.0
7963247,ANCHOR_01,52:06:26:03:01:DA,-86,MFG_4C000215FDA50693A4E24FB1AFCFC6EB0764782500010002D8,4.6,Yes,mattress,0.0
7965257,ANCHOR_01,52:06:26:03:01:DA,-79,MFG_4C000215FDA50693A4E24FB1AFCFC6EB0764782500010002D8,4.6,Yes,mattress,0.0
7966247,ANCHOR_01,52:06:26:03:01:DA,-79,MFG_4C000215FDA50693A4E24FB1AFCFC6EB0764782500010002D8,4.6,Yes,mattress,0.0
7967257,ANCHOR_01,52:06:26:03:01:DA,-79,MFG_4C000215FDA50693A4E24FB1AFCFC6EB0764782500010002D8,4.6,Yes,mattress,0.0
7968257,ANCHOR_01,52:06:26:03:01:DA,-79,MFG_4C000215FDA50693A4E24FB1AFCFC6EB0764782500010002D8,4.6,Yes,mattress,0.0
7969277,ANCHOR_01,52:06:26:03:01:DA,-88,MFG_4C000215FDA50693A4E24FB1AFCFC6EB0764782500010002D8,4.6,Yes,mattress,0.0
7970267,ANCHOR_01,52:06:26:03:01:DA,-87,MFG_4C000215FDA50693A4E24FB1AFCFC6EB0764782500010002D8,4.6,Yes,mattress,0.0
7972277,ANCHOR_01,52:06:26:03:01:DA,-79,MFG_4C000215FDA50693A4E24FB1AFCFC6EB0764782500010002D8,4.6,Yes,mattress,0.0
7973297,ANCHOR_01,52:06:26:03:01:DA,-78,MFG_4C000215FDA50693A4E24FB1AFCFC6EB0764782500010002D8,4.6,Yes,mattress,0.0
7974287,ANCHOR_01,52:06:26:03:01:DA,-78,MFG_4C000215FDA50693A4E24FB1AFCFC6EB0764782500010002D8,4.6,Yes,mattress,0.0
7975307,ANCHOR_01,52:06:26:03:01:DA,-89,MFG_4C000215FDA50693A4E24FB1AFCFC6EB0764782500010002D8,4.6,Yes,mattress,0.0
7976287,ANCHOR_01,52:06:26:03:01:DA,-86,MFG_4C000215FDA50693A4E24FB1AFCFC6EB0764782500010002D8,4.6,Yes,mattress,0.0
7977317,ANCHOR_01,52:06:26:03:01:DA,-78,MFG_4C000215FDA50693A4E24FB1AFCFC6EB0764782500010002D8,4.6,Yes,mattress,0.0
7978307,ANCHOR_01,52:06:26:03:01:DA,-78,MFG_4C000215FDA50693A4E24FB1AFCFC6EB0764782500010002D8,4.6,Yes,mattress,0.0
7979327,ANCHOR_01,52:06:26:03:01:DA,-78,MFG_4C000215FDA50693A4E24FB1AFCFC6EB0764782500010002D8,4.6,Yes,mattress,0.0
7980317,ANCHOR_01,52:06:26:03:01:DA,-78,MFG_4C000215FDA50693A4E24FB1AFCFC6EB0764782500010002D8,4.6,Yes,mattress,0.0
7982327,ANCHOR_01,52:06:26:03:01:DA,-88,MFG_4C000215FDA50693A4E24FB1AFCFC6EB0764782500010002D8,4.6,Yes,mattress,0.0
7983347,ANCHOR_01,52:06:26:03:01:DA,-79,MFG_4C000215FDA50693A4E24FB1AFCFC6EB0764782500010002D8,4.6,Yes,mattress,0.0
7984337,ANCHOR_01,52:06:26:03:01:DA,-79,MFG_4C000215FDA50693A4E24FB1AFCFC6EB0764782500010002D8,4.6,Yes,mattress,0.0
7985357,ANCHOR_01,52:06:26:03:01:DA,-78,MFG_4C000215FDA50693A4E24FB1AFCFC6EB0764782500010002D8,4.6,Yes,mattress,0.0
7986347,ANCHOR_01,52:06:26:03:01:DA,-78,MFG_4C000215FDA50693A4E24FB1AFCFC6EB0764782500010002D8,4.6,Yes,mattress,0.0
7987367,ANCHOR_01,52:06:26:03:01:DA,-88,MFG_4C000215FDA50693A4E24FB1AFCFC6EB0764782500010002D8,4.6,Yes,mattress,0.0
7989357,ANCHOR_01,52:06:26:03:01:DA,-78,MFG_4C000215FDA50693A4E24FB1AFCFC6EB0764782500010002D8,4.6,Yes,mattress,0.0
7991387,ANCHOR_01,52:06:26:03:01:DA,-78,MFG_4C000215FDA50693A4E24FB1AFCFC6EB0764782500010002D8,4.6,Yes,mattress,0.0
7992407,ANCHOR_01,52:06:26:03:01:DA,-86,MFG_4C000215FDA50693A4E24FB1AFCFC6EB0764782500010002D8,4.6,Yes,mattress,0.0
7993397,ANCHOR_01,52:06:26:03:01:DA,-85,MFG_4C000215FDA50693A4E24FB1AFCFC6EB0764782500010002D8,4.6,Yes,mattress,0.0
7994417,ANCHOR_01,52:06:26:03:01:DA,-79,MFG_4C000215FDA50693A4E24FB1AFCFC6EB0764782500010002D8,4.6,Yes,mattress,0.0
7996427,ANCHOR_01,52:06:26:03:01:DA,-78,MFG_4C000215FDA50693A4E24FB1AFCFC6EB0764782500010002D8,4.6,Yes,mattress,0.0
7997407,ANCHOR_01,52:06:26:03:01:DA,-78,MFG_4C000215FDA50693A4E24FB1AFCFC6EB0764782500010002D8,4.6,Yes,mattress,0.0
7998437,ANCHOR_01,52:06:26:03:01:DA,-88,MFG_4C000215FDA50693A4E24FB1AFCFC6EB0764782500010002D8,4.6,Yes,mattress,0.0
7999427,ANCHOR_01,52:06:26:03:01:DA,-86,MFG_4C000215FDA50693A4E24FB1AFCFC6EB0764782500010002D8,4.6,Yes,mattress,0.0
8000447,ANCHOR_01,52:06:26:03:01:DA,-79,MFG_4C000215FDA50693A4E24FB1AFCFC6EB0764782500010002D8,4.6,Yes,mattress,0.0
8001467,ANCHOR_01,52:06:26:03:01:DA,-78,MFG_4C000215FDA50693A4E24FB1AFCFC6EB0764782500010002D8,4.6,Yes,mattress,0.0
8002457,ANCHOR_01,52:06:26:03:01:DA,-79,MFG_4C000215FDA50693A4E24FB1AFCFC6EB0764782500010002D8,4.6,Yes,mattress,0.0
8003477,ANCHOR_01,52:06:26:03:01:DA,-88,MFG_4C000215FDA50693A4E24FB1AFCFC6EB0764782500010002D8,4.6,Yes,mattress,0.0
8004467,ANCHOR_01,52:06:26:03:01:DA,-88,MFG_4C000215FDA50693A4E24FB1AFCFC6EB0764782500010002D8,4.6,Yes,mattress,0.0
8005457,ANCHOR_01,52:06:26:03:01:DA,-89,MFG_4C000215FDA50693A4E24FB1AFCFC6EB0764782500010002D8,4.6,Yes,mattress,0.0
8006477,ANCHOR_01,52:06:26:03:01:DA,-79,MFG_4C000215FDA50693A4E24FB1AFCFC6EB0764782500010002D8,4.6,Yes,mattress,0.0
8007467,ANCHOR_01,52:06:26:03:01:DA,-79,MFG_4C000215FDA50693A4E24FB1AFCFC6EB0764782500010002D8,4.6,Yes,mattress,0.0
8008487,ANCHOR_01,52:06:26:03:01:DA,-78,MFG_4C000215FDA50693A4E24FB1AFCFC6EB0764782500010002D8,4.6,Yes,mattress,0.0
8009477,ANCHOR_01,52:06:26:03:01:DA,-78,MFG_4C000215FDA50693A4E24FB1AFCFC6EB0764782500010002D8,4.6,Yes,mattress,0.0
8010497,ANCHOR_01,52:06:26:03:01:DA,-85,MFG_4C000215FDA50693A4E24FB1AFCFC6EB0764782500010002D8,4.6,Yes,mattress,0.0
8012507,ANCHOR_01,52:06:26:03:01:DA,-79,MFG_4C000215FDA50693A4E24FB1AFCFC6EB0764782500010002D8,4.6,Yes,mattress,0.0
8013527,ANCHOR_01,52:06:26:03:01:DA,-79,MFG_4C000215FDA50693A4E24FB1AFCFC6EB0764782500010002D8,4.6,Yes,mattress,0.0
8015537,ANCHOR_01,52:06:26:03:01:DA,-89,MFG_4C000215FDA50693A4E24FB1AFCFC6EB0764782500010002D8,4.6,Yes,mattress,0.0
8017547,ANCHOR_01,52:06:26:03:01:DA,-78,MFG_4C000215FDA50693A4E24FB1AFCFC6EB0764782500010002D8,4.6,Yes,mattress,0.0
8019557,ANCHOR_01,52:06:26:03:01:DA,-78,MFG_4C000215FDA50693A4E24FB1AFCFC6EB0764782500010002D8,4.6,Yes,mattress,0.0
8021567,ANCHOR_01,52:06:26:03:01:DA,-86,MFG_4C000215FDA50693A4E24FB1AFCFC6EB0764782500010002D8,4.6,Yes,mattress,0.0
8022557,ANCHOR_01,52:06:26:03:01:DA,-88,MFG_4C000215FDA50693A4E24FB1AFCFC6EB0764782500010002D8,4.6,Yes,mattress,0.0
8023577,ANCHOR_01,52:06:26:03:01:DA,-78,MFG_4C000215FDA50693A4E24FB1AFCFC6EB0764782500010002D8,4.6,Yes,mattress,0.0
8024557,ANCHOR_01,52:06:26:03:01:DA,-78,MFG_4C000215FDA50693A4E24FB1AFCFC6EB0764782500010002D8,4.6,Yes,mattress,0.0
8025587,ANCHOR_01,52:06:26:03:01:DA,-79,MFG_4C000215FDA50693A4E24FB1AFCFC6EB0764782500010002D8,4.6,Yes,mattress,0.0
8026577,ANCHOR_01,52:06:26:03:01:DA,-78,MFG_4C000215FDA50693A4E24FB1AFCFC6EB0764782500010002D8,4.6,Yes,mattress,0.0
8027587,ANCHOR_01,52:06:26:03:01:DA,-88,MFG_4C000215FDA50693A4E24FB1AFCFC6EB0764782500010002D8,4.6,Yes,mattress,0.0
8028587,ANCHOR_01,52:06:26:03:01:DA,-87,MFG_4C000215FDA50693A4E24FB1AFCFC6EB0764782500010002D8,4.6,Yes,mattress,0.0
8029607,ANCHOR_01,52:06:26:03:01:DA,-78,MFG_4C000215FDA50693A4E24FB1AFCFC6EB0764782500010002D8,4.6,Yes,mattress,0.0
8030597,ANCHOR_01,52:06:26:03:01:DA,-78,MFG_4C000215FDA50693A4E24FB1AFCFC6EB0764782500010002D8,4.6,Yes,mattress,0.0
8031617,ANCHOR_01,52:06:26:03:01:DA,-79,MFG_4C000215FDA50693A4E24FB1AFCFC6EB0764782500010002D8,4.6,Yes,mattress,0.0
8032607,ANCHOR_01,52:06:26:03:01:DA,-79,MFG_4C000215FDA50693A4E24FB1AFCFC6EB0764782500010002D8,4.6,Yes,mattress,0.0
8033627,ANCHOR_01,52:06:26:03:01:DA,-89,MFG_4C000215FDA50693A4E24FB1AFCFC6EB0764782500010002D8,4.6,Yes,mattress,0.0
8034647,ANCHOR_01,52:06:26:03:01:DA,-78,MFG_4C000215FDA50693A4E24FB1AFCFC6EB0764782500010002D8,4.6,Yes,mattress,0.0
8035637,ANCHOR_01,52:06:26:03:01:DA,-78,MFG_4C000215FDA50693A4E24FB1AFCFC6EB0764782500010002D8,4.6,Yes,mattress,0.0
8036647,ANCHOR_01,52:06:26:03:01:DA,-79,MFG_4C000215FDA50693A4E24FB1AFCFC6EB0764782500010002D8,4.6,Yes,mattress,0.0
8037647,ANCHOR_01,52:06:26:03:01:DA,-78,MFG_4C000215FDA50693A4E24FB1AFCFC6EB0764782500010002D8,4.6,Yes,mattress,0.0
8038667,ANCHOR_01,52:06:26:03:01:DA,-88,MFG_4C000215FDA50693A4E24FB1AFCFC6EB0764782500010002D8,4.6,Yes,mattress,0.0
8039657,ANCHOR_01,52:06:26:03:01:DA,-87,MFG_4C000215FDA50693A4E24FB1AFCFC6EB0764782500010002D8,4.6,Yes,mattress,0.0
8040677,ANCHOR_01,52:06:26:03:01:DA,-78,MFG_4C000215FDA50693A4E24FB1AFCFC6EB0764782500010002D8,4.6,Yes,mattress,0.0
8041657,ANCHOR_01,52:06:26:03:01:DA,-78,MFG_4C000215FDA50693A4E24FB1AFCFC6EB0764782500010002D8,4.6,Yes,mattress,0.0
8042687,ANCHOR_01,52:06:26:03:01:DA,-78,MFG_4C000215FDA50693A4E24FB1AFCFC6EB0764782500010002D8,4.6,Yes,mattress,0.0
8043667,ANCHOR_01,52:06:26:03:01:DA,-79,MFG_4C000215FDA50693A4E24FB1AFCFC6EB0764782500010002D8,4.6,Yes,mattress,0.0
8044697,ANCHOR_01,52:06:26:03:01:DA,-84,MFG_4C000215FDA50693A4E24FB1AFCFC6EB0764782500010002D8,4.6,Yes,mattress,0.0
8045687,ANCHOR_01,52:06:26:03:01:DA,-87,MFG_4C000215FDA50693A4E24FB1AFCFC6EB0764782500010002D8,4.6,Yes,mattress,0.0
8046707,ANCHOR_01,52:06:26:03:01:DA,-78,MFG_4C000215FDA50693A4E24FB1AFCFC6EB0764782500010002D8,4.6,Yes,mattress,0.0
8047697,ANCHOR_01,52:06:26:03:01:DA,-79,MFG_4C000215FDA50693A4E24FB1AFCFC6EB0764782500010002D8,4.6,Yes,mattress,0.0
8048707,ANCHOR_01,52:06:26:03:01:DA,-78,MFG_4C000215FDA50693A4E24FB1AFCFC6EB0764782500010002D8,4.6,Yes,mattress,0.0
8049707,ANCHOR_01,52:06:26:03:01:DA,-79,MFG_4C000215FDA50693A4E24FB1AFCFC6EB0764782500010002D8,4.6,Yes,mattress,0.0
8050727,ANCHOR_01,52:06:26:03:01:DA,-85,MFG_4C000215FDA50693A4E24FB1AFCFC6EB0764782500010002D8,4.6,Yes,mattress,0.0
8051717,ANCHOR_01,52:06:26:03:01:DA,-87,MFG_4C000215FDA50693A4E24FB1AFCFC6EB0764782500010002D8,4.6,Yes,mattress,0.0
8052737,ANCHOR_01,52:06:26:03:01:DA,-79,MFG_4C000215FDA50693A4E24FB1AFCFC6EB0764782500010002D8,4.6,Yes,mattress,0.0
8054747,ANCHOR_01,52:06:26:03:01:DA,-78,MFG_4C000215FDA50693A4E24FB1AFCFC6EB0764782500010002D8,4.6,Yes,mattress,0.0
8055737,ANCHOR_01,52:06:26:03:01:DA,-78,MFG_4C000215FDA50693A4E24FB1AFCFC6EB0764782500010002D8,4.6,Yes,mattress,0.0
8056757,ANCHOR_01,52:06:26:03:01:DA,-88,MFG_4C000215FDA50693A4E24FB1AFCFC6EB0764782500010002D8,4.6,Yes,mattress,0.0
8057747,ANCHOR_01,52:06:26:03:01:DA,-85,MFG_4C000215FDA50693A4E24FB1AFCFC6EB0764782500010002D8,4.6,Yes,mattress,0.0
8058757,ANCHOR_01,52:06:26:03:01:DA,-79,MFG_4C000215FDA50693A4E24FB1AFCFC6EB0764782500010002D8,4.6,Yes,mattress,0.0
8059757,ANCHOR_01,52:06:26:03:01:DA,-79,MFG_4C000215FDA50693A4E24FB1AFCFC6EB0764782500010002D8,4.6,Yes,mattress,0.0
8060777,ANCHOR_01,52:06:26:03:01:DA,-79,MFG_4C000215FDA50693A4E24FB1AFCFC6EB0764782500010002D8,4.6,Yes,mattress,0.0
8061767,ANCHOR_01,52:06:26:03:01:DA,-79,MFG_4C000215FDA50693A4E24FB1AFCFC6EB0764782500010002D8,4.6,Yes,mattress,0.0
8062787,ANCHOR_01,52:06:26:03:01:DA,-85,MFG_4C000215FDA50693A4E24FB1AFCFC6EB0764782500010002D8,4.6,Yes,mattress,0.0
8063777,ANCHOR_01,52:06:26:03:01:DA,-88,MFG_4C000215FDA50693A4E24FB1AFCFC6EB0764782500010002D8,4.6,Yes,mattress,0.0
8064797,ANCHOR_01,52:06:26:03:01:DA,-78,MFG_4C000215FDA50693A4E24FB1AFCFC6EB0764782500010002D8,4.6,Yes,mattress,0.0
8066807,ANCHOR_01,52:06:26:03:01:DA,-78,MFG_4C000215FDA50693A4E24FB1AFCFC6EB0764782500010002D8,4.6,Yes,mattress,0.0
8067827,ANCHOR_01,52:06:26:03:01:DA,-86,MFG_4C000215FDA50693A4E24FB1AFCFC6EB0764782500010002D8,4.6,Yes,mattress,0.0
8068817,ANCHOR_01,52:06:26:03:01:DA,-89,MFG_4C000215FDA50693A4E24FB1AFCFC6EB0764782500010002D8,4.6,Yes,mattress,0.0
8069817,ANCHOR_01,52:06:26:03:01:DA,-79,MFG_4C000215FDA50693A4E24FB1AFCFC6EB0764782500010002D8,4.6,Yes,mattress,0.0
8070827,ANCHOR_01,52:06:26:03:01:DA,-79,MFG_4C000215FDA50693A4E24FB1AFCFC6EB0764782500010002D8,4.6,Yes,mattress,0.0
8071837,ANCHOR_01,52:06:26:03:01:DA,-78,MFG_4C000215FDA50693A4E24FB1AFCFC6EB0764782500010002D8,4.6,Yes,mattress,0.0
8072837,ANCHOR_01,52:06:26:03:01:DA,-78,MFG_4C000215FDA50693A4E24FB1AFCFC6EB0764782500010002D8,4.6,Yes,mattress,0.0
8073837,ANCHOR_01,52:06:26:03:01:DA,-86,MFG_4C000215FDA50693A4E24FB1AFCFC6EB0764782500010002D8,4.6,Yes,mattress,0.0
8074847,ANCHOR_01,52:06:26:03:01:DA,-84,MFG_4C000215FDA50693A4E24FB1AFCFC6EB0764782500010002D8,4.6,Yes,mattress,0.0
8076857,ANCHOR_01,52:06:26:03:01:DA,-78,MFG_4C000215FDA50693A4E24FB1AFCFC6EB0764782500010002D8,4.6,Yes,mattress,0.0
8077847,ANCHOR_01,52:06:26:03:01:DA,-79,MFG_4C000215FDA50693A4E24FB1AFCFC6EB0764782500010002D8,4.6,Yes,mattress,0.0
8078867,ANCHOR_01,52:06:26:03:01:DA,-78,MFG_4C000215FDA50693A4E24FB1AFCFC6EB0764782500010002D8,4.6,Yes,mattress,0.0
8079887,ANCHOR_01,52:06:26:03:01:DA,-86,MFG_4C000215FDA50693A4E24FB1AFCFC6EB0764782500010002D8,4.6,Yes,mattress,0.0
8080867,ANCHOR_01,52:06:26:03:01:DA,-85,MFG_4C000215FDA50693A4E24FB1AFCFC6EB0764782500010002D8,4.6,Yes,mattress,0.0
8081897,ANCHOR_01,52:06:26:03:01:DA,-79,MFG_4C000215FDA50693A4E24FB1AFCFC6EB0764782500010002D8,4.6,Yes,mattress,0.0
8082887,ANCHOR_01,52:06:26:03:01:DA,-78,MFG_4C000215FDA50693A4E24FB1AFCFC6EB0764782500010002D8,4.6,Yes,mattress,0.0
8083887,ANCHOR_01,52:06:26:03:01:DA,-80,MFG_4C000215FDA50693A4E24FB1AFCFC6EB0764782500010002D8,4.6,Yes,mattress,0.0
8084897,ANCHOR_01,52:06:26:03:01:DA,-79,MFG_4C000215FDA50693A4E24FB1AFCFC6EB0764782500010002D8,4.6,Yes,mattress,0.0
8085917,ANCHOR_01,52:06:26:03:01:DA,-88,MFG_4C000215FDA50693A4E24FB1AFCFC6EB0764782500010002D8,4.6,Yes,mattress,0.0
8086907,ANCHOR_01,52:06:26:03:01:DA,-89,MFG_4C000215FDA50693A4E24FB1AFCFC6EB0764782500010002D8,4.6,Yes,mattress,0.0
8087927,ANCHOR_01,52:06:26:03:01:DA,-79,MFG_4C000215FDA50693A4E24FB1AFCFC6EB0764782500010002D8,4.6,Yes,mattress,0.0
8088917,ANCHOR_01,52:06:26:03:01:DA,-79,MFG_4C000215FDA50693A4E24FB1AFCFC6EB0764782500010002D8,4.6,Yes,mattress,0.0
8089937,ANCHOR_01,52:06:26:03:01:DA,-78,MFG_4C000215FDA50693A4E24FB1AFCFC6EB0764782500010002D8,4.6,Yes,mattress,0.0
8090917,ANCHOR_01,52:06:26:03:01:DA,-79,MFG_4C000215FDA50693A4E24FB1AFCFC6EB0764782500010002D8,4.6,Yes,mattress,0.0
8091947,ANCHOR_01,52:06:26:03:01:DA,-88,MFG_4C000215FDA50693A4E24FB1AFCFC6EB0764782500010002D8,4.6,Yes,mattress,0.0
8092937,ANCHOR_01,52:06:26:03:01:DA,-88,MFG_4C000215FDA50693A4E24FB1AFCFC6EB0764782500010002D8,4.6,Yes,mattress,0.0
8094947,ANCHOR_01,52:06:26:03:01:DA,-78,MFG_4C000215FDA50693A4E24FB1AFCFC6EB0764782500010002D8,4.6,Yes,mattress,0.0
8095937,ANCHOR_01,52:06:26:03:01:DA,-79,MFG_4C000215FDA50693A4E24FB1AFCFC6EB0764782500010002D8,4.6,Yes,mattress,0.0
8096957,ANCHOR_01,52:06:26:03:01:DA,-78,MFG_4C000215FDA50693A4E24FB1AFCFC6EB0764782500010002D8,4.6,Yes,mattress,0.0
8097977,ANCHOR_01,52:06:26:03:01:DA,-87,MFG_4C000215FDA50693A4E24FB1AFCFC6EB0764782500010002D8,4.6,Yes,mattress,0.0
8098967,ANCHOR_01,52:06:26:03:01:DA,-89,MFG_4C000215FDA50693A4E24FB1AFCFC6EB0764782500010002D8,4.6,Yes,mattress,0.0
8099987,ANCHOR_01,52:06:26:03:01:DA,-79,MFG_4C000215FDA50693A4E24FB1AFCFC6EB0764782500010002D8,4.6,Yes,mattress,0.0
8100977,ANCHOR_01,52:06:26:03:01:DA,-78,MFG_4C000215FDA50693A4E24FB1AFCFC6EB0764782500010002D8,4.6,Yes,mattress,0.0
8102977,ANCHOR_01,52:06:26:03:01:DA,-78,MFG_4C000215FDA50693A4E24FB1AFCFC6EB0764782500010002D8,4.6,Yes,mattress,0.0
8104997,ANCHOR_01,52:06:26:03:01:DA,-85,MFG_4C000215FDA50693A4E24FB1AFCFC6EB0764782500010002D8,4.6,Yes,mattress,0.0
8105997,ANCHOR_01,52:06:26:03:01:DA,-79,MFG_4C000215FDA50693A4E24FB1AFCFC6EB0764782500010002D8,4.6,Yes,mattress,0.0
8107007,ANCHOR_01,52:06:26:03:01:DA,-78,MFG_4C000215FDA50693A4E24FB1AFCFC6EB0764782500010002D8,4.6,Yes,mattress,0.0
8108027,ANCHOR_01,52:06:26:03:01:DA,-79,MFG_4C000215FDA50693A4E24FB1AFCFC6EB0764782500010002D8,4.6,Yes,mattress,0.0
8109017,ANCHOR_01,52:06:26:03:01:DA,-78,MFG_4C000215FDA50693A4E24FB1AFCFC6EB0764782500010002D8,4.6,Yes,mattress,0.0
8111027,ANCHOR_01,52:06:26:03:01:DA,-89,MFG_4C000215FDA50693A4E24FB1AFCFC6EB0764782500010002D8,4.6,Yes,mattress,0.0
8113017,ANCHOR_01,52:06:26:03:01:DA,-79,MFG_4C000215FDA50693A4E24FB1AFCFC6EB0764782500010002D8,4.6,Yes,mattress,0.0
8114027,ANCHOR_01,52:06:26:03:01:DA,-79,MFG_4C000215FDA50693A4E24FB1AFCFC6EB0764782500010002D8,4.6,Yes,mattress,0.0
8115047,ANCHOR_01,52:06:26:03:01:DA,-78,MFG_4C000215FDA50693A4E24FB1AFCFC6EB0764782500010002D8,4.6,Yes,mattress,0.0
8116037,ANCHOR_01,52:06:26:03:01:DA,-80,MFG_4C000215FDA50693A4E24FB1AFCFC6EB0764782500010002D8,4.6,Yes,mattress,0.0
8117057,ANCHOR_01,52:06:26:03:01:DA,-88,MFG_4C000215FDA50693A4E24FB1AFCFC6EB0764782500010002D8,4.6,Yes,mattress,0.0
8118057,ANCHOR_01,52:06:26:03:01:DA,-78,MFG_4C000215FDA50693A4E24FB1AFCFC6EB0764782500010002D8,4.6,Yes,mattress,0.0
8119067,ANCHOR_01,52:06:26:03:01:DA,-78,MFG_4C000215FDA50693A4E24FB1AFCFC6EB0764782500010002D8,4.6,Yes,mattress,0.0
8121077,ANCHOR_01,52:06:26:03:01:DA,-80,MFG_4C000215FDA50693A4E24FB1AFCFC6EB0764782500010002D8,4.6,Yes,mattress,0.0
8123087,ANCHOR_01,52:06:26:03:01:DA,-87,MFG_4C000215FDA50693A4E24FB1AFCFC6EB0764782500010002D8,4.6,Yes,mattress,0.0
8125097,ANCHOR_01,52:06:26:03:01:DA,-78,MFG_4C000215FDA50693A4E24FB1AFCFC6EB0764782500010002D8,4.6,Yes,mattress,0.0
8127107,ANCHOR_01,52:06:26:03:01:DA,-78,MFG_4C000215FDA50693A4E24FB1AFCFC6EB0764782500010002D8,4.6,Yes,mattress,0.0
8128127,ANCHOR_01,52:06:26:03:01:DA,-85,MFG_4C000215FDA50693A4E24FB1AFCFC6EB0764782500010002D8,4.6,Yes,mattress,0.0
8129107,ANCHOR_01,52:06:26:03:01:DA,-87,MFG_4C000215FDA50693A4E24FB1AFCFC6EB0764782500010002D8,4.6,Yes,mattress,0.0
8130107,ANCHOR_01,52:06:26:03:01:DA,-87,MFG_4C000215FDA50693A4E24FB1AFCFC6EB0764782500010002D8,4.6,Yes,mattress,0.0
8131127,ANCHOR_01,52:06:26:03:01:DA,-79,MFG_4C000215FDA50693A4E24FB1AFCFC6EB0764782500010002D8,4.6,Yes,mattress,0.0
8132117,ANCHOR_01,52:06:26:03:01:DA,-79,MFG_4C000215FDA50693A4E24FB1AFCFC6EB0764782500010002D8,4.6,Yes,mattress,0.0
8133137,ANCHOR_01,52:06:26:03:01:DA,-78,MFG_4C000215FDA50693A4E24FB1AFCFC6EB0764782500010002D8,4.6,Yes,mattress,0.0
8135147,ANCHOR_01,52:06:26:03:01:DA,-84,MFG_4C000215FDA50693A4E24FB1AFCFC6EB0764782500010002D8,4.6,Yes,mattress,0.0
8136137,ANCHOR_01,52:06:26:03:01:DA,-85,MFG_4C000215FDA50693A4E24FB1AFCFC6EB0764782500010002D8,4.6,Yes,mattress,0.0
8137137,ANCHOR_01,52:06:26:03:01:DA,-79,MFG_4C000215FDA50693A4E24FB1AFCFC6EB0764782500010002D8,4.6,Yes,mattress,0.0
8138147,ANCHOR_01,52:06:26:03:01:DA,-78,MFG_4C000215FDA50693A4E24FB1AFCFC6EB0764782500010002D8,4.6,Yes,mattress,0.0
8139167,ANCHOR_01,52:06:26:03:01:DA,-78,MFG_4C000215FDA50693A4E24FB1AFCFC6EB0764782500010002D8,4.6,Yes,mattress,0.0
8140157,ANCHOR_01,52:06:26:03:01:DA,-78,MFG_4C000215FDA50693A4E24FB1AFCFC6EB0764782500010002D8,4.6,Yes,mattress,0.0
8141177,ANCHOR_01,52:06:26:03:01:DA,-86,MFG_4C000215FDA50693A4E24FB1AFCFC6EB0764782500010002D8,4.6,Yes,mattress,0.0
8143187,ANCHOR_01,52:06:26:03:01:DA,-78,MFG_4C000215FDA50693A4E24FB1AFCFC6EB0764782500010002D8,4.6,Yes,mattress,0.0
8144177,ANCHOR_01,52:06:26:03:01:DA,-78,MFG_4C000215FDA50693A4E24FB1AFCFC6EB0764782500010002D8,4.6,Yes,mattress,0.0
8146177,ANCHOR_01,52:06:26:03:01:DA,-78,MFG_4C000215FDA50693A4E24FB1AFCFC6EB0764782500010002D8,4.6,Yes,mattress,0.0
8147207,ANCHOR_01,52:06:26:03:01:DA,-88,MFG_4C000215FDA50693A4E24FB1AFCFC6EB0764782500010002D8,4.6,Yes,mattress,0.0
8148187,ANCHOR_01,52:06:26:03:01:DA,-88,MFG_4C000215FDA50693A4E24FB1AFCFC6EB0764782500010002D8,4.6,Yes,mattress,0.0
8150207,ANCHOR_01,52:06:26:03:01:DA,-79,MFG_4C000215FDA50693A4E24FB1AFCFC6EB0764782500010002D8,4.6,Yes,mattress,0.0
8151197,ANCHOR_01,52:06:26:03:01:DA,-78,MFG_4C000215FDA50693A4E24FB1AFCFC6EB0764782500010002D8,4.6,Yes,mattress,0.0
8152207,ANCHOR_01,52:06:26:03:01:DA,-79,MFG_4C000215FDA50693A4E24FB1AFCFC6EB0764782500010002D8,4.6,Yes,mattress,0.0
8154217,ANCHOR_01,52:06:26:03:01:DA,-86,MFG_4C000215FDA50693A4E24FB1AFCFC6EB0764782500010002D8,4.6,Yes,mattress,0.0
8155247,ANCHOR_01,52:06:26:03:01:DA,-79,MFG_4C000215FDA50693A4E24FB1AFCFC6EB0764782500010002D8,4.6,Yes,mattress,0.0
8156237,ANCHOR_01,52:06:26:03:01:DA,-78,MFG_4C000215FDA50693A4E24FB1AFCFC6EB0764782500010002D8,4.6,Yes,mattress,0.0
8157237,ANCHOR_01,52:06:26:03:01:DA,-79,MFG_4C000215FDA50693A4E24FB1AFCFC6EB0764782500010002D8,4.6,Yes,mattress,0.0
8158247,ANCHOR_01,52:06:26:03:01:DA,-79,MFG_4C000215FDA50693A4E24FB1AFCFC6EB0764782500010002D8,4.6,Yes,mattress,0.0
8159267,ANCHOR_01,52:06:26:03:01:DA,-87,MFG_4C000215FDA50693A4E24FB1AFCFC6EB0764782500010002D8,4.6,Yes,mattress,0.0
8160257,ANCHOR_01,52:06:26:03:01:DA,-88,MFG_4C000215FDA50693A4E24FB1AFCFC6EB0764782500010002D8,4.6,Yes,mattress,0.0
8161277,ANCHOR_01,52:06:26:03:01:DA,-79,MFG_4C000215FDA50693A4E24FB1AFCFC6EB0764782500010002D8,4.6,Yes,mattress,0.0
8162267,ANCHOR_01,52:06:26:03:01:DA,-78,MFG_4C000215FDA50693A4E24FB1AFCFC6EB0764782500010002D8,4.6,Yes,mattress,0.0
8163287,ANCHOR_01,52:06:26:03:01:DA,-79,MFG_4C000215FDA50693A4E24FB1AFCFC6EB0764782500010002D8,4.6,Yes,mattress,0.0
8164277,ANCHOR_01,52:06:26:03:01:DA,-79,MFG_4C000215FDA50693A4E24FB1AFCFC6EB0764782500010002D8,4.6,Yes,mattress,0.0
8165297,ANCHOR_01,52:06:26:03:01:DA,-85,MFG_4C000215FDA50693A4E24FB1AFCFC6EB0764782500010002D8,4.6,Yes,mattress,0.0
8166287,ANCHOR_01,52:06:26:03:01:DA,-85,MFG_4C000215FDA50693A4E24FB1AFCFC6EB0764782500010002D8,4.6,Yes,mattress,0.0
8168297,ANCHOR_01,52:06:26:03:01:DA,-78,MFG_4C000215FDA50693A4E24FB1AFCFC6EB0764782500010002D8,4.6,Yes,mattress,0.0
8169287,ANCHOR_01,52:06:26:03:01:DA,-78,MFG_4C000215FDA50693A4E24FB1AFCFC6EB0764782500010002D8,4.6,Yes,mattress,0.0
8170307,ANCHOR_01,52:06:26:03:01:DA,-78,MFG_4C000215FDA50693A4E24FB1AFCFC6EB0764782500010002D8,4.6,Yes,mattress,0.0
8172317,ANCHOR_01,52:06:26:03:01:DA,-88,MFG_4C000215FDA50693A4E24FB1AFCFC6EB0764782500010002D8,4.6,Yes,mattress,0.0
8174327,ANCHOR_01,52:06:26:03:01:DA,-79,MFG_4C000215FDA50693A4E24FB1AFCFC6EB0764782500010002D8,4.6,Yes,mattress,0.0
8175317,ANCHOR_01,52:06:26:03:01:DA,-78,MFG_4C000215FDA50693A4E24FB1AFCFC6EB0764782500010002D8,4.6,Yes,mattress,0.0
8176337,ANCHOR_01,52:06:26:03:01:DA,-79,MFG_4C000215FDA50693A4E24FB1AFCFC6EB0764782500010002D8,4.6,Yes,mattress,0.0
8177327,ANCHOR_01,52:06:26:03:01:DA,-78,MFG_4C000215FDA50693A4E24FB1AFCFC6EB0764782500010002D8,4.6,Yes,mattress,0.0
8179337,ANCHOR_01,52:06:26:03:01:DA,-86,MFG_4C000215FDA50693A4E24FB1AFCFC6EB0764782500010002D8,4.6,Yes,mattress,0.0
8180357,ANCHOR_01,52:06:26:03:01:DA,-79,MFG_4C000215FDA50693A4E24FB1AFCFC6EB0764782500010002D8,4.6,Yes,mattress,0.0
8181347,ANCHOR_01,52:06:26:03:01:DA,-79,MFG_4C000215FDA50693A4E24FB1AFCFC6EB0764782500010002D8,4.6,Yes,mattress,0.0
8182337,ANCHOR_01,52:06:26:03:01:DA,-78,MFG_4C000215FDA50693A4E24FB1AFCFC6EB0764782500010002D8,4.6,Yes,mattress,0.0
8183357,ANCHOR_01,52:06:26:03:01:DA,-79,MFG_4C000215FDA50693A4E24FB1AFCFC6EB0764782500010002D8,4.6,Yes,mattress,0.0
8185367,ANCHOR_01,52:06:26:03:01:DA,-88,MFG_4C000215FDA50693A4E24FB1AFCFC6EB0764782500010002D8,4.6,Yes,mattress,0.0
8186357,ANCHOR_01,52:06:26:03:01:DA,-86,MFG_4C000215FDA50693A4E24FB1AFCFC6EB0764782500010002D8,4.6,Yes,mattress,0.0
8187367,ANCHOR_01,52:06:26:03:01:DA,-79,MFG_4C000215FDA50693A4E24FB1AFCFC6EB0764782500010002D8,4.6,Yes,mattress,0.0
8188367,ANCHOR_01,52:06:26:03:01:DA,-79,MFG_4C000215FDA50693A4E24FB1AFCFC6EB0764782500010002D8,4.6,Yes,mattress,0.0
8189377,ANCHOR_01,52:06:26:03:01:DA,-78,MFG_4C000215FDA50693A4E24FB1AFCFC6EB0764782500010002D8,4.6,Yes,mattress,0.0
8191397,ANCHOR_01,52:06:26:03:01:DA,-86,MFG_4C000215FDA50693A4E24FB1AFCFC6EB0764782500010002D8,4.6,Yes,mattress,0.0
8192387,ANCHOR_01,52:06:26:03:01:DA,-85,MFG_4C000215FDA50693A4E24FB1AFCFC6EB0764782500010002D8,4.6,Yes,mattress,0.0
8193407,ANCHOR_01,52:06:26:03:01:DA,-79,MFG_4C000215FDA50693A4E24FB1AFCFC6EB0764782500010002D8,4.6,Yes,mattress,0.0
8194427,ANCHOR_01,52:06:26:03:01:DA,-79,MFG_4C000215FDA50693A4E24FB1AFCFC6EB0764782500010002D8,4.6,Yes,mattress,0.0
8195417,ANCHOR_01,52:06:26:03:01:DA,-78,MFG_4C000215FDA50693A4E24FB1AFCFC6EB0764782500010002D8,4.6,Yes,mattress,0.0
8196407,ANCHOR_01,52:06:26:03:01:DA,-78,MFG_4C000215FDA50693A4E24FB1AFCFC6EB0764782500010002D8,4.6,Yes,mattress,0.0
8197427,ANCHOR_01,52:06:26:03:01:DA,-88,MFG_4C000215FDA50693A4E24FB1AFCFC6EB0764782500010002D8,4.6,Yes,mattress,0.0
8198417,ANCHOR_01,52:06:26:03:01:DA,-86,MFG_4C000215FDA50693A4E24FB1AFCFC6EB0764782500010002D8,4.6,Yes,mattress,0.0
8199437,ANCHOR_01,52:06:26:03:01:DA,-79,MFG_4C000215FDA50693A4E24FB1AFCFC6EB0764782500010002D8,4.6,Yes,mattress,0.0
8200427,ANCHOR_01,52:06:26:03:01:DA,-79,MFG_4C000215FDA50693A4E24FB1AFCFC6EB0764782500010002D8,4.6,Yes,mattress,0.0
8201447,ANCHOR_01,52:06:26:03:01:DA,-78,MFG_4C000215FDA50693A4E24FB1AFCFC6EB0764782500010002D8,4.6,Yes,mattress,0.0
8202437,ANCHOR_01,52:06:26:03:01:DA,-78,MFG_4C000215FDA50693A4E24FB1AFCFC6EB0764782500010002D8,4.6,Yes,mattress,0.0
8203437,ANCHOR_01,52:06:26:03:01:DA,-88,MFG_4C000215FDA50693A4E24FB1AFCFC6EB0764782500010002D8,4.6,Yes,mattress,0.0
8204447,ANCHOR_01,52:06:26:03:01:DA,-88,MFG_4C000215FDA50693A4E24FB1AFCFC6EB0764782500010002D8,4.6,Yes,mattress,0.0
8206457,ANCHOR_01,52:06:26:03:01:DA,-78,MFG_4C000215FDA50693A4E24FB1AFCFC6EB0764782500010002D8,4.6,Yes,mattress,0.0
8207447,ANCHOR_01,52:06:26:03:01:DA,-78,MFG_4C000215FDA50693A4E24FB1AFCFC6EB0764782500010002D8,4.6,Yes,mattress,0.0
8208447,ANCHOR_01,52:06:26:03:01:DA,-78,MFG_4C000215FDA50693A4E24FB1AFCFC6EB0764782500010002D8,4.6,Yes,mattress,0.0
8209457,ANCHOR_01,52:06:26:03:01:DA,-79,MFG_4C000215FDA50693A4E24FB1AFCFC6EB0764782500010002D8,4.6,Yes,mattress,0.0
8210477,ANCHOR_01,52:06:26:03:01:DA,-87,MFG_4C000215FDA50693A4E24FB1AFCFC6EB0764782500010002D8,4.6,Yes,mattress,0.0
8211467,ANCHOR_01,52:06:26:03:01:DA,-87,MFG_4C000215FDA50693A4E24FB1AFCFC6EB0764782500010002D8,4.6,Yes,mattress,0.0
8212487,ANCHOR_01,52:06:26:03:01:DA,-79,MFG_4C000215FDA50693A4E24FB1AFCFC6EB0764782500010002D8,4.6,Yes,mattress,0.0
8213467,ANCHOR_01,52:06:26:03:01:DA,-78,MFG_4C000215FDA50693A4E24FB1AFCFC6EB0764782500010002D8,4.6,Yes,mattress,0.0
8214497,ANCHOR_01,52:06:26:03:01:DA,-78,MFG_4C000215FDA50693A4E24FB1AFCFC6EB0764782500010002D8,4.6,Yes,mattress,0.0
8215487,ANCHOR_01,52:06:26:03:01:DA,-79,MFG_4C000215FDA50693A4E24FB1AFCFC6EB0764782500010002D8,4.6,Yes,mattress,0.0
8216487,ANCHOR_01,52:06:26:03:01:DA,-85,MFG_4C000215FDA50693A4E24FB1AFCFC6EB0764782500010002D8,4.6,Yes,mattress,0.0
8217497,ANCHOR_01,52:06:26:03:01:DA,-88,MFG_4C000215FDA50693A4E24FB1AFCFC6EB0764782500010002D8,4.6,Yes,mattress,0.0
8218517,ANCHOR_01,52:06:26:03:01:DA,-79,MFG_4C000215FDA50693A4E24FB1AFCFC6EB0764782500010002D8,4.6,Yes,mattress,0.0
8219507,ANCHOR_01,52:06:26:03:01:DA,-79,MFG_4C000215FDA50693A4E24FB1AFCFC6EB0764782500010002D8,4.6,Yes,mattress,0.0
8220527,ANCHOR_01,52:06:26:03:01:DA,-79,MFG_4C000215FDA50693A4E24FB1AFCFC6EB0764782500010002D8,4.6,Yes,mattress,0.0
8221517,ANCHOR_01,52:06:26:03:01:DA,-79,MFG_4C000215FDA50693A4E24FB1AFCFC6EB0764782500010002D8,4.6,Yes,mattress,0.0
8222537,ANCHOR_01,52:06:26:03:01:DA,-88,MFG_4C000215FDA50693A4E24FB1AFCFC6EB0764782500010002D8,4.6,Yes,mattress,0.0
8223517,ANCHOR_01,52:06:26:03:01:DA,-87,MFG_4C000215FDA50693A4E24FB1AFCFC6EB0764782500010002D8,4.6,Yes,mattress,0.0
8225537,ANCHOR_01,52:06:26:03:01:DA,-79,MFG_4C000215FDA50693A4E24FB1AFCFC6EB0764782500010002D8,4.6,Yes,mattress,0.0
8226557,ANCHOR_01,52:06:26:03:01:DA,-79,MFG_4C000215FDA50693A4E24FB1AFCFC6EB0764782500010002D8,4.6,Yes,mattress,0.0
8227547,ANCHOR_01,52:06:26:03:01:DA,-79,MFG_4C000215FDA50693A4E24FB1AFCFC6EB0764782500010002D8,4.6,Yes,mattress,0.0
8228567,ANCHOR_01,52:06:26:03:01:DA,-88,MFG_4C000215FDA50693A4E24FB1AFCFC6EB0764782500010002D8,4.6,Yes,mattress,0.0
8229557,ANCHOR_01,52:06:26:03:01:DA,-85,MFG_4C000215FDA50693A4E24FB1AFCFC6EB0764782500010002D8,4.6,Yes,mattress,0.0
8230577,ANCHOR_01,52:06:26:03:01:DA,-78,MFG_4C000215FDA50693A4E24FB1AFCFC6EB0764782500010002D8,4.6,Yes,mattress,0.0
8231557,ANCHOR_01,52:06:26:03:01:DA,-79,MFG_4C000215FDA50693A4E24FB1AFCFC6EB0764782500010002D8,4.6,Yes,mattress,0.0
8232587,ANCHOR_01,52:06:26:03:01:DA,-78,MFG_4C000215FDA50693A4E24FB1AFCFC6EB0764782500010002D8,4.6,Yes,mattress,0.0
8233577,ANCHOR_01,52:06:26:03:01:DA,-79,MFG_4C000215FDA50693A4E24FB1AFCFC6EB0764782500010002D8,4.6,Yes,mattress,0.0
8234597,ANCHOR_01,52:06:26:03:01:DA,-84,MFG_4C000215FDA50693A4E24FB1AFCFC6EB0764782500010002D8,4.6,Yes,mattress,0.0
8235587,ANCHOR_01,52:06:26:03:01:DA,-88,MFG_4C000215FDA50693A4E24FB1AFCFC6EB0764782500010002D8,4.6,Yes,mattress,0.0
8237597,ANCHOR_01,52:06:26:03:01:DA,-78,MFG_4C000215FDA50693A4E24FB1AFCFC6EB0764782500010002D8,4.6,Yes,mattress,0.0
8238617,ANCHOR_01,52:06:26:03:01:DA,-78,MFG_4C000215FDA50693A4E24FB1AFCFC6EB0764782500010002D8,4.6,Yes,mattress,0.0
8239597,ANCHOR_01,52:06:26:03:01:DA,-79,MFG_4C000215FDA50693A4E24FB1AFCFC6EB0764782500010002D8,4.6,Yes,mattress,0.0
8241617,ANCHOR_01,52:06:26:03:01:DA,-85,MFG_4C000215FDA50693A4E24FB1AFCFC6EB0764782500010002D8,4.6,Yes,mattress,0.0
8242637,ANCHOR_01,52:06:26:03:01:DA,-79,MFG_4C000215FDA50693A4E24FB1AFCFC6EB0764782500010002D8,4.6,Yes,mattress,0.0
8243627,ANCHOR_01,52:06:26:03:01:DA,-78,MFG_4C000215FDA50693A4E24FB1AFCFC6EB0764782500010002D8,4.6,Yes,mattress,0.0
8244647,ANCHOR_01,52:06:26:03:01:DA,-78,MFG_4C000215FDA50693A4E24FB1AFCFC6EB0764782500010002D8,4.6,Yes,mattress,0.0
8245637,ANCHOR_01,52:06:26:03:01:DA,-79,MFG_4C000215FDA50693A4E24FB1AFCFC6EB0764782500010002D8,4.6,Yes,mattress,0.0
8246657,ANCHOR_01,52:06:26:03:01:DA,-88,MFG_4C000215FDA50693A4E24FB1AFCFC6EB0764782500010002D8,4.6,Yes,mattress,0.0
8247637,ANCHOR_01,52:06:26:03:01:DA,-85,MFG_4C000215FDA50693A4E24FB1AFCFC6EB0764782500010002D8,4.6,Yes,mattress,0.0
8248667,ANCHOR_01,52:06:26:03:01:DA,-78,MFG_4C000215FDA50693A4E24FB1AFCFC6EB0764782500010002D8,4.6,Yes,mattress,0.0
8249657,ANCHOR_01,52:06:26:03:01:DA,-79,MFG_4C000215FDA50693A4E24FB1AFCFC6EB0764782500010002D8,4.6,Yes,mattress,0.0
8251667,ANCHOR_01,52:06:26:03:01:DA,-78,MFG_4C000215FDA50693A4E24FB1AFCFC6EB0764782500010002D8,4.6,Yes,mattress,0.0
8252687,ANCHOR_01,52:06:26:03:01:DA,-85,MFG_4C000215FDA50693A4E24FB1AFCFC6EB0764782500010002D8,4.6,Yes,mattress,0.0
8253667,ANCHOR_01,52:06:26:03:01:DA,-87,MFG_4C000215FDA50693A4E24FB1AFCFC6EB0764782500010002D8,4.6,Yes,mattress,0.0
8254697,ANCHOR_01,52:06:26:03:01:DA,-79,MFG_4C000215FDA50693A4E24FB1AFCFC6EB0764782500010002D8,4.6,Yes,mattress,0.0
8255687,ANCHOR_01,52:06:26:03:01:DA,-79,MFG_4C000215FDA50693A4E24FB1AFCFC6EB0764782500010002D8,4.6,Yes,mattress,0.0
8256707,ANCHOR_01,52:06:26:03:01:DA,-79,MFG_4C000215FDA50693A4E24FB1AFCFC6EB0764782500010002D8,4.6,Yes,mattress,0.0
8257697,ANCHOR_01,52:06:26:03:01:DA,-79,MFG_4C000215FDA50693A4E24FB1AFCFC6EB0764782500010002D8,4.6,Yes,mattress,0.0
8258697,ANCHOR_01,52:06:26:03:01:DA,-87,MFG_4C000215FDA50693A4E24FB1AFCFC6EB0764782500010002D8,4.6,Yes,mattress,0.0
8259707,ANCHOR_01,52:06:26:03:01:DA,-86,MFG_4C000215FDA50693A4E24FB1AFCFC6EB0764782500010002D8,4.6,Yes,mattress,0.0
8260727,ANCHOR_01,52:06:26:03:01:DA,-79,MFG_4C000215FDA50693A4E24FB1AFCFC6EB0764782500010002D8,4.6,Yes,mattress,0.0
8261717,ANCHOR_01,52:06:26:03:01:DA,-78,MFG_4C000215FDA50693A4E24FB1AFCFC6EB0764782500010002D8,4.6,Yes,mattress,0.0
8262737,ANCHOR_01,52:06:26:03:01:DA,-78,MFG_4C000215FDA50693A4E24FB1AFCFC6EB0764782500010002D8,4.6,Yes,mattress,0.0
8263727,ANCHOR_01,52:06:26:03:01:DA,-78,MFG_4C000215FDA50693A4E24FB1AFCFC6EB0764782500010002D8,4.6,Yes,mattress,0.0
8264747,ANCHOR_01,52:06:26:03:01:DA,-86,MFG_4C000215FDA50693A4E24FB1AFCFC6EB0764782500010002D8,4.6,Yes,mattress,0.0
8265737,ANCHOR_01,52:06:26:03:01:DA,-86,MFG_4C000215FDA50693A4E24FB1AFCFC6EB0764782500010002D8,4.6,Yes,mattress,0.0
8266757,ANCHOR_01,52:06:26:03:01:DA,-79,MFG_4C000215FDA50693A4E24FB1AFCFC6EB0764782500010002D8,4.6,Yes,mattress,0.0
8268767,ANCHOR_01,52:06:26:03:01:DA,-78,MFG_4C000215FDA50693A4E24FB1AFCFC6EB0764782500010002D8,4.6,Yes,mattress,0.0
8269757,ANCHOR_01,52:06:26:03:01:DA,-79,MFG_4C000215FDA50693A4E24FB1AFCFC6EB0764782500010002D8,4.6,Yes,mattress,0.0
8270757,ANCHOR_01,52:06:26:03:01:DA,-86,MFG_4C000215FDA50693A4E24FB1AFCFC6EB0764782500010002D8,4.6,Yes,mattress,0.0
8271767,ANCHOR_01,52:06:26:03:01:DA,-87,MFG_4C000215FDA50693A4E24FB1AFCFC6EB0764782500010002D8,4.6,Yes,mattress,0.0
8272787,ANCHOR_01,52:06:26:03:01:DA,-79,MFG_4C000215FDA50693A4E24FB1AFCFC6EB0764782500010002D8,4.6,Yes,mattress,0.0
8273777,ANCHOR_01,52:06:26:03:01:DA,-78,MFG_4C000215FDA50693A4E24FB1AFCFC6EB0764782500010002D8,4.6,Yes,mattress,0.0
8274797,ANCHOR_01,52:06:26:03:01:DA,-78,MFG_4C000215FDA50693A4E24FB1AFCFC6EB0764782500010002D8,4.6,Yes,mattress,0.0
8275777,ANCHOR_01,52:06:26:03:01:DA,-79,MFG_4C000215FDA50693A4E24FB1AFCFC6EB0764782500010002D8,4.6,Yes,mattress,0.0
8276807,ANCHOR_01,52:06:26:03:01:DA,-85,MFG_4C000215FDA50693A4E24FB1AFCFC6EB0764782500010002D8,4.6,Yes,mattress,0.0
8277787,ANCHOR_01,52:06:26:03:01:DA,-88,MFG_4C000215FDA50693A4E24FB1AFCFC6EB0764782500010002D8,4.6,Yes,mattress,0.0
8278817,ANCHOR_01,52:06:26:03:01:DA,-78,MFG_4C000215FDA50693A4E24FB1AFCFC6EB0764782500010002D8,4.6,Yes,mattress,0.0
8279807,ANCHOR_01,52:06:26:03:01:DA,-78,MFG_4C000215FDA50693A4E24FB1AFCFC6EB0764782500010002D8,4.6,Yes,mattress,0.0
8280827,ANCHOR_01,52:06:26:03:01:DA,-79,MFG_4C000215FDA50693A4E24FB1AFCFC6EB0764782500010002D8,4.6,Yes,mattress,0.0
8281817,ANCHOR_01,52:06:26:03:01:DA,-78,MFG_4C000215FDA50693A4E24FB1AFCFC6EB0764782500010002D8,4.6,Yes,mattress,0.0
8282837,ANCHOR_01,52:06:26:03:01:DA,-87,MFG_4C000215FDA50693A4E24FB1AFCFC6EB0764782500010002D8,4.6,Yes,mattress,0.0
8283827,ANCHOR_01,52:06:26:03:01:DA,-85,MFG_4C000215FDA50693A4E24FB1AFCFC6EB0764782500010002D8,4.6,Yes,mattress,0.0
8284847,ANCHOR_01,52:06:26:03:01:DA,-79,MFG_4C000215FDA50693A4E24FB1AFCFC6EB0764782500010002D8,4.6,Yes,mattress,0.0
8285837,ANCHOR_01,52:06:26:03:01:DA,-78,MFG_4C000215FDA50693A4E24FB1AFCFC6EB0764782500010002D8,4.6,Yes,mattress,0.0
8286857,ANCHOR_01,52:06:26:03:01:DA,-79,MFG_4C000215FDA50693A4E24FB1AFCFC6EB0764782500010002D8,4.6,Yes,mattress,0.0
8287847,ANCHOR_01,52:06:26:03:01:DA,-79,MFG_4C000215FDA50693A4E24FB1AFCFC6EB0764782500010002D8,4.6,Yes,mattress,0.0
8288847,ANCHOR_01,52:06:26:03:01:DA,-85,MFG_4C000215FDA50693A4E24FB1AFCFC6EB0764782500010002D8,4.6,Yes,mattress,0.0
8289857,ANCHOR_01,52:06:26:03:01:DA,-85,MFG_4C000215FDA50693A4E24FB1AFCFC6EB0764782500010002D8,4.6,Yes,mattress,0.0
8291867,ANCHOR_01,52:06:26:03:01:DA,-79,MFG_4C000215FDA50693A4E24FB1AFCFC6EB0764782500010002D8,4.6,Yes,mattress,0.0
8292847,ANCHOR_01,52:06:26:03:01:DA,-78,MFG_4C000215FDA50693A4E24FB1AFCFC6EB0764782500010002D8,4.6,Yes,mattress,0.0
8293877,ANCHOR_01,52:06:26:03:01:DA,-78,MFG_4C000215FDA50693A4E24FB1AFCFC6EB0764782500010002D8,4.6,Yes,mattress,0.0
8294867,ANCHOR_01,52:06:26:03:01:DA,-78,MFG_4C000215FDA50693A4E24FB1AFCFC6EB0764782500010002D8,4.6,Yes,mattress,0.0
8295887,ANCHOR_01,52:06:26:03:01:DA,-86,MFG_4C000215FDA50693A4E24FB1AFCFC6EB0764782500010002D8,4.6,Yes,mattress,0.0
8296877,ANCHOR_01,52:06:26:03:01:DA,-85,MFG_4C000215FDA50693A4E24FB1AFCFC6EB0764782500010002D8,4.6,Yes,mattress,0.0
8297897,ANCHOR_01,52:06:26:03:01:DA,-79,MFG_4C000215FDA50693A4E24FB1AFCFC6EB0764782500010002D8,4.6,Yes,mattress,0.0
8298887,ANCHOR_01,52:06:26:03:01:DA,-79,MFG_4C000215FDA50693A4E24FB1AFCFC6EB0764782500010002D8,4.6,Yes,mattress,0.0
8299907,ANCHOR_01,52:06:26:03:01:DA,-78,MFG_4C000215FDA50693A4E24FB1AFCFC6EB0764782500010002D8,4.6,Yes,mattress,0.0
8300897,ANCHOR_01,52:06:26:03:01:DA,-78,MFG_4C000215FDA50693A4E24FB1AFCFC6EB0764782500010002D8,4.6,Yes,mattress,0.0
8301917,ANCHOR_01,52:06:26:03:01:DA,-88,MFG_4C000215FDA50693A4E24FB1AFCFC6EB0764782500010002D8,4.6,Yes,mattress,0.0
8302907,ANCHOR_01,52:06:26:03:01:DA,-85,MFG_4C000215FDA50693A4E24FB1AFCFC6EB0764782500010002D8,4.6,Yes,mattress,0.0
8303927,ANCHOR_01,52:06:26:03:01:DA,-79,MFG_4C000215FDA50693A4E24FB1AFCFC6EB0764782500010002D8,4.6,Yes,mattress,0.0
8304917,ANCHOR_01,52:06:26:03:01:DA,-79,MFG_4C000215FDA50693A4E24FB1AFCFC6EB0764782500010002D8,4.6,Yes,mattress,0.0
8305917,ANCHOR_01,52:06:26:03:01:DA,-79,MFG_4C000215FDA50693A4E24FB1AFCFC6EB0764782500010002D8,4.6,Yes,mattress,0.0
8306927,ANCHOR_01,52:06:26:03:01:DA,-79,MFG_4C000215FDA50693A4E24FB1AFCFC6EB0764782500010002D8,4.6,Yes,mattress,0.0
8307947,ANCHOR_01,52:06:26:03:01:DA,-85,MFG_4C000215FDA50693A4E24FB1AFCFC6EB0764782500010002D8,4.6,Yes,mattress,0.0
8309957,ANCHOR_01,52:06:26:03:01:DA,-79,MFG_4C000215FDA50693A4E24FB1AFCFC6EB0764782500010002D8,4.6,Yes,mattress,0.0
8310937,ANCHOR_01,52:06:26:03:01:DA,-79,MFG_4C000215FDA50693A4E24FB1AFCFC6EB0764782500010002D8,4.6,Yes,mattress,0.0
8311967,ANCHOR_01,52:06:26:03:01:DA,-78,MFG_4C000215FDA50693A4E24FB1AFCFC6EB0764782500010002D8,4.6,Yes,mattress,0.0
8312957,ANCHOR_01,52:06:26:03:01:DA,-79,MFG_4C000215FDA50693A4E24FB1AFCFC6EB0764782500010002D8,4.6,Yes,mattress,0.0
8313977,ANCHOR_01,52:06:26:03:01:DA,-84,MFG_4C000215FDA50693A4E24FB1AFCFC6EB0764782500010002D8,4.6,Yes,mattress,0.0
8314967,ANCHOR_01,52:06:26:03:01:DA,-87,MFG_4C000215FDA50693A4E24FB1AFCFC6EB0764782500010002D8,4.6,Yes,mattress,0.0
8315987,ANCHOR_01,52:06:26:03:01:DA,-78,MFG_4C000215FDA50693A4E24FB1AFCFC6EB0764782500010002D8,4.6,Yes,mattress,0.0
8316977,ANCHOR_01,52:06:26:03:01:DA,-79,MFG_4C000215FDA50693A4E24FB1AFCFC6EB0764782500010002D8,4.6,Yes,mattress,0.0
8317977,ANCHOR_01,52:06:26:03:01:DA,-78,MFG_4C000215FDA50693A4E24FB1AFCFC6EB0764782500010002D8,4.6,Yes,mattress,0.0
8318987,ANCHOR_01,52:06:26:03:01:DA,-78,MFG_4C000215FDA50693A4E24FB1AFCFC6EB0764782500010002D8,4.6,Yes,mattress,0.0
8320007,ANCHOR_01,52:06:26:03:01:DA,-85,MFG_4C000215FDA50693A4E24FB1AFCFC6EB0764782500010002D8,4.6,Yes,mattress,0.0
8320997,ANCHOR_01,52:06:26:03:01:DA,-86,MFG_4C000215FDA50693A4E24FB1AFCFC6EB0764782500010002D8,4.6,Yes,mattress,0.0
8323007,ANCHOR_01,52:06:26:03:01:DA,-79,MFG_4C000215FDA50693A4E24FB1AFCFC6EB0764782500010002D8,4.6,Yes,mattress,0.0
8324027,ANCHOR_01,52:06:26:03:01:DA,-78,MFG_4C000215FDA50693A4E24FB1AFCFC6EB0764782500010002D8,4.6,Yes,mattress,0.0
8325017,ANCHOR_01,52:06:26:03:01:DA,-79,MFG_4C000215FDA50693A4E24FB1AFCFC6EB0764782500010002D8,4.6,Yes,mattress,0.0
8326017,ANCHOR_01,52:06:26:03:01:DA,-87,MFG_4C000215FDA50693A4E24FB1AFCFC6EB0764782500010002D8,4.6,Yes,mattress,0.0
8327027,ANCHOR_01,52:06:26:03:01:DA,-85,MFG_4C000215FDA50693A4E24FB1AFCFC6EB0764782500010002D8,4.6,Yes,mattress,0.0
8328047,ANCHOR_01,52:06:26:03:01:DA,-79,MFG_4C000215FDA50693A4E24FB1AFCFC6EB0764782500010002D8,4.6,Yes,mattress,0.0
8329037,ANCHOR_01,52:06:26:03:01:DA,-78,MFG_4C000215FDA50693A4E24FB1AFCFC6EB0764782500010002D8,4.6,Yes,mattress,0.0
8330057,ANCHOR_01,52:06:26:03:01:DA,-78,MFG_4C000215FDA50693A4E24FB1AFCFC6EB0764782500010002D8,4.6,Yes,mattress,0.0
8331047,ANCHOR_01,52:06:26:03:01:DA,-79,MFG_4C000215FDA50693A4E24FB1AFCFC6EB0764782500010002D8,4.6,Yes,mattress,0.0
8332067,ANCHOR_01,52:06:26:03:01:DA,-87,MFG_4C000215FDA50693A4E24FB1AFCFC6EB0764782500010002D8,4.6,Yes,mattress,0.0
8333057,ANCHOR_01,52:06:26:03:01:DA,-87,MFG_4C000215FDA50693A4E24FB1AFCFC6EB0764782500010002D8,4.6,Yes,mattress,0.0
8334077,ANCHOR_01,52:06:26:03:01:DA,-78,MFG_4C000215FDA50693A4E24FB1AFCFC6EB0764782500010002D8,4.6,Yes,mattress,0.0
8335067,ANCHOR_01,52:06:26:03:01:DA,-79,MFG_4C000215FDA50693A4E24FB1AFCFC6EB0764782500010002D8,4.6,Yes,mattress,0.0
8336087,ANCHOR_01,52:06:26:03:01:DA,-79,MFG_4C000215FDA50693A4E24FB1AFCFC6EB0764782500010002D8,4.6,Yes,mattress,0.0
8337067,ANCHOR_01,52:06:26:03:01:DA,-79,MFG_4C000215FDA50693A4E24FB1AFCFC6EB0764782500010002D8,4.6,Yes,mattress,0.0
8338097,ANCHOR_01,52:06:26:03:01:DA,-84,MFG_4C000215FDA50693A4E24FB1AFCFC6EB0764782500010002D8,4.6,Yes,mattress,0.0
8339087,ANCHOR_01,52:06:26:03:01:DA,-85,MFG_4C000215FDA50693A4E24FB1AFCFC6EB0764782500010002D8,4.6,Yes,mattress,0.0
8340097,ANCHOR_01,52:06:26:03:01:DA,-78,MFG_4C000215FDA50693A4E24FB1AFCFC6EB0764782500010002D8,4.6,Yes,mattress,0.0
8341097,ANCHOR_01,52:06:26:03:01:DA,-78,MFG_4C000215FDA50693A4E24FB1AFCFC6EB0764782500010002D8,4.6,Yes,mattress,0.0
8342117,ANCHOR_01,52:06:26:03:01:DA,-79,MFG_4C000215FDA50693A4E24FB1AFCFC6EB0764782500010002D8,4.6,Yes,mattress,0.0
8343107,ANCHOR_01,52:06:26:03:01:DA,-78,MFG_4C000215FDA50693A4E24FB1AFCFC6EB0764782500010002D8,4.6,Yes,mattress,0.0
8344127,ANCHOR_01,52:06:26:03:01:DA,-87,MFG_4C000215FDA50693A4E24FB1AFCFC6EB0764782500010002D8,4.6,Yes,mattress,0.0
8345117,ANCHOR_01,52:06:26:03:01:DA,-85,MFG_4C000215FDA50693A4E24FB1AFCFC6EB0764782500010002D8,4.6,Yes,mattress,0.0
8347117,ANCHOR_01,52:06:26:03:01:DA,-79,MFG_4C000215FDA50693A4E24FB1AFCFC6EB0764782500010002D8,4.6,Yes,mattress,0.0
8348117,ANCHOR_01,52:06:26:03:01:DA,-79,MFG_4C000215FDA50693A4E24FB1AFCFC6EB0764782500010002D8,4.6,Yes,mattress,0.0
8349137,ANCHOR_01,52:06:26:03:01:DA,-78,MFG_4C000215FDA50693A4E24FB1AFCFC6EB0764782500010002D8,4.6,Yes,mattress,0.0
8350127,ANCHOR_01,52:06:26:03:01:DA,-79,MFG_4C000215FDA50693A4E24FB1AFCFC6EB0764782500010002D8,4.6,Yes,mattress,0.0
8351147,ANCHOR_01,52:06:26:03:01:DA,-85,MFG_4C000215FDA50693A4E24FB1AFCFC6EB0764782500010002D8,4.6,Yes,mattress,0.0
8352127,ANCHOR_01,52:06:26:03:01:DA,-85,MFG_4C000215FDA50693A4E24FB1AFCFC6EB0764782500010002D8,4.6,Yes,mattress,0.0
8353127,ANCHOR_01,52:06:26:03:01:DA,-84,MFG_4C000215FDA50693A4E24FB1AFCFC6EB0764782500010002D8,4.6,Yes,mattress,0.0
8354147,ANCHOR_01,52:06:26:03:01:DA,-79,MFG_4C000215FDA50693A4E24FB1AFCFC6EB0764782500010002D8,4.6,Yes,mattress,0.0
8355137,ANCHOR_01,52:06:26:03:01:DA,-78,MFG_4C000215FDA50693A4E24FB1AFCFC6EB0764782500010002D8,4.6,Yes,mattress,0.0
8356157,ANCHOR_01,52:06:26:03:01:DA,-78,MFG_4C000215FDA50693A4E24FB1AFCFC6EB0764782500010002D8,4.6,Yes,mattress,0.0
8358167,ANCHOR_01,52:06:26:03:01:DA,-86,MFG_4C000215FDA50693A4E24FB1AFCFC6EB0764782500010002D8,4.6,Yes,mattress,0.0
8360177,ANCHOR_01,52:06:26:03:01:DA,-78,MFG_4C000215FDA50693A4E24FB1AFCFC6EB0764782500010002D8,4.6,Yes,mattress,0.0
8361167,ANCHOR_01,52:06:26:03:01:DA,-78,MFG_4C000215FDA50693A4E24FB1AFCFC6EB0764782500010002D8,4.6,Yes,mattress,0.0
8362167,ANCHOR_01,52:06:26:03:01:DA,-79,MFG_4C000215FDA50693A4E24FB1AFCFC6EB0764782500010002D8,4.6,Yes,mattress,0.0
8363177,ANCHOR_01,52:06:26:03:01:DA,-78,MFG_4C000215FDA50693A4E24FB1AFCFC6EB0764782500010002D8,4.6,Yes,mattress,0.0
8364197,ANCHOR_01,52:06:26:03:01:DA,-88,MFG_4C000215FDA50693A4E24FB1AFCFC6EB0764782500010002D8,4.6,Yes,mattress,0.0
8365187,ANCHOR_01,52:06:26:03:01:DA,-89,MFG_4C000215FDA50693A4E24FB1AFCFC6EB0764782500010002D8,4.6,Yes,mattress,0.0
8366207,ANCHOR_01,52:06:26:03:01:DA,-78,MFG_4C000215FDA50693A4E24FB1AFCFC6EB0764782500010002D8,4.6,Yes,mattress,0.0
8367197,ANCHOR_01,52:06:26:03:01:DA,-79,MFG_4C000215FDA50693A4E24FB1AFCFC6EB0764782500010002D8,4.6,Yes,mattress,0.0
8368217,ANCHOR_01,52:06:26:03:01:DA,-79,MFG_4C000215FDA50693A4E24FB1AFCFC6EB0764782500010002D8,4.6,Yes,mattress,0.0
8369207,ANCHOR_01,52:06:26:03:01:DA,-78,MFG_4C000215FDA50693A4E24FB1AFCFC6EB0764782500010002D8,4.6,Yes,mattress,0.0
8370227,ANCHOR_01,52:06:26:03:01:DA,-88,MFG_4C000215FDA50693A4E24FB1AFCFC6EB0764782500010002D8,4.6,Yes,mattress,0.0
8371217,ANCHOR_01,52:06:26:03:01:DA,-84,MFG_4C000215FDA50693A4E24FB1AFCFC6EB0764782500010002D8,4.6,Yes,mattress,0.0
8372237,ANCHOR_01,52:06:26:03:01:DA,-78,MFG_4C000215FDA50693A4E24FB1AFCFC6EB0764782500010002D8,4.6,Yes,mattress,0.0
8373227,ANCHOR_01,52:06:26:03:01:DA,-79,MFG_4C000215FDA50693A4E24FB1AFCFC6EB0764782500010002D8,4.6,Yes,mattress,0.0
8374227,ANCHOR_01,52:06:26:03:01:DA,-79,MFG_4C000215FDA50693A4E24FB1AFCFC6EB0764782500010002D8,4.6,Yes,mattress,0.0
8375237,ANCHOR_01,52:06:26:03:01:DA,-78,MFG_4C000215FDA50693A4E24FB1AFCFC6EB0764782500010002D8,4.6,Yes,mattress,0.0
8376257,ANCHOR_01,52:06:26:03:01:DA,-84,MFG_4C000215FDA50693A4E24FB1AFCFC6EB0764782500010002D8,4.6,Yes,mattress,0.0
8377247,ANCHOR_01,52:06:26:03:01:DA,-85,MFG_4C000215FDA50693A4E24FB1AFCFC6EB0764782500010002D8,4.6,Yes,mattress,0.0
8378237,ANCHOR_01,52:06:26:03:01:DA,-84,MFG_4C000215FDA50693A4E24FB1AFCFC6EB0764782500010002D8,4.6,Yes,mattress,0.0
8379257,ANCHOR_01,52:06:26:03:01:DA,-78,MFG_4C000215FDA50693A4E24FB1AFCFC6EB0764782500010002D8,4.6,Yes,mattress,0.0
8381257,ANCHOR_01,52:06:26:03:01:DA,-78,MFG_4C000215FDA50693A4E24FB1AFCFC6EB0764782500010002D8,4.6,Yes,mattress,0.0
8382257,ANCHOR_01,52:06:26:03:01:DA,-78,MFG_4C000215FDA50693A4E24FB1AFCFC6EB0764782500010002D8,4.6,Yes,mattress,0.0
8383277,ANCHOR_01,52:06:26:03:01:DA,-85,MFG_4C000215FDA50693A4E24FB1AFCFC6EB0764782500010002D8,4.6,Yes,mattress,0.0
8384267,ANCHOR_01,52:06:26:03:01:DA,-86,MFG_4C000215FDA50693A4E24FB1AFCFC6EB0764782500010002D8,4.6,Yes,mattress,0.0
8385287,ANCHOR_01,52:06:26:03:01:DA,-78,MFG_4C000215FDA50693A4E24FB1AFCFC6EB0764782500010002D8,4.6,Yes,mattress,0.0
8386267,ANCHOR_01,52:06:26:03:01:DA,-79,MFG_4C000215FDA50693A4E24FB1AFCFC6EB0764782500010002D8,4.6,Yes,mattress,0.0
8387297,ANCHOR_01,52:06:26:03:01:DA,-78,MFG_4C000215FDA50693A4E24FB1AFCFC6EB0764782500010002D8,4.6,Yes,mattress,0.0
8388287,ANCHOR_01,52:06:26:03:01:DA,-78,MFG_4C000215FDA50693A4E24FB1AFCFC6EB0764782500010002D8,4.6,Yes,mattress,0.0
8389307,ANCHOR_01,52:06:26:03:01:DA,-88,MFG_4C000215FDA50693A4E24FB1AFCFC6EB0764782500010002D8,4.6,Yes,mattress,0.0
8390297,ANCHOR_01,52:06:26:03:01:DA,-88,MFG_4C000215FDA50693A4E24FB1AFCFC6EB0764782500010002D8,4.6,Yes,mattress,0.0
8391307,ANCHOR_01,52:06:26:03:01:DA,-78,MFG_4C000215FDA50693A4E24FB1AFCFC6EB0764782500010002D8,4.6,Yes,mattress,0.0
8393317,ANCHOR_01,52:06:26:03:01:DA,-78,MFG_4C000215FDA50693A4E24FB1AFCFC6EB0764782500010002D8,4.6,Yes,mattress,0.0
8394317,ANCHOR_01,52:06:26:03:01:DA,-78,MFG_4C000215FDA50693A4E24FB1AFCFC6EB0764782500010002D8,4.6,Yes,mattress,0.0
8395337,ANCHOR_01,52:06:26:03:01:DA,-88,MFG_4C000215FDA50693A4E24FB1AFCFC6EB0764782500010002D8,4.6,Yes,mattress,0.0
8397347,ANCHOR_01,52:06:26:03:01:DA,-78,MFG_4C000215FDA50693A4E24FB1AFCFC6EB0764782500010002D8,4.6,Yes,mattress,0.0
8399357,ANCHOR_01,52:06:26:03:01:DA,-79,MFG_4C000215FDA50693A4E24FB1AFCFC6EB0764782500010002D8,4.6,Yes,mattress,0.0
8400377,ANCHOR_01,52:06:26:03:01:DA,-86,MFG_4C000215FDA50693A4E24FB1AFCFC6EB0764782500010002D8,4.6,Yes,mattress,0.0
8401357,ANCHOR_01,52:06:26:03:01:DA,-85,MFG_4C000215FDA50693A4E24FB1AFCFC6EB0764782500010002D8,4.6,Yes,mattress,0.0
8403377,ANCHOR_01,52:06:26:03:01:DA,-78,MFG_4C000215FDA50693A4E24FB1AFCFC6EB0764782500010002D8,4.6,Yes,mattress,0.0
8404367,ANCHOR_01,52:06:26:03:01:DA,-79,MFG_4C000215FDA50693A4E24FB1AFCFC6EB0764782500010002D8,4.6,Yes,mattress,0.0
8405387,ANCHOR_01,52:06:26:03:01:DA,-78,MFG_4C000215FDA50693A4E24FB1AFCFC6EB0764782500010002D8,4.6,Yes,mattress,0.0
8406387,ANCHOR_01,52:06:26:03:01:DA,-85,MFG_4C000215FDA50693A4E24FB1AFCFC6EB0764782500010002D8,4.6,Yes,mattress,0.0
8407397,ANCHOR_01,52:06:26:03:01:DA,-88,MFG_4C000215FDA50693A4E24FB1AFCFC6EB0764782500010002D8,4.6,Yes,mattress,0.0
8408417,ANCHOR_01,52:06:26:03:01:DA,-79,MFG_4C000215FDA50693A4E24FB1AFCFC6EB0764782500010002D8,4.6,Yes,mattress,0.0
8409407,ANCHOR_01,52:06:26:03:01:DA,-79,MFG_4C000215FDA50693A4E24FB1AFCFC6EB0764782500010002D8,4.6,Yes,mattress,0.0
8410397,ANCHOR_01,52:06:26:03:01:DA,-79,MFG_4C000215FDA50693A4E24FB1AFCFC6EB0764782500010002D8,4.6,Yes,mattress,0.0
8411407,ANCHOR_01,52:06:26:03:01:DA,-78,MFG_4C000215FDA50693A4E24FB1AFCFC6EB0764782500010002D8,4.6,Yes,mattress,0.0
8412407,ANCHOR_01,52:06:26:03:01:DA,-79,MFG_4C000215FDA50693A4E24FB1AFCFC6EB0764782500010002D8,4.6,Yes,mattress,0.0
8413427,ANCHOR_01,52:06:26:03:01:DA,-85,MFG_4C000215FDA50693A4E24FB1AFCFC6EB0764782500010002D8,4.6,Yes,mattress,0.0
8414417,ANCHOR_01,52:06:26:03:01:DA,-86,MFG_4C000215FDA50693A4E24FB1AFCFC6EB0764782500010002D8,4.6,Yes,mattress,0.0
8415437,ANCHOR_01,52:06:26:03:01:DA,-78,MFG_4C000215FDA50693A4E24FB1AFCFC6EB0764782500010002D8,4.6,Yes,mattress,0.0
8416427,ANCHOR_01,52:06:26:03:01:DA,-78,MFG_4C000215FDA50693A4E24FB1AFCFC6EB0764782500010002D8,4.6,Yes,mattress,0.0
8417447,ANCHOR_01,52:06:26:03:01:DA,-78,MFG_4C000215FDA50693A4E24FB1AFCFC6EB0764782500010002D8,4.6,Yes,mattress,0.0
8418467,ANCHOR_01,52:06:26:03:01:DA,-88,MFG_4C000215FDA50693A4E24FB1AFCFC6EB0764782500010002D8,4.6,Yes,mattress,0.0
8419457,ANCHOR_01,52:06:26:03:01:DA,-89,MFG_4C000215FDA50693A4E24FB1AFCFC6EB0764782500010002D8,4.6,Yes,mattress,0.0
8421467,ANCHOR_01,52:06:26:03:01:DA,-79,MFG_4C000215FDA50693A4E24FB1AFCFC6EB0764782500010002D8,4.6,Yes,mattress,0.0
8422487,ANCHOR_01,52:06:26:03:01:DA,-78,MFG_4C000215FDA50693A4E24FB1AFCFC6EB0764782500010002D8,4.6,Yes,mattress,0.0
8423467,ANCHOR_01,52:06:26:03:01:DA,-78,MFG_4C000215FDA50693A4E24FB1AFCFC6EB0764782500010002D8,4.6,Yes,mattress,0.0
8424497,ANCHOR_01,52:06:26:03:01:DA,-85,MFG_4C000215FDA50693A4E24FB1AFCFC6EB0764782500010002D8,4.6,Yes,mattress,0.0
8425487,ANCHOR_01,52:06:26:03:01:DA,-85,MFG_4C000215FDA50693A4E24FB1AFCFC6EB0764782500010002D8,4.6,Yes,mattress,0.0
8426507,ANCHOR_01,52:06:26:03:01:DA,-79,MFG_4C000215FDA50693A4E24FB1AFCFC6EB0764782500010002D8,4.6,Yes,mattress,0.0
8427497,ANCHOR_01,52:06:26:03:01:DA,-78,MFG_4C000215FDA50693A4E24FB1AFCFC6EB0764782500010002D8,4.6,Yes,mattress,0.0
8429507,ANCHOR_01,52:06:26:03:01:DA,-79,MFG_4C000215FDA50693A4E24FB1AFCFC6EB0764782500010002D8,4.6,Yes,mattress,0.0
8431517,ANCHOR_01,52:06:26:03:01:DA,-86,MFG_4C000215FDA50693A4E24FB1AFCFC6EB0764782500010002D8,4.6,Yes,mattress,0.0
8432507,ANCHOR_01,52:06:26:03:01:DA,-85,MFG_4C000215FDA50693A4E24FB1AFCFC6EB0764782500010002D8,4.6,Yes,mattress,0.0
8433517,ANCHOR_01,52:06:26:03:01:DA,-79,MFG_4C000215FDA50693A4E24FB1AFCFC6EB0764782500010002D8,4.6,Yes,mattress,0.0
8434517,ANCHOR_01,52:06:26:03:01:DA,-78,MFG_4C000215FDA50693A4E24FB1AFCFC6EB0764782500010002D8,4.6,Yes,mattress,0.0
8435537,ANCHOR_01,52:06:26:03:01:DA,-79,MFG_4C000215FDA50693A4E24FB1AFCFC6EB0764782500010002D8,4.6,Yes,mattress,0.0
8436527,ANCHOR_01,52:06:26:03:01:DA,-78,MFG_4C000215FDA50693A4E24FB1AFCFC6EB0764782500010002D8,4.6,Yes,mattress,0.0
8437547,ANCHOR_01,52:06:26:03:01:DA,-85,MFG_4C000215FDA50693A4E24FB1AFCFC6EB0764782500010002D8,4.6,Yes,mattress,0.0
8438537,ANCHOR_01,52:06:26:03:01:DA,-84,MFG_4C000215FDA50693A4E24FB1AFCFC6EB0764782500010002D8,4.6,Yes,mattress,0.0
8439557,ANCHOR_01,52:06:26:03:01:DA,-78,MFG_4C000215FDA50693A4E24FB1AFCFC6EB0764782500010002D8,4.6,Yes,mattress,0.0
8440547,ANCHOR_01,52:06:26:03:01:DA,-79,MFG_4C000215FDA50693A4E24FB1AFCFC6EB0764782500010002D8,4.6,Yes,mattress,0.0
8441557,ANCHOR_01,52:06:26:03:01:DA,-80,MFG_4C000215FDA50693A4E24FB1AFCFC6EB0764782500010002D8,4.6,Yes,mattress,0.0
8442557,ANCHOR_01,52:06:26:03:01:DA,-78,MFG_4C000215FDA50693A4E24FB1AFCFC6EB0764782500010002D8,4.6,Yes,mattress,0.0
8443577,ANCHOR_01,52:06:26:03:01:DA,-87,MFG_4C000215FDA50693A4E24FB1AFCFC6EB0764782500010002D8,4.6,Yes,mattress,0.0
8445587,ANCHOR_01,52:06:26:03:01:DA,-79,MFG_4C000215FDA50693A4E24FB1AFCFC6EB0764782500010002D8,4.6,Yes,mattress,0.0
8447597,ANCHOR_01,52:06:26:03:01:DA,-79,MFG_4C000215FDA50693A4E24FB1AFCFC6EB0764782500010002D8,4.6,Yes,mattress,0.0
8448617,ANCHOR_01,52:06:26:03:01:DA,-89,MFG_4C000215FDA50693A4E24FB1AFCFC6EB0764782500010002D8,4.6,Yes,mattress,0.0
8449597,ANCHOR_01,52:06:26:03:01:DA,-86,MFG_4C000215FDA50693A4E24FB1AFCFC6EB0764782500010002D8,4.6,Yes,mattress,0.0
8450627,ANCHOR_01,52:06:26:03:01:DA,-78,MFG_4C000215FDA50693A4E24FB1AFCFC6EB0764782500010002D8,4.6,Yes,mattress,0.0
8451617,ANCHOR_01,52:06:26:03:01:DA,-79,MFG_4C000215FDA50693A4E24FB1AFCFC6EB0764782500010002D8,4.6,Yes,mattress,0.0
8452637,ANCHOR_01,52:06:26:03:01:DA,-78,MFG_4C000215FDA50693A4E24FB1AFCFC6EB0764782500010002D8,4.6,Yes,mattress,0.0
8453627,ANCHOR_01,52:06:26:03:01:DA,-79,MFG_4C000215FDA50693A4E24FB1AFCFC6EB0764782500010002D8,4.6,Yes,mattress,0.0
8454647,ANCHOR_01,52:06:26:03:01:DA,-85,MFG_4C000215FDA50693A4E24FB1AFCFC6EB0764782500010002D8,4.6,Yes,mattress,0.0
8455637,ANCHOR_01,52:06:26:03:01:DA,-87,MFG_4C000215FDA50693A4E24FB1AFCFC6EB0764782500010002D8,4.6,Yes,mattress,0.0
8456657,ANCHOR_01,52:06:26:03:01:DA,-79,MFG_4C000215FDA50693A4E24FB1AFCFC6EB0764782500010002D8,4.6,Yes,mattress,0.0
8457647,ANCHOR_01,52:06:26:03:01:DA,-78,MFG_4C000215FDA50693A4E24FB1AFCFC6EB0764782500010002D8,4.6,Yes,mattress,0.0
8458667,ANCHOR_01,52:06:26:03:01:DA,-78,MFG_4C000215FDA50693A4E24FB1AFCFC6EB0764782500010002D8,4.6,Yes,mattress,0.0
8459657,ANCHOR_01,52:06:26:03:01:DA,-78,MFG_4C000215FDA50693A4E24FB1AFCFC6EB0764782500010002D8,4.6,Yes,mattress,0.0
8460677,ANCHOR_01,52:06:26:03:01:DA,-89,MFG_4C000215FDA50693A4E24FB1AFCFC6EB0764782500010002D8,4.6,Yes,mattress,0.0
8461697,ANCHOR_01,52:06:26:03:01:DA,-79,MFG_4C000215FDA50693A4E24FB1AFCFC6EB0764782500010002D8,4.6,Yes,mattress,0.0
8462687,ANCHOR_01,52:06:26:03:01:DA,-78,MFG_4C000215FDA50693A4E24FB1AFCFC6EB0764782500010002D8,4.6,Yes,mattress,0.0
8464687,ANCHOR_01,52:06:26:03:01:DA,-79,MFG_4C000215FDA50693A4E24FB1AFCFC6EB0764782500010002D8,4.6,Yes,mattress,0.0
8465717,ANCHOR_01,52:06:26:03:01:DA,-85,MFG_4C000215FDA50693A4E24FB1AFCFC6EB0764782500010002D8,4.6,Yes,mattress,0.0
8466707,ANCHOR_01,52:06:26:03:01:DA,-88,MFG_4C000215FDA50693A4E24FB1AFCFC6EB0764782500010002D8,4.6,Yes,mattress,0.0
8468717,ANCHOR_01,52:06:26:03:01:DA,-79,MFG_4C000215FDA50693A4E24FB1AFCFC6EB0764782500010002D8,4.6,Yes,mattress,0.0
8469737,ANCHOR_01,52:06:26:03:01:DA,-78,MFG_4C000215FDA50693A4E24FB1AFCFC6EB0764782500010002D8,4.6,Yes,mattress,0.0
8470727,ANCHOR_01,52:06:26:03:01:DA,-78,MFG_4C000215FDA50693A4E24FB1AFCFC6EB0764782500010002D8,4.6,Yes,mattress,0.0
8471747,ANCHOR_01,52:06:26:03:01:DA,-86,MFG_4C000215FDA50693A4E24FB1AFCFC6EB0764782500010002D8,4.6,Yes,mattress,0.0
8472737,ANCHOR_01,52:06:26:03:01:DA,-86,MFG_4C000215FDA50693A4E24FB1AFCFC6EB0764782500010002D8,4.6,Yes,mattress,0.0
8473757,ANCHOR_01,52:06:26:03:01:DA,-79,MFG_4C000215FDA50693A4E24FB1AFCFC6EB0764782500010002D8,4.6,Yes,mattress,0.0
8474747,ANCHOR_01,52:06:26:03:01:DA,-78,MFG_4C000215FDA50693A4E24FB1AFCFC6EB0764782500010002D8,4.6,Yes,mattress,0.0
8475757,ANCHOR_01,52:06:26:03:01:DA,-78,MFG_4C000215FDA50693A4E24FB1AFCFC6EB0764782500010002D8,4.6,Yes,mattress,0.0
8477767,ANCHOR_01,52:06:26:03:01:DA,-85,MFG_4C000215FDA50693A4E24FB1AFCFC6EB0764782500010002D8,4.6,Yes,mattress,0.0
8478767,ANCHOR_01,52:06:26:03:01:DA,-84,MFG_4C000215FDA50693A4E24FB1AFCFC6EB0764782500010002D8,4.6,Yes,mattress,0.0
8479787,ANCHOR_01,52:06:26:03:01:DA,-79,MFG_4C000215FDA50693A4E24FB1AFCFC6EB0764782500010002D8,4.6,Yes,mattress,0.0
8480777,ANCHOR_01,52:06:26:03:01:DA,-79,MFG_4C000215FDA50693A4E24FB1AFCFC6EB0764782500010002D8,4.6,Yes,mattress,0.0
8481797,ANCHOR_01,52:06:26:03:01:DA,-80,MFG_4C000215FDA50693A4E24FB1AFCFC6EB0764782500010002D8,4.6,Yes,mattress,0.0
8482787,ANCHOR_01,52:06:26:03:01:DA,-78,MFG_4C000215FDA50693A4E24FB1AFCFC6EB0764782500010002D8,4.6,Yes,mattress,0.0
8483807,ANCHOR_01,52:06:26:03:01:DA,-87,MFG_4C000215FDA50693A4E24FB1AFCFC6EB0764782500010002D8,4.6,Yes,mattress,0.0
8484797,ANCHOR_01,52:06:26:03:01:DA,-89,MFG_4C000215FDA50693A4E24FB1AFCFC6EB0764782500010002D8,4.6,Yes,mattress,0.0
8485817,ANCHOR_01,52:06:26:03:01:DA,-79,MFG_4C000215FDA50693A4E24FB1AFCFC6EB0764782500010002D8,4.6,Yes,mattress,0.0
8486807,ANCHOR_01,52:06:26:03:01:DA,-79,MFG_4C000215FDA50693A4E24FB1AFCFC6EB0764782500010002D8,4.6,Yes,mattress,0.0
8487807,ANCHOR_01,52:06:26:03:01:DA,-79,MFG_4C000215FDA50693A4E24FB1AFCFC6EB0764782500010002D8,4.6,Yes,mattress,0.0
8488817,ANCHOR_01,52:06:26:03:01:DA,-79,MFG_4C000215FDA50693A4E24FB1AFCFC6EB0764782500010002D8,4.6,Yes,mattress,0.0
8490827,ANCHOR_01,52:06:26:03:01:DA,-85,MFG_4C000215FDA50693A4E24FB1AFCFC6EB0764782500010002D8,4.6,Yes,mattress,0.0
8491847,ANCHOR_01,52:06:26:03:01:DA,-78,MFG_4C000215FDA50693A4E24FB1AFCFC6EB0764782500010002D8,4.6,Yes,mattress,0.0
8493857,ANCHOR_01,52:06:26:03:01:DA,-78,MFG_4C000215FDA50693A4E24FB1AFCFC6EB0764782500010002D8,4.6,Yes,mattress,0.0
8494837,ANCHOR_01,52:06:26:03:01:DA,-79,MFG_4C000215FDA50693A4E24FB1AFCFC6EB0764782500010002D8,4.6,Yes,mattress,0.0
8495867,ANCHOR_01,52:06:26:03:01:DA,-85,MFG_4C000215FDA50693A4E24FB1AFCFC6EB0764782500010002D8,4.6,Yes,mattress,0.0
8496857,ANCHOR_01,52:06:26:03:01:DA,-85,MFG_4C000215FDA50693A4E24FB1AFCFC6EB0764782500010002D8,4.6,Yes,mattress,0.0
8497877,ANCHOR_01,52:06:26:03:01:DA,-78,MFG_4C000215FDA50693A4E24FB1AFCFC6EB0764782500010002D8,4.6,Yes,mattress,0.0
8498867,ANCHOR_01,52:06:26:03:01:DA,-79,MFG_4C000215FDA50693A4E24FB1AFCFC6EB0764782500010002D8,4.6,Yes,mattress,0.0
8499877,ANCHOR_01,52:06:26:03:01:DA,-78,MFG_4C000215FDA50693A4E24FB1AFCFC6EB0764782500010002D8,4.6,Yes,mattress,0.0
8500877,ANCHOR_01,52:06:26:03:01:DA,-78,MFG_4C000215FDA50693A4E24FB1AFCFC6EB0764782500010002D8,4.6,Yes,mattress,0.0
8501897,ANCHOR_01,52:06:26:03:01:DA,-85,MFG_4C000215FDA50693A4E24FB1AFCFC6EB0764782500010002D8,4.6,Yes,mattress,0.0
8502887,ANCHOR_01,52:06:26:03:01:DA,-85,MFG_4C000215FDA50693A4E24FB1AFCFC6EB0764782500010002D8,4.6,Yes,mattress,0.0
8503907,ANCHOR_01,52:06:26:03:01:DA,-78,MFG_4C000215FDA50693A4E24FB1AFCFC6EB0764782500010002D8,4.6,Yes,mattress,0.0
8504887,ANCHOR_01,52:06:26:03:01:DA,-78,MFG_4C000215FDA50693A4E24FB1AFCFC6EB0764782500010002D8,4.6,Yes,mattress,0.0
8506907,ANCHOR_01,52:06:26:03:01:DA,-79,MFG_4C000215FDA50693A4E24FB1AFCFC6EB0764782500010002D8,4.6,Yes,mattress,0.0
8507907,ANCHOR_01,52:06:26:03:01:DA,-84,MFG_4C000215FDA50693A4E24FB1AFCFC6EB0764782500010002D8,4.6,Yes,mattress,0.0
8508917,ANCHOR_01,52:06:26:03:01:DA,-89,MFG_4C000215FDA50693A4E24FB1AFCFC6EB0764782500010002D8,4.6,Yes,mattress,0.0
8510927,ANCHOR_01,52:06:26:03:01:DA,-78,MFG_4C000215FDA50693A4E24FB1AFCFC6EB0764782500010002D8,4.6,Yes,mattress,0.0
8511907,ANCHOR_01,52:06:26:03:01:DA,-79,MFG_4C000215FDA50693A4E24FB1AFCFC6EB0764782500010002D8,4.6,Yes,mattress,0.0
8512937,ANCHOR_01,52:06:26:03:01:DA,-78,MFG_4C000215FDA50693A4E24FB1AFCFC6EB0764782500010002D8,4.6,Yes,mattress,0.0
8513927,ANCHOR_01,52:06:26:03:01:DA,-79,MFG_4C000215FDA50693A4E24FB1AFCFC6EB0764782500010002D8,4.6,Yes,mattress,0.0
8514927,ANCHOR_01,52:06:26:03:01:DA,-86,MFG_4C000215FDA50693A4E24FB1AFCFC6EB0764782500010002D8,4.6,Yes,mattress,0.0
8515937,ANCHOR_01,52:06:26:03:01:DA,-88,MFG_4C000215FDA50693A4E24FB1AFCFC6EB0764782500010002D8,4.6,Yes,mattress,0.0
8516937,ANCHOR_01,52:06:26:03:01:DA,-79,MFG_4C000215FDA50693A4E24FB1AFCFC6EB0764782500010002D8,4.6,Yes,mattress,0.0
8517947,ANCHOR_01,52:06:26:03:01:DA,-78,MFG_4C000215FDA50693A4E24FB1AFCFC6EB0764782500010002D8,4.6,Yes,mattress,0.0
8518967,ANCHOR_01,52:06:26:03:01:DA,-78,MFG_4C000215FDA50693A4E24FB1AFCFC6EB0764782500010002D8,4.6,Yes,mattress,0.0
8519947,ANCHOR_01,52:06:26:03:01:DA,-78,MFG_4C000215FDA50693A4E24FB1AFCFC6EB0764782500010002D8,4.6,Yes,mattress,0.0
8520977,ANCHOR_01,52:06:26:03:01:DA,-89,MFG_4C000215FDA50693A4E24FB1AFCFC6EB0764782500010002D8,4.6,Yes,mattress,0.0
8521967,ANCHOR_01,52:06:26:03:01:DA,-86,MFG_4C000215FDA50693A4E24FB1AFCFC6EB0764782500010002D8,4.6,Yes,mattress,0.0
8522977,ANCHOR_01,52:06:26:03:01:DA,-78,MFG_4C000215FDA50693A4E24FB1AFCFC6EB0764782500010002D8,4.6,Yes,mattress,0.0
8523977,ANCHOR_01,52:06:26:03:01:DA,-78,MFG_4C000215FDA50693A4E24FB1AFCFC6EB0764782500010002D8,4.6,Yes,mattress,0.0
8524997,ANCHOR_01,52:06:26:03:01:DA,-79,MFG_4C000215FDA50693A4E24FB1AFCFC6EB0764782500010002D8,4.6,Yes,mattress,0.0
8525997,ANCHOR_01,52:06:26:03:01:DA,-86,MFG_4C000215FDA50693A4E24FB1AFCFC6EB0764782500010002D8,4.6,Yes,mattress,0.0
8527007,ANCHOR_01,52:06:26:03:01:DA,-88,MFG_4C000215FDA50693A4E24FB1AFCFC6EB0764782500010002D8,4.6,Yes,mattress,0.0
8529017,ANCHOR_01,52:06:26:03:01:DA,-78,MFG_4C000215FDA50693A4E24FB1AFCFC6EB0764782500010002D8,4.6,Yes,mattress,0.0
8530007,ANCHOR_01,52:06:26:03:01:DA,-79,MFG_4C000215FDA50693A4E24FB1AFCFC6EB0764782500010002D8,4.6,Yes,mattress,0.0
8531027,ANCHOR_01,52:06:26:03:01:DA,-78,MFG_4C000215FDA50693A4E24FB1AFCFC6EB0764782500010002D8,4.6,Yes,mattress,0.0
8532017,ANCHOR_01,52:06:26:03:01:DA,-79,MFG_4C000215FDA50693A4E24FB1AFCFC6EB0764782500010002D8,4.6,Yes,mattress,0.0
8533037,ANCHOR_01,52:06:26:03:01:DA,-85,MFG_4C000215FDA50693A4E24FB1AFCFC6EB0764782500010002D8,4.6,Yes,mattress,0.0
8535047,ANCHOR_01,52:06:26:03:01:DA,-79,MFG_4C000215FDA50693A4E24FB1AFCFC6EB0764782500010002D8,4.6,Yes,mattress,0.0
8536067,ANCHOR_01,52:06:26:03:01:DA,-79,MFG_4C000215FDA50693A4E24FB1AFCFC6EB0764782500010002D8,4.6,Yes,mattress,0.0
8537047,ANCHOR_01,52:06:26:03:01:DA,-78,MFG_4C000215FDA50693A4E24FB1AFCFC6EB0764782500010002D8,4.6,Yes,mattress,0.0
8538077,ANCHOR_01,52:06:26:03:01:DA,-87,MFG_4C000215FDA50693A4E24FB1AFCFC6EB0764782500010002D8,4.6,Yes,mattress,0.0
8540077,ANCHOR_01,52:06:26:03:01:DA,-79,MFG_4C000215FDA50693A4E24FB1AFCFC6EB0764782500010002D8,4.6,Yes,mattress,0.0
8542097,ANCHOR_01,52:06:26:03:01:DA,-78,MFG_4C000215FDA50693A4E24FB1AFCFC6EB0764782500010002D8,4.6,Yes,mattress,0.0
8543097,ANCHOR_01,52:06:26:03:01:DA,-84,MFG_4C000215FDA50693A4E24FB1AFCFC6EB0764782500010002D8,4.6,Yes,mattress,0.0
8544107,ANCHOR_01,52:06:26:03:01:DA,-85,MFG_4C000215FDA50693A4E24FB1AFCFC6EB0764782500010002D8,4.6,Yes,mattress,0.0
8546117,ANCHOR_01,52:06:26:03:01:DA,-78,MFG_4C000215FDA50693A4E24FB1AFCFC6EB0764782500010002D8,4.6,Yes,mattress,0.0
8547107,ANCHOR_01,52:06:26:03:01:DA,-78,MFG_4C000215FDA50693A4E24FB1AFCFC6EB0764782500010002D8,4.6,Yes,mattress,0.0
8548127,ANCHOR_01,52:06:26:03:01:DA,-78,MFG_4C000215FDA50693A4E24FB1AFCFC6EB0764782500010002D8,4.6,Yes,mattress,0.0
8549117,ANCHOR_01,52:06:26:03:01:DA,-79,MFG_4C000215FDA50693A4E24FB1AFCFC6EB0764782500010002D8,4.6,Yes,mattress,0.0
8550117,ANCHOR_01,52:06:26:03:01:DA,-87,MFG_4C000215FDA50693A4E24FB1AFCFC6EB0764782500010002D8,4.6,Yes,mattress,0.0
8551127,ANCHOR_01,52:06:26:03:01:DA,-85,MFG_4C000215FDA50693A4E24FB1AFCFC6EB0764782500010002D8,4.6,Yes,mattress,0.0
8552117,ANCHOR_01,52:06:26:03:01:DA,-87,MFG_4C000215FDA50693A4E24FB1AFCFC6EB0764782500010002D8,4.6,Yes,mattress,0.0
8553137,ANCHOR_01,52:06:26:03:01:DA,-79,MFG_4C000215FDA50693A4E24FB1AFCFC6EB0764782500010002D8,4.6,Yes,mattress,0.0
8554127,ANCHOR_01,52:06:26:03:01:DA,-78,MFG_4C000215FDA50693A4E24FB1AFCFC6EB0764782500010002D8,4.6,Yes,mattress,0.0
8555147,ANCHOR_01,52:06:26:03:01:DA,-79,MFG_4C000215FDA50693A4E24FB1AFCFC6EB0764782500010002D8,4.6,Yes,mattress,0.0
8556137,ANCHOR_01,52:06:26:03:01:DA,-78,MFG_4C000215FDA50693A4E24FB1AFCFC6EB0764782500010002D8,4.6,Yes,mattress,0.0
8557157,ANCHOR_01,52:06:26:03:01:DA,-87,MFG_4C000215FDA50693A4E24FB1AFCFC6EB0764782500010002D8,4.6,Yes,mattress,0.0
8559167,ANCHOR_01,52:06:26:03:01:DA,-79,MFG_4C000215FDA50693A4E24FB1AFCFC6EB0764782500010002D8,4.6,Yes,mattress,0.0
8560157,ANCHOR_01,52:06:26:03:01:DA,-79,MFG_4C000215FDA50693A4E24FB1AFCFC6EB0764782500010002D8,4.6,Yes,mattress,0.0
8561177,ANCHOR_01,52:06:26:03:01:DA,-78,MFG_4C000215FDA50693A4E24FB1AFCFC6EB0764782500010002D8,4.6,Yes,mattress,0.0
8562167,ANCHOR_01,52:06:26:03:01:DA,-79,MFG_4C000215FDA50693A4E24FB1AFCFC6EB0764782500010002D8,4.6,Yes,mattress,0.0
8563177,ANCHOR_01,52:06:26:03:01:DA,-86,MFG_4C000215FDA50693A4E24FB1AFCFC6EB0764782500010002D8,4.6,Yes,mattress,0.0
8565197,ANCHOR_01,52:06:26:03:01:DA,-78,MFG_4C000215FDA50693A4E24FB1AFCFC6EB0764782500010002D8,4.6,Yes,mattress,0.0
8566187,ANCHOR_01,52:06:26:03:01:DA,-79,MFG_4C000215FDA50693A4E24FB1AFCFC6EB0764782500010002D8,4.6,Yes,mattress,0.0
8567207,ANCHOR_01,52:06:26:03:01:DA,-79,MFG_4C000215FDA50693A4E24FB1AFCFC6EB0764782500010002D8,4.6,Yes,mattress,0.0
8569217,ANCHOR_01,52:06:26:03:01:DA,-85,MFG_4C000215FDA50693A4E24FB1AFCFC6EB0764782500010002D8,4.6,Yes,mattress,0.0
8571227,ANCHOR_01,52:06:26:03:01:DA,-79,MFG_4C000215FDA50693A4E24FB1AFCFC6EB0764782500010002D8,4.6,Yes,mattress,0.0
8573237,ANCHOR_01,52:06:26:03:01:DA,-78,MFG_4C000215FDA50693A4E24FB1AFCFC6EB0764782500010002D8,4.6,Yes,mattress,0.0
8574217,ANCHOR_01,52:06:26:03:01:DA,-79,MFG_4C000215FDA50693A4E24FB1AFCFC6EB0764782500010002D8,4.6,Yes,mattress,0.0
8575237,ANCHOR_01,52:06:26:03:01:DA,-85,MFG_4C000215FDA50693A4E24FB1AFCFC6EB0764782500010002D8,4.6,Yes,mattress,0.0
8577257,ANCHOR_01,52:06:26:03:01:DA,-79,MFG_4C000215FDA50693A4E24FB1AFCFC6EB0764782500010002D8,4.6,Yes,mattress,0.0
8579267,ANCHOR_01,52:06:26:03:01:DA,-78,MFG_4C000215FDA50693A4E24FB1AFCFC6EB0764782500010002D8,4.6,Yes,mattress,0.0
8580257,ANCHOR_01,52:06:26:03:01:DA,-78,MFG_4C000215FDA50693A4E24FB1AFCFC6EB0764782500010002D8,4.6,Yes,mattress,0.0
8581277,ANCHOR_01,52:06:26:03:01:DA,-85,MFG_4C000215FDA50693A4E24FB1AFCFC6EB0764782500010002D8,4.6,Yes,mattress,0.0
8582267,ANCHOR_01,52:06:26:03:01:DA,-88,MFG_4C000215FDA50693A4E24FB1AFCFC6EB0764782500010002D8,4.6,Yes,mattress,0.0
8583287,ANCHOR_01,52:06:26:03:01:DA,-78,MFG_4C000215FDA50693A4E24FB1AFCFC6EB0764782500010002D8,4.6,Yes,mattress,0.0
8584277,ANCHOR_01,52:06:26:03:01:DA,-79,MFG_4C000215FDA50693A4E24FB1AFCFC6EB0764782500010002D8,4.6,Yes,mattress,0.0
8585297,ANCHOR_01,52:06:26:03:01:DA,-78,MFG_4C000215FDA50693A4E24FB1AFCFC6EB0764782500010002D8,4.6,Yes,mattress,0.0
8586277,ANCHOR_01,52:06:26:03:01:DA,-79,MFG_4C000215FDA50693A4E24FB1AFCFC6EB0764782500010002D8,4.6,Yes,mattress,0.0
8587307,ANCHOR_01,52:06:26:03:01:DA,-88,MFG_4C000215FDA50693A4E24FB1AFCFC6EB0764782500010002D8,4.6,Yes,mattress,0.0
8588297,ANCHOR_01,52:06:26:03:01:DA,-85,MFG_4C000215FDA50693A4E24FB1AFCFC6EB0764782500010002D8,4.6,Yes,mattress,0.0
8590307,ANCHOR_01,52:06:26:03:01:DA,-79,MFG_4C000215FDA50693A4E24FB1AFCFC6EB0764782500010002D8,4.6,Yes,mattress,0.0
8591297,ANCHOR_01,52:06:26:03:01:DA,-78,MFG_4C000215FDA50693A4E24FB1AFCFC6EB0764782500010002D8,4.6,Yes,mattress,0.0
8592317,ANCHOR_01,52:06:26:03:01:DA,-78,MFG_4C000215FDA50693A4E24FB1AFCFC6EB0764782500010002D8,4.6,Yes,mattress,0.0
8593307,ANCHOR_01,52:06:26:03:01:DA,-78,MFG_4C000215FDA50693A4E24FB1AFCFC6EB0764782500010002D8,4.6,Yes,mattress,0.0
8594327,ANCHOR_01,52:06:26:03:01:DA,-87,MFG_4C000215FDA50693A4E24FB1AFCFC6EB0764782500010002D8,4.6,Yes,mattress,0.0
8596337,ANCHOR_01,52:06:26:03:01:DA,-79,MFG_4C000215FDA50693A4E24FB1AFCFC6EB0764782500010002D8,4.6,Yes,mattress,0.0
8597357,ANCHOR_01,52:06:26:03:01:DA,-80,MFG_4C000215FDA50693A4E24FB1AFCFC6EB0764782500010002D8,4.6,Yes,mattress,0.0
8598337,ANCHOR_01,52:06:26:03:01:DA,-78,MFG_4C000215FDA50693A4E24FB1AFCFC6EB0764782500010002D8,4.6,Yes,mattress,0.0
8599337,ANCHOR_01,52:06:26:03:01:DA,-78,MFG_4C000215FDA50693A4E24FB1AFCFC6EB0764782500010002D8,4.6,Yes,mattress,0.0
8600337,ANCHOR_01,52:06:26:03:01:DA,-85,MFG_4C000215FDA50693A4E24FB1AFCFC6EB0764782500010002D8,4.6,Yes,mattress,0.0
8601377,ANCHOR_01,52:06:26:03:01:DA,-78,MFG_4C000215FDA50693A4E24FB1AFCFC6EB0764782500010002D8,4.6,Yes,mattress,0.0
8602367,ANCHOR_01,52:06:26:03:01:DA,-78,MFG_4C000215FDA50693A4E24FB1AFCFC6EB0764782500010002D8,4.6,Yes,mattress,0.0
8603387,ANCHOR_01,52:06:26:03:01:DA,-78,MFG_4C000215FDA50693A4E24FB1AFCFC6EB0764782500010002D8,4.6,Yes,mattress,0.0
8604377,ANCHOR_01,52:06:26:03:01:DA,-78,MFG_4C000215FDA50693A4E24FB1AFCFC6EB0764782500010002D8,4.6,Yes,mattress,0.0
8606387,ANCHOR_01,52:06:26:03:01:DA,-87,MFG_4C000215FDA50693A4E24FB1AFCFC6EB0764782500010002D8,4.6,Yes,mattress,0.0
8608397,ANCHOR_01,52:06:26:03:01:DA,-78,MFG_4C000215FDA50693A4E24FB1AFCFC6EB0764782500010002D8,4.6,Yes,mattress,0.0
8609387,ANCHOR_01,52:06:26:03:01:DA,-78,MFG_4C000215FDA50693A4E24FB1AFCFC6EB0764782500010002D8,4.6,Yes,mattress,0.0
8610407,ANCHOR_01,52:06:26:03:01:DA,-78,MFG_4C000215FDA50693A4E24FB1AFCFC6EB0764782500010002D8,4.6,Yes,mattress,0.0
8611427,ANCHOR_01,52:06:26:03:01:DA,-85,MFG_4C000215FDA50693A4E24FB1AFCFC6EB0764782500010002D8,4.6,Yes,mattress,0.0
8612407,ANCHOR_01,52:06:26:03:01:DA,-86,MFG_4C000215FDA50693A4E24FB1AFCFC6EB0764782500010002D8,4.6,Yes,mattress,0.0
8614417,ANCHOR_01,52:06:26:03:01:DA,-79,MFG_4C000215FDA50693A4E24FB1AFCFC6EB0764782500010002D8,4.6,Yes,mattress,0.0
8615447,ANCHOR_01,52:06:26:03:01:DA,-79,MFG_4C000215FDA50693A4E24FB1AFCFC6EB0764782500010002D8,4.6,Yes,mattress,0.0
8616437,ANCHOR_01,52:06:26:03:01:DA,-79,MFG_4C000215FDA50693A4E24FB1AFCFC6EB0764782500010002D8,4.6,Yes,mattress,0.0
8617447,ANCHOR_01,52:06:26:03:01:DA,-87,MFG_4C000215FDA50693A4E24FB1AFCFC6EB0764782500010002D8,4.6,Yes,mattress,0.0
8618447,ANCHOR_01,52:06:26:03:01:DA,-86,MFG_4C000215FDA50693A4E24FB1AFCFC6EB0764782500010002D8,4.6,Yes,mattress,0.0
8619467,ANCHOR_01,52:06:26:03:01:DA,-79,MFG_4C000215FDA50693A4E24FB1AFCFC6EB0764782500010002D8,4.6,Yes,mattress,0.0
8620457,ANCHOR_01,52:06:26:03:01:DA,-79,MFG_4C000215FDA50693A4E24FB1AFCFC6EB0764782500010002D8,4.6,Yes,mattress,0.0
8621477,ANCHOR_01,52:06:26:03:01:DA,-78,MFG_4C000215FDA50693A4E24FB1AFCFC6EB0764782500010002D8,4.6,Yes,mattress,0.0
8622467,ANCHOR_01,52:06:26:03:01:DA,-78,MFG_4C000215FDA50693A4E24FB1AFCFC6EB0764782500010002D8,4.6,Yes,mattress,0.0
8623487,ANCHOR_01,52:06:26:03:01:DA,-84,MFG_4C000215FDA50693A4E24FB1AFCFC6EB0764782500010002D8,4.6,Yes,mattress,0.0
8624477,ANCHOR_01,52:06:26:03:01:DA,-86,MFG_4C000215FDA50693A4E24FB1AFCFC6EB0764782500010002D8,4.6,Yes,mattress,0.0
8625497,ANCHOR_01,52:06:26:03:01:DA,-78,MFG_4C000215FDA50693A4E24FB1AFCFC6EB0764782500010002D8,4.6,Yes,mattress,0.0
8626487,ANCHOR_01,52:06:26:03:01:DA,-79,MFG_4C000215FDA50693A4E24FB1AFCFC6EB0764782500010002D8,4.6,Yes,mattress,0.0
8628497,ANCHOR_01,52:06:26:03:01:DA,-78,MFG_4C000215FDA50693A4E24FB1AFCFC6EB0764782500010002D8,4.6,Yes,mattress,0.0
8629517,ANCHOR_01,52:06:26:03:01:DA,-86,MFG_4C000215FDA50693A4E24FB1AFCFC6EB0764782500010002D8,4.6,Yes,mattress,0.0
8630507,ANCHOR_01,52:06:26:03:01:DA,-86,MFG_4C000215FDA50693A4E24FB1AFCFC6EB0764782500010002D8,4.6,Yes,mattress,0.0
8631527,ANCHOR_01,52:06:26:03:01:DA,-79,MFG_4C000215FDA50693A4E24FB1AFCFC6EB0764782500010002D8,4.6,Yes,mattress,0.0
8632507,ANCHOR_01,52:06:26:03:01:DA,-79,MFG_4C000215FDA50693A4E24FB1AFCFC6EB0764782500010002D8,4.6,Yes,mattress,0.0
8633537,ANCHOR_01,52:06:26:03:01:DA,-78,MFG_4C000215FDA50693A4E24FB1AFCFC6EB0764782500010002D8,4.6,Yes,mattress,0.0
8634527,ANCHOR_01,52:06:26:03:01:DA,-78,MFG_4C000215FDA50693A4E24FB1AFCFC6EB0764782500010002D8,4.6,Yes,mattress,0.0
8635537,ANCHOR_01,52:06:26:03:01:DA,-88,MFG_4C000215FDA50693A4E24FB1AFCFC6EB0764782500010002D8,4.6,Yes,mattress,0.0
8636537,ANCHOR_01,52:06:26:03:01:DA,-88,MFG_4C000215FDA50693A4E24FB1AFCFC6EB0764782500010002D8,4.6,Yes,mattress,0.0
8637557,ANCHOR_01,52:06:26:03:01:DA,-79,MFG_4C000215FDA50693A4E24FB1AFCFC6EB0764782500010002D8,4.6,Yes,mattress,0.0
8638547,ANCHOR_01,52:06:26:03:01:DA,-78,MFG_4C000215FDA50693A4E24FB1AFCFC6EB0764782500010002D8,4.6,Yes,mattress,0.0
8639547,ANCHOR_01,52:06:26:03:01:DA,-78,MFG_4C000215FDA50693A4E24FB1AFCFC6EB0764782500010002D8,4.6,Yes,mattress,0.0
8640557,ANCHOR_01,52:06:26:03:01:DA,-79,MFG_4C000215FDA50693A4E24FB1AFCFC6EB0764782500010002D8,4.6,Yes,mattress,0.0
8641577,ANCHOR_01,52:06:26:03:01:DA,-87,MFG_4C000215FDA50693A4E24FB1AFCFC6EB0764782500010002D8,4.6,Yes,mattress,0.0
8642567,ANCHOR_01,52:06:26:03:01:DA,-85,MFG_4C000215FDA50693A4E24FB1AFCFC6EB0764782500010002D8,4.6,Yes,mattress,0.0
8644577,ANCHOR_01,52:06:26:03:01:DA,-79,MFG_4C000215FDA50693A4E24FB1AFCFC6EB0764782500010002D8,4.6,Yes,mattress,0.0
8645597,ANCHOR_01,52:06:26:03:01:DA,-78,MFG_4C000215FDA50693A4E24FB1AFCFC6EB0764782500010002D8,4.6,Yes,mattress,0.0
8646587,ANCHOR_01,52:06:26:03:01:DA,-78,MFG_4C000215FDA50693A4E24FB1AFCFC6EB0764782500010002D8,4.6,Yes,mattress,0.0
8647607,ANCHOR_01,52:06:26:03:01:DA,-89,MFG_4C000215FDA50693A4E24FB1AFCFC6EB0764782500010002D8,4.6,Yes,mattress,0.0
8648597,ANCHOR_01,52:06:26:03:01:DA,-87,MFG_4C000215FDA50693A4E24FB1AFCFC6EB0764782500010002D8,4.6,Yes,mattress,0.0
8649617,ANCHOR_01,52:06:26:03:01:DA,-79,MFG_4C000215FDA50693A4E24FB1AFCFC6EB0764782500010002D8,4.6,Yes,mattress,0.0
8650607,ANCHOR_01,52:06:26:03:01:DA,-78,MFG_4C000215FDA50693A4E24FB1AFCFC6EB0764782500010002D8,4.6,Yes,mattress,0.0
8651607,ANCHOR_01,52:06:26:03:01:DA,-78,MFG_4C000215FDA50693A4E24FB1AFCFC6EB0764782500010002D8,4.6,Yes,mattress,0.0
8653637,ANCHOR_01,52:06:26:03:01:DA,-86,MFG_4C000215FDA50693A4E24FB1AFCFC6EB0764782500010002D8,4.6,Yes,mattress,0.0
8654627,ANCHOR_01,52:06:26:03:01:DA,-89,MFG_4C000215FDA50693A4E24FB1AFCFC6EB0764782500010002D8,4.6,Yes,mattress,0.0
8655647,ANCHOR_01,52:06:26:03:01:DA,-78,MFG_4C000215FDA50693A4E24FB1AFCFC6EB0764782500010002D8,4.6,Yes,mattress,0.0
8656637,ANCHOR_01,52:06:26:03:01:DA,-78,MFG_4C000215FDA50693A4E24FB1AFCFC6EB0764782500010002D8,4.6,Yes,mattress,0.0
8657657,ANCHOR_01,52:06:26:03:01:DA,-78,MFG_4C000215FDA50693A4E24FB1AFCFC6EB0764782500010002D8,4.6,Yes,mattress,0.0
8658647,ANCHOR_01,52:06:26:03:01:DA,-78,MFG_4C000215FDA50693A4E24FB1AFCFC6EB0764782500010002D8,4.6,Yes,mattress,0.0
8659667,ANCHOR_01,52:06:26:03:01:DA,-85,MFG_4C000215FDA50693A4E24FB1AFCFC6EB0764782500010002D8,4.6,Yes,mattress,0.0
8661677,ANCHOR_01,52:06:26:03:01:DA,-79,MFG_4C000215FDA50693A4E24FB1AFCFC6EB0764782500010002D8,4.6,Yes,mattress,0.0
8662667,ANCHOR_01,52:06:26:03:01:DA,-78,MFG_4C000215FDA50693A4E24FB1AFCFC6EB0764782500010002D8,4.6,Yes,mattress,0.0
8663687,ANCHOR_01,52:06:26:03:01:DA,-79,MFG_4C000215FDA50693A4E24FB1AFCFC6EB0764782500010002D8,4.6,Yes,mattress,0.0
8664707,ANCHOR_01,52:06:26:03:01:DA,-84,MFG_4C000215FDA50693A4E24FB1AFCFC6EB0764782500010002D8,4.6,Yes,mattress,0.0
8665697,ANCHOR_01,52:06:26:03:01:DA,-87,MFG_4C000215FDA50693A4E24FB1AFCFC6EB0764782500010002D8,4.6,Yes,mattress,0.0
8666717,ANCHOR_01,52:06:26:03:01:DA,-79,MFG_4C000215FDA50693A4E24FB1AFCFC6EB0764782500010002D8,4.6,Yes,mattress,0.0
8667697,ANCHOR_01,52:06:26:03:01:DA,-79,MFG_4C000215FDA50693A4E24FB1AFCFC6EB0764782500010002D8,4.6,Yes,mattress,0.0
8668697,ANCHOR_01,52:06:26:03:01:DA,-79,MFG_4C000215FDA50693A4E24FB1AFCFC6EB0764782500010002D8,4.6,Yes,mattress,0.0
8669717,ANCHOR_01,52:06:26:03:01:DA,-79,MFG_4C000215FDA50693A4E24FB1AFCFC6EB0764782500010002D8,4.6,Yes,mattress,0.0
8671727,ANCHOR_01,52:06:26:03:01:DA,-85,MFG_4C000215FDA50693A4E24FB1AFCFC6EB0764782500010002D8,4.6,Yes,mattress,0.0
8673727,ANCHOR_01,52:06:26:03:01:DA,-79,MFG_4C000215FDA50693A4E24FB1AFCFC6EB0764782500010002D8,4.6,Yes,mattress,0.0
8675737,ANCHOR_01,52:06:26:03:01:DA,-80,MFG_4C000215FDA50693A4E24FB1AFCFC6EB0764782500010002D8,4.6,Yes,mattress,0.0
8676737,ANCHOR_01,52:06:26:03:01:DA,-78,MFG_4C000215FDA50693A4E24FB1AFCFC6EB0764782500010002D8,4.6,Yes,mattress,0.0
8677757,ANCHOR_01,52:06:26:03:01:DA,-88,MFG_4C000215FDA50693A4E24FB1AFCFC6EB0764782500010002D8,4.6,Yes,mattress,0.0
8679767,ANCHOR_01,52:06:26:03:01:DA,-78,MFG_4C000215FDA50693A4E24FB1AFCFC6EB0764782500010002D8,4.6,Yes,mattress,0.0
8680757,ANCHOR_01,52:06:26:03:01:DA,-79,MFG_4C000215FDA50693A4E24FB1AFCFC6EB0764782500010002D8,4.6,Yes,mattress,0.0
8681777,ANCHOR_01,52:06:26:03:01:DA,-78,MFG_4C000215FDA50693A4E24FB1AFCFC6EB0764782500010002D8,4.6,Yes,mattress,0.0
8682757,ANCHOR_01,52:06:26:03:01:DA,-78,MFG_4C000215FDA50693A4E24FB1AFCFC6EB0764782500010002D8,4.6,Yes,mattress,0.0
8683787,ANCHOR_01,52:06:26:03:01:DA,-86,MFG_4C000215FDA50693A4E24FB1AFCFC6EB0764782500010002D8,4.6,Yes,mattress,0.0
8684777,ANCHOR_01,52:06:26:03:01:DA,-88,MFG_4C000215FDA50693A4E24FB1AFCFC6EB0764782500010002D8,4.6,Yes,mattress,0.0
8685797,ANCHOR_01,52:06:26:03:01:DA,-78,MFG_4C000215FDA50693A4E24FB1AFCFC6EB0764782500010002D8,4.6,Yes,mattress,0.0
8686787,ANCHOR_01,52:06:26:03:01:DA,-79,MFG_4C000215FDA50693A4E24FB1AFCFC6EB0764782500010002D8,4.6,Yes,mattress,0.0
8687787,ANCHOR_01,52:06:26:03:01:DA,-79,MFG_4C000215FDA50693A4E24FB1AFCFC6EB0764782500010002D8,4.6,Yes,mattress,0.0
8688797,ANCHOR_01,52:06:26:03:01:DA,-78,MFG_4C000215FDA50693A4E24FB1AFCFC6EB0764782500010002D8,4.6,Yes,mattress,0.0
8689817,ANCHOR_01,52:06:26:03:01:DA,-87,MFG_4C000215FDA50693A4E24FB1AFCFC6EB0764782500010002D8,4.6,Yes,mattress,0.0
8690807,ANCHOR_01,52:06:26:03:01:DA,-87,MFG_4C000215FDA50693A4E24FB1AFCFC6EB0764782500010002D8,4.6,Yes,mattress,0.0
8692817,ANCHOR_01,52:06:26:03:01:DA,-79,MFG_4C000215FDA50693A4E24FB1AFCFC6EB0764782500010002D8,4.6,Yes,mattress,0.0
8693837,ANCHOR_01,52:06:26:03:01:DA,-78,MFG_4C000215FDA50693A4E24FB1AFCFC6EB0764782500010002D8,4.6,Yes,mattress,0.0
8694827,ANCHOR_01,52:06:26:03:01:DA,-79,MFG_4C000215FDA50693A4E24FB1AFCFC6EB0764782500010002D8,4.6,Yes,mattress,0.0
8695847,ANCHOR_01,52:06:26:03:01:DA,-85,MFG_4C000215FDA50693A4E24FB1AFCFC6EB0764782500010002D8,4.6,Yes,mattress,0.0
8696837,ANCHOR_01,52:06:26:03:01:DA,-85,MFG_4C000215FDA50693A4E24FB1AFCFC6EB0764782500010002D8,4.6,Yes,mattress,0.0
8697857,ANCHOR_01,52:06:26:03:01:DA,-79,MFG_4C000215FDA50693A4E24FB1AFCFC6EB0764782500010002D8,4.6,Yes,mattress,0.0
8698847,ANCHOR_01,52:06:26:03:01:DA,-78,MFG_4C000215FDA50693A4E24FB1AFCFC6EB0764782500010002D8,4.6,Yes,mattress,0.0
8699867,ANCHOR_01,52:06:26:03:01:DA,-79,MFG_4C000215FDA50693A4E24FB1AFCFC6EB0764782500010002D8,4.6,Yes,mattress,0.0
8700857,ANCHOR_01,52:06:26:03:01:DA,-79,MFG_4C000215FDA50693A4E24FB1AFCFC6EB0764782500010002D8,4.6,Yes,mattress,0.0
8701877,ANCHOR_01,52:06:26:03:01:DA,-88,MFG_4C000215FDA50693A4E24FB1AFCFC6EB0764782500010002D8,4.6,Yes,mattress,0.0
8703887,ANCHOR_01,52:06:26:03:01:DA,-78,MFG_4C000215FDA50693A4E24FB1AFCFC6EB0764782500010002D8,4.6,Yes,mattress,0.0
8704877,ANCHOR_01,52:06:26:03:01:DA,-79,MFG_4C000215FDA50693A4E24FB1AFCFC6EB0764782500010002D8,4.6,Yes,mattress,0.0
8705877,ANCHOR_01,52:06:26:03:01:DA,-78,MFG_4C000215FDA50693A4E24FB1AFCFC6EB0764782500010002D8,4.6,Yes,mattress,0.0
8706887,ANCHOR_01,52:06:26:03:01:DA,-79,MFG_4C000215FDA50693A4E24FB1AFCFC6EB0764782500010002D8,4.6,Yes,mattress,0.0
8707907,ANCHOR_01,52:06:26:03:01:DA,-86,MFG_4C000215FDA50693A4E24FB1AFCFC6EB0764782500010002D8,4.6,Yes,mattress,0.0
8708897,ANCHOR_01,52:06:26:03:01:DA,-85,MFG_4C000215FDA50693A4E24FB1AFCFC6EB0764782500010002D8,4.6,Yes,mattress,0.0
8709917,ANCHOR_01,52:06:26:03:01:DA,-79,MFG_4C000215FDA50693A4E24FB1AFCFC6EB0764782500010002D8,4.6,Yes,mattress,0.0
8710907,ANCHOR_01,52:06:26:03:01:DA,-78,MFG_4C000215FDA50693A4E24FB1AFCFC6EB0764782500010002D8,4.6,Yes,mattress,0.0
8711927,ANCHOR_01,52:06:26:03:01:DA,-79,MFG_4C000215FDA50693A4E24FB1AFCFC6EB0764782500010002D8,4.6,Yes,mattress,0.0
8712917,ANCHOR_01,52:06:26:03:01:DA,-79,MFG_4C000215FDA50693A4E24FB1AFCFC6EB0764782500010002D8,4.6,Yes,mattress,0.0
8713937,ANCHOR_01,52:06:26:03:01:DA,-85,MFG_4C000215FDA50693A4E24FB1AFCFC6EB0764782500010002D8,4.6,Yes,mattress,0.0
8715927,ANCHOR_01,52:06:26:03:01:DA,-79,MFG_4C000215FDA50693A4E24FB1AFCFC6EB0764782500010002D8,4.6,Yes,mattress,0.0
8716967,ANCHOR_01,52:06:26:03:01:DA,-78,MFG_4C000215FDA50693A4E24FB1AFCFC6EB0764782500010002D8,4.6,Yes,mattress,0.0
8717957,ANCHOR_01,52:06:26:03:01:DA,-79,MFG_4C000215FDA50693A4E24FB1AFCFC6EB0764782500010002D8,4.6,Yes,mattress,0.0
8718977,ANCHOR_01,52:06:26:03:01:DA,-86,MFG_4C000215FDA50693A4E24FB1AFCFC6EB0764782500010002D8,4.6,Yes,mattress,0.0
8719967,ANCHOR_01,52:06:26:03:01:DA,-85,MFG_4C000215FDA50693A4E24FB1AFCFC6EB0764782500010002D8,4.6,Yes,mattress,0.0
8720957,ANCHOR_01,52:06:26:03:01:DA,-85,MFG_4C000215FDA50693A4E24FB1AFCFC6EB0764782500010002D8,4.6,Yes,mattress,0.0
8721977,ANCHOR_01,52:06:26:03:01:DA,-79,MFG_4C000215FDA50693A4E24FB1AFCFC6EB0764782500010002D8,4.6,Yes,mattress,0.0
8722967,ANCHOR_01,52:06:26:03:01:DA,-78,MFG_4C000215FDA50693A4E24FB1AFCFC6EB0764782500010002D8,4.6,Yes,mattress,0.0
8723987,ANCHOR_01,52:06:26:03:01:DA,-78,MFG_4C000215FDA50693A4E24FB1AFCFC6EB0764782500010002D8,4.6,Yes,mattress,0.0
8725997,ANCHOR_01,52:06:26:03:01:DA,-85,MFG_4C000215FDA50693A4E24FB1AFCFC6EB0764782500010002D8,4.6,Yes,mattress,0.0
8727017,ANCHOR_01,52:06:26:03:01:DA,-78,MFG_4C000215FDA50693A4E24FB1AFCFC6EB0764782500010002D8,4.6,Yes,mattress,0.0
8728007,ANCHOR_01,52:06:26:03:01:DA,-79,MFG_4C000215FDA50693A4E24FB1AFCFC6EB0764782500010002D8,4.6,Yes,mattress,0.0
8729027,ANCHOR_01,52:06:26:03:01:DA,-79,MFG_4C000215FDA50693A4E24FB1AFCFC6EB0764782500010002D8,4.6,Yes,mattress,0.0
8730017,ANCHOR_01,52:06:26:03:01:DA,-78,MFG_4C000215FDA50693A4E24FB1AFCFC6EB0764782500010002D8,4.6,Yes,mattress,0.0
8731037,ANCHOR_01,52:06:26:03:01:DA,-85,MFG_4C000215FDA50693A4E24FB1AFCFC6EB0764782500010002D8,4.6,Yes,mattress,0.0
8732027,ANCHOR_01,52:06:26:03:01:DA,-87,MFG_4C000215FDA50693A4E24FB1AFCFC6EB0764782500010002D8,4.6,Yes,mattress,0.0
8734017,ANCHOR_01,52:06:26:03:01:DA,-79,MFG_4C000215FDA50693A4E24FB1AFCFC6EB0764782500010002D8,4.6,Yes,mattress,0.0
8736047,ANCHOR_01,52:06:26:03:01:DA,-79,MFG_4C000215FDA50693A4E24FB1AFCFC6EB0764782500010002D8,4.6,Yes,mattress,0.0
8737037,ANCHOR_01,52:06:26:03:01:DA,-78,MFG_4C000215FDA50693A4E24FB1AFCFC6EB0764782500010002D8,4.6,Yes,mattress,0.0
8738057,ANCHOR_01,52:06:26:03:01:DA,-85,MFG_4C000215FDA50693A4E24FB1AFCFC6EB0764782500010002D8,4.6,Yes,mattress,0.0
8739047,ANCHOR_01,52:06:26:03:01:DA,-84,MFG_4C000215FDA50693A4E24FB1AFCFC6EB0764782500010002D8,4.6,Yes,mattress,0.0
8740067,ANCHOR_01,52:06:26:03:01:DA,-79,MFG_4C000215FDA50693A4E24FB1AFCFC6EB0764782500010002D8,4.6,Yes,mattress,0.0
8741057,ANCHOR_01,52:06:26:03:01:DA,-78,MFG_4C000215FDA50693A4E24FB1AFCFC6EB0764782500010002D8,4.6,Yes,mattress,0.0
8742077,ANCHOR_01,52:06:26:03:01:DA,-79,MFG_4C000215FDA50693A4E24FB1AFCFC6EB0764782500010002D8,4.6,Yes,mattress,0.0
8743067,ANCHOR_01,52:06:26:03:01:DA,-78,MFG_4C000215FDA50693A4E24FB1AFCFC6EB0764782500010002D8,4.6,Yes,mattress,0.0
8744087,ANCHOR_01,52:06:26:03:01:DA,-89,MFG_4C000215FDA50693A4E24FB1AFCFC6EB0764782500010002D8,4.6,Yes,mattress,0.0
8746087,ANCHOR_01,52:06:26:03:01:DA,-79,MFG_4C000215FDA50693A4E24FB1AFCFC6EB0764782500010002D8,4.6,Yes,mattress,0.0
8747087,ANCHOR_01,52:06:26:03:01:DA,-78,MFG_4C000215FDA50693A4E24FB1AFCFC6EB0764782500010002D8,4.6,Yes,mattress,0.0
8748097,ANCHOR_01,52:06:26:03:01:DA,-79,MFG_4C000215FDA50693A4E24FB1AFCFC6EB0764782500010002D8,4.6,Yes,mattress,0.0
8749097,ANCHOR_01,52:06:26:03:01:DA,-78,MFG_4C000215FDA50693A4E24FB1AFCFC6EB0764782500010002D8,4.6,Yes,mattress,0.0
8750117,ANCHOR_01,52:06:26:03:01:DA,-86,MFG_4C000215FDA50693A4E24FB1AFCFC6EB0764782500010002D8,4.6,Yes,mattress,0.0
8751107,ANCHOR_01,52:06:26:03:01:DA,-87,MFG_4C000215FDA50693A4E24FB1AFCFC6EB0764782500010002D8,4.6,Yes,mattress,0.0
8752127,ANCHOR_01,52:06:26:03:01:DA,-78,MFG_4C000215FDA50693A4E24FB1AFCFC6EB0764782500010002D8,4.6,Yes,mattress,0.0
8753107,ANCHOR_01,52:06:26:03:01:DA,-78,MFG_4C000215FDA50693A4E24FB1AFCFC6EB0764782500010002D8,4.6,Yes,mattress,0.0
8754107,ANCHOR_01,52:06:26:03:01:DA,-79,MFG_4C000215FDA50693A4E24FB1AFCFC6EB0764782500010002D8,4.6,Yes,mattress,0.0
8755127,ANCHOR_01,52:06:26:03:01:DA,-78,MFG_4C000215FDA50693A4E24FB1AFCFC6EB0764782500010002D8,4.6,Yes,mattress,0.0
8756147,ANCHOR_01,52:06:26:03:01:DA,-89,MFG_4C000215FDA50693A4E24FB1AFCFC6EB0764782500010002D8,4.6,Yes,mattress,0.0
8757137,ANCHOR_01,52:06:26:03:01:DA,-89,MFG_4C000215FDA50693A4E24FB1AFCFC6EB0764782500010002D8,4.6,Yes,mattress,0.0
8759147,ANCHOR_01,52:06:26:03:01:DA,-79,MFG_4C000215FDA50693A4E24FB1AFCFC6EB0764782500010002D8,4.6,Yes,mattress,0.0
8760167,ANCHOR_01,52:06:26:03:01:DA,-79,MFG_4C000215FDA50693A4E24FB1AFCFC6EB0764782500010002D8,4.6,Yes,mattress,0.0
8761157,ANCHOR_01,52:06:26:03:01:DA,-79,MFG_4C000215FDA50693A4E24FB1AFCFC6EB0764782500010002D8,4.6,Yes,mattress,0.0
8762177,ANCHOR_01,52:06:26:03:01:DA,-85,MFG_4C000215FDA50693A4E24FB1AFCFC6EB0764782500010002D8,4.6,Yes,mattress,0.0
8763167,ANCHOR_01,52:06:26:03:01:DA,-86,MFG_4C000215FDA50693A4E24FB1AFCFC6EB0764782500010002D8,4.6,Yes,mattress,0.0
8765177,ANCHOR_01,52:06:26:03:01:DA,-78,MFG_4C000215FDA50693A4E24FB1AFCFC6EB0764782500010002D8,4.6,Yes,mattress,0.0
8767177,ANCHOR_01,52:06:26:03:01:DA,-78,MFG_4C000215FDA50693A4E24FB1AFCFC6EB0764782500010002D8,4.6,Yes,mattress,0.0
8769197,ANCHOR_01,52:06:26:03:01:DA,-85,MFG_4C000215FDA50693A4E24FB1AFCFC6EB0764782500010002D8,4.6,Yes,mattress,0.0
8770177,ANCHOR_01,52:06:26:03:01:DA,-85,MFG_4C000215FDA50693A4E24FB1AFCFC6EB0764782500010002D8,4.6,Yes,mattress,0.0
8771207,ANCHOR_01,52:06:26:03:01:DA,-79,MFG_4C000215FDA50693A4E24FB1AFCFC6EB0764782500010002D8,4.6,Yes,mattress,0.0
8772197,ANCHOR_01,52:06:26:03:01:DA,-79,MFG_4C000215FDA50693A4E24FB1AFCFC6EB0764782500010002D8,4.6,Yes,mattress,0.0
8773217,ANCHOR_01,52:06:26:03:01:DA,-78,MFG_4C000215FDA50693A4E24FB1AFCFC6EB0764782500010002D8,4.6,Yes,mattress,0.0
8774207,ANCHOR_01,52:06:26:03:01:DA,-79,MFG_4C000215FDA50693A4E24FB1AFCFC6EB0764782500010002D8,4.6,Yes,mattress,0.0
8775207,ANCHOR_01,52:06:26:03:01:DA,-87,MFG_4C000215FDA50693A4E24FB1AFCFC6EB0764782500010002D8,4.6,Yes,mattress,0.0
8776217,ANCHOR_01,52:06:26:03:01:DA,-84,MFG_4C000215FDA50693A4E24FB1AFCFC6EB0764782500010002D8,4.6,Yes,mattress,0.0
8777237,ANCHOR_01,52:06:26:03:01:DA,-78,MFG_4C000215FDA50693A4E24FB1AFCFC6EB0764782500010002D8,4.6,Yes,mattress,0.0
8778227,ANCHOR_01,52:06:26:03:01:DA,-79,MFG_4C000215FDA50693A4E24FB1AFCFC6EB0764782500010002D8,4.6,Yes,mattress,0.0
8779247,ANCHOR_01,52:06:26:03:01:DA,-79,MFG_4C000215FDA50693A4E24FB1AFCFC6EB0764782500010002D8,4.6,Yes,mattress,0.0
8780237,ANCHOR_01,52:06:26:03:01:DA,-78,MFG_4C000215FDA50693A4E24FB1AFCFC6EB0764782500010002D8,4.6,Yes,mattress,0.0
8781257,ANCHOR_01,52:06:26:03:01:DA,-87,MFG_4C000215FDA50693A4E24FB1AFCFC6EB0764782500010002D8,4.6,Yes,mattress,0.0
8783257,ANCHOR_01,52:06:26:03:01:DA,-79,MFG_4C000215FDA50693A4E24FB1AFCFC6EB0764782500010002D8,4.6,Yes,mattress,0.0
8784257,ANCHOR_01,52:06:26:03:01:DA,-78,MFG_4C000215FDA50693A4E24FB1AFCFC6EB0764782500010002D8,4.6,Yes,mattress,0.0
8785277,ANCHOR_01,52:06:26:03:01:DA,-78,MFG_4C000215FDA50693A4E24FB1AFCFC6EB0764782500010002D8,4.6,Yes,mattress,0.0
8786267,ANCHOR_01,52:06:26:03:01:DA,-79,MFG_4C000215FDA50693A4E24FB1AFCFC6EB0764782500010002D8,4.6,Yes,mattress,0.0
8787287,ANCHOR_01,52:06:26:03:01:DA,-87,MFG_4C000215FDA50693A4E24FB1AFCFC6EB0764782500010002D8,4.6,Yes,mattress,0.0
8788277,ANCHOR_01,52:06:26:03:01:DA,-89,MFG_4C000215FDA50693A4E24FB1AFCFC6EB0764782500010002D8,4.6,Yes,mattress,0.0
8789267,ANCHOR_01,52:06:26:03:01:DA,-86,MFG_4C000215FDA50693A4E24FB1AFCFC6EB0764782500010002D8,4.6,Yes,mattress,0.0
8790287,ANCHOR_01,52:06:26:03:01:DA,-78,MFG_4C000215FDA50693A4E24FB1AFCFC6EB0764782500010002D8,4.6,Yes,mattress,0.0
8791277,ANCHOR_01,52:06:26:03:01:DA,-78,MFG_4C000215FDA50693A4E24FB1AFCFC6EB0764782500010002D8,4.6,Yes,mattress,0.0
8792277,ANCHOR_01,52:06:26:03:01:DA,-78,MFG_4C000215FDA50693A4E24FB1AFCFC6EB0764782500010002D8,4.6,Yes,mattress,0.0
8793287,ANCHOR_01,52:06:26:03:01:DA,-78,MFG_4C000215FDA50693A4E24FB1AFCFC6EB0764782500010002D8,4.6,Yes,mattress,0.0
8794307,ANCHOR_01,52:06:26:03:01:DA,-85,MFG_4C000215FDA50693A4E24FB1AFCFC6EB0764782500010002D8,4.6,Yes,mattress,0.0
8795297,ANCHOR_01,52:06:26:03:01:DA,-86,MFG_4C000215FDA50693A4E24FB1AFCFC6EB0764782500010002D8,4.6,Yes,mattress,0.0
8796317,ANCHOR_01,52:06:26:03:01:DA,-79,MFG_4C000215FDA50693A4E24FB1AFCFC6EB0764782500010002D8,4.6,Yes,mattress,0.0
8798327,ANCHOR_01,52:06:26:03:01:DA,-78,MFG_4C000215FDA50693A4E24FB1AFCFC6EB0764782500010002D8,4.6,Yes,mattress,0.0
8799347,ANCHOR_01,52:06:26:03:01:DA,-85,MFG_4C000215FDA50693A4E24FB1AFCFC6EB0764782500010002D8,4.6,Yes,mattress,0.0
8800337,ANCHOR_01,52:06:26:03:01:DA,-85,MFG_4C000215FDA50693A4E24FB1AFCFC6EB0764782500010002D8,4.6,Yes,mattress,0.0
8802347,ANCHOR_01,52:06:26:03:01:DA,-78,MFG_4C000215FDA50693A4E24FB1AFCFC6EB0764782500010002D8,4.6,Yes,mattress,0.0
8803337,ANCHOR_01,52:06:26:03:01:DA,-79,MFG_4C000215FDA50693A4E24FB1AFCFC6EB0764782500010002D8,4.6,Yes,mattress,0.0
8804337,ANCHOR_01,52:06:26:03:01:DA,-78,MFG_4C000215FDA50693A4E24FB1AFCFC6EB0764782500010002D8,4.6,Yes,mattress,0.0
8805347,ANCHOR_01,52:06:26:03:01:DA,-79,MFG_4C000215FDA50693A4E24FB1AFCFC6EB0764782500010002D8,4.6,Yes,mattress,0.0
8806337,ANCHOR_01,52:06:26:03:01:DA,-78,MFG_4C000215FDA50693A4E24FB1AFCFC6EB0764782500010002D8,4.6,Yes,mattress,0.0
8807357,ANCHOR_01,52:06:26:03:01:DA,-85,MFG_4C000215FDA50693A4E24FB1AFCFC6EB0764782500010002D8,4.6,Yes,mattress,0.0
8808347,ANCHOR_01,52:06:26:03:01:DA,-85,MFG_4C000215FDA50693A4E24FB1AFCFC6EB0764782500010002D8,4.6,Yes,mattress,0.0
8809347,ANCHOR_01,52:06:26:03:01:DA,-78,MFG_4C000215FDA50693A4E24FB1AFCFC6EB0764782500010002D8,4.6,Yes,mattress,0.0
8810357,ANCHOR_01,52:06:26:03:01:DA,-78,MFG_4C000215FDA50693A4E24FB1AFCFC6EB0764782500010002D8,4.6,Yes,mattress,0.0
8811377,ANCHOR_01,52:06:26:03:01:DA,-78,MFG_4C000215FDA50693A4E24FB1AFCFC6EB0764782500010002D8,4.6,Yes,mattress,0.0
8812367,ANCHOR_01,52:06:26:03:01:DA,-78,MFG_4C000215FDA50693A4E24FB1AFCFC6EB0764782500010002D8,4.6,Yes,mattress,0.0
8813387,ANCHOR_01,52:06:26:03:01:DA,-87,MFG_4C000215FDA50693A4E24FB1AFCFC6EB0764782500010002D8,4.6,Yes,mattress,0.0
8816387,ANCHOR_01,52:06:26:03:01:DA,-78,MFG_4C000215FDA50693A4E24FB1AFCFC6EB0764782500010002D8,4.6,Yes,mattress,0.0
8817397,ANCHOR_01,52:06:26:03:01:DA,-78,MFG_4C000215FDA50693A4E24FB1AFCFC6EB0764782500010002D8,4.6,Yes,mattress,0.0
8818397,ANCHOR_01,52:06:26:03:01:DA,-78,MFG_4C000215FDA50693A4E24FB1AFCFC6EB0764782500010002D8,4.6,Yes,mattress,0.0
8819387,ANCHOR_01,52:06:26:03:01:DA,-79,MFG_4C000215FDA50693A4E24FB1AFCFC6EB0764782500010002D8,4.6,Yes,mattress,0.0
8820407,ANCHOR_01,52:06:26:03:01:DA,-86,MFG_4C000215FDA50693A4E24FB1AFCFC6EB0764782500010002D8,4.6,Yes,mattress,0.0
8821407,ANCHOR_01,52:06:26:03:01:DA,-78,MFG_4C000215FDA50693A4E24FB1AFCFC6EB0764782500010002D8,4.6,Yes,mattress,0.0
8822417,ANCHOR_01,52:06:26:03:01:DA,-79,MFG_4C000215FDA50693A4E24FB1AFCFC6EB0764782500010002D8,4.6,Yes,mattress,0.0
8823437,ANCHOR_01,52:06:26:03:01:DA,-78,MFG_4C000215FDA50693A4E24FB1AFCFC6EB0764782500010002D8,4.6,Yes,mattress,0.0
8824427,ANCHOR_01,52:06:26:03:01:DA,-80,MFG_4C000215FDA50693A4E24FB1AFCFC6EB0764782500010002D8,4.6,Yes,mattress,0.0
8825447,ANCHOR_01,52:06:26:03:01:DA,-85,MFG_4C000215FDA50693A4E24FB1AFCFC6EB0764782500010002D8,4.6,Yes,mattress,0.0
8826437,ANCHOR_01,52:06:26:03:01:DA,-86,MFG_4C000215FDA50693A4E24FB1AFCFC6EB0764782500010002D8,4.6,Yes,mattress,0.0
8827457,ANCHOR_01,52:06:26:03:01:DA,-78,MFG_4C000215FDA50693A4E24FB1AFCFC6EB0764782500010002D8,4.6,Yes,mattress,0.0
8828447,ANCHOR_01,52:06:26:03:01:DA,-79,MFG_4C000215FDA50693A4E24FB1AFCFC6EB0764782500010002D8,4.6,Yes,mattress,0.0
8829467,ANCHOR_01,52:06:26:03:01:DA,-78,MFG_4C000215FDA50693A4E24FB1AFCFC6EB0764782500010002D8,4.6,Yes,mattress,0.0
8830457,ANCHOR_01,52:06:26:03:01:DA,-78,MFG_4C000215FDA50693A4E24FB1AFCFC6EB0764782500010002D8,4.6,Yes,mattress,0.0
8831477,ANCHOR_01,52:06:26:03:01:DA,-85,MFG_4C000215FDA50693A4E24FB1AFCFC6EB0764782500010002D8,4.6,Yes,mattress,0.0
8833477,ANCHOR_01,52:06:26:03:01:DA,-79,MFG_4C000215FDA50693A4E24FB1AFCFC6EB0764782500010002D8,4.6,Yes,mattress,0.0
8834477,ANCHOR_01,52:06:26:03:01:DA,-79,MFG_4C000215FDA50693A4E24FB1AFCFC6EB0764782500010002D8,4.6,Yes,mattress,0.0
8835487,ANCHOR_01,52:06:26:03:01:DA,-78,MFG_4C000215FDA50693A4E24FB1AFCFC6EB0764782500010002D8,4.6,Yes,mattress,0.0
8836487,ANCHOR_01,52:06:26:03:01:DA,-80,MFG_4C000215FDA50693A4E24FB1AFCFC6EB0764782500010002D8,4.6,Yes,mattress,0.0
8838487,ANCHOR_01,52:06:26:03:01:DA,-91,MFG_4C000215FDA50693A4E24FB1AFCFC6EB0764782500010002D8,4.6,Yes,mattress,0.0
8839507,ANCHOR_01,52:06:26:03:01:DA,-80,MFG_4C000215FDA50693A4E24FB1AFCFC6EB0764782500010002D8,4.6,Yes,mattress,0.0
8840507,ANCHOR_01,52:06:26:03:01:DA,-81,MFG_4C000215FDA50693A4E24FB1AFCFC6EB0764782500010002D8,4.6,Yes,mattress,0.0
8842507,ANCHOR_01,52:06:26:03:01:DA,-78,MFG_4C000215FDA50693A4E24FB1AFCFC6EB0764782500010002D8,4.6,Yes,mattress,0.0
8844527,ANCHOR_01,52:06:26:03:01:DA,-83,MFG_4C000215FDA50693A4E24FB1AFCFC6EB0764782500010002D8,4.6,Yes,mattress,0.0
8845517,ANCHOR_01,52:06:26:03:01:DA,-83,MFG_4C000215FDA50693A4E24FB1AFCFC6EB0764782500010002D8,4.6,Yes,mattress,0.0
8846537,ANCHOR_01,52:06:26:03:01:DA,-79,MFG_4C000215FDA50693A4E24FB1AFCFC6EB0764782500010002D8,4.6,Yes,mattress,0.0
8847517,ANCHOR_01,52:06:26:03:01:DA,-78,MFG_4C000215FDA50693A4E24FB1AFCFC6EB0764782500010002D8,4.6,Yes,mattress,0.0
8848547,ANCHOR_01,52:06:26:03:01:DA,-76,MFG_4C000215FDA50693A4E24FB1AFCFC6EB0764782500010002D8,4.6,Yes,mattress,0.0
8849537,ANCHOR_01,52:06:26:03:01:DA,-77,MFG_4C000215FDA50693A4E24FB1AFCFC6EB0764782500010002D8,4.6,Yes,mattress,0.0
