timestamp,anchor,mac,rssi,name,distance_m,obstacle,obstacle_type,height_m,motion
13527,ANCHOR_01,52:06:26:03:01:DA,-68,MFG_4C000215FDA50693A4E24FB1AFCFC6EB0764782500010002D8,3.36,No,None,0.96,stationary
14537,ANCHOR_01,52:06:26:03:01:DA,-79,MFG_4C000215FDA50693A4E24FB1AFCFC6EB0764782500010002D8,3.36,No,None,0.96,stationary
15537,ANCHOR_01,52:06:26:03:01:DA,-89,MFG_4C000215FDA50693A4E24FB1AFCFC6EB0764782500010002D8,3.36,No,None,0.96,stationary
16537,ANCHOR_01,52:06:26:03:01:DA,-68,MFG_4C000215FDA50693A4E24FB1AFCFC6EB0764782500010002D8,3.36,No,None,0.96,stationary
17547,ANCHOR_01,52:06:26:03:01:DA,-68,MFG_4C000215FDA50693A4E24FB1AFCFC6EB0764782500010002D8,3.36,No,None,0.96,stationary
18567,ANCHOR_01,52:06:26:03:01:DA,-68,MFG_4C000215FDA50693A4E24FB1AFCFC6EB0764782500010002D8,3.36,No,None,0.96,stationary
19557,ANCHOR_01,52:06:26:03:01:DA,-68,MFG_4C000215FDA50693A4E24FB1AFCFC6EB0764782500010002D8,3.36,No,None,0.96,stationary
20577,ANCHOR_01,52:06:26:03:01:DA,-73,MFG_4C000215FDA50693A4E24FB1AFCFC6EB0764782500010002D8,3.36,No,None,0.96,stationary
21567,ANCHOR_01,52:06:26:03:01:DA,-72,MFG_4C000215FDA50693A4E24FB1AFCFC6EB0764782500010002D8,3.36,No,None,0.96,stationary
22587,ANCHOR_01,52:06:26:03:01:DA,-66,MFG_4C000215FDA50693A4E24FB1AFCFC6EB0764782500010002D8,3.36,No,None,0.96,stationary
23567,ANCHOR_01,52:06:26:03:01:DA,-69,MFG_4C000215FDA50693A4E24FB1AFCFC6EB0764782500010002D8,3.36,No,None,0.96,stationary
24567,ANCHOR_01,52:06:26:03:01:DA,-66,MFG_4C000215FDA50693A4E24FB1AFCFC6EB0764782500010002D8,3.36,No,None,0.96,stationary
25587,ANCHOR_01,52:06:26:03:01:DA,-67,MFG_4C000215FDA50693A4E24FB1AFCFC6EB0764782500010002D8,3.36,No,None,0.96,stationary
27597,ANCHOR_01,52:06:26:03:01:DA,-78,MFG_4C000215FDA50693A4E24FB1AFCFC6EB0764782500010002D8,3.36,No,None,0.96,stationary
28607,ANCHOR_01,52:06:26:03:01:DA,-67,MFG_4C000215FDA50693A4E24FB1AFCFC6EB0764782500010002D8,3.36,No,None,0.96,stationary
29607,ANCHOR_01,52:06:26:03:01:DA,-67,MFG_4C000215FDA50693A4E24FB1AFCFC6EB0764782500010002D8,3.36,No,None,0.96,stationary
30627,ANCHOR_01,52:06:26:03:01:DA,-67,MFG_4C000215FDA50693A4E24FB1AFCFC6EB0764782500010002D8,3.36,No,None,0.96,stationary
31617,ANCHOR_01,52:06:26:03:01:DA,-67,MFG_4C000215FDA50693A4E24FB1AFCFC6EB0764782500010002D8,3.36,No,None,0.96,stationary
34647,ANCHOR_01,52:06:26:03:01:DA,-66,MFG_4C000215FDA50693A4E24FB1AFCFC6EB0764782500010002D8,3.36,No,None,0.96,stationary
35637,ANCHOR_01,52:06:26:03:01:DA,-66,MFG_4C000215FDA50693A4E24FB1AFCFC6EB0764782500010002D8,3.36,No,None,0.96,stationary
36637,ANCHOR_01,52:06:26:03:01:DA,-67,MFG_4C000215FDA50693A4E24FB1AFCFC6EB0764782500010002D8,3.36,No,None,0.96,stationary
37647,ANCHOR_01,52:06:26:03:01:DA,-66,MFG_4C000215FDA50693A4E24FB1AFCFC6EB0764782500010002D8,3.36,No,None,0.96,stationary
39657,ANCHOR_01,52:06:26:03:01:DA,-81,MFG_4C000215FDA50693A4E24FB1AFCFC6EB0764782500010002D8,3.36,No,None,0.96,stationary
40677,ANCHOR_01,52:06:26:03:01:DA,-67,MFG_4C000215FDA50693A4E24FB1AFCFC6EB0764782500010002D8,3.36,No,None,0.96,stationary
41667,ANCHOR_01,52:06:26:03:01:DA,-67,MFG_4C000215FDA50693A4E24FB1AFCFC6EB0764782500010002D8,3.36,No,None,0.96,stationary
42687,ANCHOR_01,52:06:26:03:01:DA,-67,MFG_4C000215FDA50693A4E24FB1AFCFC6EB0764782500010002D8,3.36,No,None,0.96,stationary
43677,ANCHOR_01,52:06:26:03:01:DA,-67,MFG_4C000215FDA50693A4E24FB1AFCFC6EB0764782500010002D8,3.36,No,None,0.96,stationary
45687,ANCHOR_01,52:06:26:03:01:DA,-81,MFG_4C000215FDA50693A4E24FB1AFCFC6EB0764782500010002D8,3.36,No,None,0.96,stationary
47697,ANCHOR_01,52:06:26:03:01:DA,-67,MFG_4C000215FDA50693A4E24FB1AFCFC6EB0764782500010002D8,3.36,No,None,0.96,stationary
49707,ANCHOR_01,52:06:26:03:01:DA,-67,MFG_4C000215FDA50693A4E24FB1AFCFC6EB0764782500010002D8,3.36,No,None,0.96,stationary
50697,ANCHOR_01,52:06:26:03:01:DA,-67,MFG_4C000215FDA50693A4E24FB1AFCFC6EB0764782500010002D8,3.36,No,None,0.96,stationary
51717,ANCHOR_01,52:06:26:03:01:DA,-80,MFG_4C000215FDA50693A4E24FB1AFCFC6EB0764782500010002D8,3.36,No,None,0.96,stationary
52707,ANCHOR_01,52:06:26:03:01:DA,-81,MFG_4C000215FDA50693A4E24FB1AFCFC6EB0764782500010002D8,3.36,No,None,0.96,stationary
53717,ANCHOR_01,52:06:26:03:01:DA,-68,MFG_4C000215FDA50693A4E24FB1AFCFC6EB0764782500010002D8,3.36,No,None,0.96,stationary
54717,ANCHOR_01,52:06:26:03:01:DA,-68,MFG_4C000215FDA50693A4E24FB1AFCFC6EB0764782500010002D8,3.36,No,None,0.96,stationary
55737,ANCHOR_01,52:06:26:03:01:DA,-67,MFG_4C000215FDA50693A4E24FB1AFCFC6EB0764782500010002D8,3.36,No,None,0.96,stationary
57747,ANCHOR_01,52:06:26:03:01:DA,-78,MFG_4C000215FDA50693A4E24FB1AFCFC6EB0764782500010002D8,3.36,No,None,0.96,stationary
58737,ANCHOR_01,52:06:26:03:01:DA,-77,MFG_4C000215FDA50693A4E24FB1AFCFC6EB0764782500010002D8,3.36,No,None,0.96,stationary
59757,ANCHOR_01,52:06:26:03:01:DA,-68,MFG_4C000215FDA50693A4E24FB1AFCFC6EB0764782500010002D8,3.36,No,None,0.96,stationary
60747,ANCHOR_01,52:06:26:03:01:DA,-68,MFG_4C000215FDA50693A4E24FB1AFCFC6EB0764782500010002D8,3.36,No,None,0.96,stationary
61767,ANCHOR_01,52:06:26:03:01:DA,-67,MFG_4C000215FDA50693A4E24FB1AFCFC6EB0764782500010002D8,3.36,No,None,0.96,stationary
62757,ANCHOR_01,52:06:26:03:01:DA,-67,MFG_4C000215FDA50693A4E24FB1AFCFC6EB0764782500010002D8,3.36,No,None,0.96,stationary
63777,ANCHOR_01,52:06:26:03:01:DA,-77,MFG_4C000215FDA50693A4E24FB1AFCFC6EB0764782500010002D8,3.36,No,None,0.96,stationary
64767,ANCHOR_01,52:06:26:03:01:DA,-75,MFG_4C000215FDA50693A4E24FB1AFCFC6EB0764782500010002D8,3.36,No,None,0.96,stationary
65787,ANCHOR_01,52:06:26:03:01:DA,-69,MFG_4C000215FDA50693A4E24FB1AFCFC6EB0764782500010002D8,3.36,No,None,0.96,stationary
67797,ANCHOR_01,52:06:26:03:01:DA,-66,MFG_4C000215FDA50693A4E24FB1AFCFC6EB0764782500010002D8,3.36,No,None,0.96,stationary
69807,ANCHOR_01,52:06:26:03:01:DA,-74,MFG_4C000215FDA50693A4E24FB1AFCFC6EB0764782500010002D8,3.36,No,None,0.96,stationary
70797,ANCHOR_01,52:06:26:03:01:DA,-74,MFG_4C000215FDA50693A4E24FB1AFCFC6EB0764782500010002D8,3.36,No,None,0.96,stationary
71817,ANCHOR_01,52:06:26:03:01:DA,-70,MFG_4C000215FDA50693A4E24FB1AFCFC6EB0764782500010002D8,3.36,No,None,0.96,stationary
72807,ANCHOR_01,52:06:26:03:01:DA,-70,MFG_4C000215FDA50693A4E24FB1AFCFC6EB0764782500010002D8,3.36,No,None,0.96,stationary
73817,ANCHOR_01,52:06:26:03:01:DA,-66,MFG_4C000215FDA50693A4E24FB1AFCFC6EB0764782500010002D8,3.36,No,None,0.96,stationary
74817,ANCHOR_01,52:06:26:03:01:DA,-66,MFG_4C000215FDA50693A4E24FB1AFCFC6EB0764782500010002D8,3.36,No,None,0.96,stationary
75837,ANCHOR_01,52:06:26:03:01:DA,-74,MFG_4C000215FDA50693A4E24FB1AFCFC6EB0764782500010002D8,3.36,No,None,0.96,stationary
76827,ANCHOR_01,52:06:26:03:01:DA,-74,MFG_4C000215FDA50693A4E24FB1AFCFC6EB0764782500010002D8,3.36,No,None,0.96,stationary
77817,ANCHOR_01,52:06:26:03:01:DA,-74,MFG_4C000215FDA50693A4E24FB1AFCFC6EB0764782500010002D8,3.36,No,None,0.96,stationary
78837,ANCHOR_01,52:06:26:03:01:DA,-69,MFG_4C000215FDA50693A4E24FB1AFCFC6EB0764782500010002D8,3.36,No,None,0.96,stationary
80847,ANCHOR_01,52:06:26:03:01:DA,-65,MFG_4C000215FDA50693A4E24FB1AFCFC6EB0764782500010002D8,3.36,No,None,0.96,stationary
81867,ANCHOR_01,52:06:26:03:01:DA,-74,MFG_4C000215FDA50693A4E24FB1AFCFC6EB0764782500010002D8,3.36,No,None,0.96,stationary
82857,ANCHOR_01,52:06:26:03:01:DA,-73,MFG_4C000215FDA50693A4E24FB1AFCFC6EB0764782500010002D8,3.36,No,None,0.96,stationary
83857,ANCHOR_01,52:06:26:03:01:DA,-69,MFG_4C000215FDA50693A4E24FB1AFCFC6EB0764782500010002D8,3.36,No,None,0.96,stationary
84867,ANCHOR_01,52:06:26:03:01:DA,-69,MFG_4C000215FDA50693A4E24FB1AFCFC6EB0764782500010002D8,3.36,No,None,0.96,stationary
85887,ANCHOR_01,52:06:26:03:01:DA,-67,MFG_4C000215FDA50693A4E24FB1AFCFC6EB0764782500010002D8,3.36,No,None,0.96,stationary
86877,ANCHOR_01,52:06:26:03:01:DA,-69,MFG_4C000215FDA50693A4E24FB1AFCFC6EB0764782500010002D8,3.36,No,None,0.96,stationary
88877,ANCHOR_01,52:06:26:03:01:DA,-72,MFG_4C000215FDA50693A4E24FB1AFCFC6EB0764782500010002D8,3.36,No,None,0.96,stationary
89897,ANCHOR_01,52:06:26:03:01:DA,-69,MFG_4C000215FDA50693A4E24FB1AFCFC6EB0764782500010002D8,3.36,No,None,0.96,stationary
90897,ANCHOR_01,52:06:26:03:01:DA,-69,MFG_4C000215FDA50693A4E24FB1AFCFC6EB0764782500010002D8,3.36,No,None,0.96,stationary
91897,ANCHOR_01,52:06:26:03:01:DA,-66,MFG_4C000215FDA50693A4E24FB1AFCFC6EB0764782500010002D8,3.36,No,None,0.96,stationary
92907,ANCHOR_01,52:06:26:03:01:DA,-68,MFG_4C000215FDA50693A4E24FB1AFCFC6EB0764782500010002D8,3.36,No,None,0.96,stationary
93927,ANCHOR_01,52:06:26:03:01:DA,-72,MFG_4C000215FDA50693A4E24FB1AFCFC6EB0764782500010002D8,3.36,No,None,0.96,stationary
94917,ANCHOR_01,52:06:26:03:01:DA,-71,MFG_4C000215FDA50693A4E24FB1AFCFC6EB0764782500010002D8,3.36,No,None,0.96,stationary
95937,ANCHOR_01,52:06:26:03:01:DA,-74,MFG_4C000215FDA50693A4E24FB1AFCFC6EB0764782500010002D8,3.36,No,None,0.96,stationary
96927,ANCHOR_01,52:06:26:03:01:DA,-73,MFG_4C000215FDA50693A4E24FB1AFCFC6EB0764782500010002D8,3.36,No,None,0.96,stationary
97947,ANCHOR_01,52:06:26:03:01:DA,-67,MFG_4C000215FDA50693A4E24FB1AFCFC6EB0764782500010002D8,3.36,No,None,0.96,stationary
98937,ANCHOR_01,52:06:26:03:01:DA,-67,MFG_4C000215FDA50693A4E24FB1AFCFC6EB0764782500010002D8,3.36,No,None,0.96,stationary
99957,ANCHOR_01,52:06:26:03:01:DA,-70,MFG_4C000215FDA50693A4E24FB1AFCFC6EB0764782500010002D8,3.36,No,None,0.96,stationary
100947,ANCHOR_01,52:06:26:03:01:DA,-69,MFG_4C000215FDA50693A4E24FB1AFCFC6EB0764782500010002D8,3.36,No,None,0.96,stationary
101957,ANCHOR_01,52:06:26:03:01:DA,-73,MFG_4C000215FDA50693A4E24FB1AFCFC6EB0764782500010002D8,3.36,No,None,0.96,stationary
102957,ANCHOR_01,52:06:26:03:01:DA,-73,MFG_4C000215FDA50693A4E24FB1AFCFC6EB0764782500010002D8,3.36,No,None,0.96,stationary
103977,ANCHOR_01,52:06:26:03:01:DA,-66,MFG_4C000215FDA50693A4E24FB1AFCFC6EB0764782500010002D8,3.36,No,None,0.96,stationary
104967,ANCHOR_01,52:06:26:03:01:DA,-67,MFG_4C000215FDA50693A4E24FB1AFCFC6EB0764782500010002D8,3.36,No,None,0.96,stationary
105987,ANCHOR_01,52:06:26:03:01:DA,-69,MFG_4C000215FDA50693A4E24FB1AFCFC6EB0764782500010002D8,3.36,No,None,0.96,stationary
107997,ANCHOR_01,52:06:26:03:01:DA,-73,MFG_4C000215FDA50693A4E24FB1AFCFC6EB0764782500010002D8,3.36,No,None,0.96,stationary
109007,ANCHOR_01,52:06:26:03:01:DA,-67,MFG_4C000215FDA50693A4E24FB1AFCFC6EB0764782500010002D8,3.36,No,None,0.96,stationary
110007,ANCHOR_01,52:06:26:03:01:DA,-67,MFG_4C000215FDA50693A4E24FB1AFCFC6EB0764782500010002D8,3.36,No,None,0.96,stationary
111027,ANCHOR_01,52:06:26:03:01:DA,-70,MFG_4C000215FDA50693A4E24FB1AFCFC6EB0764782500010002D8,3.36,No,None,0.96,stationary
112017,ANCHOR_01,52:06:26:03:01:DA,-69,MFG_4C000215FDA50693A4E24FB1AFCFC6EB0764782500010002D8,3.36,No,None,0.96,stationary
113017,ANCHOR_01,52:06:26:03:01:DA,-73,MFG_4C000215FDA50693A4E24FB1AFCFC6EB0764782500010002D8,3.36,No,None,0.96,stationary
114027,ANCHOR_01,52:06:26:03:01:DA,-73,MFG_4C000215FDA50693A4E24FB1AFCFC6EB0764782500010002D8,3.36,No,None,0.96,stationary
115037,ANCHOR_01,52:06:26:03:01:DA,-67,MFG_4C000215FDA50693A4E24FB1AFCFC6EB0764782500010002D8,3.36,No,None,0.96,stationary
117057,ANCHOR_01,52:06:26:03:01:DA,-70,MFG_4C000215FDA50693A4E24FB1AFCFC6EB0764782500010002D8,3.36,No,None,0.96,stationary
118077,ANCHOR_01,52:06:26:03:01:DA,-73,MFG_4C000215FDA50693A4E24FB1AFCFC6EB0764782500010002D8,3.36,No,None,0.96,stationary
119067,ANCHOR_01,52:06:26:03:01:DA,-74,MFG_4C000215FDA50693A4E24FB1AFCFC6EB0764782500010002D8,3.36,No,None,0.96,stationary
120087,ANCHOR_01,52:06:26:03:01:DA,-66,MFG_4C000215FDA50693A4E24FB1AFCFC6EB0764782500010002D8,3.36,No,None,0.96,stationary
121077,ANCHOR_01,52:06:26:03:01:DA,-67,MFG_4C000215FDA50693A4E24FB1AFCFC6EB0764782500010002D8,3.36,No,None,0.96,stationary
122097,ANCHOR_01,52:06:26:03:01:DA,-70,MFG_4C000215FDA50693A4E24FB1AFCFC6EB0764782500010002D8,3.36,No,None,0.96,stationary
124107,ANCHOR_01,52:06:26:03:01:DA,-75,MFG_4C000215FDA50693A4E24FB1AFCFC6EB0764782500010002D8,3.36,No,None,0.96,stationary
125097,ANCHOR_01,52:06:26:03:01:DA,-75,MFG_4C000215FDA50693A4E24FB1AFCFC6EB0764782500010002D8,3.36,No,None,0.96,stationary
126117,ANCHOR_01,52:06:26:03:01:DA,-67,MFG_4C000215FDA50693A4E24FB1AFCFC6EB0764782500010002D8,3.36,No,None,0.96,stationary
127107,ANCHOR_01,52:06:26:03:01:DA,-66,MFG_4C000215FDA50693A4E24FB1AFCFC6EB0764782500010002D8,3.36,No,None,0.96,stationary
128127,ANCHOR_01,52:06:26:03:01:DA,-69,MFG_4C000215FDA50693A4E24FB1AFCFC6EB0764782500010002D8,3.36,No,None,0.96,stationary
129117,ANCHOR_01,52:06:26:03:01:DA,-69,MFG_4C000215FDA50693A4E24FB1AFCFC6EB0764782500010002D8,3.36,No,None,0.96,stationary
130137,ANCHOR_01,52:06:26:03:01:DA,-74,MFG_4C000215FDA50693A4E24FB1AFCFC6EB0764782500010002D8,3.36,No,None,0.96,stationary
131127,ANCHOR_01,52:06:26:03:01:DA,-74,MFG_4C000215FDA50693A4E24FB1AFCFC6EB0764782500010002D8,3.36,No,None,0.96,stationary
132137,ANCHOR_01,52:06:26:03:01:DA,-67,MFG_4C000215FDA50693A4E24FB1AFCFC6EB0764782500010002D8,3.36,No,None,0.96,stationary
134147,ANCHOR_01,52:06:26:03:01:DA,-70,MFG_4C000215FDA50693A4E24FB1AFCFC6EB0764782500010002D8,3.36,No,None,0.96,stationary
136167,ANCHOR_01,52:06:26:03:01:DA,-74,MFG_4C000215FDA50693A4E24FB1AFCFC6EB0764782500010002D8,3.36,No,None,0.96,stationary
138167,ANCHOR_01,52:06:26:03:01:DA,-67,MFG_4C000215FDA50693A4E24FB1AFCFC6EB0764782500010002D8,3.36,No,None,0.96,stationary
139167,ANCHOR_01,52:06:26:03:01:DA,-67,MFG_4C000215FDA50693A4E24FB1AFCFC6EB0764782500010002D8,3.36,No,None,0.96,stationary
140187,ANCHOR_01,52:06:26:03:01:DA,-70,MFG_4C000215FDA50693A4E24FB1AFCFC6EB0764782500010002D8,3.36,No,None,0.96,stationary
141177,ANCHOR_01,52:06:26:03:01:DA,-70,MFG_4C000215FDA50693A4E24FB1AFCFC6EB0764782500010002D8,3.36,No,None,0.96,stationary
142197,ANCHOR_01,52:06:26:03:01:DA,-73,MFG_4C000215FDA50693A4E24FB1AFCFC6EB0764782500010002D8,3.36,No,None,0.96,stationary
143177,ANCHOR_01,52:06:26:03:01:DA,-73,MFG_4C000215FDA50693A4E24FB1AFCFC6EB0764782500010002D8,3.36,No,None,0.96,stationary
144207,ANCHOR_01,52:06:26:03:01:DA,-67,MFG_4C000215FDA50693A4E24FB1AFCFC6EB0764782500010002D8,3.36,No,None,0.96,stationary
145187,ANCHOR_01,52:06:26:03:01:DA,-67,MFG_4C000215FDA50693A4E24FB1AFCFC6EB0764782500010002D8,3.36,No,None,0.96,stationary
146207,ANCHOR_01,52:06:26:03:01:DA,-70,MFG_4C000215FDA50693A4E24FB1AFCFC6EB0764782500010002D8,3.36,No,None,0.96,stationary
147207,ANCHOR_01,52:06:26:03:01:DA,-69,MFG_4C000215FDA50693A4E24FB1AFCFC6EB0764782500010002D8,3.36,No,None,0.96,stationary
149217,ANCHOR_01,52:06:26:03:01:DA,-74,MFG_4C000215FDA50693A4E24FB1AFCFC6EB0764782500010002D8,3.36,No,None,0.96,stationary
150207,ANCHOR_01,52:06:26:03:01:DA,-73,MFG_4C000215FDA50693A4E24FB1AFCFC6EB0764782500010002D8,3.36,No,None,0.96,stationary
151227,ANCHOR_01,52:06:26:03:01:DA,-67,MFG_4C000215FDA50693A4E24FB1AFCFC6EB0764782500010002D8,3.36,No,None,0.96,stationary
153237,ANCHOR_01,52:06:26:03:01:DA,-70,MFG_4C000215FDA50693A4E24FB1AFCFC6EB0764782500010002D8,3.36,No,None,0.96,stationary
154247,ANCHOR_01,52:06:26:03:01:DA,-74,MFG_4C000215FDA50693A4E24FB1AFCFC6EB0764782500010002D8,3.36,No,None,0.96,stationary
155247,ANCHOR_01,52:06:26:03:01:DA,-74,MFG_4C000215FDA50693A4E24FB1AFCFC6EB0764782500010002D8,3.36,No,None,0.96,stationary
157247,ANCHOR_01,52:06:26:03:01:DA,-68,MFG_4C000215FDA50693A4E24FB1AFCFC6EB0764782500010002D8,3.36,No,None,0.96,stationary
158257,ANCHOR_01,52:06:26:03:01:DA,-67,MFG_4C000215FDA50693A4E24FB1AFCFC6EB0764782500010002D8,3.36,No,None,0.96,stationary
159267,ANCHOR_01,52:06:26:03:01:DA,-69,MFG_4C000215FDA50693A4E24FB1AFCFC6EB0764782500010002D8,3.36,No,None,0.96,stationary
160257,ANCHOR_01,52:06:26:03:01:DA,-68,MFG_4C000215FDA50693A4E24FB1AFCFC6EB0764782500010002D8,3.36,No,None,0.96,stationary
161267,ANCHOR_01,52:06:26:03:01:DA,-73,MFG_4C000215FDA50693A4E24FB1AFCFC6EB0764782500010002D8,3.36,No,None,0.96,stationary
162257,ANCHOR_01,52:06:26:03:01:DA,-74,MFG_4C000215FDA50693A4E24FB1AFCFC6EB0764782500010002D8,3.36,No,None,0.96,stationary
164277,ANCHOR_01,52:06:26:03:01:DA,-67,MFG_4C000215FDA50693A4E24FB1AFCFC6EB0764782500010002D8,3.36,No,None,0.96,stationary
166287,ANCHOR_01,52:06:26:03:01:DA,-70,MFG_4C000215FDA50693A4E24FB1AFCFC6EB0764782500010002D8,3.36,No,None,0.96,stationary
167307,ANCHOR_01,52:06:26:03:01:DA,-74,MFG_4C000215FDA50693A4E24FB1AFCFC6EB0764782500010002D8,3.36,No,None,0.96,stationary
168297,ANCHOR_01,52:06:26:03:01:DA,-74,MFG_4C000215FDA50693A4E24FB1AFCFC6EB0764782500010002D8,3.36,No,None,0.96,stationary
169317,ANCHOR_01,52:06:26:03:01:DA,-68,MFG_4C000215FDA50693A4E24FB1AFCFC6EB0764782500010002D8,3.36,No,None,0.96,stationary
170307,ANCHOR_01,52:06:26:03:01:DA,-67,MFG_4C000215FDA50693A4E24FB1AFCFC6EB0764782500010002D8,3.36,No,None,0.96,stationary
171327,ANCHOR_01,52:06:26:03:01:DA,-70,MFG_4C000215FDA50693A4E24FB1AFCFC6EB0764782500010002D8,3.36,No,None,0.96,stationary
172317,ANCHOR_01,52:06:26:03:01:DA,-70,MFG_4C000215FDA50693A4E24FB1AFCFC6EB0764782500010002D8,3.36,No,None,0.96,stationary
173327,ANCHOR_01,52:06:26:03:01:DA,-74,MFG_4C000215FDA50693A4E24FB1AFCFC6EB0764782500010002D8,3.36,No,None,0.96,stationary
174327,ANCHOR_01,52:06:26:03:01:DA,-74,MFG_4C000215FDA50693A4E24FB1AFCFC6EB0764782500010002D8,3.36,No,None,0.96,stationary
176337,ANCHOR_01,52:06:26:03:01:DA,-67,MFG_4C000215FDA50693A4E24FB1AFCFC6EB0764782500010002D8,3.36,No,None,0.96,stationary
177357,ANCHOR_01,52:06:26:03:01:DA,-70,MFG_4C000215FDA50693A4E24FB1AFCFC6EB0764782500010002D8,3.36,No,None,0.96,stationary
178347,ANCHOR_01,52:06:26:03:01:DA,-70,MFG_4C000215FDA50693A4E24FB1AFCFC6EB0764782500010002D8,3.36,No,None,0.96,stationary
179367,ANCHOR_01,52:06:26:03:01:DA,-75,MFG_4C000215FDA50693A4E24FB1AFCFC6EB0764782500010002D8,3.36,No,None,0.96,stationary
180357,ANCHOR_01,52:06:26:03:01:DA,-74,MFG_4C000215FDA50693A4E24FB1AFCFC6EB0764782500010002D8,3.36,No,None,0.96,stationary
181347,ANCHOR_01,52:06:26:03:01:DA,-75,MFG_4C000215FDA50693A4E24FB1AFCFC6EB0764782500010002D8,3.36,No,None,0.96,stationary
182367,ANCHOR_01,52:06:26:03:01:DA,-68,MFG_4C000215FDA50693A4E24FB1AFCFC6EB0764782500010002D8,3.36,No,None,0.96,stationary
184377,ANCHOR_01,52:06:26:03:01:DA,-70,MFG_4C000215FDA50693A4E24FB1AFCFC6EB0764782500010002D8,3.36,No,None,0.96,stationary
185387,ANCHOR_01,52:06:26:03:01:DA,-75,MFG_4C000215FDA50693A4E24FB1AFCFC6EB0764782500010002D8,3.36,No,None,0.96,stationary
186387,ANCHOR_01,52:06:26:03:01:DA,-75,MFG_4C000215FDA50693A4E24FB1AFCFC6EB0764782500010002D8,3.36,No,None,0.96,stationary
187407,ANCHOR_01,52:06:26:03:01:DA,-68,MFG_4C000215FDA50693A4E24FB1AFCFC6EB0764782500010002D8,3.36,No,None,0.96,stationary
188397,ANCHOR_01,52:06:26:03:01:DA,-66,MFG_4C000215FDA50693A4E24FB1AFCFC6EB0764782500010002D8,3.36,No,None,0.96,stationary
189407,ANCHOR_01,52:06:26:03:01:DA,-69,MFG_4C000215FDA50693A4E24FB1AFCFC6EB0764782500010002D8,3.36,No,None,0.96,stationary
190407,ANCHOR_01,52:06:26:03:01:DA,-70,MFG_4C000215FDA50693A4E24FB1AFCFC6EB0764782500010002D8,3.36,No,None,0.96,stationary
191417,ANCHOR_01,52:06:26:03:01:DA,-75,MFG_4C000215FDA50693A4E24FB1AFCFC6EB0764782500010002D8,3.36,No,None,0.96,stationary
192417,ANCHOR_01,52:06:26:03:01:DA,-75,MFG_4C000215FDA50693A4E24FB1AFCFC6EB0764782500010002D8,3.36,No,None,0.96,stationary
193437,ANCHOR_01,52:06:26:03:01:DA,-67,MFG_4C000215FDA50693A4E24FB1AFCFC6EB0764782500010002D8,3.36,No,None,0.96,stationary
195437,ANCHOR_01,52:06:26:03:01:DA,-69,MFG_4C000215FDA50693A4E24FB1AFCFC6EB0764782500010002D8,3.36,No,None,0.96,stationary
197447,ANCHOR_01,52:06:26:03:01:DA,-75,MFG_4C000215FDA50693A4E24FB1AFCFC6EB0764782500010002D8,3.36,No,None,0.96,stationary
198467,ANCHOR_01,52:06:26:03:01:DA,-67,MFG_4C000215FDA50693A4E24FB1AFCFC6EB0764782500010002D8,3.36,No,None,0.96,stationary
199467,ANCHOR_01,52:06:26:03:01:DA,-68,MFG_4C000215FDA50693A4E24FB1AFCFC6EB0764782500010002D8,3.36,No,None,0.96,stationary
201477,ANCHOR_01,52:06:26:03:01:DA,-70,MFG_4C000215FDA50693A4E24FB1AFCFC6EB0764782500010002D8,3.36,No,None,0.96,stationary
202467,ANCHOR_01,52:06:26:03:01:DA,-70,MFG_4C000215FDA50693A4E24FB1AFCFC6EB0764782500010002D8,3.36,No,None,0.96,stationary
203467,ANCHOR_01,52:06:26:03:01:DA,-75,MFG_4C000215FDA50693A4E24FB1AFCFC6EB0764782500010002D8,3.36,No,None,0.96,stationary
204477,ANCHOR_01,52:06:26:03:01:DA,-75,MFG_4C000215FDA50693A4E24FB1AFCFC6EB0764782500010002D8,3.36,No,None,0.96,stationary
205487,ANCHOR_01,52:06:26:03:01:DA,-67,MFG_4C000215FDA50693A4E24FB1AFCFC6EB0764782500010002D8,3.36,No,None,0.96,stationary
206487,ANCHOR_01,52:06:26:03:01:DA,-67,MFG_4C000215FDA50693A4E24FB1AFCFC6EB0764782500010002D8,3.36,No,None,0.96,stationary
207507,ANCHOR_01,52:06:26:03:01:DA,-75,MFG_4C000215FDA50693A4E24FB1AFCFC6EB0764782500010002D8,3.36,No,None,0.96,stationary
208497,ANCHOR_01,52:06:26:03:01:DA,-71,MFG_4C000215FDA50693A4E24FB1AFCFC6EB0764782500010002D8,3.36,No,None,0.96,stationary
209517,ANCHOR_01,52:06:26:03:01:DA,-72,MFG_4C000215FDA50693A4E24FB1AFCFC6EB0764782500010002D8,3.36,No,None,0.96,stationary
210537,ANCHOR_01,52:06:26:03:01:DA,-67,MFG_4C000215FDA50693A4E24FB1AFCFC6EB0764782500010002D8,3.36,No,None,0.96,stationary
211527,ANCHOR_01,52:06:26:03:01:DA,-67,MFG_4C000215FDA50693A4E24FB1AFCFC6EB0764782500010002D8,3.36,No,None,0.96,stationary
213537,ANCHOR_01,52:06:26:03:01:DA,-71,MFG_4C000215FDA50693A4E24FB1AFCFC6EB0764782500010002D8,3.36,No,None,0.96,stationary
214557,ANCHOR_01,52:06:26:03:01:DA,-73,MFG_4C000215FDA50693A4E24FB1AFCFC6EB0764782500010002D8,3.36,No,None,0.96,stationary
215547,ANCHOR_01,52:06:26:03:01:DA,-73,MFG_4C000215FDA50693A4E24FB1AFCFC6EB0764782500010002D8,3.36,No,None,0.96,stationary
216567,ANCHOR_01,52:06:26:03:01:DA,-68,MFG_4C000215FDA50693A4E24FB1AFCFC6EB0764782500010002D8,3.36,No,None,0.96,stationary
217557,ANCHOR_01,52:06:26:03:01:DA,-68,MFG_4C000215FDA50693A4E24FB1AFCFC6EB0764782500010002D8,3.36,No,None,0.96,stationary
218577,ANCHOR_01,52:06:26:03:01:DA,-71,MFG_4C000215FDA50693A4E24FB1AFCFC6EB0764782500010002D8,3.36,No,None,0.96,stationary
219567,ANCHOR_01,52:06:26:03:01:DA,-70,MFG_4C000215FDA50693A4E24FB1AFCFC6EB0764782500010002D8,3.36,No,None,0.96,stationary
220587,ANCHOR_01,52:06:26:03:01:DA,-73,MFG_4C000215FDA50693A4E24FB1AFCFC6EB0764782500010002D8,3.36,No,None,0.96,stationary
221577,ANCHOR_01,52:06:26:03:01:DA,-73,MFG_4C000215FDA50693A4E24FB1AFCFC6EB0764782500010002D8,3.36,No,None,0.96,stationary
222597,ANCHOR_01,52:06:26:03:01:DA,-68,MFG_4C000215FDA50693A4E24FB1AFCFC6EB0764782500010002D8,3.36,No,None,0.96,stationary
223587,ANCHOR_01,52:06:26:03:01:DA,-68,MFG_4C000215FDA50693A4E24FB1AFCFC6EB0764782500010002D8,3.36,No,None,0.96,stationary
225597,ANCHOR_01,52:06:26:03:01:DA,-71,MFG_4C000215FDA50693A4E24FB1AFCFC6EB0764782500010002D8,3.36,No,None,0.96,stationary
226617,ANCHOR_01,52:06:26:03:01:DA,-73,MFG_4C000215FDA50693A4E24FB1AFCFC6EB0764782500010002D8,3.36,No,None,0.96,stationary
227597,ANCHOR_01,52:06:26:03:01:DA,-73,MFG_4C000215FDA50693A4E24FB1AFCFC6EB0764782500010002D8,3.36,No,None,0.96,stationary
228627,ANCHOR_01,52:06:26:03:01:DA,-68,MFG_4C000215FDA50693A4E24FB1AFCFC6EB0764782500010002D8,3.36,No,None,0.96,stationary
229617,ANCHOR_01,52:06:26:03:01:DA,-68,MFG_4C000215FDA50693A4E24FB1AFCFC6EB0764782500010002D8,3.36,No,None,0.96,stationary
231617,ANCHOR_01,52:06:26:03:01:DA,-71,MFG_4C000215FDA50693A4E24FB1AFCFC6EB0764782500010002D8,3.36,No,None,0.96,stationary
232627,ANCHOR_01,52:06:26:03:01:DA,-71,MFG_4C000215FDA50693A4E24FB1AFCFC6EB0764782500010002D8,3.36,No,None,0.96,stationary
233637,ANCHOR_01,52:06:26:03:01:DA,-73,MFG_4C000215FDA50693A4E24FB1AFCFC6EB0764782500010002D8,3.36,No,None,0.96,stationary
234627,ANCHOR_01,52:06:26:03:01:DA,-73,MFG_4C000215FDA50693A4E24FB1AFCFC6EB0764782500010002D8,3.36,No,None,0.96,stationary
235647,ANCHOR_01,52:06:26:03:01:DA,-68,MFG_4C000215FDA50693A4E24FB1AFCFC6EB0764782500010002D8,3.36,No,None,0.96,stationary
236637,ANCHOR_01,52:06:26:03:01:DA,-68,MFG_4C000215FDA50693A4E24FB1AFCFC6EB0764782500010002D8,3.36,No,None,0.96,stationary
237657,ANCHOR_01,52:06:26:03:01:DA,-71,MFG_4C000215FDA50693A4E24FB1AFCFC6EB0764782500010002D8,3.36,No,None,0.96,stationary
238647,ANCHOR_01,52:06:26:03:01:DA,-71,MFG_4C000215FDA50693A4E24FB1AFCFC6EB0764782500010002D8,3.36,No,None,0.96,stationary
239637,ANCHOR_01,52:06:26:03:01:DA,-72,MFG_4C000215FDA50693A4E24FB1AFCFC6EB0764782500010002D8,3.36,No,None,0.96,stationary
240647,ANCHOR_01,52:06:26:03:01:DA,-72,MFG_4C000215FDA50693A4E24FB1AFCFC6EB0764782500010002D8,3.36,No,None,0.96,stationary
241647,ANCHOR_01,52:06:26:03:01:DA,-75,MFG_4C000215FDA50693A4E24FB1AFCFC6EB0764782500010002D8,3.36,No,None,0.96,stationary
242657,ANCHOR_01,52:06:26:03:01:DA,-68,MFG_4C000215FDA50693A4E24FB1AFCFC6EB0764782500010002D8,3.36,No,None,0.96,stationary
243657,ANCHOR_01,52:06:26:03:01:DA,-67,MFG_4C000215FDA50693A4E24FB1AFCFC6EB0764782500010002D8,3.36,No,None,0.96,stationary
244677,ANCHOR_01,52:06:26:03:01:DA,-71,MFG_4C000215FDA50693A4E24FB1AFCFC6EB0764782500010002D8,3.36,No,None,0.96,stationary
245677,ANCHOR_01,52:06:26:03:01:DA,-73,MFG_4C000215FDA50693A4E24FB1AFCFC6EB0764782500010002D8,3.36,No,None,0.96,stationary
246687,ANCHOR_01,52:06:26:03:01:DA,-73,MFG_4C000215FDA50693A4E24FB1AFCFC6EB0764782500010002D8,3.36,No,None,0.96,stationary
247677,ANCHOR_01,52:06:26:03:01:DA,-73,MFG_4C000215FDA50693A4E24FB1AFCFC6EB0764782500010002D8,3.36,No,None,0.96,stationary
248697,ANCHOR_01,52:06:26:03:01:DA,-68,MFG_4C000215FDA50693A4E24FB1AFCFC6EB0764782500010002D8,3.36,No,None,0.96,stationary
249687,ANCHOR_01,52:06:26:03:01:DA,-66,MFG_4C000215FDA50693A4E24FB1AFCFC6EB0764782500010002D8,3.36,No,None,0.96,stationary
250697,ANCHOR_01,52:06:26:03:01:DA,-71,MFG_4C000215FDA50693A4E24FB1AFCFC6EB0764782500010002D8,3.36,No,None,0.96,stationary
251697,ANCHOR_01,52:06:26:03:01:DA,-71,MFG_4C000215FDA50693A4E24FB1AFCFC6EB0764782500010002D8,3.36,No,None,0.96,stationary
252717,ANCHOR_01,52:06:26:03:01:DA,-73,MFG_4C000215FDA50693A4E24FB1AFCFC6EB0764782500010002D8,3.36,No,None,0.96,stationary
253707,ANCHOR_01,52:06:26:03:01:DA,-72,MFG_4C000215FDA50693A4E24FB1AFCFC6EB0764782500010002D8,3.36,No,None,0.96,stationary
254727,ANCHOR_01,52:06:26:03:01:DA,-68,MFG_4C000215FDA50693A4E24FB1AFCFC6EB0764782500010002D8,3.36,No,None,0.96,stationary
255717,ANCHOR_01,52:06:26:03:01:DA,-68,MFG_4C000215FDA50693A4E24FB1AFCFC6EB0764782500010002D8,3.36,No,None,0.96,stationary
256727,ANCHOR_01,52:06:26:03:01:DA,-71,MFG_4C000215FDA50693A4E24FB1AFCFC6EB0764782500010002D8,3.36,No,None,0.96,stationary
257727,ANCHOR_01,52:06:26:03:01:DA,-71,MFG_4C000215FDA50693A4E24FB1AFCFC6EB0764782500010002D8,3.36,No,None,0.96,stationary
258727,ANCHOR_01,52:06:26:03:01:DA,-73,MFG_4C000215FDA50693A4E24FB1AFCFC6EB0764782500010002D8,3.36,No,None,0.96,stationary
259737,ANCHOR_01,52:06:26:03:01:DA,-73,MFG_4C000215FDA50693A4E24FB1AFCFC6EB0764782500010002D8,3.36,No,None,0.96,stationary
260747,ANCHOR_01,52:06:26:03:01:DA,-67,MFG_4C000215FDA50693A4E24FB1AFCFC6EB0764782500010002D8,3.36,No,None,0.96,stationary
261747,ANCHOR_01,52:06:26:03:01:DA,-67,MFG_4C000215FDA50693A4E24FB1AFCFC6EB0764782500010002D8,3.36,No,None,0.96,stationary
262757,ANCHOR_01,52:06:26:03:01:DA,-71,MFG_4C000215FDA50693A4E24FB1AFCFC6EB0764782500010002D8,3.36,No,None,0.96,stationary
263757,ANCHOR_01,52:06:26:03:01:DA,-71,MFG_4C000215FDA50693A4E24FB1AFCFC6EB0764782500010002D8,3.36,No,None,0.96,stationary
264767,ANCHOR_01,52:06:26:03:01:DA,-73,MFG_4C000215FDA50693A4E24FB1AFCFC6EB0764782500010002D8,3.36,No,None,0.96,stationary
265767,ANCHOR_01,52:06:26:03:01:DA,-72,MFG_4C000215FDA50693A4E24FB1AFCFC6EB0764782500010002D8,3.36,No,None,0.96,stationary
266767,ANCHOR_01,52:06:26:03:01:DA,-68,MFG_4C000215FDA50693A4E24FB1AFCFC6EB0764782500010002D8,3.36,No,None,0.96,stationary
267777,ANCHOR_01,52:06:26:03:01:DA,-68,MFG_4C000215FDA50693A4E24FB1AFCFC6EB0764782500010002D8,3.36,No,None,0.96,stationary
268777,ANCHOR_01,52:06:26:03:01:DA,-71,MFG_4C000215FDA50693A4E24FB1AFCFC6EB0764782500010002D8,3.36,No,None,0.96,stationary
269787,ANCHOR_01,52:06:26:03:01:DA,-70,MFG_4C000215FDA50693A4E24FB1AFCFC6EB0764782500010002D8,3.36,No,None,0.96,stationary
270807,ANCHOR_01,52:06:26:03:01:DA,-73,MFG_4C000215FDA50693A4E24FB1AFCFC6EB0764782500010002D8,3.36,No,None,0.96,stationary
271797,ANCHOR_01,52:06:26:03:01:DA,-73,MFG_4C000215FDA50693A4E24FB1AFCFC6EB0764782500010002D8,3.36,No,None,0.96,stationary
272817,ANCHOR_01,52:06:26:03:01:DA,-68,MFG_4C000215FDA50693A4E24FB1AFCFC6EB0764782500010002D8,3.36,No,None,0.96,stationary
273807,ANCHOR_01,52:06:26:03:01:DA,-67,MFG_4C000215FDA50693A4E24FB1AFCFC6EB0764782500010002D8,3.36,No,None,0.96,stationary
274827,ANCHOR_01,52:06:26:03:01:DA,-71,MFG_4C000215FDA50693A4E24FB1AFCFC6EB0764782500010002D8,3.36,No,None,0.96,stationary
275817,ANCHOR_01,52:06:26:03:01:DA,-71,MFG_4C000215FDA50693A4E24FB1AFCFC6EB0764782500010002D8,3.36,No,None,0.96,stationary
276817,ANCHOR_01,52:06:26:03:01:DA,-73,MFG_4C000215FDA50693A4E24FB1AFCFC6EB0764782500010002D8,3.36,No,None,0.96,stationary
277827,ANCHOR_01,52:06:26:03:01:DA,-72,MFG_4C000215FDA50693A4E24FB1AFCFC6EB0764782500010002D8,3.36,No,None,0.96,stationary
278847,ANCHOR_01,52:06:26:03:01:DA,-65,MFG_4C000215FDA50693A4E24FB1AFCFC6EB0764782500010002D8,3.36,No,None,0.96,stationary
279837,ANCHOR_01,52:06:26:03:01:DA,-68,MFG_4C000215FDA50693A4E24FB1AFCFC6EB0764782500010002D8,3.36,No,None,0.96,stationary
281847,ANCHOR_01,52:06:26:03:01:DA,-70,MFG_4C000215FDA50693A4E24FB1AFCFC6EB0764782500010002D8,3.36,No,None,0.96,stationary
282867,ANCHOR_01,52:06:26:03:01:DA,-75,MFG_4C000215FDA50693A4E24FB1AFCFC6EB0764782500010002D8,3.36,No,None,0.96,stationary
283857,ANCHOR_01,52:06:26:03:01:DA,-73,MFG_4C000215FDA50693A4E24FB1AFCFC6EB0764782500010002D8,3.36,No,None,0.96,stationary
284847,ANCHOR_01,52:06:26:03:01:DA,-72,MFG_4C000215FDA50693A4E24FB1AFCFC6EB0764782500010002D8,3.36,No,None,0.96,stationary
285867,ANCHOR_01,52:06:26:03:01:DA,-67,MFG_4C000215FDA50693A4E24FB1AFCFC6EB0764782500010002D8,3.36,No,None,0.96,stationary
287877,ANCHOR_01,52:06:26:03:01:DA,-68,MFG_4C000215FDA50693A4E24FB1AFCFC6EB0764782500010002D8,3.36,No,None,0.96,stationary
288897,ANCHOR_01,52:06:26:03:01:DA,-73,MFG_4C000215FDA50693A4E24FB1AFCFC6EB0764782500010002D8,3.36,No,None,0.96,stationary
289887,ANCHOR_01,52:06:26:03:01:DA,-73,MFG_4C000215FDA50693A4E24FB1AFCFC6EB0764782500010002D8,3.36,No,None,0.96,stationary
290907,ANCHOR_01,52:06:26:03:01:DA,-67,MFG_4C000215FDA50693A4E24FB1AFCFC6EB0764782500010002D8,3.36,No,None,0.96,stationary
291897,ANCHOR_01,52:06:26:03:01:DA,-67,MFG_4C000215FDA50693A4E24FB1AFCFC6EB0764782500010002D8,3.36,No,None,0.96,stationary
292917,ANCHOR_01,52:06:26:03:01:DA,-68,MFG_4C000215FDA50693A4E24FB1AFCFC6EB0764782500010002D8,3.36,No,None,0.96,stationary
293907,ANCHOR_01,52:06:26:03:01:DA,-67,MFG_4C000215FDA50693A4E24FB1AFCFC6EB0764782500010002D8,3.36,No,None,0.96,stationary
294927,ANCHOR_01,52:06:26:03:01:DA,-73,MFG_4C000215FDA50693A4E24FB1AFCFC6EB0764782500010002D8,3.36,No,None,0.96,stationary
295917,ANCHOR_01,52:06:26:03:01:DA,-73,MFG_4C000215FDA50693A4E24FB1AFCFC6EB0764782500010002D8,3.36,No,None,0.96,stationary
296937,ANCHOR_01,52:06:26:03:01:DA,-67,MFG_4C000215FDA50693A4E24FB1AFCFC6EB0764782500010002D8,3.36,No,None,0.96,stationary
297927,ANCHOR_01,52:06:26:03:01:DA,-67,MFG_4C000215FDA50693A4E24FB1AFCFC6EB0764782500010002D8,3.36,No,None,0.96,stationary
299937,ANCHOR_01,52:06:26:03:01:DA,-68,MFG_4C000215FDA50693A4E24FB1AFCFC6EB0764782500010002D8,3.36,No,None,0.96,stationary
300957,ANCHOR_01,52:06:26:03:01:DA,-72,MFG_4C000215FDA50693A4E24FB1AFCFC6EB0764782500010002D8,3.36,No,None,0.96,stationary
301947,ANCHOR_01,52:06:26:03:01:DA,-72,MFG_4C000215FDA50693A4E24FB1AFCFC6EB0764782500010002D8,3.36,No,None,0.96,stationary
302947,ANCHOR_01,52:06:26:03:01:DA,-67,MFG_4C000215FDA50693A4E24FB1AFCFC6EB0764782500010002D8,3.36,No,None,0.96,stationary
303957,ANCHOR_01,52:06:26:03:01:DA,-67,MFG_4C000215FDA50693A4E24FB1AFCFC6EB0764782500010002D8,3.36,No,None,0.96,stationary
305957,ANCHOR_01,52:06:26:03:01:DA,-68,MFG_4C000215FDA50693A4E24FB1AFCFC6EB0764782500010002D8,3.36,No,None,0.96,stationary
306957,ANCHOR_01,52:06:26:03:01:DA,-69,MFG_4C000215FDA50693A4E24FB1AFCFC6EB0764782500010002D8,3.36,No,None,0.96,stationary
307977,ANCHOR_01,52:06:26:03:01:DA,-75,MFG_4C000215FDA50693A4E24FB1AFCFC6EB0764782500010002D8,3.36,No,None,0.96,stationary
308987,ANCHOR_01,52:06:26:03:01:DA,-67,MFG_4C000215FDA50693A4E24FB1AFCFC6EB0764782500010002D8,3.36,No,None,0.96,stationary
309987,ANCHOR_01,52:06:26:03:01:DA,-67,MFG_4C000215FDA50693A4E24FB1AFCFC6EB0764782500010002D8,3.36,No,None,0.96,stationary
310997,ANCHOR_01,52:06:26:03:01:DA,-70,MFG_4C000215FDA50693A4E24FB1AFCFC6EB0764782500010002D8,3.36,No,None,0.96,stationary
311997,ANCHOR_01,52:06:26:03:01:DA,-70,MFG_4C000215FDA50693A4E24FB1AFCFC6EB0764782500010002D8,3.36,No,None,0.96,stationary
313017,ANCHOR_01,52:06:26:03:01:DA,-74,MFG_4C000215FDA50693A4E24FB1AFCFC6EB0764782500010002D8,3.36,No,None,0.96,stationary
314007,ANCHOR_01,52:06:26:03:01:DA,-75,MFG_4C000215FDA50693A4E24FB1AFCFC6EB0764782500010002D8,3.36,No,None,0.96,stationary
315027,ANCHOR_01,52:06:26:03:01:DA,-66,MFG_4C000215FDA50693A4E24FB1AFCFC6EB0764782500010002D8,3.36,No,None,0.96,stationary
316017,ANCHOR_01,52:06:26:03:01:DA,-67,MFG_4C000215FDA50693A4E24FB1AFCFC6EB0764782500010002D8,3.36,No,None,0.96,stationary
317037,ANCHOR_01,52:06:26:03:01:DA,-70,MFG_4C000215FDA50693A4E24FB1AFCFC6EB0764782500010002D8,3.36,No,None,0.96,stationary
318027,ANCHOR_01,52:06:26:03:01:DA,-70,MFG_4C000215FDA50693A4E24FB1AFCFC6EB0764782500010002D8,3.36,No,None,0.96,stationary
319047,ANCHOR_01,52:06:26:03:01:DA,-74,MFG_4C000215FDA50693A4E24FB1AFCFC6EB0764782500010002D8,3.36,No,None,0.96,stationary
320037,ANCHOR_01,52:06:26:03:01:DA,-75,MFG_4C000215FDA50693A4E24FB1AFCFC6EB0764782500010002D8,3.36,No,None,0.96,stationary
321047,ANCHOR_01,52:06:26:03:01:DA,-67,MFG_4C000215FDA50693A4E24FB1AFCFC6EB0764782500010002D8,3.36,No,None,0.96,stationary
322047,ANCHOR_01,52:06:26:03:01:DA,-68,MFG_4C000215FDA50693A4E24FB1AFCFC6EB0764782500010002D8,3.36,No,None,0.96,stationary
323067,ANCHOR_01,52:06:26:03:01:DA,-71,MFG_4C000215FDA50693A4E24FB1AFCFC6EB0764782500010002D8,3.36,No,None,0.96,stationary
324057,ANCHOR_01,52:06:26:03:01:DA,-71,MFG_4C000215FDA50693A4E24FB1AFCFC6EB0764782500010002D8,3.36,No,None,0.96,stationary
325077,ANCHOR_01,52:06:26:03:01:DA,-74,MFG_4C000215FDA50693A4E24FB1AFCFC6EB0764782500010002D8,3.36,No,None,0.96,stationary
326067,ANCHOR_01,52:06:26:03:01:DA,-74,MFG_4C000215FDA50693A4E24FB1AFCFC6EB0764782500010002D8,3.36,No,None,0.96,stationary
327087,ANCHOR_01,52:06:26:03:01:DA,-68,MFG_4C000215FDA50693A4E24FB1AFCFC6EB0764782500010002D8,3.36,No,None,0.96,stationary
328077,ANCHOR_01,52:06:26:03:01:DA,-67,MFG_4C000215FDA50693A4E24FB1AFCFC6EB0764782500010002D8,3.36,No,None,0.96,stationary
329097,ANCHOR_01,52:06:26:03:01:DA,-70,MFG_4C000215FDA50693A4E24FB1AFCFC6EB0764782500010002D8,3.36,No,None,0.96,stationary
330077,ANCHOR_01,52:06:26:03:01:DA,-70,MFG_4C000215FDA50693A4E24FB1AFCFC6EB0764782500010002D8,3.36,No,None,0.96,stationary
331097,ANCHOR_01,52:06:26:03:01:DA,-74,MFG_4C000215FDA50693A4E24FB1AFCFC6EB0764782500010002D8,3.36,No,None,0.96,stationary
332097,ANCHOR_01,52:06:26:03:01:DA,-74,MFG_4C000215FDA50693A4E24FB1AFCFC6EB0764782500010002D8,3.36,No,None,0.96,stationary
333107,ANCHOR_01,52:06:26:03:01:DA,-67,MFG_4C000215FDA50693A4E24FB1AFCFC6EB0764782500010002D8,3.36,No,None,0.96,stationary
334107,ANCHOR_01,52:06:26:03:01:DA,-68,MFG_4C000215FDA50693A4E24FB1AFCFC6EB0764782500010002D8,3.36,No,None,0.96,stationary
335127,ANCHOR_01,52:06:26:03:01:DA,-70,MFG_4C000215FDA50693A4E24FB1AFCFC6EB0764782500010002D8,3.36,No,None,0.96,stationary
337137,ANCHOR_01,52:06:26:03:01:DA,-74,MFG_4C000215FDA50693A4E24FB1AFCFC6EB0764782500010002D8,3.36,No,None,0.96,stationary
338127,ANCHOR_01,52:06:26:03:01:DA,-74,MFG_4C000215FDA50693A4E24FB1AFCFC6EB0764782500010002D8,3.36,No,None,0.96,stationary
339147,ANCHOR_01,52:06:26:03:01:DA,-67,MFG_4C000215FDA50693A4E24FB1AFCFC6EB0764782500010002D8,3.36,No,None,0.96,stationary
340137,ANCHOR_01,52:06:26:03:01:DA,-67,MFG_4C000215FDA50693A4E24FB1AFCFC6EB0764782500010002D8,3.36,No,None,0.96,stationary
341157,ANCHOR_01,52:06:26:03:01:DA,-70,MFG_4C000215FDA50693A4E24FB1AFCFC6EB0764782500010002D8,3.36,No,None,0.96,stationary
343167,ANCHOR_01,52:06:26:03:01:DA,-74,MFG_4C000215FDA50693A4E24FB1AFCFC6EB0764782500010002D8,3.36,No,None,0.96,stationary
344187,ANCHOR_01,52:06:26:03:01:DA,-67,MFG_4C000215FDA50693A4E24FB1AFCFC6EB0764782500010002D8,3.36,No,None,0.96,stationary
345177,ANCHOR_01,52:06:26:03:01:DA,-67,MFG_4C000215FDA50693A4E24FB1AFCFC6EB0764782500010002D8,3.36,No,None,0.96,stationary
346197,ANCHOR_01,52:06:26:03:01:DA,-70,MFG_4C000215FDA50693A4E24FB1AFCFC6EB0764782500010002D8,3.36,No,None,0.96,stationary
347187,ANCHOR_01,52:06:26:03:01:DA,-69,MFG_4C000215FDA50693A4E24FB1AFCFC6EB0764782500010002D8,3.36,No,None,0.96,stationary
348207,ANCHOR_01,52:06:26:03:01:DA,-73,MFG_4C000215FDA50693A4E24FB1AFCFC6EB0764782500010002D8,3.36,No,None,0.96,stationary
349197,ANCHOR_01,52:06:26:03:01:DA,-74,MFG_4C000215FDA50693A4E24FB1AFCFC6EB0764782500010002D8,3.36,No,None,0.96,stationary
350197,ANCHOR_01,52:06:26:03:01:DA,-67,MFG_4C000215FDA50693A4E24FB1AFCFC6EB0764782500010002D8,3.36,No,None,0.96,stationary
351207,ANCHOR_01,52:06:26:03:01:DA,-67,MFG_4C000215FDA50693A4E24FB1AFCFC6EB0764782500010002D8,3.36,No,None,0.96,stationary
353217,ANCHOR_01,52:06:26:03:01:DA,-70,MFG_4C000215FDA50693A4E24FB1AFCFC6EB0764782500010002D8,3.36,No,None,0.96,stationary
354237,ANCHOR_01,52:06:26:03:01:DA,-73,MFG_4C000215FDA50693A4E24FB1AFCFC6EB0764782500010002D8,3.36,No,None,0.96,stationary
355227,ANCHOR_01,52:06:26:03:01:DA,-73,MFG_4C000215FDA50693A4E24FB1AFCFC6EB0764782500010002D8,3.36,No,None,0.96,stationary
356247,ANCHOR_01,52:06:26:03:01:DA,-67,MFG_4C000215FDA50693A4E24FB1AFCFC6EB0764782500010002D8,3.36,No,None,0.96,stationary
358257,ANCHOR_01,52:06:26:03:01:DA,-69,MFG_4C000215FDA50693A4E24FB1AFCFC6EB0764782500010002D8,3.36,No,None,0.96,stationary
359237,ANCHOR_01,52:06:26:03:01:DA,-69,MFG_4C000215FDA50693A4E24FB1AFCFC6EB0764782500010002D8,3.36,No,None,0.96,stationary
360267,ANCHOR_01,52:06:26:03:01:DA,-75,MFG_4C000215FDA50693A4E24FB1AFCFC6EB0764782500010002D8,3.36,No,None,0.96,stationary
361257,ANCHOR_01,52:06:26:03:01:DA,-74,MFG_4C000215FDA50693A4E24FB1AFCFC6EB0764782500010002D8,3.36,No,None,0.96,stationary
362247,ANCHOR_01,52:06:26:03:01:DA,-73,MFG_4C000215FDA50693A4E24FB1AFCFC6EB0764782500010002D8,3.36,No,None,0.96,stationary
363257,ANCHOR_01,52:06:26:03:01:DA,-67,MFG_4C000215FDA50693A4E24FB1AFCFC6EB0764782500010002D8,3.36,No,None,0.96,stationary
365267,ANCHOR_01,52:06:26:03:01:DA,-70,MFG_4C000215FDA50693A4E24FB1AFCFC6EB0764782500010002D8,3.36,No,None,0.96,stationary
366297,ANCHOR_01,52:06:26:03:01:DA,-72,MFG_4C000215FDA50693A4E24FB1AFCFC6EB0764782500010002D8,3.36,No,None,0.96,stationary
367287,ANCHOR_01,52:06:26:03:01:DA,-73,MFG_4C000215FDA50693A4E24FB1AFCFC6EB0764782500010002D8,3.36,No,None,0.96,stationary
368307,ANCHOR_01,52:06:26:03:01:DA,-67,MFG_4C000215FDA50693A4E24FB1AFCFC6EB0764782500010002D8,3.36,No,None,0.96,stationary
370317,ANCHOR_01,52:06:26:03:01:DA,-70,MFG_4C000215FDA50693A4E24FB1AFCFC6EB0764782500010002D8,3.36,No,None,0.96,stationary
372327,ANCHOR_01,52:06:26:03:01:DA,-73,MFG_4C000215FDA50693A4E24FB1AFCFC6EB0764782500010002D8,3.36,No,None,0.96,stationary
373347,ANCHOR_01,52:06:26:03:01:DA,-67,MFG_4C000215FDA50693A4E24FB1AFCFC6EB0764782500010002D8,3.36,No,None,0.96,stationary
375357,ANCHOR_01,52:06:26:03:01:DA,-71,MFG_4C000215FDA50693A4E24FB1AFCFC6EB0764782500010002D8,3.36,No,None,0.96,stationary
376347,ANCHOR_01,52:06:26:03:01:DA,-70,MFG_4C000215FDA50693A4E24FB1AFCFC6EB0764782500010002D8,3.36,No,None,0.96,stationary
377367,ANCHOR_01,52:06:26:03:01:DA,-74,MFG_4C000215FDA50693A4E24FB1AFCFC6EB0764782500010002D8,3.36,No,None,0.96,stationary
378357,ANCHOR_01,52:06:26:03:01:DA,-73,MFG_4C000215FDA50693A4E24FB1AFCFC6EB0764782500010002D8,3.36,No,None,0.96,stationary
379367,ANCHOR_01,52:06:26:03:01:DA,-67,MFG_4C000215FDA50693A4E24FB1AFCFC6EB0764782500010002D8,3.36,No,None,0.96,stationary
380367,ANCHOR_01,52:06:26:03:01:DA,-65,MFG_4C000215FDA50693A4E24FB1AFCFC6EB0764782500010002D8,3.36,No,None,0.96,stationary
381387,ANCHOR_01,52:06:26:03:01:DA,-70,MFG_4C000215FDA50693A4E24FB1AFCFC6EB0764782500010002D8,3.36,No,None,0.96,stationary
382377,ANCHOR_01,52:06:26:03:01:DA,-70,MFG_4C000215FDA50693A4E24FB1AFCFC6EB0764782500010002D8,3.36,No,None,0.96,stationary
383397,ANCHOR_01,52:06:26:03:01:DA,-73,MFG_4C000215FDA50693A4E24FB1AFCFC6EB0764782500010002D8,3.36,No,None,0.96,stationary
384387,ANCHOR_01,52:06:26:03:01:DA,-73,MFG_4C000215FDA50693A4E24FB1AFCFC6EB0764782500010002D8,3.36,No,None,0.96,stationary
385407,ANCHOR_01,52:06:26:03:01:DA,-67,MFG_4C000215FDA50693A4E24FB1AFCFC6EB0764782500010002D8,3.36,No,None,0.96,stationary
387417,ANCHOR_01,52:06:26:03:01:DA,-71,MFG_4C000215FDA50693A4E24FB1AFCFC6EB0764782500010002D8,3.36,No,None,0.96,stationary
388427,ANCHOR_01,52:06:26:03:01:DA,-72,MFG_4C000215FDA50693A4E24FB1AFCFC6EB0764782500010002D8,3.36,No,None,0.96,stationary
389427,ANCHOR_01,52:06:26:03:01:DA,-72,MFG_4C000215FDA50693A4E24FB1AFCFC6EB0764782500010002D8,3.36,No,None,0.96,stationary
390437,ANCHOR_01,52:06:26:03:01:DA,-66,MFG_4C000215FDA50693A4E24FB1AFCFC6EB0764782500010002D8,3.36,No,None,0.96,stationary
392457,ANCHOR_01,52:06:26:03:01:DA,-72,MFG_4C000215FDA50693A4E24FB1AFCFC6EB0764782500010002D8,3.36,No,None,0.96,stationary
393447,ANCHOR_01,52:06:26:03:01:DA,-71,MFG_4C000215FDA50693A4E24FB1AFCFC6EB0764782500010002D8,3.36,No,None,0.96,stationary
394467,ANCHOR_01,52:06:26:03:01:DA,-72,MFG_4C000215FDA50693A4E24FB1AFCFC6EB0764782500010002D8,3.36,No,None,0.96,stationary
396477,ANCHOR_01,52:06:26:03:01:DA,-66,MFG_4C000215FDA50693A4E24FB1AFCFC6EB0764782500010002D8,3.36,No,None,0.96,stationary
398487,ANCHOR_01,52:06:26:03:01:DA,-71,MFG_4C000215FDA50693A4E24FB1AFCFC6EB0764782500010002D8,3.36,No,None,0.96,stationary
399477,ANCHOR_01,52:06:26:03:01:DA,-71,MFG_4C000215FDA50693A4E24FB1AFCFC6EB0764782500010002D8,3.36,No,None,0.96,stationary
400497,ANCHOR_01,52:06:26:03:01:DA,-72,MFG_4C000215FDA50693A4E24FB1AFCFC6EB0764782500010002D8,3.36,No,None,0.96,stationary
402507,ANCHOR_01,52:06:26:03:01:DA,-67,MFG_4C000215FDA50693A4E24FB1AFCFC6EB0764782500010002D8,3.36,No,None,0.96,stationary
404517,ANCHOR_01,52:06:26:03:01:DA,-72,MFG_4C000215FDA50693A4E24FB1AFCFC6EB0764782500010002D8,3.36,No,None,0.96,stationary
405537,ANCHOR_01,52:06:26:03:01:DA,-72,MFG_4C000215FDA50693A4E24FB1AFCFC6EB0764782500010002D8,3.36,No,None,0.96,stationary
406527,ANCHOR_01,52:06:26:03:01:DA,-72,MFG_4C000215FDA50693A4E24FB1AFCFC6EB0764782500010002D8,3.36,No,None,0.96,stationary
408527,ANCHOR_01,52:06:26:03:01:DA,-67,MFG_4C000215FDA50693A4E24FB1AFCFC6EB0764782500010002D8,3.36,No,None,0.96,stationary
410547,ANCHOR_01,52:06:26:03:01:DA,-70,MFG_4C000215FDA50693A4E24FB1AFCFC6EB0764782500010002D8,3.36,No,None,0.96,stationary
411537,ANCHOR_01,52:06:26:03:01:DA,-70,MFG_4C000215FDA50693A4E24FB1AFCFC6EB0764782500010002D8,3.36,No,None,0.96,stationary
412557,ANCHOR_01,52:06:26:03:01:DA,-73,MFG_4C000215FDA50693A4E24FB1AFCFC6EB0764782500010002D8,3.36,No,None,0.96,stationary
414567,ANCHOR_01,52:06:26:03:01:DA,-67,MFG_4C000215FDA50693A4E24FB1AFCFC6EB0764782500010002D8,3.36,No,None,0.96,stationary
415587,ANCHOR_01,52:06:26:03:01:DA,-70,MFG_4C000215FDA50693A4E24FB1AFCFC6EB0764782500010002D8,3.36,No,None,0.96,stationary
416577,ANCHOR_01,52:06:26:03:01:DA,-70,MFG_4C000215FDA50693A4E24FB1AFCFC6EB0764782500010002D8,3.36,No,None,0.96,stationary
418587,ANCHOR_01,52:06:26:03:01:DA,-73,MFG_4C000215FDA50693A4E24FB1AFCFC6EB0764782500010002D8,3.36,No,None,0.96,stationary
419607,ANCHOR_01,52:06:26:03:01:DA,-67,MFG_4C000215FDA50693A4E24FB1AFCFC6EB0764782500010002D8,3.36,No,None,0.96,stationary
420597,ANCHOR_01,52:06:26:03:01:DA,-67,MFG_4C000215FDA50693A4E24FB1AFCFC6EB0764782500010002D8,3.36,No,None,0.96,stationary
422607,ANCHOR_01,52:06:26:03:01:DA,-70,MFG_4C000215FDA50693A4E24FB1AFCFC6EB0764782500010002D8,3.36,No,None,0.96,stationary
423607,ANCHOR_01,52:06:26:03:01:DA,-70,MFG_4C000215FDA50693A4E24FB1AFCFC6EB0764782500010002D8,3.36,No,None,0.96,stationary
424617,ANCHOR_01,52:06:26:03:01:DA,-72,MFG_4C000215FDA50693A4E24FB1AFCFC6EB0764782500010002D8,3.36,No,None,0.96,stationary
425607,ANCHOR_01,52:06:26:03:01:DA,-72,MFG_4C000215FDA50693A4E24FB1AFCFC6EB0764782500010002D8,3.36,No,None,0.96,stationary
426627,ANCHOR_01,52:06:26:03:01:DA,-67,MFG_4C000215FDA50693A4E24FB1AFCFC6EB0764782500010002D8,3.36,No,None,0.96,stationary
427617,ANCHOR_01,52:06:26:03:01:DA,-67,MFG_4C000215FDA50693A4E24FB1AFCFC6EB0764782500010002D8,3.36,No,None,0.96,stationary
428627,ANCHOR_01,52:06:26:03:01:DA,-70,MFG_4C000215FDA50693A4E24FB1AFCFC6EB0764782500010002D8,3.36,No,None,0.96,stationary
429627,ANCHOR_01,52:06:26:03:01:DA,-71,MFG_4C000215FDA50693A4E24FB1AFCFC6EB0764782500010002D8,3.36,No,None,0.96,stationary
430647,ANCHOR_01,52:06:26:03:01:DA,-74,MFG_4C000215FDA50693A4E24FB1AFCFC6EB0764782500010002D8,3.36,No,None,0.96,stationary
431637,ANCHOR_01,52:06:26:03:01:DA,-73,MFG_4C000215FDA50693A4E24FB1AFCFC6EB0764782500010002D8,3.36,No,None,0.96,stationary
432657,ANCHOR_01,52:06:26:03:01:DA,-67,MFG_4C000215FDA50693A4E24FB1AFCFC6EB0764782500010002D8,3.36,No,None,0.96,stationary
433647,ANCHOR_01,52:06:26:03:01:DA,-68,MFG_4C000215FDA50693A4E24FB1AFCFC6EB0764782500010002D8,3.36,No,None,0.96,stationary
434657,ANCHOR_01,52:06:26:03:01:DA,-70,MFG_4C000215FDA50693A4E24FB1AFCFC6EB0764782500010002D8,3.36,No,None,0.96,stationary
435657,ANCHOR_01,52:06:26:03:01:DA,-71,MFG_4C000215FDA50693A4E24FB1AFCFC6EB0764782500010002D8,3.36,No,None,0.96,stationary
436677,ANCHOR_01,52:06:26:03:01:DA,-74,MFG_4C000215FDA50693A4E24FB1AFCFC6EB0764782500010002D8,3.36,No,None,0.96,stationary
437667,ANCHOR_01,52:06:26:03:01:DA,-74,MFG_4C000215FDA50693A4E24FB1AFCFC6EB0764782500010002D8,3.36,No,None,0.96,stationary
438677,ANCHOR_01,52:06:26:03:01:DA,-66,MFG_4C000215FDA50693A4E24FB1AFCFC6EB0764782500010002D8,3.36,No,None,0.96,stationary
439677,ANCHOR_01,52:06:26:03:01:DA,-67,MFG_4C000215FDA50693A4E24FB1AFCFC6EB0764782500010002D8,3.36,No,None,0.96,stationary
440697,ANCHOR_01,52:06:26:03:01:DA,-69,MFG_4C000215FDA50693A4E24FB1AFCFC6EB0764782500010002D8,3.36,No,None,0.96,stationary
441687,ANCHOR_01,52:06:26:03:01:DA,-70,MFG_4C000215FDA50693A4E24FB1AFCFC6EB0764782500010002D8,3.36,No,None,0.96,stationary
442707,ANCHOR_01,52:06:26:03:01:DA,-73,MFG_4C000215FDA50693A4E24FB1AFCFC6EB0764782500010002D8,3.36,No,None,0.96,stationary
444717,ANCHOR_01,52:06:26:03:01:DA,-67,MFG_4C000215FDA50693A4E24FB1AFCFC6EB0764782500010002D8,3.36,No,None,0.96,stationary
445737,ANCHOR_01,52:06:26:03:01:DA,-70,MFG_4C000215FDA50693A4E24FB1AFCFC6EB0764782500010002D8,3.36,No,None,0.96,stationary
446727,ANCHOR_01,52:06:26:03:01:DA,-70,MFG_4C000215FDA50693A4E24FB1AFCFC6EB0764782500010002D8,3.36,No,None,0.96,stationary
448737,ANCHOR_01,52:06:26:03:01:DA,-73,MFG_4C000215FDA50693A4E24FB1AFCFC6EB0764782500010002D8,3.36,No,None,0.96,stationary
449727,ANCHOR_01,52:06:26:03:01:DA,-73,MFG_4C000215FDA50693A4E24FB1AFCFC6EB0764782500010002D8,3.36,No,None,0.96,stationary
450747,ANCHOR_01,52:06:26:03:01:DA,-68,MFG_4C000215FDA50693A4E24FB1AFCFC6EB0764782500010002D8,3.36,No,None,0.96,stationary
451737,ANCHOR_01,52:06:26:03:01:DA,-67,MFG_4C000215FDA50693A4E24FB1AFCFC6EB0764782500010002D8,3.36,No,None,0.96,stationary
452757,ANCHOR_01,52:06:26:03:01:DA,-70,MFG_4C000215FDA50693A4E24FB1AFCFC6EB0764782500010002D8,3.36,No,None,0.96,stationary
453777,ANCHOR_01,52:06:26:03:01:DA,-73,MFG_4C000215FDA50693A4E24FB1AFCFC6EB0764782500010002D8,3.36,No,None,0.96,stationary
454767,ANCHOR_01,52:06:26:03:01:DA,-73,MFG_4C000215FDA50693A4E24FB1AFCFC6EB0764782500010002D8,3.36,No,None,0.96,stationary
455757,ANCHOR_01,52:06:26:03:01:DA,-74,MFG_4C000215FDA50693A4E24FB1AFCFC6EB0764782500010002D8,3.36,No,None,0.96,stationary
456777,ANCHOR_01,52:06:26:03:01:DA,-68,MFG_4C000215FDA50693A4E24FB1AFCFC6EB0764782500010002D8,3.36,No,None,0.96,stationary
457767,ANCHOR_01,52:06:26:03:01:DA,-67,MFG_4C000215FDA50693A4E24FB1AFCFC6EB0764782500010002D8,3.36,No,None,0.96,stationary
458787,ANCHOR_01,52:06:26:03:01:DA,-70,MFG_4C000215FDA50693A4E24FB1AFCFC6EB0764782500010002D8,3.36,No,None,0.96,stationary
459777,ANCHOR_01,52:06:26:03:01:DA,-70,MFG_4C000215FDA50693A4E24FB1AFCFC6EB0764782500010002D8,3.36,No,None,0.96,stationary
460797,ANCHOR_01,52:06:26:03:01:DA,-74,MFG_4C000215FDA50693A4E24FB1AFCFC6EB0764782500010002D8,3.36,No,None,0.96,stationary
461797,ANCHOR_01,52:06:26:03:01:DA,-67,MFG_4C000215FDA50693A4E24FB1AFCFC6EB0764782500010002D8,3.36,No,None,0.96,stationary
462807,ANCHOR_01,52:06:26:03:01:DA,-68,MFG_4C000215FDA50693A4E24FB1AFCFC6EB0764782500010002D8,3.36,No,None,0.96,stationary
463827,ANCHOR_01,52:06:26:03:01:DA,-70,MFG_4C000215FDA50693A4E24FB1AFCFC6EB0764782500010002D8,3.36,No,None,0.96,stationary
464817,ANCHOR_01,52:06:26:03:01:DA,-71,MFG_4C000215FDA50693A4E24FB1AFCFC6EB0764782500010002D8,3.36,No,None,0.96,stationary
465837,ANCHOR_01,52:06:26:03:01:DA,-74,MFG_4C000215FDA50693A4E24FB1AFCFC6EB0764782500010002D8,3.36,No,None,0.96,stationary
466847,ANCHOR_01,52:06:26:03:01:DA,-67,MFG_4C000215FDA50693A4E24FB1AFCFC6EB0764782500010002D8,3.36,No,None,0.96,stationary
467847,ANCHOR_01,52:06:26:03:01:DA,-68,MFG_4C000215FDA50693A4E24FB1AFCFC6EB0764782500010002D8,3.36,No,None,0.96,stationary
468857,ANCHOR_01,52:06:26:03:01:DA,-70,MFG_4C000215FDA50693A4E24FB1AFCFC6EB0764782500010002D8,3.36,No,None,0.96,stationary
469857,ANCHOR_01,52:06:26:03:01:DA,-69,MFG_4C000215FDA50693A4E24FB1AFCFC6EB0764782500010002D8,3.36,No,None,0.96,stationary
470877,ANCHOR_01,52:06:26:03:01:DA,-76,MFG_4C000215FDA50693A4E24FB1AFCFC6EB0764782500010002D8,3.36,No,None,0.96,stationary
471867,ANCHOR_01,52:06:26:03:01:DA,-77,MFG_4C000215FDA50693A4E24FB1AFCFC6EB0764782500010002D8,3.36,No,None,0.96,stationary
472877,ANCHOR_01,52:06:26:03:01:DA,-68,MFG_4C000215FDA50693A4E24FB1AFCFC6EB0764782500010002D8,3.36,No,None,0.96,stationary
474897,ANCHOR_01,52:06:26:03:01:DA,-70,MFG_4C000215FDA50693A4E24FB1AFCFC6EB0764782500010002D8,3.36,No,None,0.96,stationary
475917,ANCHOR_01,52:06:26:03:01:DA,-76,MFG_4C000215FDA50693A4E24FB1AFCFC6EB0764782500010002D8,3.36,No,None,0.96,stationary
476907,ANCHOR_01,52:06:26:03:01:DA,-75,MFG_4C000215FDA50693A4E24FB1AFCFC6EB0764782500010002D8,3.36,No,None,0.96,stationary
478917,ANCHOR_01,52:06:26:03:01:DA,-67,MFG_4C000215FDA50693A4E24FB1AFCFC6EB0764782500010002D8,3.36,No,None,0.96,stationary
479907,ANCHOR_01,52:06:26:03:01:DA,-66,MFG_4C000215FDA50693A4E24FB1AFCFC6EB0764782500010002D8,3.36,No,None,0.96,stationary
480927,ANCHOR_01,52:06:26:03:01:DA,-70,MFG_4C000215FDA50693A4E24FB1AFCFC6EB0764782500010002D8,3.36,No,None,0.96,stationary
481917,ANCHOR_01,52:06:26:03:01:DA,-70,MFG_4C000215FDA50693A4E24FB1AFCFC6EB0764782500010002D8,3.36,No,None,0.96,stationary
482937,ANCHOR_01,52:06:26:03:01:DA,-74,MFG_4C000215FDA50693A4E24FB1AFCFC6EB0764782500010002D8,3.36,No,None,0.96,stationary
483957,ANCHOR_01,52:06:26:03:01:DA,-67,MFG_4C000215FDA50693A4E24FB1AFCFC6EB0764782500010002D8,3.36,No,None,0.96,stationary
484947,ANCHOR_01,52:06:26:03:01:DA,-68,MFG_4C000215FDA50693A4E24FB1AFCFC6EB0764782500010002D8,3.36,No,None,0.96,stationary
485957,ANCHOR_01,52:06:26:03:01:DA,-70,MFG_4C000215FDA50693A4E24FB1AFCFC6EB0764782500010002D8,3.36,No,None,0.96,stationary
486957,ANCHOR_01,52:06:26:03:01:DA,-70,MFG_4C000215FDA50693A4E24FB1AFCFC6EB0764782500010002D8,3.36,No,None,0.96,stationary
487947,ANCHOR_01,52:06:26:03:01:DA,-71,MFG_4C000215FDA50693A4E24FB1AFCFC6EB0764782500010002D8,3.36,No,None,0.96,stationary
488967,ANCHOR_01,52:06:26:03:01:DA,-73,MFG_4C000215FDA50693A4E24FB1AFCFC6EB0764782500010002D8,3.36,No,None,0.96,stationary
489967,ANCHOR_01,52:06:26:03:01:DA,-67,MFG_4C000215FDA50693A4E24FB1AFCFC6EB0764782500010002D8,3.36,No,None,0.96,stationary
490977,ANCHOR_01,52:06:26:03:01:DA,-67,MFG_4C000215FDA50693A4E24FB1AFCFC6EB0764782500010002D8,3.36,No,None,0.96,stationary
491987,ANCHOR_01,52:06:26:03:01:DA,-71,MFG_4C000215FDA50693A4E24FB1AFCFC6EB0764782500010002D8,3.36,No,None,0.96,stationary
492987,ANCHOR_01,52:06:26:03:01:DA,-71,MFG_4C000215FDA50693A4E24FB1AFCFC6EB0764782500010002D8,3.36,No,None,0.96,stationary
494007,ANCHOR_01,52:06:26:03:01:DA,-73,MFG_4C000215FDA50693A4E24FB1AFCFC6EB0764782500010002D8,3.36,No,None,0.96,stationary
494997,ANCHOR_01,52:06:26:03:01:DA,-73,MFG_4C000215FDA50693A4E24FB1AFCFC6EB0764782500010002D8,3.36,No,None,0.96,stationary
496007,ANCHOR_01,52:06:26:03:01:DA,-68,MFG_4C000215FDA50693A4E24FB1AFCFC6EB0764782500010002D8,3.36,No,None,0.96,stationary
497007,ANCHOR_01,52:06:26:03:01:DA,-67,MFG_4C000215FDA50693A4E24FB1AFCFC6EB0764782500010002D8,3.36,No,None,0.96,stationary
498007,ANCHOR_01,52:06:26:03:01:DA,-71,MFG_4C000215FDA50693A4E24FB1AFCFC6EB0764782500010002D8,3.36,No,None,0.96,stationary
499017,ANCHOR_01,52:06:26:03:01:DA,-71,MFG_4C000215FDA50693A4E24FB1AFCFC6EB0764782500010002D8,3.36,No,None,0.96,stationary
501027,ANCHOR_01,52:06:26:03:01:DA,-73,MFG_4C000215FDA50693A4E24FB1AFCFC6EB0764782500010002D8,3.36,No,None,0.96,stationary
502017,ANCHOR_01,52:06:26:03:01:DA,-73,MFG_4C000215FDA50693A4E24FB1AFCFC6EB0764782500010002D8,3.36,No,None,0.96,stationary
503037,ANCHOR_01,52:06:26:03:01:DA,-68,MFG_4C000215FDA50693A4E24FB1AFCFC6EB0764782500010002D8,3.36,No,None,0.96,stationary
504027,ANCHOR_01,52:06:26:03:01:DA,-67,MFG_4C000215FDA50693A4E24FB1AFCFC6EB0764782500010002D8,3.36,No,None,0.96,stationary
505037,ANCHOR_01,52:06:26:03:01:DA,-70,MFG_4C000215FDA50693A4E24FB1AFCFC6EB0764782500010002D8,3.36,No,None,0.96,stationary
506037,ANCHOR_01,52:06:26:03:01:DA,-70,MFG_4C000215FDA50693A4E24FB1AFCFC6EB0764782500010002D8,3.36,No,None,0.96,stationary
507057,ANCHOR_01,52:06:26:03:01:DA,-73,MFG_4C000215FDA50693A4E24FB1AFCFC6EB0764782500010002D8,3.36,No,None,0.96,stationary
508047,ANCHOR_01,52:06:26:03:01:DA,-73,MFG_4C000215FDA50693A4E24FB1AFCFC6EB0764782500010002D8,3.36,No,None,0.96,stationary
509067,ANCHOR_01,52:06:26:03:01:DA,-66,MFG_4C000215FDA50693A4E24FB1AFCFC6EB0764782500010002D8,3.36,No,None,0.96,stationary
511077,ANCHOR_01,52:06:26:03:01:DA,-70,MFG_4C000215FDA50693A4E24FB1AFCFC6EB0764782500010002D8,3.36,No,None,0.96,stationary
512087,ANCHOR_01,52:06:26:03:01:DA,-74,MFG_4C000215FDA50693A4E24FB1AFCFC6EB0764782500010002D8,3.36,No,None,0.96,stationary
513087,ANCHOR_01,52:06:26:03:01:DA,-74,MFG_4C000215FDA50693A4E24FB1AFCFC6EB0764782500010002D8,3.36,No,None,0.96,stationary
514107,ANCHOR_01,52:06:26:03:01:DA,-66,MFG_4C000215FDA50693A4E24FB1AFCFC6EB0764782500010002D8,3.36,No,None,0.96,stationary
516117,ANCHOR_01,52:06:26:03:01:DA,-71,MFG_4C000215FDA50693A4E24FB1AFCFC6EB0764782500010002D8,3.36,No,None,0.96,stationary
517107,ANCHOR_01,52:06:26:03:01:DA,-71,MFG_4C000215FDA50693A4E24FB1AFCFC6EB0764782500010002D8,3.36,No,None,0.96,stationary
518127,ANCHOR_01,52:06:26:03:01:DA,-74,MFG_4C000215FDA50693A4E24FB1AFCFC6EB0764782500010002D8,3.36,No,None,0.96,stationary
519117,ANCHOR_01,52:06:26:03:01:DA,-75,MFG_4C000215FDA50693A4E24FB1AFCFC6EB0764782500010002D8,3.36,No,None,0.96,stationary
520137,ANCHOR_01,52:06:26:03:01:DA,-67,MFG_4C000215FDA50693A4E24FB1AFCFC6EB0764782500010002D8,3.36,No,None,0.96,stationary
521117,ANCHOR_01,52:06:26:03:01:DA,-67,MFG_4C000215FDA50693A4E24FB1AFCFC6EB0764782500010002D8,3.36,No,None,0.96,stationary
522147,ANCHOR_01,52:06:26:03:01:DA,-71,MFG_4C000215FDA50693A4E24FB1AFCFC6EB0764782500010002D8,3.36,No,None,0.96,stationary
523137,ANCHOR_01,52:06:26:03:01:DA,-71,MFG_4C000215FDA50693A4E24FB1AFCFC6EB0764782500010002D8,3.36,No,None,0.96,stationary
524147,ANCHOR_01,52:06:26:03:01:DA,-75,MFG_4C000215FDA50693A4E24FB1AFCFC6EB0764782500010002D8,3.36,No,None,0.96,stationary
525147,ANCHOR_01,52:06:26:03:01:DA,-73,MFG_4C000215FDA50693A4E24FB1AFCFC6EB0764782500010002D8,3.36,No,None,0.96,stationary
526147,ANCHOR_01,52:06:26:03:01:DA,-67,MFG_4C000215FDA50693A4E24FB1AFCFC6EB0764782500010002D8,3.36,No,None,0.96,stationary
527157,ANCHOR_01,52:06:26:03:01:DA,-68,MFG_4C000215FDA50693A4E24FB1AFCFC6EB0764782500010002D8,3.36,No,None,0.96,stationary
528167,ANCHOR_01,52:06:26:03:01:DA,-71,MFG_4C000215FDA50693A4E24FB1AFCFC6EB0764782500010002D8,3.36,No,None,0.96,stationary
529167,ANCHOR_01,52:06:26:03:01:DA,-70,MFG_4C000215FDA50693A4E24FB1AFCFC6EB0764782500010002D8,3.36,No,None,0.96,stationary
530157,ANCHOR_01,52:06:26:03:01:DA,-70,MFG_4C000215FDA50693A4E24FB1AFCFC6EB0764782500010002D8,3.36,No,None,0.96,stationary
531177,ANCHOR_01,52:06:26:03:01:DA,-73,MFG_4C000215FDA50693A4E24FB1AFCFC6EB0764782500010002D8,3.36,No,None,0.96,stationary
532167,ANCHOR_01,52:06:26:03:01:DA,-74,MFG_4C000215FDA50693A4E24FB1AFCFC6EB0764782500010002D8,3.36,No,None,0.96,stationary
533187,ANCHOR_01,52:06:26:03:01:DA,-67,MFG_4C000215FDA50693A4E24FB1AFCFC6EB0764782500010002D8,3.36,No,None,0.96,stationary
534197,ANCHOR_01,52:06:26:03:01:DA,-71,MFG_4C000215FDA50693A4E24FB1AFCFC6EB0764782500010002D8,3.36,No,None,0.96,stationary
535197,ANCHOR_01,52:06:26:03:01:DA,-71,MFG_4C000215FDA50693A4E24FB1AFCFC6EB0764782500010002D8,3.36,No,None,0.96,stationary
536217,ANCHOR_01,52:06:26:03:01:DA,-72,MFG_4C000215FDA50693A4E24FB1AFCFC6EB0764782500010002D8,3.36,No,None,0.96,stationary
537207,ANCHOR_01,52:06:26:03:01:DA,-73,MFG_4C000215FDA50693A4E24FB1AFCFC6EB0764782500010002D8,3.36,No,None,0.96,stationary
538227,ANCHOR_01,52:06:26:03:01:DA,-66,MFG_4C000215FDA50693A4E24FB1AFCFC6EB0764782500010002D8,3.36,No,None,0.96,stationary
539217,ANCHOR_01,52:06:26:03:01:DA,-67,MFG_4C000215FDA50693A4E24FB1AFCFC6EB0764782500010002D8,3.36,No,None,0.96,stationary
540237,ANCHOR_01,52:06:26:03:01:DA,-70,MFG_4C000215FDA50693A4E24FB1AFCFC6EB0764782500010002D8,3.36,No,None,0.96,stationary
541227,ANCHOR_01,52:06:26:03:01:DA,-70,MFG_4C000215FDA50693A4E24FB1AFCFC6EB0764782500010002D8,3.36,No,None,0.96,stationary
542247,ANCHOR_01,52:06:26:03:01:DA,-73,MFG_4C000215FDA50693A4E24FB1AFCFC6EB0764782500010002D8,3.36,No,None,0.96,stationary
543237,ANCHOR_01,52:06:26:03:01:DA,-73,MFG_4C000215FDA50693A4E24FB1AFCFC6EB0764782500010002D8,3.36,No,None,0.96,stationary
544247,ANCHOR_01,52:06:26:03:01:DA,-67,MFG_4C000215FDA50693A4E24FB1AFCFC6EB0764782500010002D8,3.36,No,None,0.96,stationary
545247,ANCHOR_01,52:06:26:03:01:DA,-66,MFG_4C000215FDA50693A4E24FB1AFCFC6EB0764782500010002D8,3.36,No,None,0.96,stationary
546267,ANCHOR_01,52:06:26:03:01:DA,-70,MFG_4C000215FDA50693A4E24FB1AFCFC6EB0764782500010002D8,3.36,No,None,0.96,stationary
547257,ANCHOR_01,52:06:26:03:01:DA,-71,MFG_4C000215FDA50693A4E24FB1AFCFC6EB0764782500010002D8,3.36,No,None,0.96,stationary
548277,ANCHOR_01,52:06:26:03:01:DA,-74,MFG_4C000215FDA50693A4E24FB1AFCFC6EB0764782500010002D8,3.36,No,None,0.96,stationary
549267,ANCHOR_01,52:06:26:03:01:DA,-76,MFG_4C000215FDA50693A4E24FB1AFCFC6EB0764782500010002D8,3.36,No,None,0.96,stationary
550287,ANCHOR_01,52:06:26:03:01:DA,-68,MFG_4C000215FDA50693A4E24FB1AFCFC6EB0764782500010002D8,3.36,No,None,0.96,stationary
551277,ANCHOR_01,52:06:26:03:01:DA,-68,MFG_4C000215FDA50693A4E24FB1AFCFC6EB0764782500010002D8,3.36,No,None,0.96,stationary
552297,ANCHOR_01,52:06:26:03:01:DA,-70,MFG_4C000215FDA50693A4E24FB1AFCFC6EB0764782500010002D8,3.36,No,None,0.96,stationary
553287,ANCHOR_01,52:06:26:03:01:DA,-70,MFG_4C000215FDA50693A4E24FB1AFCFC6EB0764782500010002D8,3.36,No,None,0.96,stationary
554307,ANCHOR_01,52:06:26:03:01:DA,-75,MFG_4C000215FDA50693A4E24FB1AFCFC6EB0764782500010002D8,3.36,No,None,0.96,stationary
555297,ANCHOR_01,52:06:26:03:01:DA,-75,MFG_4C000215FDA50693A4E24FB1AFCFC6EB0764782500010002D8,3.36,No,None,0.96,stationary
557307,ANCHOR_01,52:06:26:03:01:DA,-66,MFG_4C000215FDA50693A4E24FB1AFCFC6EB0764782500010002D8,3.36,No,None,0.96,stationary
559317,ANCHOR_01,52:06:26:03:01:DA,-70,MFG_4C000215FDA50693A4E24FB1AFCFC6EB0764782500010002D8,3.36,No,None,0.96,stationary
560337,ANCHOR_01,52:06:26:03:01:DA,-76,MFG_4C000215FDA50693A4E24FB1AFCFC6EB0764782500010002D8,3.36,No,None,0.96,stationary
561327,ANCHOR_01,52:06:26:03:01:DA,-78,MFG_4C000215FDA50693A4E24FB1AFCFC6EB0764782500010002D8,3.36,No,None,0.96,stationary
562347,ANCHOR_01,52:06:26:03:01:DA,-68,MFG_4C000215FDA50693A4E24FB1AFCFC6EB0764782500010002D8,3.36,No,None,0.96,stationary
563337,ANCHOR_01,52:06:26:03:01:DA,-68,MFG_4C000215FDA50693A4E24FB1AFCFC6EB0764782500010002D8,3.36,No,None,0.96,stationary
564357,ANCHOR_01,52:06:26:03:01:DA,-69,MFG_4C000215FDA50693A4E24FB1AFCFC6EB0764782500010002D8,3.36,No,None,0.96,stationary
565367,ANCHOR_01,52:06:26:03:01:DA,-74,MFG_4C000215FDA50693A4E24FB1AFCFC6EB0764782500010002D8,3.36,No,None,0.96,stationary
566367,ANCHOR_01,52:06:26:03:01:DA,-73,MFG_4C000215FDA50693A4E24FB1AFCFC6EB0764782500010002D8,3.36,No,None,0.96,stationary
567387,ANCHOR_01,52:06:26:03:01:DA,-68,MFG_4C000215FDA50693A4E24FB1AFCFC6EB0764782500010002D8,3.36,No,None,0.96,stationary
568377,ANCHOR_01,52:06:26:03:01:DA,-68,MFG_4C000215FDA50693A4E24FB1AFCFC6EB0764782500010002D8,3.36,No,None,0.96,stationary
569397,ANCHOR_01,52:06:26:03:01:DA,-70,MFG_4C000215FDA50693A4E24FB1AFCFC6EB0764782500010002D8,3.36,No,None,0.96,stationary
570387,ANCHOR_01,52:06:26:03:01:DA,-70,MFG_4C000215FDA50693A4E24FB1AFCFC6EB0764782500010002D8,3.36,No,None,0.96,stationary
571407,ANCHOR_01,52:06:26:03:01:DA,-80,MFG_4C000215FDA50693A4E24FB1AFCFC6EB0764782500010002D8,3.36,No,None,0.96,stationary
572397,ANCHOR_01,52:06:26:03:01:DA,-77,MFG_4C000215FDA50693A4E24FB1AFCFC6EB0764782500010002D8,3.36,No,None,0.96,stationary
573417,ANCHOR_01,52:06:26:03:01:DA,-68,MFG_4C000215FDA50693A4E24FB1AFCFC6EB0764782500010002D8,3.36,No,None,0.96,stationary
574407,ANCHOR_01,52:06:26:03:01:DA,-68,MFG_4C000215FDA50693A4E24FB1AFCFC6EB0764782500010002D8,3.36,No,None,0.96,stationary
575407,ANCHOR_01,52:06:26:03:01:DA,-70,MFG_4C000215FDA50693A4E24FB1AFCFC6EB0764782500010002D8,3.36,No,None,0.96,stationary
576417,ANCHOR_01,52:06:26:03:01:DA,-70,MFG_4C000215FDA50693A4E24FB1AFCFC6EB0764782500010002D8,3.36,No,None,0.96,stationary
577437,ANCHOR_01,52:06:26:03:01:DA,-79,MFG_4C000215FDA50693A4E24FB1AFCFC6EB0764782500010002D8,3.36,No,None,0.96,stationary
578427,ANCHOR_01,52:06:26:03:01:DA,-76,MFG_4C000215FDA50693A4E24FB1AFCFC6EB0764782500010002D8,3.36,No,None,0.96,stationary
579447,ANCHOR_01,52:06:26:03:01:DA,-67,MFG_4C000215FDA50693A4E24FB1AFCFC6EB0764782500010002D8,3.36,No,None,0.96,stationary
580427,ANCHOR_01,52:06:26:03:01:DA,-68,MFG_4C000215FDA50693A4E24FB1AFCFC6EB0764782500010002D8,3.36,No,None,0.96,stationary
581427,ANCHOR_01,52:06:26:03:01:DA,-67,MFG_4C000215FDA50693A4E24FB1AFCFC6EB0764782500010002D8,3.36,No,None,0.96,stationary
582447,ANCHOR_01,52:06:26:03:01:DA,-70,MFG_4C000215FDA50693A4E24FB1AFCFC6EB0764782500010002D8,3.36,No,None,0.96,stationary
583457,ANCHOR_01,52:06:26:03:01:DA,-75,MFG_4C000215FDA50693A4E24FB1AFCFC6EB0764782500010002D8,3.36,No,None,0.96,stationary
584457,ANCHOR_01,52:06:26:03:01:DA,-75,MFG_4C000215FDA50693A4E24FB1AFCFC6EB0764782500010002D8,3.36,No,None,0.96,stationary
586467,ANCHOR_01,52:06:26:03:01:DA,-68,MFG_4C000215FDA50693A4E24FB1AFCFC6EB0764782500010002D8,3.36,No,None,0.96,stationary
588467,ANCHOR_01,52:06:26:03:01:DA,-71,MFG_4C000215FDA50693A4E24FB1AFCFC6EB0764782500010002D8,3.36,No,None,0.96,stationary
589487,ANCHOR_01,52:06:26:03:01:DA,-74,MFG_4C000215FDA50693A4E24FB1AFCFC6EB0764782500010002D8,3.36,No,None,0.96,stationary
590487,ANCHOR_01,52:06:26:03:01:DA,-76,MFG_4C000215FDA50693A4E24FB1AFCFC6EB0764782500010002D8,3.36,No,None,0.96,stationary
591497,ANCHOR_01,52:06:26:03:01:DA,-67,MFG_4C000215FDA50693A4E24FB1AFCFC6EB0764782500010002D8,3.36,No,None,0.96,stationary
593517,ANCHOR_01,52:06:26:03:01:DA,-72,MFG_4C000215FDA50693A4E24FB1AFCFC6EB0764782500010002D8,3.36,No,None,0.96,stationary
594507,ANCHOR_01,52:06:26:03:01:DA,-72,MFG_4C000215FDA50693A4E24FB1AFCFC6EB0764782500010002D8,3.36,No,None,0.96,stationary
595527,ANCHOR_01,52:06:26:03:01:DA,-77,MFG_4C000215FDA50693A4E24FB1AFCFC6EB0764782500010002D8,3.36,No,None,0.96,stationary
596517,ANCHOR_01,52:06:26:03:01:DA,-76,MFG_4C000215FDA50693A4E24FB1AFCFC6EB0764782500010002D8,3.36,No,None,0.96,stationary
597527,ANCHOR_01,52:06:26:03:01:DA,-66,MFG_4C000215FDA50693A4E24FB1AFCFC6EB0764782500010002D8,3.36,No,None,0.96,stationary
598527,ANCHOR_01,52:06:26:03:01:DA,-68,MFG_4C000215FDA50693A4E24FB1AFCFC6EB0764782500010002D8,3.36,No,None,0.96,stationary
599537,ANCHOR_01,52:06:26:03:01:DA,-71,MFG_4C000215FDA50693A4E24FB1AFCFC6EB0764782500010002D8,3.36,No,None,0.96,stationary
600567,ANCHOR_01,52:06:26:03:01:DA,-75,MFG_4C000215FDA50693A4E24FB1AFCFC6EB0764782500010002D8,3.36,No,None,0.96,stationary
601557,ANCHOR_01,52:06:26:03:01:DA,-75,MFG_4C000215FDA50693A4E24FB1AFCFC6EB0764782500010002D8,3.36,No,None,0.96,stationary
602547,ANCHOR_01,52:06:26:03:01:DA,-75,MFG_4C000215FDA50693A4E24FB1AFCFC6EB0764782500010002D8,3.36,No,None,0.96,stationary
603567,ANCHOR_01,52:06:26:03:01:DA,-67,MFG_4C000215FDA50693A4E24FB1AFCFC6EB0764782500010002D8,3.36,No,None,0.96,stationary
605577,ANCHOR_01,52:06:26:03:01:DA,-70,MFG_4C000215FDA50693A4E24FB1AFCFC6EB0764782500010002D8,3.36,No,None,0.96,stationary
606567,ANCHOR_01,52:06:26:03:01:DA,-70,MFG_4C000215FDA50693A4E24FB1AFCFC6EB0764782500010002D8,3.36,No,None,0.96,stationary
607587,ANCHOR_01,52:06:26:03:01:DA,-75,MFG_4C000215FDA50693A4E24FB1AFCFC6EB0764782500010002D8,3.36,No,None,0.96,stationary
608577,ANCHOR_01,52:06:26:03:01:DA,-75,MFG_4C000215FDA50693A4E24FB1AFCFC6EB0764782500010002D8,3.36,No,None,0.96,stationary
609587,ANCHOR_01,52:06:26:03:01:DA,-66,MFG_4C000215FDA50693A4E24FB1AFCFC6EB0764782500010002D8,3.36,No,None,0.96,stationary
610587,ANCHOR_01,52:06:26:03:01:DA,-68,MFG_4C000215FDA50693A4E24FB1AFCFC6EB0764782500010002D8,3.36,No,None,0.96,stationary
611587,ANCHOR_01,52:06:26:03:01:DA,-70,MFG_4C000215FDA50693A4E24FB1AFCFC6EB0764782500010002D8,3.36,No,None,0.96,stationary
612587,ANCHOR_01,52:06:26:03:01:DA,-71,MFG_4C000215FDA50693A4E24FB1AFCFC6EB0764782500010002D8,3.36,No,None,0.96,stationary
613597,ANCHOR_01,52:06:26:03:01:DA,-75,MFG_4C000215FDA50693A4E24FB1AFCFC6EB0764782500010002D8,3.36,No,None,0.96,stationary
614597,ANCHOR_01,52:06:26:03:01:DA,-75,MFG_4C000215FDA50693A4E24FB1AFCFC6EB0764782500010002D8,3.36,No,None,0.96,stationary
615597,ANCHOR_01,52:06:26:03:01:DA,-75,MFG_4C000215FDA50693A4E24FB1AFCFC6EB0764782500010002D8,3.36,No,None,0.96,stationary
616617,ANCHOR_01,52:06:26:03:01:DA,-68,MFG_4C000215FDA50693A4E24FB1AFCFC6EB0764782500010002D8,3.36,No,None,0.96,stationary
617607,ANCHOR_01,52:06:26:03:01:DA,-67,MFG_4C000215FDA50693A4E24FB1AFCFC6EB0764782500010002D8,3.36,No,None,0.96,stationary
618627,ANCHOR_01,52:06:26:03:01:DA,-70,MFG_4C000215FDA50693A4E24FB1AFCFC6EB0764782500010002D8,3.36,No,None,0.96,stationary
619607,ANCHOR_01,52:06:26:03:01:DA,-70,MFG_4C000215FDA50693A4E24FB1AFCFC6EB0764782500010002D8,3.36,No,None,0.96,stationary
620637,ANCHOR_01,52:06:26:03:01:DA,-74,MFG_4C000215FDA50693A4E24FB1AFCFC6EB0764782500010002D8,3.36,No,None,0.96,stationary
621627,ANCHOR_01,52:06:26:03:01:DA,-74,MFG_4C000215FDA50693A4E24FB1AFCFC6EB0764782500010002D8,3.36,No,None,0.96,stationary
622647,ANCHOR_01,52:06:26:03:01:DA,-68,MFG_4C000215FDA50693A4E24FB1AFCFC6EB0764782500010002D8,3.36,No,None,0.96,stationary
623637,ANCHOR_01,52:06:26:03:01:DA,-67,MFG_4C000215FDA50693A4E24FB1AFCFC6EB0764782500010002D8,3.36,No,None,0.96,stationary
624647,ANCHOR_01,52:06:26:03:01:DA,-70,MFG_4C000215FDA50693A4E24FB1AFCFC6EB0764782500010002D8,3.36,No,None,0.96,stationary
626667,ANCHOR_01,52:06:26:03:01:DA,-75,MFG_4C000215FDA50693A4E24FB1AFCFC6EB0764782500010002D8,3.36,No,None,0.96,stationary
627667,ANCHOR_01,52:06:26:03:01:DA,-68,MFG_4C000215FDA50693A4E24FB1AFCFC6EB0764782500010002D8,3.36,No,None,0.96,stationary
628677,ANCHOR_01,52:06:26:03:01:DA,-67,MFG_4C000215FDA50693A4E24FB1AFCFC6EB0764782500010002D8,3.36,No,None,0.96,stationary
629697,ANCHOR_01,52:06:26:03:01:DA,-71,MFG_4C000215FDA50693A4E24FB1AFCFC6EB0764782500010002D8,3.36,No,None,0.96,stationary
630687,ANCHOR_01,52:06:26:03:01:DA,-71,MFG_4C000215FDA50693A4E24FB1AFCFC6EB0764782500010002D8,3.36,No,None,0.96,stationary
631697,ANCHOR_01,52:06:26:03:01:DA,-75,MFG_4C000215FDA50693A4E24FB1AFCFC6EB0764782500010002D8,3.36,No,None,0.96,stationary
632697,ANCHOR_01,52:06:26:03:01:DA,-75,MFG_4C000215FDA50693A4E24FB1AFCFC6EB0764782500010002D8,3.36,No,None,0.96,stationary
633707,ANCHOR_01,52:06:26:03:01:DA,-67,MFG_4C000215FDA50693A4E24FB1AFCFC6EB0764782500010002D8,3.36,No,None,0.96,stationary
634707,ANCHOR_01,52:06:26:03:01:DA,-66,MFG_4C000215FDA50693A4E24FB1AFCFC6EB0764782500010002D8,3.36,No,None,0.96,stationary
636717,ANCHOR_01,52:06:26:03:01:DA,-70,MFG_4C000215FDA50693A4E24FB1AFCFC6EB0764782500010002D8,3.36,No,None,0.96,stationary
638717,ANCHOR_01,52:06:26:03:01:DA,-74,MFG_4C000215FDA50693A4E24FB1AFCFC6EB0764782500010002D8,3.36,No,None,0.96,stationary
639737,ANCHOR_01,52:06:26:03:01:DA,-68,MFG_4C000215FDA50693A4E24FB1AFCFC6EB0764782500010002D8,3.36,No,None,0.96,stationary
640737,ANCHOR_01,52:06:26:03:01:DA,-67,MFG_4C000215FDA50693A4E24FB1AFCFC6EB0764782500010002D8,3.36,No,None,0.96,stationary
641747,ANCHOR_01,52:06:26:03:01:DA,-70,MFG_4C000215FDA50693A4E24FB1AFCFC6EB0764782500010002D8,3.36,No,None,0.96,stationary
642747,ANCHOR_01,52:06:26:03:01:DA,-71,MFG_4C000215FDA50693A4E24FB1AFCFC6EB0764782500010002D8,3.36,No,None,0.96,stationary
643767,ANCHOR_01,52:06:26:03:01:DA,-75,MFG_4C000215FDA50693A4E24FB1AFCFC6EB0764782500010002D8,3.36,No,None,0.96,stationary
644757,ANCHOR_01,52:06:26:03:01:DA,-75,MFG_4C000215FDA50693A4E24FB1AFCFC6EB0764782500010002D8,3.36,No,None,0.96,stationary
645777,ANCHOR_01,52:06:26:03:01:DA,-68,MFG_4C000215FDA50693A4E24FB1AFCFC6EB0764782500010002D8,3.36,No,None,0.96,stationary
646767,ANCHOR_01,52:06:26:03:01:DA,-68,MFG_4C000215FDA50693A4E24FB1AFCFC6EB0764782500010002D8,3.36,No,None,0.96,stationary
647777,ANCHOR_01,52:06:26:03:01:DA,-71,MFG_4C000215FDA50693A4E24FB1AFCFC6EB0764782500010002D8,3.36,No,None,0.96,stationary
648767,ANCHOR_01,52:06:26:03:01:DA,-71,MFG_4C000215FDA50693A4E24FB1AFCFC6EB0764782500010002D8,3.36,No,None,0.96,stationary
649767,ANCHOR_01,52:06:26:03:01:DA,-70,MFG_4C000215FDA50693A4E24FB1AFCFC6EB0764782500010002D8,3.36,No,None,0.96,stationary
650767,ANCHOR_01,52:06:26:03:01:DA,-73,MFG_4C000215FDA50693A4E24FB1AFCFC6EB0764782500010002D8,3.36,No,None,0.96,stationary
651777,ANCHOR_01,52:06:26:03:01:DA,-73,MFG_4C000215FDA50693A4E24FB1AFCFC6EB0764782500010002D8,3.36,No,None,0.96,stationary
652787,ANCHOR_01,52:06:26:03:01:DA,-67,MFG_4C000215FDA50693A4E24FB1AFCFC6EB0764782500010002D8,3.36,No,None,0.96,stationary
653787,ANCHOR_01,52:06:26:03:01:DA,-68,MFG_4C000215FDA50693A4E24FB1AFCFC6EB0764782500010002D8,3.36,No,None,0.96,stationary
654787,ANCHOR_01,52:06:26:03:01:DA,-70,MFG_4C000215FDA50693A4E24FB1AFCFC6EB0764782500010002D8,3.36,No,None,0.96,stationary
655787,ANCHOR_01,52:06:26:03:01:DA,-70,MFG_4C000215FDA50693A4E24FB1AFCFC6EB0764782500010002D8,3.36,No,None,0.96,stationary
656807,ANCHOR_01,52:06:26:03:01:DA,-78,MFG_4C000215FDA50693A4E24FB1AFCFC6EB0764782500010002D8,3.36,No,None,0.96,stationary
657807,ANCHOR_01,52:06:26:03:01:DA,-75,MFG_4C000215FDA50693A4E24FB1AFCFC6EB0764782500010002D8,3.36,No,None,0.96,stationary
658827,ANCHOR_01,52:06:26:03:01:DA,-69,MFG_4C000215FDA50693A4E24FB1AFCFC6EB0764782500010002D8,3.36,No,None,0.96,stationary
659817,ANCHOR_01,52:06:26:03:01:DA,-68,MFG_4C000215FDA50693A4E24FB1AFCFC6EB0764782500010002D8,3.36,No,None,0.96,stationary
660837,ANCHOR_01,52:06:26:03:01:DA,-70,MFG_4C000215FDA50693A4E24FB1AFCFC6EB0764782500010002D8,3.36,No,None,0.96,stationary
661817,ANCHOR_01,52:06:26:03:01:DA,-71,MFG_4C000215FDA50693A4E24FB1AFCFC6EB0764782500010002D8,3.36,No,None,0.96,stationary
663837,ANCHOR_01,52:06:26:03:01:DA,-74,MFG_4C000215FDA50693A4E24FB1AFCFC6EB0764782500010002D8,3.36,No,None,0.96,stationary
664827,ANCHOR_01,52:06:26:03:01:DA,-74,MFG_4C000215FDA50693A4E24FB1AFCFC6EB0764782500010002D8,3.36,No,None,0.96,stationary
665847,ANCHOR_01,52:06:26:03:01:DA,-67,MFG_4C000215FDA50693A4E24FB1AFCFC6EB0764782500010002D8,3.36,No,None,0.96,stationary
667847,ANCHOR_01,52:06:26:03:01:DA,-71,MFG_4C000215FDA50693A4E24FB1AFCFC6EB0764782500010002D8,3.36,No,None,0.96,stationary
668847,ANCHOR_01,52:06:26:03:01:DA,-71,MFG_4C000215FDA50693A4E24FB1AFCFC6EB0764782500010002D8,3.36,No,None,0.96,stationary
669867,ANCHOR_01,52:06:26:03:01:DA,-74,MFG_4C000215FDA50693A4E24FB1AFCFC6EB0764782500010002D8,3.36,No,None,0.96,stationary
670857,ANCHOR_01,52:06:26:03:01:DA,-75,MFG_4C000215FDA50693A4E24FB1AFCFC6EB0764782500010002D8,3.36,No,None,0.96,stationary
671867,ANCHOR_01,52:06:26:03:01:DA,-66,MFG_4C000215FDA50693A4E24FB1AFCFC6EB0764782500010002D8,3.36,No,None,0.96,stationary
672867,ANCHOR_01,52:06:26:03:01:DA,-69,MFG_4C000215FDA50693A4E24FB1AFCFC6EB0764782500010002D8,3.36,No,None,0.96,stationary
673877,ANCHOR_01,52:06:26:03:01:DA,-72,MFG_4C000215FDA50693A4E24FB1AFCFC6EB0764782500010002D8,3.36,No,None,0.96,stationary
674877,ANCHOR_01,52:06:26:03:01:DA,-72,MFG_4C000215FDA50693A4E24FB1AFCFC6EB0764782500010002D8,3.36,No,None,0.96,stationary
675897,ANCHOR_01,52:06:26:03:01:DA,-74,MFG_4C000215FDA50693A4E24FB1AFCFC6EB0764782500010002D8,3.36,No,None,0.96,stationary
676887,ANCHOR_01,52:06:26:03:01:DA,-74,MFG_4C000215FDA50693A4E24FB1AFCFC6EB0764782500010002D8,3.36,No,None,0.96,stationary
677907,ANCHOR_01,52:06:26:03:01:DA,-69,MFG_4C000215FDA50693A4E24FB1AFCFC6EB0764782500010002D8,3.36,No,None,0.96,stationary
678897,ANCHOR_01,52:06:26:03:01:DA,-67,MFG_4C000215FDA50693A4E24FB1AFCFC6EB0764782500010002D8,3.36,No,None,0.96,stationary
679917,ANCHOR_01,52:06:26:03:01:DA,-70,MFG_4C000215FDA50693A4E24FB1AFCFC6EB0764782500010002D8,3.36,No,None,0.96,stationary
680897,ANCHOR_01,52:06:26:03:01:DA,-71,MFG_4C000215FDA50693A4E24FB1AFCFC6EB0764782500010002D8,3.36,No,None,0.96,stationary
681897,ANCHOR_01,52:06:26:03:01:DA,-70,MFG_4C000215FDA50693A4E24FB1AFCFC6EB0764782500010002D8,3.36,No,None,0.96,stationary
682917,ANCHOR_01,52:06:26:03:01:DA,-74,MFG_4C000215FDA50693A4E24FB1AFCFC6EB0764782500010002D8,3.36,No,None,0.96,stationary
683907,ANCHOR_01,52:06:26:03:01:DA,-73,MFG_4C000215FDA50693A4E24FB1AFCFC6EB0764782500010002D8,3.36,No,None,0.96,stationary
684927,ANCHOR_01,52:06:26:03:01:DA,-68,MFG_4C000215FDA50693A4E24FB1AFCFC6EB0764782500010002D8,3.36,No,None,0.96,stationary
686937,ANCHOR_01,52:06:26:03:01:DA,-71,MFG_4C000215FDA50693A4E24FB1AFCFC6EB0764782500010002D8,3.36,No,None,0.96,stationary
687927,ANCHOR_01,52:06:26:03:01:DA,-71,MFG_4C000215FDA50693A4E24FB1AFCFC6EB0764782500010002D8,3.36,No,None,0.96,stationary
688947,ANCHOR_01,52:06:26:03:01:DA,-76,MFG_4C000215FDA50693A4E24FB1AFCFC6EB0764782500010002D8,3.36,No,None,0.96,stationary
689937,ANCHOR_01,52:06:26:03:01:DA,-75,MFG_4C000215FDA50693A4E24FB1AFCFC6EB0764782500010002D8,3.36,No,None,0.96,stationary
690947,ANCHOR_01,52:06:26:03:01:DA,-69,MFG_4C000215FDA50693A4E24FB1AFCFC6EB0764782500010002D8,3.36,No,None,0.96,stationary
691977,ANCHOR_01,52:06:26:03:01:DA,-71,MFG_4C000215FDA50693A4E24FB1AFCFC6EB0764782500010002D8,3.36,No,None,0.96,stationary
692967,ANCHOR_01,52:06:26:03:01:DA,-70,MFG_4C000215FDA50693A4E24FB1AFCFC6EB0764782500010002D8,3.36,No,None,0.96,stationary
693987,ANCHOR_01,52:06:26:03:01:DA,-74,MFG_4C000215FDA50693A4E24FB1AFCFC6EB0764782500010002D8,3.36,No,None,0.96,stationary
694977,ANCHOR_01,52:06:26:03:01:DA,-74,MFG_4C000215FDA50693A4E24FB1AFCFC6EB0764782500010002D8,3.36,No,None,0.96,stationary
695997,ANCHOR_01,52:06:26:03:01:DA,-67,MFG_4C000215FDA50693A4E24FB1AFCFC6EB0764782500010002D8,3.36,No,None,0.96,stationary
696987,ANCHOR_01,52:06:26:03:01:DA,-68,MFG_4C000215FDA50693A4E24FB1AFCFC6EB0764782500010002D8,3.36,No,None,0.96,stationary
698007,ANCHOR_01,52:06:26:03:01:DA,-72,MFG_4C000215FDA50693A4E24FB1AFCFC6EB0764782500010002D8,3.36,No,None,0.96,stationary
700007,ANCHOR_01,52:06:26:03:01:DA,-72,MFG_4C000215FDA50693A4E24FB1AFCFC6EB0764782500010002D8,3.36,No,None,0.96,stationary
701007,ANCHOR_01,52:06:26:03:01:DA,-73,MFG_4C000215FDA50693A4E24FB1AFCFC6EB0764782500010002D8,3.36,No,None,0.96,stationary
702027,ANCHOR_01,52:06:26:03:01:DA,-68,MFG_4C000215FDA50693A4E24FB1AFCFC6EB0764782500010002D8,3.36,No,None,0.96,stationary
703017,ANCHOR_01,52:06:26:03:01:DA,-68,MFG_4C000215FDA50693A4E24FB1AFCFC6EB0764782500010002D8,3.36,No,None,0.96,stationary
704037,ANCHOR_01,52:06:26:03:01:DA,-71,MFG_4C000215FDA50693A4E24FB1AFCFC6EB0764782500010002D8,3.36,No,None,0.96,stationary
705027,ANCHOR_01,52:06:26:03:01:DA,-70,MFG_4C000215FDA50693A4E24FB1AFCFC6EB0764782500010002D8,3.36,No,None,0.96,stationary
706047,ANCHOR_01,52:06:26:03:01:DA,-75,MFG_4C000215FDA50693A4E24FB1AFCFC6EB0764782500010002D8,3.36,No,None,0.96,stationary
707037,ANCHOR_01,52:06:26:03:01:DA,-75,MFG_4C000215FDA50693A4E24FB1AFCFC6EB0764782500010002D8,3.36,No,None,0.96,stationary
708047,ANCHOR_01,52:06:26:03:01:DA,-69,MFG_4C000215FDA50693A4E24FB1AFCFC6EB0764782500010002D8,3.36,No,None,0.96,stationary
709077,ANCHOR_01,52:06:26:03:01:DA,-72,MFG_4C000215FDA50693A4E24FB1AFCFC6EB0764782500010002D8,3.36,No,None,0.96,stationary
710067,ANCHOR_01,52:06:26:03:01:DA,-69,MFG_4C000215FDA50693A4E24FB1AFCFC6EB0764782500010002D8,3.36,No,None,0.96,stationary
711067,ANCHOR_01,52:06:26:03:01:DA,-74,MFG_4C000215FDA50693A4E24FB1AFCFC6EB0764782500010002D8,3.36,No,None,0.96,stationary
712077,ANCHOR_01,52:06:26:03:01:DA,-73,MFG_4C000215FDA50693A4E24FB1AFCFC6EB0764782500010002D8,3.36,No,None,0.96,stationary
713097,ANCHOR_01,52:06:26:03:01:DA,-70,MFG_4C000215FDA50693A4E24FB1AFCFC6EB0764782500010002D8,3.36,No,None,0.96,stationary
714077,ANCHOR_01,52:06:26:03:01:DA,-69,MFG_4C000215FDA50693A4E24FB1AFCFC6EB0764782500010002D8,3.36,No,None,0.96,stationary
716097,ANCHOR_01,52:06:26:03:01:DA,-69,MFG_4C000215FDA50693A4E24FB1AFCFC6EB0764782500010002D8,3.36,No,None,0.96,stationary
718107,ANCHOR_01,52:06:26:03:01:DA,-72,MFG_4C000215FDA50693A4E24FB1AFCFC6EB0764782500010002D8,3.36,No,None,0.96,stationary
719097,ANCHOR_01,52:06:26:03:01:DA,-72,MFG_4C000215FDA50693A4E24FB1AFCFC6EB0764782500010002D8,3.36,No,None,0.96,stationary
720117,ANCHOR_01,52:06:26:03:01:DA,-68,MFG_4C000215FDA50693A4E24FB1AFCFC6EB0764782500010002D8,3.36,No,None,0.96,stationary
722127,ANCHOR_01,52:06:26:03:01:DA,-71,MFG_4C000215FDA50693A4E24FB1AFCFC6EB0764782500010002D8,3.36,No,None,0.96,stationary
723117,ANCHOR_01,52:06:26:03:01:DA,-70,MFG_4C000215FDA50693A4E24FB1AFCFC6EB0764782500010002D8,3.36,No,None,0.96,stationary
724137,ANCHOR_01,52:06:26:03:01:DA,-72,MFG_4C000215FDA50693A4E24FB1AFCFC6EB0764782500010002D8,3.36,No,None,0.96,stationary
725127,ANCHOR_01,52:06:26:03:01:DA,-71,MFG_4C000215FDA50693A4E24FB1AFCFC6EB0764782500010002D8,3.36,No,None,0.96,stationary
726147,ANCHOR_01,52:06:26:03:01:DA,-69,MFG_4C000215FDA50693A4E24FB1AFCFC6EB0764782500010002D8,3.36,No,None,0.96,stationary
727137,ANCHOR_01,52:06:26:03:01:DA,-70,MFG_4C000215FDA50693A4E24FB1AFCFC6EB0764782500010002D8,3.36,No,None,0.96,stationary
728157,ANCHOR_01,52:06:26:03:01:DA,-70,MFG_4C000215FDA50693A4E24FB1AFCFC6EB0764782500010002D8,3.36,No,None,0.96,stationary
729147,ANCHOR_01,52:06:26:03:01:DA,-72,MFG_4C000215FDA50693A4E24FB1AFCFC6EB0764782500010002D8,3.36,No,None,0.96,stationary
730167,ANCHOR_01,52:06:26:03:01:DA,-71,MFG_4C000215FDA50693A4E24FB1AFCFC6EB0764782500010002D8,3.36,No,None,0.96,stationary
731157,ANCHOR_01,52:06:26:03:01:DA,-71,MFG_4C000215FDA50693A4E24FB1AFCFC6EB0764782500010002D8,3.36,No,None,0.96,stationary
732177,ANCHOR_01,52:06:26:03:01:DA,-70,MFG_4C000215FDA50693A4E24FB1AFCFC6EB0764782500010002D8,3.36,No,None,0.96,stationary
733167,ANCHOR_01,52:06:26:03:01:DA,-69,MFG_4C000215FDA50693A4E24FB1AFCFC6EB0764782500010002D8,3.36,No,None,0.96,stationary
734187,ANCHOR_01,52:06:26:03:01:DA,-75,MFG_4C000215FDA50693A4E24FB1AFCFC6EB0764782500010002D8,3.36,No,None,0.96,stationary
735177,ANCHOR_01,52:06:26:03:01:DA,-70,MFG_4C000215FDA50693A4E24FB1AFCFC6EB0764782500010002D8,3.36,No,None,0.96,stationary
736187,ANCHOR_01,52:06:26:03:01:DA,-72,MFG_4C000215FDA50693A4E24FB1AFCFC6EB0764782500010002D8,3.36,No,None,0.96,stationary
737187,ANCHOR_01,52:06:26:03:01:DA,-73,MFG_4C000215FDA50693A4E24FB1AFCFC6EB0764782500010002D8,3.36,No,None,0.96,stationary
738197,ANCHOR_01,52:06:26:03:01:DA,-66,MFG_4C000215FDA50693A4E24FB1AFCFC6EB0764782500010002D8,3.36,No,None,0.96,stationary
740217,ANCHOR_01,52:06:26:03:01:DA,-70,MFG_4C000215FDA50693A4E24FB1AFCFC6EB0764782500010002D8,3.36,No,None,0.96,stationary
741207,ANCHOR_01,52:06:26:03:01:DA,-70,MFG_4C000215FDA50693A4E24FB1AFCFC6EB0764782500010002D8,3.36,No,None,0.96,stationary
742227,ANCHOR_01,52:06:26:03:01:DA,-73,MFG_4C000215FDA50693A4E24FB1AFCFC6EB0764782500010002D8,3.36,No,None,0.96,stationary
743217,ANCHOR_01,52:06:26:03:01:DA,-71,MFG_4C000215FDA50693A4E24FB1AFCFC6EB0764782500010002D8,3.36,No,None,0.96,stationary
744237,ANCHOR_01,52:06:26:03:01:DA,-68,MFG_4C000215FDA50693A4E24FB1AFCFC6EB0764782500010002D8,3.36,No,None,0.96,stationary
745227,ANCHOR_01,52:06:26:03:01:DA,-66,MFG_4C000215FDA50693A4E24FB1AFCFC6EB0764782500010002D8,3.36,No,None,0.96,stationary
746227,ANCHOR_01,52:06:26:03:01:DA,-71,MFG_4C000215FDA50693A4E24FB1AFCFC6EB0764782500010002D8,3.36,No,None,0.96,stationary
747227,ANCHOR_01,52:06:26:03:01:DA,-72,MFG_4C000215FDA50693A4E24FB1AFCFC6EB0764782500010002D8,3.36,No,None,0.96,stationary
748257,ANCHOR_01,52:06:26:03:01:DA,-71,MFG_4C000215FDA50693A4E24FB1AFCFC6EB0764782500010002D8,3.36,No,None,0.96,stationary
749247,ANCHOR_01,52:06:26:03:01:DA,-71,MFG_4C000215FDA50693A4E24FB1AFCFC6EB0764782500010002D8,3.36,No,None,0.96,stationary
751247,ANCHOR_01,52:06:26:03:01:DA,-67,MFG_4C000215FDA50693A4E24FB1AFCFC6EB0764782500010002D8,3.36,No,None,0.96,stationary
753257,ANCHOR_01,52:06:26:03:01:DA,-70,MFG_4C000215FDA50693A4E24FB1AFCFC6EB0764782500010002D8,3.36,No,None,0.96,stationary
755267,ANCHOR_01,52:06:26:03:01:DA,-71,MFG_4C000215FDA50693A4E24FB1AFCFC6EB0764782500010002D8,3.36,No,None,0.96,stationary
756267,ANCHOR_01,52:06:26:03:01:DA,-72,MFG_4C000215FDA50693A4E24FB1AFCFC6EB0764782500010002D8,3.36,No,None,0.96,stationary
757287,ANCHOR_01,52:06:26:03:01:DA,-68,MFG_4C000215FDA50693A4E24FB1AFCFC6EB0764782500010002D8,3.36,No,None,0.96,stationary
758277,ANCHOR_01,52:06:26:03:01:DA,-67,MFG_4C000215FDA50693A4E24FB1AFCFC6EB0764782500010002D8,3.36,No,None,0.96,stationary
759297,ANCHOR_01,52:06:26:03:01:DA,-69,MFG_4C000215FDA50693A4E24FB1AFCFC6EB0764782500010002D8,3.36,No,None,0.96,stationary
760287,ANCHOR_01,52:06:26:03:01:DA,-69,MFG_4C000215FDA50693A4E24FB1AFCFC6EB0764782500010002D8,3.36,No,None,0.96,stationary
761307,ANCHOR_01,52:06:26:03:01:DA,-73,MFG_4C000215FDA50693A4E24FB1AFCFC6EB0764782500010002D8,3.36,No,None,0.96,stationary
763317,ANCHOR_01,52:06:26:03:01:DA,-67,MFG_4C000215FDA50693A4E24FB1AFCFC6EB0764782500010002D8,3.36,No,None,0.96,stationary
764307,ANCHOR_01,52:06:26:03:01:DA,-68,MFG_4C000215FDA50693A4E24FB1AFCFC6EB0764782500010002D8,3.36,No,None,0.96,stationary
765327,ANCHOR_01,52:06:26:03:01:DA,-68,MFG_4C000215FDA50693A4E24FB1AFCFC6EB0764782500010002D8,3.36,No,None,0.96,stationary
766317,ANCHOR_01,52:06:26:03:01:DA,-69,MFG_4C000215FDA50693A4E24FB1AFCFC6EB0764782500010002D8,3.36,No,None,0.96,stationary
767337,ANCHOR_01,52:06:26:03:01:DA,-71,MFG_4C000215FDA50693A4E24FB1AFCFC6EB0764782500010002D8,3.36,No,None,0.96,stationary
768357,ANCHOR_01,52:06:26:03:01:DA,-66,MFG_4C000215FDA50693A4E24FB1AFCFC6EB0764782500010002D8,3.36,No,None,0.96,stationary
769347,ANCHOR_01,52:06:26:03:01:DA,-68,MFG_4C000215FDA50693A4E24FB1AFCFC6EB0764782500010002D8,3.36,No,None,0.96,stationary
771347,ANCHOR_01,52:06:26:03:01:DA,-69,MFG_4C000215FDA50693A4E24FB1AFCFC6EB0764782500010002D8,3.36,No,None,0.96,stationary
772347,ANCHOR_01,52:06:26:03:01:DA,-69,MFG_4C000215FDA50693A4E24FB1AFCFC6EB0764782500010002D8,3.36,No,None,0.96,stationary
773347,ANCHOR_01,52:06:26:03:01:DA,-69,MFG_4C000215FDA50693A4E24FB1AFCFC6EB0764782500010002D8,3.36,No,None,0.96,stationary
774357,ANCHOR_01,52:06:26:03:01:DA,-68,MFG_4C000215FDA50693A4E24FB1AFCFC6EB0764782500010002D8,3.36,No,None,0.96,stationary
776367,ANCHOR_01,52:06:26:03:01:DA,-67,MFG_4C000215FDA50693A4E24FB1AFCFC6EB0764782500010002D8,3.36,No,None,0.96,stationary
777387,ANCHOR_01,52:06:26:03:01:DA,-71,MFG_4C000215FDA50693A4E24FB1AFCFC6EB0764782500010002D8,3.36,No,None,0.96,stationary
778377,ANCHOR_01,52:06:26:03:01:DA,-71,MFG_4C000215FDA50693A4E24FB1AFCFC6EB0764782500010002D8,3.36,No,None,0.96,stationary
779397,ANCHOR_01,52:06:26:03:01:DA,-68,MFG_4C000215FDA50693A4E24FB1AFCFC6EB0764782500010002D8,3.36,No,None,0.96,stationary
780387,ANCHOR_01,52:06:26:03:01:DA,-69,MFG_4C000215FDA50693A4E24FB1AFCFC6EB0764782500010002D8,3.36,No,None,0.96,stationary
781407,ANCHOR_01,52:06:26:03:01:DA,-68,MFG_4C000215FDA50693A4E24FB1AFCFC6EB0764782500010002D8,3.36,No,None,0.96,stationary
782397,ANCHOR_01,52:06:26:03:01:DA,-67,MFG_4C000215FDA50693A4E24FB1AFCFC6EB0764782500010002D8,3.36,No,None,0.96,stationary
783417,ANCHOR_01,52:06:26:03:01:DA,-71,MFG_4C000215FDA50693A4E24FB1AFCFC6EB0764782500010002D8,3.36,No,None,0.96,stationary
784407,ANCHOR_01,52:06:26:03:01:DA,-70,MFG_4C000215FDA50693A4E24FB1AFCFC6EB0764782500010002D8,3.36,No,None,0.96,stationary
785427,ANCHOR_01,52:06:26:03:01:DA,-69,MFG_4C000215FDA50693A4E24FB1AFCFC6EB0764782500010002D8,3.36,No,None,0.96,stationary
786417,ANCHOR_01,52:06:26:03:01:DA,-70,MFG_4C000215FDA50693A4E24FB1AFCFC6EB0764782500010002D8,3.36,No,None,0.96,stationary
787427,ANCHOR_01,52:06:26:03:01:DA,-67,MFG_4C000215FDA50693A4E24FB1AFCFC6EB0764782500010002D8,3.36,No,None,0.96,stationary
789437,ANCHOR_01,52:06:26:03:01:DA,-70,MFG_4C000215FDA50693A4E24FB1AFCFC6EB0764782500010002D8,3.36,No,None,0.96,stationary
790457,ANCHOR_01,52:06:26:03:01:DA,-71,MFG_4C000215FDA50693A4E24FB1AFCFC6EB0764782500010002D8,3.36,No,None,0.96,stationary
791457,ANCHOR_01,52:06:26:03:01:DA,-70,MFG_4C000215FDA50693A4E24FB1AFCFC6EB0764782500010002D8,3.36,No,None,0.96,stationary
792477,ANCHOR_01,52:06:26:03:01:DA,-68,MFG_4C000215FDA50693A4E24FB1AFCFC6EB0764782500010002D8,3.36,No,None,0.96,stationary
793467,ANCHOR_01,52:06:26:03:01:DA,-67,MFG_4C000215FDA50693A4E24FB1AFCFC6EB0764782500010002D8,3.36,No,None,0.96,stationary
795467,ANCHOR_01,52:06:26:03:01:DA,-69,MFG_4C000215FDA50693A4E24FB1AFCFC6EB0764782500010002D8,3.36,No,None,0.96,stationary
796467,ANCHOR_01,52:06:26:03:01:DA,-72,MFG_4C000215FDA50693A4E24FB1AFCFC6EB0764782500010002D8,3.36,No,None,0.96,stationary
797477,ANCHOR_01,52:06:26:03:01:DA,-67,MFG_4C000215FDA50693A4E24FB1AFCFC6EB0764782500010002D8,3.36,No,None,0.96,stationary
798507,ANCHOR_01,52:06:26:03:01:DA,-65,MFG_4C000215FDA50693A4E24FB1AFCFC6EB0764782500010002D8,3.36,No,None,0.96,stationary
799497,ANCHOR_01,52:06:26:03:01:DA,-67,MFG_4C000215FDA50693A4E24FB1AFCFC6EB0764782500010002D8,3.36,No,None,0.96,stationary
801507,ANCHOR_01,52:06:26:03:01:DA,-71,MFG_4C000215FDA50693A4E24FB1AFCFC6EB0764782500010002D8,3.36,No,None,0.96,stationary
802527,ANCHOR_01,52:06:26:03:01:DA,-70,MFG_4C000215FDA50693A4E24FB1AFCFC6EB0764782500010002D8,3.36,No,None,0.96,stationary
803517,ANCHOR_01,52:06:26:03:01:DA,-69,MFG_4C000215FDA50693A4E24FB1AFCFC6EB0764782500010002D8,3.36,No,None,0.96,stationary
805527,ANCHOR_01,52:06:26:03:01:DA,-67,MFG_4C000215FDA50693A4E24FB1AFCFC6EB0764782500010002D8,3.36,No,None,0.96,stationary
806517,ANCHOR_01,52:06:26:03:01:DA,-67,MFG_4C000215FDA50693A4E24FB1AFCFC6EB0764782500010002D8,3.36,No,None,0.96,stationary
807517,ANCHOR_01,52:06:26:03:01:DA,-71,MFG_4C000215FDA50693A4E24FB1AFCFC6EB0764782500010002D8,3.36,No,None,0.96,stationary
808527,ANCHOR_01,52:06:26:03:01:DA,-71,MFG_4C000215FDA50693A4E24FB1AFCFC6EB0764782500010002D8,3.36,No,None,0.96,stationary
809547,ANCHOR_01,52:06:26:03:01:DA,-70,MFG_4C000215FDA50693A4E24FB1AFCFC6EB0764782500010002D8,3.36,No,None,0.96,stationary
810537,ANCHOR_01,52:06:26:03:01:DA,-70,MFG_4C000215FDA50693A4E24FB1AFCFC6EB0764782500010002D8,3.36,No,None,0.96,stationary
811557,ANCHOR_01,52:06:26:03:01:DA,-67,MFG_4C000215FDA50693A4E24FB1AFCFC6EB0764782500010002D8,3.36,No,None,0.96,stationary
812537,ANCHOR_01,52:06:26:03:01:DA,-68,MFG_4C000215FDA50693A4E24FB1AFCFC6EB0764782500010002D8,3.36,No,None,0.96,stationary
813537,ANCHOR_01,52:06:26:03:01:DA,-67,MFG_4C000215FDA50693A4E24FB1AFCFC6EB0764782500010002D8,3.36,No,None,0.96,stationary
814557,ANCHOR_01,52:06:26:03:01:DA,-70,MFG_4C000215FDA50693A4E24FB1AFCFC6EB0764782500010002D8,3.36,No,None,0.96,stationary
815547,ANCHOR_01,52:06:26:03:01:DA,-70,MFG_4C000215FDA50693A4E24FB1AFCFC6EB0764782500010002D8,3.36,No,None,0.96,stationary
816567,ANCHOR_01,52:06:26:03:01:DA,-70,MFG_4C000215FDA50693A4E24FB1AFCFC6EB0764782500010002D8,3.36,No,None,0.96,stationary
817557,ANCHOR_01,52:06:26:03:01:DA,-70,MFG_4C000215FDA50693A4E24FB1AFCFC6EB0764782500010002D8,3.36,No,None,0.96,stationary
818567,ANCHOR_01,52:06:26:03:01:DA,-68,MFG_4C000215FDA50693A4E24FB1AFCFC6EB0764782500010002D8,3.36,No,None,0.96,stationary
819567,ANCHOR_01,52:06:26:03:01:DA,-68,MFG_4C000215FDA50693A4E24FB1AFCFC6EB0764782500010002D8,3.36,No,None,0.96,stationary
820587,ANCHOR_01,52:06:26:03:01:DA,-69,MFG_4C000215FDA50693A4E24FB1AFCFC6EB0764782500010002D8,3.36,No,None,0.96,stationary
821577,ANCHOR_01,52:06:26:03:01:DA,-69,MFG_4C000215FDA50693A4E24FB1AFCFC6EB0764782500010002D8,3.36,No,None,0.96,stationary
822597,ANCHOR_01,52:06:26:03:01:DA,-70,MFG_4C000215FDA50693A4E24FB1AFCFC6EB0764782500010002D8,3.36,No,None,0.96,stationary
823607,ANCHOR_01,52:06:26:03:01:DA,-67,MFG_4C000215FDA50693A4E24FB1AFCFC6EB0764782500010002D8,3.36,No,None,0.96,stationary
824607,ANCHOR_01,52:06:26:03:01:DA,-66,MFG_4C000215FDA50693A4E24FB1AFCFC6EB0764782500010002D8,3.36,No,None,0.96,stationary
825627,ANCHOR_01,52:06:26:03:01:DA,-69,MFG_4C000215FDA50693A4E24FB1AFCFC6EB0764782500010002D8,3.36,No,None,0.96,stationary
826617,ANCHOR_01,52:06:26:03:01:DA,-69,MFG_4C000215FDA50693A4E24FB1AFCFC6EB0764782500010002D8,3.36,No,None,0.96,stationary
827637,ANCHOR_01,52:06:26:03:01:DA,-70,MFG_4C000215FDA50693A4E24FB1AFCFC6EB0764782500010002D8,3.36,No,None,0.96,stationary
828627,ANCHOR_01,52:06:26:03:01:DA,-70,MFG_4C000215FDA50693A4E24FB1AFCFC6EB0764782500010002D8,3.36,No,None,0.96,stationary
830627,ANCHOR_01,52:06:26:03:01:DA,-67,MFG_4C000215FDA50693A4E24FB1AFCFC6EB0764782500010002D8,3.36,No,None,0.96,stationary
832647,ANCHOR_01,52:06:26:03:01:DA,-69,MFG_4C000215FDA50693A4E24FB1AFCFC6EB0764782500010002D8,3.36,No,None,0.96,stationary
833647,ANCHOR_01,52:06:26:03:01:DA,-70,MFG_4C000215FDA50693A4E24FB1AFCFC6EB0764782500010002D8,3.36,No,None,0.96,stationary
834657,ANCHOR_01,52:06:26:03:01:DA,-70,MFG_4C000215FDA50693A4E24FB1AFCFC6EB0764782500010002D8,3.36,No,None,0.96,stationary
836667,ANCHOR_01,52:06:26:03:01:DA,-67,MFG_4C000215FDA50693A4E24FB1AFCFC6EB0764782500010002D8,3.36,No,None,0.96,stationary
838667,ANCHOR_01,52:06:26:03:01:DA,-69,MFG_4C000215FDA50693A4E24FB1AFCFC6EB0764782500010002D8,3.36,No,None,0.96,stationary
839697,ANCHOR_01,52:06:26:03:01:DA,-70,MFG_4C000215FDA50693A4E24FB1AFCFC6EB0764782500010002D8,3.36,No,None,0.96,stationary
840687,ANCHOR_01,52:06:26:03:01:DA,-72,MFG_4C000215FDA50693A4E24FB1AFCFC6EB0764782500010002D8,3.36,No,None,0.96,stationary
841707,ANCHOR_01,52:06:26:03:01:DA,-68,MFG_4C000215FDA50693A4E24FB1AFCFC6EB0764782500010002D8,3.36,No,None,0.96,stationary
842697,ANCHOR_01,52:06:26:03:01:DA,-68,MFG_4C000215FDA50693A4E24FB1AFCFC6EB0764782500010002D8,3.36,No,None,0.96,stationary
844707,ANCHOR_01,52:06:26:03:01:DA,-71,MFG_4C000215FDA50693A4E24FB1AFCFC6EB0764782500010002D8,3.36,No,None,0.96,stationary
845697,ANCHOR_01,52:06:26:03:01:DA,-70,MFG_4C000215FDA50693A4E24FB1AFCFC6EB0764782500010002D8,3.36,No,None,0.96,stationary
846717,ANCHOR_01,52:06:26:03:01:DA,-71,MFG_4C000215FDA50693A4E24FB1AFCFC6EB0764782500010002D8,3.36,No,None,0.96,stationary
847707,ANCHOR_01,52:06:26:03:01:DA,-70,MFG_4C000215FDA50693A4E24FB1AFCFC6EB0764782500010002D8,3.36,No,None,0.96,stationary
848727,ANCHOR_01,52:06:26:03:01:DA,-67,MFG_4C000215FDA50693A4E24FB1AFCFC6EB0764782500010002D8,3.36,No,None,0.96,stationary
849717,ANCHOR_01,52:06:26:03:01:DA,-66,MFG_4C000215FDA50693A4E24FB1AFCFC6EB0764782500010002D8,3.36,No,None,0.96,stationary
851727,ANCHOR_01,52:06:26:03:01:DA,-70,MFG_4C000215FDA50693A4E24FB1AFCFC6EB0764782500010002D8,3.36,No,None,0.96,stationary
852747,ANCHOR_01,52:06:26:03:01:DA,-71,MFG_4C000215FDA50693A4E24FB1AFCFC6EB0764782500010002D8,3.36,No,None,0.96,stationary
853737,ANCHOR_01,52:06:26:03:01:DA,-70,MFG_4C000215FDA50693A4E24FB1AFCFC6EB0764782500010002D8,3.36,No,None,0.96,stationary
854757,ANCHOR_01,52:06:26:03:01:DA,-67,MFG_4C000215FDA50693A4E24FB1AFCFC6EB0764782500010002D8,3.36,No,None,0.96,stationary
855747,ANCHOR_01,52:06:26:03:01:DA,-68,MFG_4C000215FDA50693A4E24FB1AFCFC6EB0764782500010002D8,3.36,No,None,0.96,stationary
856747,ANCHOR_01,52:06:26:03:01:DA,-70,MFG_4C000215FDA50693A4E24FB1AFCFC6EB0764782500010002D8,3.36,No,None,0.96,stationary
857757,ANCHOR_01,52:06:26:03:01:DA,-71,MFG_4C000215FDA50693A4E24FB1AFCFC6EB0764782500010002D8,3.36,No,None,0.96,stationary
858777,ANCHOR_01,52:06:26:03:01:DA,-70,MFG_4C000215FDA50693A4E24FB1AFCFC6EB0764782500010002D8,3.36,No,None,0.96,stationary
859767,ANCHOR_01,52:06:26:03:01:DA,-70,MFG_4C000215FDA50693A4E24FB1AFCFC6EB0764782500010002D8,3.36,No,None,0.96,stationary
860787,ANCHOR_01,52:06:26:03:01:DA,-67,MFG_4C000215FDA50693A4E24FB1AFCFC6EB0764782500010002D8,3.36,No,None,0.96,stationary
861777,ANCHOR_01,52:06:26:03:01:DA,-67,MFG_4C000215FDA50693A4E24FB1AFCFC6EB0764782500010002D8,3.36,No,None,0.96,stationary
862797,ANCHOR_01,52:06:26:03:01:DA,-73,MFG_4C000215FDA50693A4E24FB1AFCFC6EB0764782500010002D8,3.36,No,None,0.96,stationary
863787,ANCHOR_01,52:06:26:03:01:DA,-72,MFG_4C000215FDA50693A4E24FB1AFCFC6EB0764782500010002D8,3.36,No,None,0.96,stationary
864777,ANCHOR_01,52:06:26:03:01:DA,-71,MFG_4C000215FDA50693A4E24FB1AFCFC6EB0764782500010002D8,3.36,No,None,0.96,stationary
865787,ANCHOR_01,52:06:26:03:01:DA,-70,MFG_4C000215FDA50693A4E24FB1AFCFC6EB0764782500010002D8,3.36,No,None,0.96,stationary
867807,ANCHOR_01,52:06:26:03:01:DA,-67,MFG_4C000215FDA50693A4E24FB1AFCFC6EB0764782500010002D8,3.36,No,None,0.96,stationary
868797,ANCHOR_01,52:06:26:03:01:DA,-67,MFG_4C000215FDA50693A4E24FB1AFCFC6EB0764782500010002D8,3.36,No,None,0.96,stationary
869817,ANCHOR_01,52:06:26:03:01:DA,-72,MFG_4C000215FDA50693A4E24FB1AFCFC6EB0764782500010002D8,3.36,No,None,0.96,stationary
870807,ANCHOR_01,52:06:26:03:01:DA,-71,MFG_4C000215FDA50693A4E24FB1AFCFC6EB0764782500010002D8,3.36,No,None,0.96,stationary
871827,ANCHOR_01,52:06:26:03:01:DA,-70,MFG_4C000215FDA50693A4E24FB1AFCFC6EB0764782500010002D8,3.36,No,None,0.96,stationary
872847,ANCHOR_01,52:06:26:03:01:DA,-67,MFG_4C000215FDA50693A4E24FB1AFCFC6EB0764782500010002D8,3.36,No,None,0.96,stationary
873837,ANCHOR_01,52:06:26:03:01:DA,-67,MFG_4C000215FDA50693A4E24FB1AFCFC6EB0764782500010002D8,3.36,No,None,0.96,stationary
875847,ANCHOR_01,52:06:26:03:01:DA,-71,MFG_4C000215FDA50693A4E24FB1AFCFC6EB0764782500010002D8,3.36,No,None,0.96,stationary
876867,ANCHOR_01,52:06:26:03:01:DA,-70,MFG_4C000215FDA50693A4E24FB1AFCFC6EB0764782500010002D8,3.36,No,None,0.96,stationary
877857,ANCHOR_01,52:06:26:03:01:DA,-70,MFG_4C000215FDA50693A4E24FB1AFCFC6EB0764782500010002D8,3.36,No,None,0.96,stationary
878877,ANCHOR_01,52:06:26:03:01:DA,-67,MFG_4C000215FDA50693A4E24FB1AFCFC6EB0764782500010002D8,3.36,No,None,0.96,stationary
879867,ANCHOR_01,52:06:26:03:01:DA,-67,MFG_4C000215FDA50693A4E24FB1AFCFC6EB0764782500010002D8,3.36,No,None,0.96,stationary
880887,ANCHOR_01,52:06:26:03:01:DA,-70,MFG_4C000215FDA50693A4E24FB1AFCFC6EB0764782500010002D8,3.36,No,None,0.96,stationary
881877,ANCHOR_01,52:06:26:03:01:DA,-71,MFG_4C000215FDA50693A4E24FB1AFCFC6EB0764782500010002D8,3.36,No,None,0.96,stationary
882897,ANCHOR_01,52:06:26:03:01:DA,-70,MFG_4C000215FDA50693A4E24FB1AFCFC6EB0764782500010002D8,3.36,No,None,0.96,stationary
883887,ANCHOR_01,52:06:26:03:01:DA,-70,MFG_4C000215FDA50693A4E24FB1AFCFC6EB0764782500010002D8,3.36,No,None,0.96,stationary
884887,ANCHOR_01,52:06:26:03:01:DA,-66,MFG_4C000215FDA50693A4E24FB1AFCFC6EB0764782500010002D8,3.36,No,None,0.96,stationary
885897,ANCHOR_01,52:06:26:03:01:DA,-67,MFG_4C000215FDA50693A4E24FB1AFCFC6EB0764782500010002D8,3.36,No,None,0.96,stationary
886917,ANCHOR_01,52:06:26:03:01:DA,-70,MFG_4C000215FDA50693A4E24FB1AFCFC6EB0764782500010002D8,3.36,No,None,0.96,stationary
887907,ANCHOR_01,52:06:26:03:01:DA,-71,MFG_4C000215FDA50693A4E24FB1AFCFC6EB0764782500010002D8,3.36,No,None,0.96,stationary
888927,ANCHOR_01,52:06:26:03:01:DA,-69,MFG_4C000215FDA50693A4E24FB1AFCFC6EB0764782500010002D8,3.36,No,None,0.96,stationary
889907,ANCHOR_01,52:06:26:03:01:DA,-69,MFG_4C000215FDA50693A4E24FB1AFCFC6EB0764782500010002D8,3.36,No,None,0.96,stationary
890937,ANCHOR_01,52:06:26:03:01:DA,-67,MFG_4C000215FDA50693A4E24FB1AFCFC6EB0764782500010002D8,3.36,No,None,0.96,stationary
891927,ANCHOR_01,52:06:26:03:01:DA,-68,MFG_4C000215FDA50693A4E24FB1AFCFC6EB0764782500010002D8,3.36,No,None,0.96,stationary
892937,ANCHOR_01,52:06:26:03:01:DA,-71,MFG_4C000215FDA50693A4E24FB1AFCFC6EB0764782500010002D8,3.36,No,None,0.96,stationary
893937,ANCHOR_01,52:06:26:03:01:DA,-71,MFG_4C000215FDA50693A4E24FB1AFCFC6EB0764782500010002D8,3.36,No,None,0.96,stationary
894937,ANCHOR_01,52:06:26:03:01:DA,-70,MFG_4C000215FDA50693A4E24FB1AFCFC6EB0764782500010002D8,3.36,No,None,0.96,stationary
895937,ANCHOR_01,52:06:26:03:01:DA,-70,MFG_4C000215FDA50693A4E24FB1AFCFC6EB0764782500010002D8,3.36,No,None,0.96,stationary
896947,ANCHOR_01,52:06:26:03:01:DA,-67,MFG_4C000215FDA50693A4E24FB1AFCFC6EB0764782500010002D8,3.36,No,None,0.96,stationary
897957,ANCHOR_01,52:06:26:03:01:DA,-68,MFG_4C000215FDA50693A4E24FB1AFCFC6EB0764782500010002D8,3.36,No,None,0.96,stationary
898977,ANCHOR_01,52:06:26:03:01:DA,-71,MFG_4C000215FDA50693A4E24FB1AFCFC6EB0764782500010002D8,3.36,No,None,0.96,stationary
899967,ANCHOR_01,52:06:26:03:01:DA,-70,MFG_4C000215FDA50693A4E24FB1AFCFC6EB0764782500010002D8,3.36,No,None,0.96,stationary
900977,ANCHOR_01,52:06:26:03:01:DA,-70,MFG_4C000215FDA50693A4E24FB1AFCFC6EB0764782500010002D8,3.36,No,None,0.96,stationary
902007,ANCHOR_01,52:06:26:03:01:DA,-67,MFG_4C000215FDA50693A4E24FB1AFCFC6EB0764782500010002D8,3.36,No,None,0.96,stationary
902997,ANCHOR_01,52:06:26:03:01:DA,-68,MFG_4C000215FDA50693A4E24FB1AFCFC6EB0764782500010002D8,3.36,No,None,0.96,stationary
904017,ANCHOR_01,52:06:26:03:01:DA,-70,MFG_4C000215FDA50693A4E24FB1AFCFC6EB0764782500010002D8,3.36,No,None,0.96,stationary
905007,ANCHOR_01,52:06:26:03:01:DA,-69,MFG_4C000215FDA50693A4E24FB1AFCFC6EB0764782500010002D8,3.36,No,None,0.96,stationary
906027,ANCHOR_01,52:06:26:03:01:DA,-70,MFG_4C000215FDA50693A4E24FB1AFCFC6EB0764782500010002D8,3.36,No,None,0.96,stationary
907017,ANCHOR_01,52:06:26:03:01:DA,-70,MFG_4C000215FDA50693A4E24FB1AFCFC6EB0764782500010002D8,3.36,No,None,0.96,stationary
908037,ANCHOR_01,52:06:26:03:01:DA,-67,MFG_4C000215FDA50693A4E24FB1AFCFC6EB0764782500010002D8,3.36,No,None,0.96,stationary
909057,ANCHOR_01,52:06:26:03:01:DA,-71,MFG_4C000215FDA50693A4E24FB1AFCFC6EB0764782500010002D8,3.36,No,None,0.96,stationary
910047,ANCHOR_01,52:06:26:03:01:DA,-71,MFG_4C000215FDA50693A4E24FB1AFCFC6EB0764782500010002D8,3.36,No,None,0.96,stationary
911067,ANCHOR_01,52:06:26:03:01:DA,-70,MFG_4C000215FDA50693A4E24FB1AFCFC6EB0764782500010002D8,3.36,No,None,0.96,stationary
912057,ANCHOR_01,52:06:26:03:01:DA,-70,MFG_4C000215FDA50693A4E24FB1AFCFC6EB0764782500010002D8,3.36,No,None,0.96,stationary
913067,ANCHOR_01,52:06:26:03:01:DA,-67,MFG_4C000215FDA50693A4E24FB1AFCFC6EB0764782500010002D8,3.36,No,None,0.96,stationary
914067,ANCHOR_01,52:06:26:03:01:DA,-67,MFG_4C000215FDA50693A4E24FB1AFCFC6EB0764782500010002D8,3.36,No,None,0.96,stationary
915087,ANCHOR_01,52:06:26:03:01:DA,-71,MFG_4C000215FDA50693A4E24FB1AFCFC6EB0764782500010002D8,3.36,No,None,0.96,stationary
916077,ANCHOR_01,52:06:26:03:01:DA,-71,MFG_4C000215FDA50693A4E24FB1AFCFC6EB0764782500010002D8,3.36,No,None,0.96,stationary
917097,ANCHOR_01,52:06:26:03:01:DA,-70,MFG_4C000215FDA50693A4E24FB1AFCFC6EB0764782500010002D8,3.36,No,None,0.96,stationary
918087,ANCHOR_01,52:06:26:03:01:DA,-70,MFG_4C000215FDA50693A4E24FB1AFCFC6EB0764782500010002D8,3.36,No,None,0.96,stationary
919107,ANCHOR_01,52:06:26:03:01:DA,-67,MFG_4C000215FDA50693A4E24FB1AFCFC6EB0764782500010002D8,3.36,No,None,0.96,stationary
920097,ANCHOR_01,52:06:26:03:01:DA,-68,MFG_4C000215FDA50693A4E24FB1AFCFC6EB0764782500010002D8,3.36,No,None,0.96,stationary
921117,ANCHOR_01,52:06:26:03:01:DA,-72,MFG_4C000215FDA50693A4E24FB1AFCFC6EB0764782500010002D8,3.36,No,None,0.96,stationary
923127,ANCHOR_01,52:06:26:03:01:DA,-70,MFG_4C000215FDA50693A4E24FB1AFCFC6EB0764782500010002D8,3.36,No,None,0.96,stationary
924117,ANCHOR_01,52:06:26:03:01:DA,-70,MFG_4C000215FDA50693A4E24FB1AFCFC6EB0764782500010002D8,3.36,No,None,0.96,stationary
925137,ANCHOR_01,52:06:26:03:01:DA,-67,MFG_4C000215FDA50693A4E24FB1AFCFC6EB0764782500010002D8,3.36,No,None,0.96,stationary
927147,ANCHOR_01,52:06:26:03:01:DA,-71,MFG_4C000215FDA50693A4E24FB1AFCFC6EB0764782500010002D8,3.36,No,None,0.96,stationary
928137,ANCHOR_01,52:06:26:03:01:DA,-71,MFG_4C000215FDA50693A4E24FB1AFCFC6EB0764782500010002D8,3.36,No,None,0.96,stationary
929157,ANCHOR_01,52:06:26:03:01:DA,-70,MFG_4C000215FDA50693A4E24FB1AFCFC6EB0764782500010002D8,3.36,No,None,0.96,stationary
930147,ANCHOR_01,52:06:26:03:01:DA,-70,MFG_4C000215FDA50693A4E24FB1AFCFC6EB0764782500010002D8,3.36,No,None,0.96,stationary
931167,ANCHOR_01,52:06:26:03:01:DA,-67,MFG_4C000215FDA50693A4E24FB1AFCFC6EB0764782500010002D8,3.36,No,None,0.96,stationary
934197,ANCHOR_01,52:06:26:03:01:DA,-70,MFG_4C000215FDA50693A4E24FB1AFCFC6EB0764782500010002D8,3.36,No,None,0.96,stationary
935177,ANCHOR_01,52:06:26:03:01:DA,-70,MFG_4C000215FDA50693A4E24FB1AFCFC6EB0764782500010002D8,3.36,No,None,0.96,stationary
936207,ANCHOR_01,52:06:26:03:01:DA,-67,MFG_4C000215FDA50693A4E24FB1AFCFC6EB0764782500010002D8,3.36,No,None,0.96,stationary
937197,ANCHOR_01,52:06:26:03:01:DA,-67,MFG_4C000215FDA50693A4E24FB1AFCFC6EB0764782500010002D8,3.36,No,None,0.96,stationary
938217,ANCHOR_01,52:06:26:03:01:DA,-70,MFG_4C000215FDA50693A4E24FB1AFCFC6EB0764782500010002D8,3.36,No,None,0.96,stationary
939207,ANCHOR_01,52:06:26:03:01:DA,-70,MFG_4C000215FDA50693A4E24FB1AFCFC6EB0764782500010002D8,3.36,No,None,0.96,stationary
940217,ANCHOR_01,52:06:26:03:01:DA,-69,MFG_4C000215FDA50693A4E24FB1AFCFC6EB0764782500010002D8,3.36,No,None,0.96,stationary
941217,ANCHOR_01,52:06:26:03:01:DA,-70,MFG_4C000215FDA50693A4E24FB1AFCFC6EB0764782500010002D8,3.36,No,None,0.96,stationary
943217,ANCHOR_01,52:06:26:03:01:DA,-67,MFG_4C000215FDA50693A4E24FB1AFCFC6EB0764782500010002D8,3.36,No,None,0.96,stationary
944237,ANCHOR_01,52:06:26:03:01:DA,-69,MFG_4C000215FDA50693A4E24FB1AFCFC6EB0764782500010002D8,3.36,No,None,0.96,stationary
945227,ANCHOR_01,52:06:26:03:01:DA,-69,MFG_4C000215FDA50693A4E24FB1AFCFC6EB0764782500010002D8,3.36,No,None,0.96,stationary
946247,ANCHOR_01,52:06:26:03:01:DA,-72,MFG_4C000215FDA50693A4E24FB1AFCFC6EB0764782500010002D8,3.36,No,None,0.96,stationary
947247,ANCHOR_01,52:06:26:03:01:DA,-73,MFG_4C000215FDA50693A4E24FB1AFCFC6EB0764782500010002D8,3.36,No,None,0.96,stationary
948267,ANCHOR_01,52:06:26:03:01:DA,-67,MFG_4C000215FDA50693A4E24FB1AFCFC6EB0764782500010002D8,3.36,No,None,0.96,stationary
949257,ANCHOR_01,52:06:26:03:01:DA,-67,MFG_4C000215FDA50693A4E24FB1AFCFC6EB0764782500010002D8,3.36,No,None,0.96,stationary
950267,ANCHOR_01,52:06:26:03:01:DA,-70,MFG_4C000215FDA50693A4E24FB1AFCFC6EB0764782500010002D8,3.36,No,None,0.96,stationary
951267,ANCHOR_01,52:06:26:03:01:DA,-72,MFG_4C000215FDA50693A4E24FB1AFCFC6EB0764782500010002D8,3.36,No,None,0.96,stationary
952287,ANCHOR_01,52:06:26:03:01:DA,-72,MFG_4C000215FDA50693A4E24FB1AFCFC6EB0764782500010002D8,3.36,No,None,0.96,stationary
953277,ANCHOR_01,52:06:26:03:01:DA,-72,MFG_4C000215FDA50693A4E24FB1AFCFC6EB0764782500010002D8,3.36,No,None,0.96,stationary
954287,ANCHOR_01,52:06:26:03:01:DA,-67,MFG_4C000215FDA50693A4E24FB1AFCFC6EB0764782500010002D8,3.36,No,None,0.96,stationary
955287,ANCHOR_01,52:06:26:03:01:DA,-67,MFG_4C000215FDA50693A4E24FB1AFCFC6EB0764782500010002D8,3.36,No,None,0.96,stationary
957287,ANCHOR_01,52:06:26:03:01:DA,-70,MFG_4C000215FDA50693A4E24FB1AFCFC6EB0764782500010002D8,3.36,No,None,0.96,stationary
958307,ANCHOR_01,52:06:26:03:01:DA,-72,MFG_4C000215FDA50693A4E24FB1AFCFC6EB0764782500010002D8,3.36,No,None,0.96,stationary
959297,ANCHOR_01,52:06:26:03:01:DA,-71,MFG_4C000215FDA50693A4E24FB1AFCFC6EB0764782500010002D8,3.36,No,None,0.96,stationary
960327,ANCHOR_01,52:06:26:03:01:DA,-67,MFG_4C000215FDA50693A4E24FB1AFCFC6EB0764782500010002D8,3.36,No,None,0.96,stationary
961317,ANCHOR_01,52:06:26:03:01:DA,-67,MFG_4C000215FDA50693A4E24FB1AFCFC6EB0764782500010002D8,3.36,No,None,0.96,stationary
962327,ANCHOR_01,52:06:26:03:01:DA,-71,MFG_4C000215FDA50693A4E24FB1AFCFC6EB0764782500010002D8,3.36,No,None,0.96,stationary
963327,ANCHOR_01,52:06:26:03:01:DA,-70,MFG_4C000215FDA50693A4E24FB1AFCFC6EB0764782500010002D8,3.36,No,None,0.96,stationary
964347,ANCHOR_01,52:06:26:03:01:DA,-72,MFG_4C000215FDA50693A4E24FB1AFCFC6EB0764782500010002D8,3.36,No,None,0.96,stationary
965337,ANCHOR_01,52:06:26:03:01:DA,-72,MFG_4C000215FDA50693A4E24FB1AFCFC6EB0764782500010002D8,3.36,No,None,0.96,stationary
966357,ANCHOR_01,52:06:26:03:01:DA,-68,MFG_4C000215FDA50693A4E24FB1AFCFC6EB0764782500010002D8,3.36,No,None,0.96,stationary
967347,ANCHOR_01,52:06:26:03:01:DA,-67,MFG_4C000215FDA50693A4E24FB1AFCFC6EB0764782500010002D8,3.36,No,None,0.96,stationary
968357,ANCHOR_01,52:06:26:03:01:DA,-70,MFG_4C000215FDA50693A4E24FB1AFCFC6EB0764782500010002D8,3.36,No,None,0.96,stationary
969357,ANCHOR_01,52:06:26:03:01:DA,-70,MFG_4C000215FDA50693A4E24FB1AFCFC6EB0764782500010002D8,3.36,No,None,0.96,stationary
970367,ANCHOR_01,52:06:26:03:01:DA,-72,MFG_4C000215FDA50693A4E24FB1AFCFC6EB0764782500010002D8,3.36,No,None,0.96,stationary
971367,ANCHOR_01,52:06:26:03:01:DA,-72,MFG_4C000215FDA50693A4E24FB1AFCFC6EB0764782500010002D8,3.36,No,None,0.96,stationary
973367,ANCHOR_01,52:06:26:03:01:DA,-68,MFG_4C000215FDA50693A4E24FB1AFCFC6EB0764782500010002D8,3.36,No,None,0.96,stationary
974397,ANCHOR_01,52:06:26:03:01:DA,-71,MFG_4C000215FDA50693A4E24FB1AFCFC6EB0764782500010002D8,3.36,No,None,0.96,stationary
975387,ANCHOR_01,52:06:26:03:01:DA,-72,MFG_4C000215FDA50693A4E24FB1AFCFC6EB0764782500010002D8,3.36,No,None,0.96,stationary
976407,ANCHOR_01,52:06:26:03:01:DA,-72,MFG_4C000215FDA50693A4E24FB1AFCFC6EB0764782500010002D8,3.36,No,None,0.96,stationary
977397,ANCHOR_01,52:06:26:03:01:DA,-71,MFG_4C000215FDA50693A4E24FB1AFCFC6EB0764782500010002D8,3.36,No,None,0.96,stationary
978407,ANCHOR_01,52:06:26:03:01:DA,-67,MFG_4C000215FDA50693A4E24FB1AFCFC6EB0764782500010002D8,3.36,No,None,0.96,stationary
980417,ANCHOR_01,52:06:26:03:01:DA,-69,MFG_4C000215FDA50693A4E24FB1AFCFC6EB0764782500010002D8,3.36,No,None,0.96,stationary
981417,ANCHOR_01,52:06:26:03:01:DA,-69,MFG_4C000215FDA50693A4E24FB1AFCFC6EB0764782500010002D8,3.36,No,None,0.96,stationary
982437,ANCHOR_01,52:06:26:03:01:DA,-72,MFG_4C000215FDA50693A4E24FB1AFCFC6EB0764782500010002D8,3.36,No,None,0.96,stationary
983427,ANCHOR_01,52:06:26:03:01:DA,-72,MFG_4C000215FDA50693A4E24FB1AFCFC6EB0764782500010002D8,3.36,No,None,0.96,stationary
984447,ANCHOR_01,52:06:26:03:01:DA,-66,MFG_4C000215FDA50693A4E24FB1AFCFC6EB0764782500010002D8,3.36,No,None,0.96,stationary
985437,ANCHOR_01,52:06:26:03:01:DA,-66,MFG_4C000215FDA50693A4E24FB1AFCFC6EB0764782500010002D8,3.36,No,None,0.96,stationary
987457,ANCHOR_01,52:06:26:03:01:DA,-72,MFG_4C000215FDA50693A4E24FB1AFCFC6EB0764782500010002D8,3.36,No,None,0.96,stationary
988457,ANCHOR_01,52:06:26:03:01:DA,-73,MFG_4C000215FDA50693A4E24FB1AFCFC6EB0764782500010002D8,3.36,No,None,0.96,stationary
989487,ANCHOR_01,52:06:26:03:01:DA,-67,MFG_4C000215FDA50693A4E24FB1AFCFC6EB0764782500010002D8,3.36,No,None,0.96,stationary
990477,ANCHOR_01,52:06:26:03:01:DA,-67,MFG_4C000215FDA50693A4E24FB1AFCFC6EB0764782500010002D8,3.36,No,None,0.96,stationary
992477,ANCHOR_01,52:06:26:03:01:DA,-69,MFG_4C000215FDA50693A4E24FB1AFCFC6EB0764782500010002D8,3.36,No,None,0.96,stationary
993477,ANCHOR_01,52:06:26:03:01:DA,-70,MFG_4C000215FDA50693A4E24FB1AFCFC6EB0764782500010002D8,3.36,No,None,0.96,stationary
994487,ANCHOR_01,52:06:26:03:01:DA,-73,MFG_4C000215FDA50693A4E24FB1AFCFC6EB0764782500010002D8,3.36,No,None,0.96,stationary
995487,ANCHOR_01,52:06:26:03:01:DA,-73,MFG_4C000215FDA50693A4E24FB1AFCFC6EB0764782500010002D8,3.36,No,None,0.96,stationary
996507,ANCHOR_01,52:06:26:03:01:DA,-67,MFG_4C000215FDA50693A4E24FB1AFCFC6EB0764782500010002D8,3.36,No,None,0.96,stationary
998517,ANCHOR_01,52:06:26:03:01:DA,-69,MFG_4C000215FDA50693A4E24FB1AFCFC6EB0764782500010002D8,3.36,No,None,0.96,stationary
1000517,ANCHOR_01,52:06:26:03:01:DA,-73,MFG_4C000215FDA50693A4E24FB1AFCFC6EB0764782500010002D8,3.36,No,None,0.96,stationary
1001517,ANCHOR_01,52:06:26:03:01:DA,-73,MFG_4C000215FDA50693A4E24FB1AFCFC6EB0764782500010002D8,3.36,No,None,0.96,stationary
1002537,ANCHOR_01,52:06:26:03:01:DA,-68,MFG_4C000215FDA50693A4E24FB1AFCFC6EB0764782500010002D8,3.36,No,None,0.96,stationary
1004547,ANCHOR_01,52:06:26:03:01:DA,-70,MFG_4C000215FDA50693A4E24FB1AFCFC6EB0764782500010002D8,3.36,No,None,0.96,stationary
1005537,ANCHOR_01,52:06:26:03:01:DA,-69,MFG_4C000215FDA50693A4E24FB1AFCFC6EB0764782500010002D8,3.36,No,None,0.96,stationary
1006547,ANCHOR_01,52:06:26:03:01:DA,-72,MFG_4C000215FDA50693A4E24FB1AFCFC6EB0764782500010002D8,3.36,No,None,0.96,stationary
1007547,ANCHOR_01,52:06:26:03:01:DA,-72,MFG_4C000215FDA50693A4E24FB1AFCFC6EB0764782500010002D8,3.36,No,None,0.96,stationary
1008557,ANCHOR_01,52:06:26:03:01:DA,-67,MFG_4C000215FDA50693A4E24FB1AFCFC6EB0764782500010002D8,3.36,No,None,0.96,stationary
1009557,ANCHOR_01,52:06:26:03:01:DA,-67,MFG_4C000215FDA50693A4E24FB1AFCFC6EB0764782500010002D8,3.36,No,None,0.96,stationary
1010577,ANCHOR_01,52:06:26:03:01:DA,-70,MFG_4C000215FDA50693A4E24FB1AFCFC6EB0764782500010002D8,3.36,No,None,0.96,stationary
1011557,ANCHOR_01,52:06:26:03:01:DA,-70,MFG_4C000215FDA50693A4E24FB1AFCFC6EB0764782500010002D8,3.36,No,None,0.96,stationary
1012587,ANCHOR_01,52:06:26:03:01:DA,-73,MFG_4C000215FDA50693A4E24FB1AFCFC6EB0764782500010002D8,3.36,No,None,0.96,stationary
1013577,ANCHOR_01,52:06:26:03:01:DA,-73,MFG_4C000215FDA50693A4E24FB1AFCFC6EB0764782500010002D8,3.36,No,None,0.96,stationary
1014597,ANCHOR_01,52:06:26:03:01:DA,-67,MFG_4C000215FDA50693A4E24FB1AFCFC6EB0764782500010002D8,3.36,No,None,0.96,stationary
1015587,ANCHOR_01,52:06:26:03:01:DA,-66,MFG_4C000215FDA50693A4E24FB1AFCFC6EB0764782500010002D8,3.36,No,None,0.96,stationary
1016597,ANCHOR_01,52:06:26:03:01:DA,-69,MFG_4C000215FDA50693A4E24FB1AFCFC6EB0764782500010002D8,3.36,No,None,0.96,stationary
1017597,ANCHOR_01,52:06:26:03:01:DA,-70,MFG_4C000215FDA50693A4E24FB1AFCFC6EB0764782500010002D8,3.36,No,None,0.96,stationary
1018617,ANCHOR_01,52:06:26:03:01:DA,-73,MFG_4C000215FDA50693A4E24FB1AFCFC6EB0764782500010002D8,3.36,No,None,0.96,stationary
1019607,ANCHOR_01,52:06:26:03:01:DA,-73,MFG_4C000215FDA50693A4E24FB1AFCFC6EB0764782500010002D8,3.36,No,None,0.96,stationary
1020627,ANCHOR_01,52:06:26:03:01:DA,-67,MFG_4C000215FDA50693A4E24FB1AFCFC6EB0764782500010002D8,3.36,No,None,0.96,stationary
1021617,ANCHOR_01,52:06:26:03:01:DA,-67,MFG_4C000215FDA50693A4E24FB1AFCFC6EB0764782500010002D8,3.36,No,None,0.96,stationary
1022637,ANCHOR_01,52:06:26:03:01:DA,-70,MFG_4C000215FDA50693A4E24FB1AFCFC6EB0764782500010002D8,3.36,No,None,0.96,stationary
1023627,ANCHOR_01,52:06:26:03:01:DA,-70,MFG_4C000215FDA50693A4E24FB1AFCFC6EB0764782500010002D8,3.36,No,None,0.96,stationary
1024647,ANCHOR_01,52:06:26:03:01:DA,-73,MFG_4C000215FDA50693A4E24FB1AFCFC6EB0764782500010002D8,3.36,No,None,0.96,stationary
1025637,ANCHOR_01,52:06:26:03:01:DA,-73,MFG_4C000215FDA50693A4E24FB1AFCFC6EB0764782500010002D8,3.36,No,None,0.96,stationary
1026647,ANCHOR_01,52:06:26:03:01:DA,-66,MFG_4C000215FDA50693A4E24FB1AFCFC6EB0764782500010002D8,3.36,No,None,0.96,stationary
1027647,ANCHOR_01,52:06:26:03:01:DA,-68,MFG_4C000215FDA50693A4E24FB1AFCFC6EB0764782500010002D8,3.36,No,None,0.96,stationary
1029657,ANCHOR_01,52:06:26:03:01:DA,-72,MFG_4C000215FDA50693A4E24FB1AFCFC6EB0764782500010002D8,3.36,No,None,0.96,stationary
1030677,ANCHOR_01,52:06:26:03:01:DA,-72,MFG_4C000215FDA50693A4E24FB1AFCFC6EB0764782500010002D8,3.36,No,None,0.96,stationary
1031687,ANCHOR_01,52:06:26:03:01:DA,-67,MFG_4C000215FDA50693A4E24FB1AFCFC6EB0764782500010002D8,3.36,No,None,0.96,stationary
1032687,ANCHOR_01,52:06:26:03:01:DA,-67,MFG_4C000215FDA50693A4E24FB1AFCFC6EB0764782500010002D8,3.36,No,None,0.96,stationary
1034697,ANCHOR_01,52:06:26:03:01:DA,-71,MFG_4C000215FDA50693A4E24FB1AFCFC6EB0764782500010002D8,3.36,No,None,0.96,stationary
1035687,ANCHOR_01,52:06:26:03:01:DA,-69,MFG_4C000215FDA50693A4E24FB1AFCFC6EB0764782500010002D8,3.36,No,None,0.96,stationary
1036707,ANCHOR_01,52:06:26:03:01:DA,-73,MFG_4C000215FDA50693A4E24FB1AFCFC6EB0764782500010002D8,3.36,No,None,0.96,stationary
1037727,ANCHOR_01,52:06:26:03:01:DA,-67,MFG_4C000215FDA50693A4E24FB1AFCFC6EB0764782500010002D8,3.36,No,None,0.96,stationary
1038717,ANCHOR_01,52:06:26:03:01:DA,-67,MFG_4C000215FDA50693A4E24FB1AFCFC6EB0764782500010002D8,3.36,No,None,0.96,stationary
1039737,ANCHOR_01,52:06:26:03:01:DA,-69,MFG_4C000215FDA50693A4E24FB1AFCFC6EB0764782500010002D8,3.36,No,None,0.96,stationary
1040727,ANCHOR_01,52:06:26:03:01:DA,-68,MFG_4C000215FDA50693A4E24FB1AFCFC6EB0764782500010002D8,3.36,No,None,0.96,stationary
1041747,ANCHOR_01,52:06:26:03:01:DA,-72,MFG_4C000215FDA50693A4E24FB1AFCFC6EB0764782500010002D8,3.36,No,None,0.96,stationary
1042737,ANCHOR_01,52:06:26:03:01:DA,-72,MFG_4C000215FDA50693A4E24FB1AFCFC6EB0764782500010002D8,3.36,No,None,0.96,stationary
1043737,ANCHOR_01,52:06:26:03:01:DA,-67,MFG_4C000215FDA50693A4E24FB1AFCFC6EB0764782500010002D8,3.36,No,None,0.96,stationary
1044747,ANCHOR_01,52:06:26:03:01:DA,-67,MFG_4C000215FDA50693A4E24FB1AFCFC6EB0764782500010002D8,3.36,No,None,0.96,stationary
1045767,ANCHOR_01,52:06:26:03:01:DA,-69,MFG_4C000215FDA50693A4E24FB1AFCFC6EB0764782500010002D8,3.36,No,None,0.96,stationary
1046757,ANCHOR_01,52:06:26:03:01:DA,-68,MFG_4C000215FDA50693A4E24FB1AFCFC6EB0764782500010002D8,3.36,No,None,0.96,stationary
1047767,ANCHOR_01,52:06:26:03:01:DA,-72,MFG_4C000215FDA50693A4E24FB1AFCFC6EB0764782500010002D8,3.36,No,None,0.96,stationary
1048767,ANCHOR_01,52:06:26:03:01:DA,-74,MFG_4C000215FDA50693A4E24FB1AFCFC6EB0764782500010002D8,3.36,No,None,0.96,stationary
1049777,ANCHOR_01,52:06:26:03:01:DA,-67,MFG_4C000215FDA50693A4E24FB1AFCFC6EB0764782500010002D8,3.36,No,None,0.96,stationary
1050777,ANCHOR_01,52:06:26:03:01:DA,-67,MFG_4C000215FDA50693A4E24FB1AFCFC6EB0764782500010002D8,3.36,No,None,0.96,stationary
1052787,ANCHOR_01,52:06:26:03:01:DA,-69,MFG_4C000215FDA50693A4E24FB1AFCFC6EB0764782500010002D8,3.36,No,None,0.96,stationary
1053807,ANCHOR_01,52:06:26:03:01:DA,-73,MFG_4C000215FDA50693A4E24FB1AFCFC6EB0764782500010002D8,3.36,No,None,0.96,stationary
1054797,ANCHOR_01,52:06:26:03:01:DA,-72,MFG_4C000215FDA50693A4E24FB1AFCFC6EB0764782500010002D8,3.36,No,None,0.96,stationary
1055807,ANCHOR_01,52:06:26:03:01:DA,-67,MFG_4C000215FDA50693A4E24FB1AFCFC6EB0764782500010002D8,3.36,No,None,0.96,stationary
1056807,ANCHOR_01,52:06:26:03:01:DA,-83,MFG_4C000215FDA50693A4E24FB1AFCFC6EB0764782500010002D8,3.36,No,None,0.96,stationary
1057827,ANCHOR_01,52:06:26:03:01:DA,-70,MFG_4C000215FDA50693A4E24FB1AFCFC6EB0764782500010002D8,3.36,No,None,0.96,stationary
1058817,ANCHOR_01,52:06:26:03:01:DA,-70,MFG_4C000215FDA50693A4E24FB1AFCFC6EB0764782500010002D8,3.36,No,None,0.96,stationary
1059837,ANCHOR_01,52:06:26:03:01:DA,-73,MFG_4C000215FDA50693A4E24FB1AFCFC6EB0764782500010002D8,3.36,No,None,0.96,stationary
1060817,ANCHOR_01,52:06:26:03:01:DA,-72,MFG_4C000215FDA50693A4E24FB1AFCFC6EB0764782500010002D8,3.36,No,None,0.96,stationary
1061847,ANCHOR_01,52:06:26:03:01:DA,-67,MFG_4C000215FDA50693A4E24FB1AFCFC6EB0764782500010002D8,3.36,No,None,0.96,stationary
1062837,ANCHOR_01,52:06:26:03:01:DA,-66,MFG_4C000215FDA50693A4E24FB1AFCFC6EB0764782500010002D8,3.36,No,None,0.96,stationary
1063857,ANCHOR_01,52:06:26:03:01:DA,-69,MFG_4C000215FDA50693A4E24FB1AFCFC6EB0764782500010002D8,3.36,No,None,0.96,stationary
1064847,ANCHOR_01,52:06:26:03:01:DA,-68,MFG_4C000215FDA50693A4E24FB1AFCFC6EB0764782500010002D8,3.36,No,None,0.96,stationary
1065867,ANCHOR_01,52:06:26:03:01:DA,-76,MFG_4C000215FDA50693A4E24FB1AFCFC6EB0764782500010002D8,3.36,No,None,0.96,stationary
1066857,ANCHOR_01,52:06:26:03:01:DA,-74,MFG_4C000215FDA50693A4E24FB1AFCFC6EB0764782500010002D8,3.36,No,None,0.96,stationary
1067877,ANCHOR_01,52:06:26:03:01:DA,-66,MFG_4C000215FDA50693A4E24FB1AFCFC6EB0764782500010002D8,3.36,No,None,0.96,stationary
1068867,ANCHOR_01,52:06:26:03:01:DA,-67,MFG_4C000215FDA50693A4E24FB1AFCFC6EB0764782500010002D8,3.36,No,None,0.96,stationary
1069887,ANCHOR_01,52:06:26:03:01:DA,-69,MFG_4C000215FDA50693A4E24FB1AFCFC6EB0764782500010002D8,3.36,No,None,0.96,stationary
1070877,ANCHOR_01,52:06:26:03:01:DA,-68,MFG_4C000215FDA50693A4E24FB1AFCFC6EB0764782500010002D8,3.36,No,None,0.96,stationary
1071897,ANCHOR_01,52:06:26:03:01:DA,-73,MFG_4C000215FDA50693A4E24FB1AFCFC6EB0764782500010002D8,3.36,No,None,0.96,stationary
1072887,ANCHOR_01,52:06:26:03:01:DA,-73,MFG_4C000215FDA50693A4E24FB1AFCFC6EB0764782500010002D8,3.36,No,None,0.96,stationary
1074897,ANCHOR_01,52:06:26:03:01:DA,-68,MFG_4C000215FDA50693A4E24FB1AFCFC6EB0764782500010002D8,3.36,No,None,0.96,stationary
1075917,ANCHOR_01,52:06:26:03:01:DA,-69,MFG_4C000215FDA50693A4E24FB1AFCFC6EB0764782500010002D8,3.36,No,None,0.96,stationary
1076897,ANCHOR_01,52:06:26:03:01:DA,-69,MFG_4C000215FDA50693A4E24FB1AFCFC6EB0764782500010002D8,3.36,No,None,0.96,stationary
1077897,ANCHOR_01,52:06:26:03:01:DA,-69,MFG_4C000215FDA50693A4E24FB1AFCFC6EB0764782500010002D8,3.36,No,None,0.96,stationary
1078917,ANCHOR_01,52:06:26:03:01:DA,-71,MFG_4C000215FDA50693A4E24FB1AFCFC6EB0764782500010002D8,3.36,No,None,0.96,stationary
1079907,ANCHOR_01,52:06:26:03:01:DA,-71,MFG_4C000215FDA50693A4E24FB1AFCFC6EB0764782500010002D8,3.36,No,None,0.96,stationary
1080927,ANCHOR_01,52:06:26:03:01:DA,-67,MFG_4C000215FDA50693A4E24FB1AFCFC6EB0764782500010002D8,3.36,No,None,0.96,stationary
1082937,ANCHOR_01,52:06:26:03:01:DA,-68,MFG_4C000215FDA50693A4E24FB1AFCFC6EB0764782500010002D8,3.36,No,None,0.96,stationary
1083947,ANCHOR_01,52:06:26:03:01:DA,-72,MFG_4C000215FDA50693A4E24FB1AFCFC6EB0764782500010002D8,3.36,No,None,0.96,stationary
1084947,ANCHOR_01,52:06:26:03:01:DA,-72,MFG_4C000215FDA50693A4E24FB1AFCFC6EB0764782500010002D8,3.36,No,None,0.96,stationary
1085967,ANCHOR_01,52:06:26:03:01:DA,-66,MFG_4C000215FDA50693A4E24FB1AFCFC6EB0764782500010002D8,3.36,No,None,0.96,stationary
1086957,ANCHOR_01,52:06:26:03:01:DA,-67,MFG_4C000215FDA50693A4E24FB1AFCFC6EB0764782500010002D8,3.36,No,None,0.96,stationary
1088957,ANCHOR_01,52:06:26:03:01:DA,-68,MFG_4C000215FDA50693A4E24FB1AFCFC6EB0764782500010002D8,3.36,No,None,0.96,stationary
1089957,ANCHOR_01,52:06:26:03:01:DA,-69,MFG_4C000215FDA50693A4E24FB1AFCFC6EB0764782500010002D8,3.36,No,None,0.96,stationary
1090967,ANCHOR_01,52:06:26:03:01:DA,-71,MFG_4C000215FDA50693A4E24FB1AFCFC6EB0764782500010002D8,3.36,No,None,0.96,stationary
1092977,ANCHOR_01,52:06:26:03:01:DA,-67,MFG_4C000215FDA50693A4E24FB1AFCFC6EB0764782500010002D8,3.36,No,None,0.96,stationary
1094997,ANCHOR_01,52:06:26:03:01:DA,-68,MFG_4C000215FDA50693A4E24FB1AFCFC6EB0764782500010002D8,3.36,No,None,0.96,stationary
1095987,ANCHOR_01,52:06:26:03:01:DA,-69,MFG_4C000215FDA50693A4E24FB1AFCFC6EB0764782500010002D8,3.36,No,None,0.96,stationary
1096997,ANCHOR_01,52:06:26:03:01:DA,-71,MFG_4C000215FDA50693A4E24FB1AFCFC6EB0764782500010002D8,3.36,No,None,0.96,stationary
1097997,ANCHOR_01,52:06:26:03:01:DA,-71,MFG_4C000215FDA50693A4E24FB1AFCFC6EB0764782500010002D8,3.36,No,None,0.96,stationary
1099007,ANCHOR_01,52:06:26:03:01:DA,-67,MFG_4C000215FDA50693A4E24FB1AFCFC6EB0764782500010002D8,3.36,No,None,0.96,stationary
1100007,ANCHOR_01,52:06:26:03:01:DA,-67,MFG_4C000215FDA50693A4E24FB1AFCFC6EB0764782500010002D8,3.36,No,None,0.96,stationary
1101017,ANCHOR_01,52:06:26:03:01:DA,-69,MFG_4C000215FDA50693A4E24FB1AFCFC6EB0764782500010002D8,3.36,No,None,0.96,stationary
1103027,ANCHOR_01,52:06:26:03:01:DA,-71,MFG_4C000215FDA50693A4E24FB1AFCFC6EB0764782500010002D8,3.36,No,None,0.96,stationary
1104037,ANCHOR_01,52:06:26:03:01:DA,-66,MFG_4C000215FDA50693A4E24FB1AFCFC6EB0764782500010002D8,3.36,No,None,0.96,stationary
1105037,ANCHOR_01,52:06:26:03:01:DA,-67,MFG_4C000215FDA50693A4E24FB1AFCFC6EB0764782500010002D8,3.36,No,None,0.96,stationary
1106037,ANCHOR_01,52:06:26:03:01:DA,-66,MFG_4C000215FDA50693A4E24FB1AFCFC6EB0764782500010002D8,3.36,No,None,0.96,stationary
1107047,ANCHOR_01,52:06:26:03:01:DA,-68,MFG_4C000215FDA50693A4E24FB1AFCFC6EB0764782500010002D8,3.36,No,None,0.96,stationary
1109057,ANCHOR_01,52:06:26:03:01:DA,-70,MFG_4C000215FDA50693A4E24FB1AFCFC6EB0764782500010002D8,3.36,No,None,0.96,stationary
1110067,ANCHOR_01,52:06:26:03:01:DA,-66,MFG_4C000215FDA50693A4E24FB1AFCFC6EB0764782500010002D8,3.36,No,None,0.96,stationary
1111077,ANCHOR_01,52:06:26:03:01:DA,-67,MFG_4C000215FDA50693A4E24FB1AFCFC6EB0764782500010002D8,3.36,No,None,0.96,stationary
1113077,ANCHOR_01,52:06:26:03:01:DA,-69,MFG_4C000215FDA50693A4E24FB1AFCFC6EB0764782500010002D8,3.36,No,None,0.96,stationary
1115087,ANCHOR_01,52:06:26:03:01:DA,-71,MFG_4C000215FDA50693A4E24FB1AFCFC6EB0764782500010002D8,3.36,No,None,0.96,stationary
1116097,ANCHOR_01,52:06:26:03:01:DA,-67,MFG_4C000215FDA50693A4E24FB1AFCFC6EB0764782500010002D8,3.36,No,None,0.96,stationary
1117107,ANCHOR_01,52:06:26:03:01:DA,-68,MFG_4C000215FDA50693A4E24FB1AFCFC6EB0764782500010002D8,3.36,No,None,0.96,stationary
1118117,ANCHOR_01,52:06:26:03:01:DA,-68,MFG_4C000215FDA50693A4E24FB1AFCFC6EB0764782500010002D8,3.36,No,None,0.96,stationary
1119107,ANCHOR_01,52:06:26:03:01:DA,-69,MFG_4C000215FDA50693A4E24FB1AFCFC6EB0764782500010002D8,3.36,No,None,0.96,stationary
1120127,ANCHOR_01,52:06:26:03:01:DA,-71,MFG_4C000215FDA50693A4E24FB1AFCFC6EB0764782500010002D8,3.36,No,None,0.96,stationary
1121117,ANCHOR_01,52:06:26:03:01:DA,-71,MFG_4C000215FDA50693A4E24FB1AFCFC6EB0764782500010002D8,3.36,No,None,0.96,stationary
1122137,ANCHOR_01,52:06:26:03:01:DA,-66,MFG_4C000215FDA50693A4E24FB1AFCFC6EB0764782500010002D8,3.36,No,None,0.96,stationary
1123127,ANCHOR_01,52:06:26:03:01:DA,-67,MFG_4C000215FDA50693A4E24FB1AFCFC6EB0764782500010002D8,3.36,No,None,0.96,stationary
1124137,ANCHOR_01,52:06:26:03:01:DA,-68,MFG_4C000215FDA50693A4E24FB1AFCFC6EB0764782500010002D8,3.36,No,None,0.96,stationary
1125137,ANCHOR_01,52:06:26:03:01:DA,-69,MFG_4C000215FDA50693A4E24FB1AFCFC6EB0764782500010002D8,3.36,No,None,0.96,stationary
1126157,ANCHOR_01,52:06:26:03:01:DA,-72,MFG_4C000215FDA50693A4E24FB1AFCFC6EB0764782500010002D8,3.36,No,None,0.96,stationary
1127157,ANCHOR_01,52:06:26:03:01:DA,-72,MFG_4C000215FDA50693A4E24FB1AFCFC6EB0764782500010002D8,3.36,No,None,0.96,stationary
1128167,ANCHOR_01,52:06:26:03:01:DA,-66,MFG_4C000215FDA50693A4E24FB1AFCFC6EB0764782500010002D8,3.36,No,None,0.96,stationary
1129167,ANCHOR_01,52:06:26:03:01:DA,-67,MFG_4C000215FDA50693A4E24FB1AFCFC6EB0764782500010002D8,3.36,No,None,0.96,stationary
1130167,ANCHOR_01,52:06:26:03:01:DA,-69,MFG_4C000215FDA50693A4E24FB1AFCFC6EB0764782500010002D8,3.36,No,None,0.96,stationary
1131177,ANCHOR_01,52:06:26:03:01:DA,-68,MFG_4C000215FDA50693A4E24FB1AFCFC6EB0764782500010002D8,3.36,No,None,0.96,stationary
1132187,ANCHOR_01,52:06:26:03:01:DA,-72,MFG_4C000215FDA50693A4E24FB1AFCFC6EB0764782500010002D8,3.36,No,None,0.96,stationary
1133187,ANCHOR_01,52:06:26:03:01:DA,-71,MFG_4C000215FDA50693A4E24FB1AFCFC6EB0764782500010002D8,3.36,No,None,0.96,stationary
1134197,ANCHOR_01,52:06:26:03:01:DA,-67,MFG_4C000215FDA50693A4E24FB1AFCFC6EB0764782500010002D8,3.36,No,None,0.96,stationary
1135197,ANCHOR_01,52:06:26:03:01:DA,-67,MFG_4C000215FDA50693A4E24FB1AFCFC6EB0764782500010002D8,3.36,No,None,0.96,stationary
1136197,ANCHOR_01,52:06:26:03:01:DA,-69,MFG_4C000215FDA50693A4E24FB1AFCFC6EB0764782500010002D8,3.36,No,None,0.96,stationary
1137207,ANCHOR_01,52:06:26:03:01:DA,-69,MFG_4C000215FDA50693A4E24FB1AFCFC6EB0764782500010002D8,3.36,No,None,0.96,stationary
1138217,ANCHOR_01,52:06:26:03:01:DA,-71,MFG_4C000215FDA50693A4E24FB1AFCFC6EB0764782500010002D8,3.36,No,None,0.96,stationary
1139217,ANCHOR_01,52:06:26:03:01:DA,-71,MFG_4C000215FDA50693A4E24FB1AFCFC6EB0764782500010002D8,3.36,No,None,0.96,stationary
1140227,ANCHOR_01,52:06:26:03:01:DA,-67,MFG_4C000215FDA50693A4E24FB1AFCFC6EB0764782500010002D8,3.36,No,None,0.96,stationary
1141227,ANCHOR_01,52:06:26:03:01:DA,-68,MFG_4C000215FDA50693A4E24FB1AFCFC6EB0764782500010002D8,3.36,No,None,0.96,stationary
1142227,ANCHOR_01,52:06:26:03:01:DA,-69,MFG_4C000215FDA50693A4E24FB1AFCFC6EB0764782500010002D8,3.36,No,None,0.96,stationary
1143237,ANCHOR_01,52:06:26:03:01:DA,-68,MFG_4C000215FDA50693A4E24FB1AFCFC6EB0764782500010002D8,3.36,No,None,0.96,stationary
1144237,ANCHOR_01,52:06:26:03:01:DA,-71,MFG_4C000215FDA50693A4E24FB1AFCFC6EB0764782500010002D8,3.36,No,None,0.96,stationary
1145247,ANCHOR_01,52:06:26:03:01:DA,-71,MFG_4C000215FDA50693A4E24FB1AFCFC6EB0764782500010002D8,3.36,No,None,0.96,stationary
1146247,ANCHOR_01,52:06:26:03:01:DA,-67,MFG_4C000215FDA50693A4E24FB1AFCFC6EB0764782500010002D8,3.36,No,None,0.96,stationary
1147257,ANCHOR_01,52:06:26:03:01:DA,-67,MFG_4C000215FDA50693A4E24FB1AFCFC6EB0764782500010002D8,3.36,No,None,0.96,stationary
1148257,ANCHOR_01,52:06:26:03:01:DA,-69,MFG_4C000215FDA50693A4E24FB1AFCFC6EB0764782500010002D8,3.36,No,None,0.96,stationary
1149257,ANCHOR_01,52:06:26:03:01:DA,-68,MFG_4C000215FDA50693A4E24FB1AFCFC6EB0764782500010002D8,3.36,No,None,0.96,stationary
1150267,ANCHOR_01,52:06:26:03:01:DA,-72,MFG_4C000215FDA50693A4E24FB1AFCFC6EB0764782500010002D8,3.36,No,None,0.96,stationary
1151277,ANCHOR_01,52:06:26:03:01:DA,-74,MFG_4C000215FDA50693A4E24FB1AFCFC6EB0764782500010002D8,3.36,No,None,0.96,stationary
1152287,ANCHOR_01,52:06:26:03:01:DA,-67,MFG_4C000215FDA50693A4E24FB1AFCFC6EB0764782500010002D8,3.36,No,None,0.96,stationary
1154297,ANCHOR_01,52:06:26:03:01:DA,-68,MFG_4C000215FDA50693A4E24FB1AFCFC6EB0764782500010002D8,3.36,No,None,0.96,stationary
1155297,ANCHOR_01,52:06:26:03:01:DA,-68,MFG_4C000215FDA50693A4E24FB1AFCFC6EB0764782500010002D8,3.36,No,None,0.96,stationary
1157307,ANCHOR_01,52:06:26:03:01:DA,-71,MFG_4C000215FDA50693A4E24FB1AFCFC6EB0764782500010002D8,3.36,No,None,0.96,stationary
1158307,ANCHOR_01,52:06:26:03:01:DA,-66,MFG_4C000215FDA50693A4E24FB1AFCFC6EB0764782500010002D8,3.36,No,None,0.96,stationary
1159307,ANCHOR_01,52:06:26:03:01:DA,-67,MFG_4C000215FDA50693A4E24FB1AFCFC6EB0764782500010002D8,3.36,No,None,0.96,stationary
1160317,ANCHOR_01,52:06:26:03:01:DA,-69,MFG_4C000215FDA50693A4E24FB1AFCFC6EB0764782500010002D8,3.36,No,None,0.96,stationary
1161327,ANCHOR_01,52:06:26:03:01:DA,-69,MFG_4C000215FDA50693A4E24FB1AFCFC6EB0764782500010002D8,3.36,No,None,0.96,stationary
1162327,ANCHOR_01,52:06:26:03:01:DA,-71,MFG_4C000215FDA50693A4E24FB1AFCFC6EB0764782500010002D8,3.36,No,None,0.96,stationary
1163337,ANCHOR_01,52:06:26:03:01:DA,-72,MFG_4C000215FDA50693A4E24FB1AFCFC6EB0764782500010002D8,3.36,No,None,0.96,stationary
1164357,ANCHOR_01,52:06:26:03:01:DA,-67,MFG_4C000215FDA50693A4E24FB1AFCFC6EB0764782500010002D8,3.36,No,None,0.96,stationary
1166367,ANCHOR_01,52:06:26:03:01:DA,-72,MFG_4C000215FDA50693A4E24FB1AFCFC6EB0764782500010002D8,3.36,No,None,0.96,stationary
1168367,ANCHOR_01,52:06:26:03:01:DA,-71,MFG_4C000215FDA50693A4E24FB1AFCFC6EB0764782500010002D8,3.36,No,None,0.96,stationary
1170377,ANCHOR_01,52:06:26:03:01:DA,-67,MFG_4C000215FDA50693A4E24FB1AFCFC6EB0764782500010002D8,3.36,No,None,0.96,stationary
1171387,ANCHOR_01,52:06:26:03:01:DA,-69,MFG_4C000215FDA50693A4E24FB1AFCFC6EB0764782500010002D8,3.36,No,None,0.96,stationary
1172397,ANCHOR_01,52:06:26:03:01:DA,-70,MFG_4C000215FDA50693A4E24FB1AFCFC6EB0764782500010002D8,3.36,No,None,0.96,stationary
1173417,ANCHOR_01,52:06:26:03:01:DA,-72,MFG_4C000215FDA50693A4E24FB1AFCFC6EB0764782500010002D8,3.36,No,None,0.96,stationary
1175417,ANCHOR_01,52:06:26:03:01:DA,-66,MFG_4C000215FDA50693A4E24FB1AFCFC6EB0764782500010002D8,3.36,No,None,0.96,stationary
1176417,ANCHOR_01,52:06:26:03:01:DA,-66,MFG_4C000215FDA50693A4E24FB1AFCFC6EB0764782500010002D8,3.36,No,None,0.96,stationary
1177427,ANCHOR_01,52:06:26:03:01:DA,-69,MFG_4C000215FDA50693A4E24FB1AFCFC6EB0764782500010002D8,3.36,No,None,0.96,stationary
1178427,ANCHOR_01,52:06:26:03:01:DA,-70,MFG_4C000215FDA50693A4E24FB1AFCFC6EB0764782500010002D8,3.36,No,None,0.96,stationary
1179437,ANCHOR_01,52:06:26:03:01:DA,-74,MFG_4C000215FDA50693A4E24FB1AFCFC6EB0764782500010002D8,3.36,No,None,0.96,stationary
1180437,ANCHOR_01,52:06:26:03:01:DA,-73,MFG_4C000215FDA50693A4E24FB1AFCFC6EB0764782500010002D8,3.36,No,None,0.96,stationary
1181437,ANCHOR_01,52:06:26:03:01:DA,-67,MFG_4C000215FDA50693A4E24FB1AFCFC6EB0764782500010002D8,3.36,No,None,0.96,stationary
1182447,ANCHOR_01,52:06:26:03:01:DA,-67,MFG_4C000215FDA50693A4E24FB1AFCFC6EB0764782500010002D8,3.36,No,None,0.96,stationary
1183447,ANCHOR_01,52:06:26:03:01:DA,-69,MFG_4C000215FDA50693A4E24FB1AFCFC6EB0764782500010002D8,3.36,No,None,0.96,stationary
1184447,ANCHOR_01,52:06:26:03:01:DA,-69,MFG_4C000215FDA50693A4E24FB1AFCFC6EB0764782500010002D8,3.36,No,None,0.96,stationary
1185457,ANCHOR_01,52:06:26:03:01:DA,-73,MFG_4C000215FDA50693A4E24FB1AFCFC6EB0764782500010002D8,3.36,No,None,0.96,stationary
1186457,ANCHOR_01,52:06:26:03:01:DA,-73,MFG_4C000215FDA50693A4E24FB1AFCFC6EB0764782500010002D8,3.36,No,None,0.96,stationary
1188467,ANCHOR_01,52:06:26:03:01:DA,-68,MFG_4C000215FDA50693A4E24FB1AFCFC6EB0764782500010002D8,3.36,No,None,0.96,stationary
1189477,ANCHOR_01,52:06:26:03:01:DA,-70,MFG_4C000215FDA50693A4E24FB1AFCFC6EB0764782500010002D8,3.36,No,None,0.96,stationary
1190477,ANCHOR_01,52:06:26:03:01:DA,-69,MFG_4C000215FDA50693A4E24FB1AFCFC6EB0764782500010002D8,3.36,No,None,0.96,stationary
1192497,ANCHOR_01,52:06:26:03:01:DA,-79,MFG_4C000215FDA50693A4E24FB1AFCFC6EB0764782500010002D8,3.36,No,None,0.96,stationary
1193497,ANCHOR_01,52:06:26:03:01:DA,-66,MFG_4C000215FDA50693A4E24FB1AFCFC6EB0764782500010002D8,3.36,No,None,0.96,stationary
1194507,ANCHOR_01,52:06:26:03:01:DA,-68,MFG_4C000215FDA50693A4E24FB1AFCFC6EB0764782500010002D8,3.36,No,None,0.96,stationary
1195507,ANCHOR_01,52:06:26:03:01:DA,-70,MFG_4C000215FDA50693A4E24FB1AFCFC6EB0764782500010002D8,3.36,No,None,0.96,stationary
1196517,ANCHOR_01,52:06:26:03:01:DA,-71,MFG_4C000215FDA50693A4E24FB1AFCFC6EB0764782500010002D8,3.36,No,None,0.96,stationary
1197527,ANCHOR_01,52:06:26:03:01:DA,-73,MFG_4C000215FDA50693A4E24FB1AFCFC6EB0764782500010002D8,3.36,No,None,0.96,stationary
1198527,ANCHOR_01,52:06:26:03:01:DA,-72,MFG_4C000215FDA50693A4E24FB1AFCFC6EB0764782500010002D8,3.36,No,None,0.96,stationary
1199537,ANCHOR_01,52:06:26:03:01:DA,-67,MFG_4C000215FDA50693A4E24FB1AFCFC6EB0764782500010002D8,3.36,No,None,0.96,stationary
1200547,ANCHOR_01,52:06:26:03:01:DA,-69,MFG_4C000215FDA50693A4E24FB1AFCFC6EB0764782500010002D8,3.36,No,None,0.96,stationary
1201547,ANCHOR_01,52:06:26:03:01:DA,-70,MFG_4C000215FDA50693A4E24FB1AFCFC6EB0764782500010002D8,3.36,No,None,0.96,stationary
1203557,ANCHOR_01,52:06:26:03:01:DA,-72,MFG_4C000215FDA50693A4E24FB1AFCFC6EB0764782500010002D8,3.36,No,None,0.96,stationary
1204567,ANCHOR_01,52:06:26:03:01:DA,-68,MFG_4C000215FDA50693A4E24FB1AFCFC6EB0764782500010002D8,3.36,No,None,0.96,stationary
1205577,ANCHOR_01,52:06:26:03:01:DA,-68,MFG_4C000215FDA50693A4E24FB1AFCFC6EB0764782500010002D8,3.36,No,None,0.96,stationary
1206577,ANCHOR_01,52:06:26:03:01:DA,-70,MFG_4C000215FDA50693A4E24FB1AFCFC6EB0764782500010002D8,3.36,No,None,0.96,stationary
1207577,ANCHOR_01,52:06:26:03:01:DA,-70,MFG_4C000215FDA50693A4E24FB1AFCFC6EB0764782500010002D8,3.36,No,None,0.96,stationary
1208587,ANCHOR_01,52:06:26:03:01:DA,-72,MFG_4C000215FDA50693A4E24FB1AFCFC6EB0764782500010002D8,3.36,No,None,0.96,stationary
1209587,ANCHOR_01,52:06:26:03:01:DA,-72,MFG_4C000215FDA50693A4E24FB1AFCFC6EB0764782500010002D8,3.36,No,None,0.96,stationary
1210587,ANCHOR_01,52:06:26:03:01:DA,-72,MFG_4C000215FDA50693A4E24FB1AFCFC6EB0764782500010002D8,3.36,No,None,0.96,stationary
1211597,ANCHOR_01,52:06:26:03:01:DA,-67,MFG_4C000215FDA50693A4E24FB1AFCFC6EB0764782500010002D8,3.36,No,None,0.96,stationary
1213607,ANCHOR_01,52:06:26:03:01:DA,-70,MFG_4C000215FDA50693A4E24FB1AFCFC6EB0764782500010002D8,3.36,No,None,0.96,stationary
1214607,ANCHOR_01,52:06:26:03:01:DA,-70,MFG_4C000215FDA50693A4E24FB1AFCFC6EB0764782500010002D8,3.36,No,None,0.96,stationary
1215607,ANCHOR_01,52:06:26:03:01:DA,-72,MFG_4C000215FDA50693A4E24FB1AFCFC6EB0764782500010002D8,3.36,No,None,0.96,stationary
1216607,ANCHOR_01,52:06:26:03:01:DA,-72,MFG_4C000215FDA50693A4E24FB1AFCFC6EB0764782500010002D8,3.36,No,None,0.96,stationary
1218627,ANCHOR_01,52:06:26:03:01:DA,-67,MFG_4C000215FDA50693A4E24FB1AFCFC6EB0764782500010002D8,3.36,No,None,0.96,stationary
1220627,ANCHOR_01,52:06:26:03:01:DA,-70,MFG_4C000215FDA50693A4E24FB1AFCFC6EB0764782500010002D8,3.36,No,None,0.96,stationary
1221627,ANCHOR_01,52:06:26:03:01:DA,-70,MFG_4C000215FDA50693A4E24FB1AFCFC6EB0764782500010002D8,3.36,No,None,0.96,stationary
1222627,ANCHOR_01,52:06:26:03:01:DA,-71,MFG_4C000215FDA50693A4E24FB1AFCFC6EB0764782500010002D8,3.36,No,None,0.96,stationary
1223637,ANCHOR_01,52:06:26:03:01:DA,-72,MFG_4C000215FDA50693A4E24FB1AFCFC6EB0764782500010002D8,3.36,No,None,0.96,stationary
1224637,ANCHOR_01,52:06:26:03:01:DA,-67,MFG_4C000215FDA50693A4E24FB1AFCFC6EB0764782500010002D8,3.36,No,None,0.96,stationary
1225647,ANCHOR_01,52:06:26:03:01:DA,-67,MFG_4C000215FDA50693A4E24FB1AFCFC6EB0764782500010002D8,3.36,No,None,0.96,stationary
1226667,ANCHOR_01,52:06:26:03:01:DA,-70,MFG_4C000215FDA50693A4E24FB1AFCFC6EB0764782500010002D8,3.36,No,None,0.96,stationary
1227657,ANCHOR_01,52:06:26:03:01:DA,-70,MFG_4C000215FDA50693A4E24FB1AFCFC6EB0764782500010002D8,3.36,No,None,0.96,stationary
1228667,ANCHOR_01,52:06:26:03:01:DA,-71,MFG_4C000215FDA50693A4E24FB1AFCFC6EB0764782500010002D8,3.36,No,None,0.96,stationary
1229677,ANCHOR_01,52:06:26:03:01:DA,-67,MFG_4C000215FDA50693A4E24FB1AFCFC6EB0764782500010002D8,3.36,No,None,0.96,stationary
1230687,ANCHOR_01,52:06:26:03:01:DA,-67,MFG_4C000215FDA50693A4E24FB1AFCFC6EB0764782500010002D8,3.36,No,None,0.96,stationary
1232687,ANCHOR_01,52:06:26:03:01:DA,-70,MFG_4C000215FDA50693A4E24FB1AFCFC6EB0764782500010002D8,3.36,No,None,0.96,stationary
1233697,ANCHOR_01,52:06:26:03:01:DA,-72,MFG_4C000215FDA50693A4E24FB1AFCFC6EB0764782500010002D8,3.36,No,None,0.96,stationary
1234707,ANCHOR_01,52:06:26:03:01:DA,-72,MFG_4C000215FDA50693A4E24FB1AFCFC6EB0764782500010002D8,3.36,No,None,0.96,stationary
1235717,ANCHOR_01,52:06:26:03:01:DA,-67,MFG_4C000215FDA50693A4E24FB1AFCFC6EB0764782500010002D8,3.36,No,None,0.96,stationary
1236717,ANCHOR_01,52:06:26:03:01:DA,-67,MFG_4C000215FDA50693A4E24FB1AFCFC6EB0764782500010002D8,3.36,No,None,0.96,stationary
1237717,ANCHOR_01,52:06:26:03:01:DA,-70,MFG_4C000215FDA50693A4E24FB1AFCFC6EB0764782500010002D8,3.36,No,None,0.96,stationary
1238727,ANCHOR_01,52:06:26:03:01:DA,-71,MFG_4C000215FDA50693A4E24FB1AFCFC6EB0764782500010002D8,3.36,No,None,0.96,stationary
1239727,ANCHOR_01,52:06:26:03:01:DA,-72,MFG_4C000215FDA50693A4E24FB1AFCFC6EB0764782500010002D8,3.36,No,None,0.96,stationary
1240737,ANCHOR_01,52:06:26:03:01:DA,-72,MFG_4C000215FDA50693A4E24FB1AFCFC6EB0764782500010002D8,3.36,No,None,0.96,stationary
1241737,ANCHOR_01,52:06:26:03:01:DA,-67,MFG_4C000215FDA50693A4E24FB1AFCFC6EB0764782500010002D8,3.36,No,None,0.96,stationary
1242747,ANCHOR_01,52:06:26:03:01:DA,-67,MFG_4C000215FDA50693A4E24FB1AFCFC6EB0764782500010002D8,3.36,No,None,0.96,stationary
1243747,ANCHOR_01,52:06:26:03:01:DA,-70,MFG_4C000215FDA50693A4E24FB1AFCFC6EB0764782500010002D8,3.36,No,None,0.96,stationary
1244757,ANCHOR_01,52:06:26:03:01:DA,-71,MFG_4C000215FDA50693A4E24FB1AFCFC6EB0764782500010002D8,3.36,No,None,0.96,stationary
1245767,ANCHOR_01,52:06:26:03:01:DA,-71,MFG_4C000215FDA50693A4E24FB1AFCFC6EB0764782500010002D8,3.36,No,None,0.96,stationary
1246767,ANCHOR_01,52:06:26:03:01:DA,-72,MFG_4C000215FDA50693A4E24FB1AFCFC6EB0764782500010002D8,3.36,No,None,0.96,stationary
1247777,ANCHOR_01,52:06:26:03:01:DA,-66,MFG_4C000215FDA50693A4E24FB1AFCFC6EB0764782500010002D8,3.36,No,None,0.96,stationary
1248777,ANCHOR_01,52:06:26:03:01:DA,-67,MFG_4C000215FDA50693A4E24FB1AFCFC6EB0764782500010002D8,3.36,No,None,0.96,stationary
1249787,ANCHOR_01,52:06:26:03:01:DA,-70,MFG_4C000215FDA50693A4E24FB1AFCFC6EB0764782500010002D8,3.36,No,None,0.96,stationary
1250787,ANCHOR_01,52:06:26:03:01:DA,-71,MFG_4C000215FDA50693A4E24FB1AFCFC6EB0764782500010002D8,3.36,No,None,0.96,stationary
1251797,ANCHOR_01,52:06:26:03:01:DA,-72,MFG_4C000215FDA50693A4E24FB1AFCFC6EB0764782500010002D8,3.36,No,None,0.96,stationary
1253807,ANCHOR_01,52:06:26:03:01:DA,-67,MFG_4C000215FDA50693A4E24FB1AFCFC6EB0764782500010002D8,3.36,No,None,0.96,stationary
1255817,ANCHOR_01,52:06:26:03:01:DA,-70,MFG_4C000215FDA50693A4E24FB1AFCFC6EB0764782500010002D8,3.36,No,None,0.96,stationary
1256817,ANCHOR_01,52:06:26:03:01:DA,-70,MFG_4C000215FDA50693A4E24FB1AFCFC6EB0764782500010002D8,3.36,No,None,0.96,stationary
1257827,ANCHOR_01,52:06:26:03:01:DA,-72,MFG_4C000215FDA50693A4E24FB1AFCFC6EB0764782500010002D8,3.36,No,None,0.96,stationary
1258827,ANCHOR_01,52:06:26:03:01:DA,-73,MFG_4C000215FDA50693A4E24FB1AFCFC6EB0764782500010002D8,3.36,No,None,0.96,stationary
1259837,ANCHOR_01,52:06:26:03:01:DA,-67,MFG_4C000215FDA50693A4E24FB1AFCFC6EB0764782500010002D8,3.36,No,None,0.96,stationary
1260837,ANCHOR_01,52:06:26:03:01:DA,-67,MFG_4C000215FDA50693A4E24FB1AFCFC6EB0764782500010002D8,3.36,No,None,0.96,stationary
1262847,ANCHOR_01,52:06:26:03:01:DA,-69,MFG_4C000215FDA50693A4E24FB1AFCFC6EB0764782500010002D8,3.36,No,None,0.96,stationary
1263867,ANCHOR_01,52:06:26:03:01:DA,-71,MFG_4C000215FDA50693A4E24FB1AFCFC6EB0764782500010002D8,3.36,No,None,0.96,stationary
1264857,ANCHOR_01,52:06:26:03:01:DA,-70,MFG_4C000215FDA50693A4E24FB1AFCFC6EB0764782500010002D8,3.36,No,None,0.96,stationary
1265877,ANCHOR_01,52:06:26:03:01:DA,-68,MFG_4C000215FDA50693A4E24FB1AFCFC6EB0764782500010002D8,3.36,No,None,0.96,stationary
1266867,ANCHOR_01,52:06:26:03:01:DA,-68,MFG_4C000215FDA50693A4E24FB1AFCFC6EB0764782500010002D8,3.36,No,None,0.96,stationary
1267867,ANCHOR_01,52:06:26:03:01:DA,-69,MFG_4C000215FDA50693A4E24FB1AFCFC6EB0764782500010002D8,3.36,No,None,0.96,stationary
1268877,ANCHOR_01,52:06:26:03:01:DA,-69,MFG_4C000215FDA50693A4E24FB1AFCFC6EB0764782500010002D8,3.36,No,None,0.96,stationary
1269897,ANCHOR_01,52:06:26:03:01:DA,-73,MFG_4C000215FDA50693A4E24FB1AFCFC6EB0764782500010002D8,3.36,No,None,0.96,stationary
1270877,ANCHOR_01,52:06:26:03:01:DA,-73,MFG_4C000215FDA50693A4E24FB1AFCFC6EB0764782500010002D8,3.36,No,None,0.96,stationary
1271877,ANCHOR_01,52:06:26:03:01:DA,-72,MFG_4C000215FDA50693A4E24FB1AFCFC6EB0764782500010002D8,3.36,No,None,0.96,stationary
1272897,ANCHOR_01,52:06:26:03:01:DA,-68,MFG_4C000215FDA50693A4E24FB1AFCFC6EB0764782500010002D8,3.36,No,None,0.96,stationary
1273887,ANCHOR_01,52:06:26:03:01:DA,-68,MFG_4C000215FDA50693A4E24FB1AFCFC6EB0764782500010002D8,3.36,No,None,0.96,stationary
1274907,ANCHOR_01,52:06:26:03:01:DA,-68,MFG_4C000215FDA50693A4E24FB1AFCFC6EB0764782500010002D8,3.36,No,None,0.96,stationary
1276917,ANCHOR_01,52:06:26:03:01:DA,-72,MFG_4C000215FDA50693A4E24FB1AFCFC6EB0764782500010002D8,3.36,No,None,0.96,stationary
1277907,ANCHOR_01,52:06:26:03:01:DA,-72,MFG_4C000215FDA50693A4E24FB1AFCFC6EB0764782500010002D8,3.36,No,None,0.96,stationary
1278917,ANCHOR_01,52:06:26:03:01:DA,-69,MFG_4C000215FDA50693A4E24FB1AFCFC6EB0764782500010002D8,3.36,No,None,0.96,stationary
1280937,ANCHOR_01,52:06:26:03:01:DA,-68,MFG_4C000215FDA50693A4E24FB1AFCFC6EB0764782500010002D8,3.36,No,None,0.96,stationary
1282947,ANCHOR_01,52:06:26:03:01:DA,-70,MFG_4C000215FDA50693A4E24FB1AFCFC6EB0764782500010002D8,3.36,No,None,0.96,stationary
1283937,ANCHOR_01,52:06:26:03:01:DA,-71,MFG_4C000215FDA50693A4E24FB1AFCFC6EB0764782500010002D8,3.36,No,None,0.96,stationary
1284957,ANCHOR_01,52:06:26:03:01:DA,-68,MFG_4C000215FDA50693A4E24FB1AFCFC6EB0764782500010002D8,3.36,No,None,0.96,stationary
1285947,ANCHOR_01,52:06:26:03:01:DA,-68,MFG_4C000215FDA50693A4E24FB1AFCFC6EB0764782500010002D8,3.36,No,None,0.96,stationary
1286967,ANCHOR_01,52:06:26:03:01:DA,-69,MFG_4C000215FDA50693A4E24FB1AFCFC6EB0764782500010002D8,3.36,No,None,0.96,stationary
1288977,ANCHOR_01,52:06:26:03:01:DA,-71,MFG_4C000215FDA50693A4E24FB1AFCFC6EB0764782500010002D8,3.36,No,None,0.96,stationary
1289967,ANCHOR_01,52:06:26:03:01:DA,-71,MFG_4C000215FDA50693A4E24FB1AFCFC6EB0764782500010002D8,3.36,No,None,0.96,stationary
1290987,ANCHOR_01,52:06:26:03:01:DA,-67,MFG_4C000215FDA50693A4E24FB1AFCFC6EB0764782500010002D8,3.36,No,None,0.96,stationary
1291977,ANCHOR_01,52:06:26:03:01:DA,-68,MFG_4C000215FDA50693A4E24FB1AFCFC6EB0764782500010002D8,3.36,No,None,0.96,stationary
1292997,ANCHOR_01,52:06:26:03:01:DA,-68,MFG_4C000215FDA50693A4E24FB1AFCFC6EB0764782500010002D8,3.36,No,None,0.96,stationary
1293987,ANCHOR_01,52:06:26:03:01:DA,-69,MFG_4C000215FDA50693A4E24FB1AFCFC6EB0764782500010002D8,3.36,No,None,0.96,stationary
1295007,ANCHOR_01,52:06:26:03:01:DA,-72,MFG_4C000215FDA50693A4E24FB1AFCFC6EB0764782500010002D8,3.36,No,None,0.96,stationary
1295997,ANCHOR_01,52:06:26:03:01:DA,-72,MFG_4C000215FDA50693A4E24FB1AFCFC6EB0764782500010002D8,3.36,No,None,0.96,stationary
1297007,ANCHOR_01,52:06:26:03:01:DA,-68,MFG_4C000215FDA50693A4E24FB1AFCFC6EB0764782500010002D8,3.36,No,None,0.96,stationary
1298037,ANCHOR_01,52:06:26:03:01:DA,-69,MFG_4C000215FDA50693A4E24FB1AFCFC6EB0764782500010002D8,3.36,No,None,0.96,stationary
1299027,ANCHOR_01,52:06:26:03:01:DA,-69,MFG_4C000215FDA50693A4E24FB1AFCFC6EB0764782500010002D8,3.36,No,None,0.96,stationary
1300047,ANCHOR_01,52:06:26:03:01:DA,-72,MFG_4C000215FDA50693A4E24FB1AFCFC6EB0764782500010002D8,3.36,No,None,0.96,stationary
1301037,ANCHOR_01,52:06:26:03:01:DA,-72,MFG_4C000215FDA50693A4E24FB1AFCFC6EB0764782500010002D8,3.36,No,None,0.96,stationary
1302037,ANCHOR_01,52:06:26:03:01:DA,-68,MFG_4C000215FDA50693A4E24FB1AFCFC6EB0764782500010002D8,3.36,No,None,0.96,stationary
1303047,ANCHOR_01,52:06:26:03:01:DA,-67,MFG_4C000215FDA50693A4E24FB1AFCFC6EB0764782500010002D8,3.36,No,None,0.96,stationary
1304067,ANCHOR_01,52:06:26:03:01:DA,-69,MFG_4C000215FDA50693A4E24FB1AFCFC6EB0764782500010002D8,3.36,No,None,0.96,stationary
1305057,ANCHOR_01,52:06:26:03:01:DA,-69,MFG_4C000215FDA50693A4E24FB1AFCFC6EB0764782500010002D8,3.36,No,None,0.96,stationary
1306057,ANCHOR_01,52:06:26:03:01:DA,-71,MFG_4C000215FDA50693A4E24FB1AFCFC6EB0764782500010002D8,3.36,No,None,0.96,stationary
1307067,ANCHOR_01,52:06:26:03:01:DA,-70,MFG_4C000215FDA50693A4E24FB1AFCFC6EB0764782500010002D8,3.36,No,None,0.96,stationary
1308077,ANCHOR_01,52:06:26:03:01:DA,-68,MFG_4C000215FDA50693A4E24FB1AFCFC6EB0764782500010002D8,3.36,No,None,0.96,stationary
1309077,ANCHOR_01,52:06:26:03:01:DA,-67,MFG_4C000215FDA50693A4E24FB1AFCFC6EB0764782500010002D8,3.36,No,None,0.96,stationary
1310097,ANCHOR_01,52:06:26:03:01:DA,-69,MFG_4C000215FDA50693A4E24FB1AFCFC6EB0764782500010002D8,3.36,No,None,0.96,stationary
1311087,ANCHOR_01,52:06:26:03:01:DA,-70,MFG_4C000215FDA50693A4E24FB1AFCFC6EB0764782500010002D8,3.36,No,None,0.96,stationary
1313097,ANCHOR_01,52:06:26:03:01:DA,-72,MFG_4C000215FDA50693A4E24FB1AFCFC6EB0764782500010002D8,3.36,No,None,0.96,stationary
1314117,ANCHOR_01,52:06:26:03:01:DA,-67,MFG_4C000215FDA50693A4E24FB1AFCFC6EB0764782500010002D8,3.36,No,None,0.96,stationary
1315107,ANCHOR_01,52:06:26:03:01:DA,-67,MFG_4C000215FDA50693A4E24FB1AFCFC6EB0764782500010002D8,3.36,No,None,0.96,stationary
1316127,ANCHOR_01,52:06:26:03:01:DA,-69,MFG_4C000215FDA50693A4E24FB1AFCFC6EB0764782500010002D8,3.36,No,None,0.96,stationary
1317117,ANCHOR_01,52:06:26:03:01:DA,-69,MFG_4C000215FDA50693A4E24FB1AFCFC6EB0764782500010002D8,3.36,No,None,0.96,stationary
1318107,ANCHOR_01,52:06:26:03:01:DA,-70,MFG_4C000215FDA50693A4E24FB1AFCFC6EB0764782500010002D8,3.36,No,None,0.96,stationary
1319127,ANCHOR_01,52:06:26:03:01:DA,-74,MFG_4C000215FDA50693A4E24FB1AFCFC6EB0764782500010002D8,3.36,No,None,0.96,stationary
1320117,ANCHOR_01,52:06:26:03:01:DA,-71,MFG_4C000215FDA50693A4E24FB1AFCFC6EB0764782500010002D8,3.36,No,None,0.96,stationary
1321137,ANCHOR_01,52:06:26:03:01:DA,-67,MFG_4C000215FDA50693A4E24FB1AFCFC6EB0764782500010002D8,3.36,No,None,0.96,stationary
1322127,ANCHOR_01,52:06:26:03:01:DA,-65,MFG_4C000215FDA50693A4E24FB1AFCFC6EB0764782500010002D8,3.36,No,None,0.96,stationary
1324137,ANCHOR_01,52:06:26:03:01:DA,-69,MFG_4C000215FDA50693A4E24FB1AFCFC6EB0764782500010002D8,3.36,No,None,0.96,stationary
1326147,ANCHOR_01,52:06:26:03:01:DA,-73,MFG_4C000215FDA50693A4E24FB1AFCFC6EB0764782500010002D8,3.36,No,None,0.96,stationary
1327167,ANCHOR_01,52:06:26:03:01:DA,-67,MFG_4C000215FDA50693A4E24FB1AFCFC6EB0764782500010002D8,3.36,No,None,0.96,stationary
1328157,ANCHOR_01,52:06:26:03:01:DA,-67,MFG_4C000215FDA50693A4E24FB1AFCFC6EB0764782500010002D8,3.36,No,None,0.96,stationary
1329177,ANCHOR_01,52:06:26:03:01:DA,-69,MFG_4C000215FDA50693A4E24FB1AFCFC6EB0764782500010002D8,3.36,No,None,0.96,stationary
1330167,ANCHOR_01,52:06:26:03:01:DA,-70,MFG_4C000215FDA50693A4E24FB1AFCFC6EB0764782500010002D8,3.36,No,None,0.96,stationary
1331187,ANCHOR_01,52:06:26:03:01:DA,-72,MFG_4C000215FDA50693A4E24FB1AFCFC6EB0764782500010002D8,3.36,No,None,0.96,stationary
1332177,ANCHOR_01,52:06:26:03:01:DA,-72,MFG_4C000215FDA50693A4E24FB1AFCFC6EB0764782500010002D8,3.36,No,None,0.96,stationary
1333197,ANCHOR_01,52:06:26:03:01:DA,-67,MFG_4C000215FDA50693A4E24FB1AFCFC6EB0764782500010002D8,3.36,No,None,0.96,stationary
1334187,ANCHOR_01,52:06:26:03:01:DA,-67,MFG_4C000215FDA50693A4E24FB1AFCFC6EB0764782500010002D8,3.36,No,None,0.96,stationary
1335207,ANCHOR_01,52:06:26:03:01:DA,-69,MFG_4C000215FDA50693A4E24FB1AFCFC6EB0764782500010002D8,3.36,No,None,0.96,stationary
1336197,ANCHOR_01,52:06:26:03:01:DA,-69,MFG_4C000215FDA50693A4E24FB1AFCFC6EB0764782500010002D8,3.36,No,None,0.96,stationary
1337207,ANCHOR_01,52:06:26:03:01:DA,-72,MFG_4C000215FDA50693A4E24FB1AFCFC6EB0764782500010002D8,3.36,No,None,0.96,stationary
1338207,ANCHOR_01,52:06:26:03:01:DA,-71,MFG_4C000215FDA50693A4E24FB1AFCFC6EB0764782500010002D8,3.36,No,None,0.96,stationary
1339207,ANCHOR_01,52:06:26:03:01:DA,-67,MFG_4C000215FDA50693A4E24FB1AFCFC6EB0764782500010002D8,3.36,No,None,0.96,stationary
1340217,ANCHOR_01,52:06:26:03:01:DA,-67,MFG_4C000215FDA50693A4E24FB1AFCFC6EB0764782500010002D8,3.36,No,None,0.96,stationary
1341237,ANCHOR_01,52:06:26:03:01:DA,-69,MFG_4C000215FDA50693A4E24FB1AFCFC6EB0764782500010002D8,3.36,No,None,0.96,stationary
1342227,ANCHOR_01,52:06:26:03:01:DA,-69,MFG_4C000215FDA50693A4E24FB1AFCFC6EB0764782500010002D8,3.36,No,None,0.96,stationary
1343247,ANCHOR_01,52:06:26:03:01:DA,-71,MFG_4C000215FDA50693A4E24FB1AFCFC6EB0764782500010002D8,3.36,No,None,0.96,stationary
1344237,ANCHOR_01,52:06:26:03:01:DA,-71,MFG_4C000215FDA50693A4E24FB1AFCFC6EB0764782500010002D8,3.36,No,None,0.96,stationary
1345247,ANCHOR_01,52:06:26:03:01:DA,-67,MFG_4C000215FDA50693A4E24FB1AFCFC6EB0764782500010002D8,3.36,No,None,0.96,stationary
1346247,ANCHOR_01,52:06:26:03:01:DA,-67,MFG_4C000215FDA50693A4E24FB1AFCFC6EB0764782500010002D8,3.36,No,None,0.96,stationary
1348257,ANCHOR_01,52:06:26:03:01:DA,-69,MFG_4C000215FDA50693A4E24FB1AFCFC6EB0764782500010002D8,3.36,No,None,0.96,stationary
1349267,ANCHOR_01,52:06:26:03:01:DA,-71,MFG_4C000215FDA50693A4E24FB1AFCFC6EB0764782500010002D8,3.36,No,None,0.96,stationary
1350267,ANCHOR_01,52:06:26:03:01:DA,-71,MFG_4C000215FDA50693A4E24FB1AFCFC6EB0764782500010002D8,3.36,No,None,0.96,stationary
1351287,ANCHOR_01,52:06:26:03:01:DA,-67,MFG_4C000215FDA50693A4E24FB1AFCFC6EB0764782500010002D8,3.36,No,None,0.96,stationary
1352277,ANCHOR_01,52:06:26:03:01:DA,-67,MFG_4C000215FDA50693A4E24FB1AFCFC6EB0764782500010002D8,3.36,No,None,0.96,stationary
1354277,ANCHOR_01,52:06:26:03:01:DA,-68,MFG_4C000215FDA50693A4E24FB1AFCFC6EB0764782500010002D8,3.36,No,None,0.96,stationary
1355277,ANCHOR_01,52:06:26:03:01:DA,-69,MFG_4C000215FDA50693A4E24FB1AFCFC6EB0764782500010002D8,3.36,No,None,0.96,stationary
1356297,ANCHOR_01,52:06:26:03:01:DA,-71,MFG_4C000215FDA50693A4E24FB1AFCFC6EB0764782500010002D8,3.36,No,None,0.96,stationary
1357287,ANCHOR_01,52:06:26:03:01:DA,-71,MFG_4C000215FDA50693A4E24FB1AFCFC6EB0764782500010002D8,3.36,No,None,0.96,stationary
1358307,ANCHOR_01,52:06:26:03:01:DA,-67,MFG_4C000215FDA50693A4E24FB1AFCFC6EB0764782500010002D8,3.36,No,None,0.96,stationary
1360317,ANCHOR_01,52:06:26:03:01:DA,-69,MFG_4C000215FDA50693A4E24FB1AFCFC6EB0764782500010002D8,3.36,No,None,0.96,stationary
1361337,ANCHOR_01,52:06:26:03:01:DA,-70,MFG_4C000215FDA50693A4E24FB1AFCFC6EB0764782500010002D8,3.36,No,None,0.96,stationary
1362327,ANCHOR_01,52:06:26:03:01:DA,-70,MFG_4C000215FDA50693A4E24FB1AFCFC6EB0764782500010002D8,3.36,No,None,0.96,stationary
1363347,ANCHOR_01,52:06:26:03:01:DA,-67,MFG_4C000215FDA50693A4E24FB1AFCFC6EB0764782500010002D8,3.36,No,None,0.96,stationary
1364337,ANCHOR_01,52:06:26:03:01:DA,-67,MFG_4C000215FDA50693A4E24FB1AFCFC6EB0764782500010002D8,3.36,No,None,0.96,stationary
1366347,ANCHOR_01,52:06:26:03:01:DA,-69,MFG_4C000215FDA50693A4E24FB1AFCFC6EB0764782500010002D8,3.36,No,None,0.96,stationary
1367367,ANCHOR_01,52:06:26:03:01:DA,-70,MFG_4C000215FDA50693A4E24FB1AFCFC6EB0764782500010002D8,3.36,No,None,0.96,stationary
1368357,ANCHOR_01,52:06:26:03:01:DA,-70,MFG_4C000215FDA50693A4E24FB1AFCFC6EB0764782500010002D8,3.36,No,None,0.96,stationary
1370357,ANCHOR_01,52:06:26:03:01:DA,-67,MFG_4C000215FDA50693A4E24FB1AFCFC6EB0764782500010002D8,3.36,No,None,0.96,stationary
1371357,ANCHOR_01,52:06:26:03:01:DA,-67,MFG_4C000215FDA50693A4E24FB1AFCFC6EB0764782500010002D8,3.36,No,None,0.96,stationary
1372377,ANCHOR_01,52:06:26:03:01:DA,-69,MFG_4C000215FDA50693A4E24FB1AFCFC6EB0764782500010002D8,3.36,No,None,0.96,stationary
1373367,ANCHOR_01,52:06:26:03:01:DA,-69,MFG_4C000215FDA50693A4E24FB1AFCFC6EB0764782500010002D8,3.36,No,None,0.96,stationary
1374387,ANCHOR_01,52:06:26:03:01:DA,-70,MFG_4C000215FDA50693A4E24FB1AFCFC6EB0764782500010002D8,3.36,No,None,0.96,stationary
1375377,ANCHOR_01,52:06:26:03:01:DA,-70,MFG_4C000215FDA50693A4E24FB1AFCFC6EB0764782500010002D8,3.36,No,None,0.96,stationary
1376397,ANCHOR_01,52:06:26:03:01:DA,-66,MFG_4C000215FDA50693A4E24FB1AFCFC6EB0764782500010002D8,3.36,No,None,0.96,stationary
1377387,ANCHOR_01,52:06:26:03:01:DA,-67,MFG_4C000215FDA50693A4E24FB1AFCFC6EB0764782500010002D8,3.36,No,None,0.96,stationary
1378407,ANCHOR_01,52:06:26:03:01:DA,-69,MFG_4C000215FDA50693A4E24FB1AFCFC6EB0764782500010002D8,3.36,No,None,0.96,stationary
1379397,ANCHOR_01,52:06:26:03:01:DA,-69,MFG_4C000215FDA50693A4E24FB1AFCFC6EB0764782500010002D8,3.36,No,None,0.96,stationary
1380397,ANCHOR_01,52:06:26:03:01:DA,-70,MFG_4C000215FDA50693A4E24FB1AFCFC6EB0764782500010002D8,3.36,No,None,0.96,stationary
1381407,ANCHOR_01,52:06:26:03:01:DA,-70,MFG_4C000215FDA50693A4E24FB1AFCFC6EB0764782500010002D8,3.36,No,None,0.96,stationary
1382397,ANCHOR_01,52:06:26:03:01:DA,-71,MFG_4C000215FDA50693A4E24FB1AFCFC6EB0764782500010002D8,3.36,No,None,0.96,stationary
1383417,ANCHOR_01,52:06:26:03:01:DA,-66,MFG_4C000215FDA50693A4E24FB1AFCFC6EB0764782500010002D8,3.36,No,None,0.96,stationary
1385427,ANCHOR_01,52:06:26:03:01:DA,-69,MFG_4C000215FDA50693A4E24FB1AFCFC6EB0764782500010002D8,3.36,No,None,0.96,stationary
1387437,ANCHOR_01,52:06:26:03:01:DA,-71,MFG_4C000215FDA50693A4E24FB1AFCFC6EB0764782500010002D8,3.36,No,None,0.96,stationary
1389447,ANCHOR_01,52:06:26:03:01:DA,-67,MFG_4C000215FDA50693A4E24FB1AFCFC6EB0764782500010002D8,3.36,No,None,0.96,stationary
1391457,ANCHOR_01,52:06:26:03:01:DA,-69,MFG_4C000215FDA50693A4E24FB1AFCFC6EB0764782500010002D8,3.36,No,None,0.96,stationary
1392447,ANCHOR_01,52:06:26:03:01:DA,-69,MFG_4C000215FDA50693A4E24FB1AFCFC6EB0764782500010002D8,3.36,No,None,0.96,stationary
1393467,ANCHOR_01,52:06:26:03:01:DA,-72,MFG_4C000215FDA50693A4E24FB1AFCFC6EB0764782500010002D8,3.36,No,None,0.96,stationary
1394457,ANCHOR_01,52:06:26:03:01:DA,-71,MFG_4C000215FDA50693A4E24FB1AFCFC6EB0764782500010002D8,3.36,No,None,0.96,stationary
1395467,ANCHOR_01,52:06:26:03:01:DA,-66,MFG_4C000215FDA50693A4E24FB1AFCFC6EB0764782500010002D8,3.36,No,None,0.96,stationary
1396467,ANCHOR_01,52:06:26:03:01:DA,-68,MFG_4C000215FDA50693A4E24FB1AFCFC6EB0764782500010002D8,3.36,No,None,0.96,stationary
1397477,ANCHOR_01,52:06:26:03:01:DA,-70,MFG_4C000215FDA50693A4E24FB1AFCFC6EB0764782500010002D8,3.36,No,None,0.96,stationary
1398477,ANCHOR_01,52:06:26:03:01:DA,-73,MFG_4C000215FDA50693A4E24FB1AFCFC6EB0764782500010002D8,3.36,No,None,0.96,stationary
1399497,ANCHOR_01,52:06:26:03:01:DA,-70,MFG_4C000215FDA50693A4E24FB1AFCFC6EB0764782500010002D8,3.36,No,None,0.96,stationary
1401507,ANCHOR_01,52:06:26:03:01:DA,-68,MFG_4C000215FDA50693A4E24FB1AFCFC6EB0764782500010002D8,3.36,No,None,0.96,stationary
1403517,ANCHOR_01,52:06:26:03:01:DA,-68,MFG_4C000215FDA50693A4E24FB1AFCFC6EB0764782500010002D8,3.36,No,None,0.96,stationary
1404527,ANCHOR_01,52:06:26:03:01:DA,-70,MFG_4C000215FDA50693A4E24FB1AFCFC6EB0764782500010002D8,3.36,No,None,0.96,stationary
1405527,ANCHOR_01,52:06:26:03:01:DA,-71,MFG_4C000215FDA50693A4E24FB1AFCFC6EB0764782500010002D8,3.36,No,None,0.96,stationary
1406547,ANCHOR_01,52:06:26:03:01:DA,-69,MFG_4C000215FDA50693A4E24FB1AFCFC6EB0764782500010002D8,3.36,No,None,0.96,stationary
1407537,ANCHOR_01,52:06:26:03:01:DA,-69,MFG_4C000215FDA50693A4E24FB1AFCFC6EB0764782500010002D8,3.36,No,None,0.96,stationary
1409537,ANCHOR_01,52:06:26:03:01:DA,-69,MFG_4C000215FDA50693A4E24FB1AFCFC6EB0764782500010002D8,3.36,No,None,0.96,stationary
1410537,ANCHOR_01,52:06:26:03:01:DA,-67,MFG_4C000215FDA50693A4E24FB1AFCFC6EB0764782500010002D8,3.36,No,None,0.96,stationary
1411557,ANCHOR_01,52:06:26:03:01:DA,-79,MFG_4C000215FDA50693A4E24FB1AFCFC6EB0764782500010002D8,3.36,No,None,0.96,stationary
1412577,ANCHOR_01,52:06:26:03:01:DA,-68,MFG_4C000215FDA50693A4E24FB1AFCFC6EB0764782500010002D8,3.36,No,None,0.96,stationary
1413567,ANCHOR_01,52:06:26:03:01:DA,-68,MFG_4C000215FDA50693A4E24FB1AFCFC6EB0764782500010002D8,3.36,No,None,0.96,stationary
1415577,ANCHOR_01,52:06:26:03:01:DA,-71,MFG_4C000215FDA50693A4E24FB1AFCFC6EB0764782500010002D8,3.36,No,None,0.96,stationary
1416567,ANCHOR_01,52:06:26:03:01:DA,-70,MFG_4C000215FDA50693A4E24FB1AFCFC6EB0764782500010002D8,3.36,No,None,0.96,stationary
1417577,ANCHOR_01,52:06:26:03:01:DA,-71,MFG_4C000215FDA50693A4E24FB1AFCFC6EB0764782500010002D8,3.36,No,None,0.96,stationary
1418577,ANCHOR_01,52:06:26:03:01:DA,-69,MFG_4C000215FDA50693A4E24FB1AFCFC6EB0764782500010002D8,3.36,No,None,0.96,stationary
1419597,ANCHOR_01,52:06:26:03:01:DA,-67,MFG_4C000215FDA50693A4E24FB1AFCFC6EB0764782500010002D8,3.36,No,None,0.96,stationary
1420587,ANCHOR_01,52:06:26:03:01:DA,-66,MFG_4C000215FDA50693A4E24FB1AFCFC6EB0764782500010002D8,3.36,No,None,0.96,stationary
1421607,ANCHOR_01,52:06:26:03:01:DA,-72,MFG_4C000215FDA50693A4E24FB1AFCFC6EB0764782500010002D8,3.36,No,None,0.96,stationary
1422597,ANCHOR_01,52:06:26:03:01:DA,-72,MFG_4C000215FDA50693A4E24FB1AFCFC6EB0764782500010002D8,3.36,No,None,0.96,stationary
1423617,ANCHOR_01,52:06:26:03:01:DA,-69,MFG_4C000215FDA50693A4E24FB1AFCFC6EB0764782500010002D8,3.36,No,None,0.96,stationary
1424607,ANCHOR_01,52:06:26:03:01:DA,-69,MFG_4C000215FDA50693A4E24FB1AFCFC6EB0764782500010002D8,3.36,No,None,0.96,stationary
1425627,ANCHOR_01,52:06:26:03:01:DA,-67,MFG_4C000215FDA50693A4E24FB1AFCFC6EB0764782500010002D8,3.36,No,None,0.96,stationary
1426617,ANCHOR_01,52:06:26:03:01:DA,-67,MFG_4C000215FDA50693A4E24FB1AFCFC6EB0764782500010002D8,3.36,No,None,0.96,stationary
1428627,ANCHOR_01,52:06:26:03:01:DA,-72,MFG_4C000215FDA50693A4E24FB1AFCFC6EB0764782500010002D8,3.36,No,None,0.96,stationary
1429617,ANCHOR_01,52:06:26:03:01:DA,-72,MFG_4C000215FDA50693A4E24FB1AFCFC6EB0764782500010002D8,3.36,No,None,0.96,stationary
1432637,ANCHOR_01,52:06:26:03:01:DA,-67,MFG_4C000215FDA50693A4E24FB1AFCFC6EB0764782500010002D8,3.36,No,None,0.96,stationary
1433637,ANCHOR_01,52:06:26:03:01:DA,-67,MFG_4C000215FDA50693A4E24FB1AFCFC6EB0764782500010002D8,3.36,No,None,0.96,stationary
1434657,ANCHOR_01,52:06:26:03:01:DA,-72,MFG_4C000215FDA50693A4E24FB1AFCFC6EB0764782500010002D8,3.36,No,None,0.96,stationary
1435647,ANCHOR_01,52:06:26:03:01:DA,-72,MFG_4C000215FDA50693A4E24FB1AFCFC6EB0764782500010002D8,3.36,No,None,0.96,stationary
1436667,ANCHOR_01,52:06:26:03:01:DA,-70,MFG_4C000215FDA50693A4E24FB1AFCFC6EB0764782500010002D8,3.36,No,None,0.96,stationary
1437657,ANCHOR_01,52:06:26:03:01:DA,-70,MFG_4C000215FDA50693A4E24FB1AFCFC6EB0764782500010002D8,3.36,No,None,0.96,stationary
1438677,ANCHOR_01,52:06:26:03:01:DA,-67,MFG_4C000215FDA50693A4E24FB1AFCFC6EB0764782500010002D8,3.36,No,None,0.96,stationary
1439667,ANCHOR_01,52:06:26:03:01:DA,-67,MFG_4C000215FDA50693A4E24FB1AFCFC6EB0764782500010002D8,3.36,No,None,0.96,stationary
1440687,ANCHOR_01,52:06:26:03:01:DA,-72,MFG_4C000215FDA50693A4E24FB1AFCFC6EB0764782500010002D8,3.36,No,None,0.96,stationary
1441677,ANCHOR_01,52:06:26:03:01:DA,-72,MFG_4C000215FDA50693A4E24FB1AFCFC6EB0764782500010002D8,3.36,No,None,0.96,stationary
1442697,ANCHOR_01,52:06:26:03:01:DA,-70,MFG_4C000215FDA50693A4E24FB1AFCFC6EB0764782500010002D8,3.36,No,None,0.96,stationary
1443687,ANCHOR_01,52:06:26:03:01:DA,-69,MFG_4C000215FDA50693A4E24FB1AFCFC6EB0764782500010002D8,3.36,No,None,0.96,stationary
1444697,ANCHOR_01,52:06:26:03:01:DA,-67,MFG_4C000215FDA50693A4E24FB1AFCFC6EB0764782500010002D8,3.36,No,None,0.96,stationary
1445697,ANCHOR_01,52:06:26:03:01:DA,-67,MFG_4C000215FDA50693A4E24FB1AFCFC6EB0764782500010002D8,3.36,No,None,0.96,stationary
1446717,ANCHOR_01,52:06:26:03:01:DA,-72,MFG_4C000215FDA50693A4E24FB1AFCFC6EB0764782500010002D8,3.36,No,None,0.96,stationary
1447707,ANCHOR_01,52:06:26:03:01:DA,-72,MFG_4C000215FDA50693A4E24FB1AFCFC6EB0764782500010002D8,3.36,No,None,0.96,stationary
1448727,ANCHOR_01,52:06:26:03:01:DA,-70,MFG_4C000215FDA50693A4E24FB1AFCFC6EB0764782500010002D8,3.36,No,None,0.96,stationary
1449717,ANCHOR_01,52:06:26:03:01:DA,-70,MFG_4C000215FDA50693A4E24FB1AFCFC6EB0764782500010002D8,3.36,No,None,0.96,stationary
1451727,ANCHOR_01,52:06:26:03:01:DA,-67,MFG_4C000215FDA50693A4E24FB1AFCFC6EB0764782500010002D8,3.36,No,None,0.96,stationary
1452747,ANCHOR_01,52:06:26:03:01:DA,-72,MFG_4C000215FDA50693A4E24FB1AFCFC6EB0764782500010002D8,3.36,No,None,0.96,stationary
1453737,ANCHOR_01,52:06:26:03:01:DA,-71,MFG_4C000215FDA50693A4E24FB1AFCFC6EB0764782500010002D8,3.36,No,None,0.96,stationary
1454757,ANCHOR_01,52:06:26:03:01:DA,-70,MFG_4C000215FDA50693A4E24FB1AFCFC6EB0764782500010002D8,3.36,No,None,0.96,stationary
1455777,ANCHOR_01,52:06:26:03:01:DA,-67,MFG_4C000215FDA50693A4E24FB1AFCFC6EB0764782500010002D8,3.36,No,None,0.96,stationary
1456767,ANCHOR_01,52:06:26:03:01:DA,-67,MFG_4C000215FDA50693A4E24FB1AFCFC6EB0764782500010002D8,3.36,No,None,0.96,stationary
1457757,ANCHOR_01,52:06:26:03:01:DA,-67,MFG_4C000215FDA50693A4E24FB1AFCFC6EB0764782500010002D8,3.36,No,None,0.96,stationary
1458767,ANCHOR_01,52:06:26:03:01:DA,-71,MFG_4C000215FDA50693A4E24FB1AFCFC6EB0764782500010002D8,3.36,No,None,0.96,stationary
1459767,ANCHOR_01,52:06:26:03:01:DA,-71,MFG_4C000215FDA50693A4E24FB1AFCFC6EB0764782500010002D8,3.36,No,None,0.96,stationary
1460787,ANCHOR_01,52:06:26:03:01:DA,-70,MFG_4C000215FDA50693A4E24FB1AFCFC6EB0764782500010002D8,3.36,No,None,0.96,stationary
1461777,ANCHOR_01,52:06:26:03:01:DA,-70,MFG_4C000215FDA50693A4E24FB1AFCFC6EB0764782500010002D8,3.36,No,None,0.96,stationary
1462797,ANCHOR_01,52:06:26:03:01:DA,-68,MFG_4C000215FDA50693A4E24FB1AFCFC6EB0764782500010002D8,3.36,No,None,0.96,stationary
1463817,ANCHOR_01,52:06:26:03:01:DA,-72,MFG_4C000215FDA50693A4E24FB1AFCFC6EB0764782500010002D8,3.36,No,None,0.96,stationary
1464797,ANCHOR_01,52:06:26:03:01:DA,-72,MFG_4C000215FDA50693A4E24FB1AFCFC6EB0764782500010002D8,3.36,No,None,0.96,stationary
1465827,ANCHOR_01,52:06:26:03:01:DA,-70,MFG_4C000215FDA50693A4E24FB1AFCFC6EB0764782500010002D8,3.36,No,None,0.96,stationary
1466807,ANCHOR_01,52:06:26:03:01:DA,-70,MFG_4C000215FDA50693A4E24FB1AFCFC6EB0764782500010002D8,3.36,No,None,0.96,stationary
1467837,ANCHOR_01,52:06:26:03:01:DA,-66,MFG_4C000215FDA50693A4E24FB1AFCFC6EB0764782500010002D8,3.36,No,None,0.96,stationary
1468827,ANCHOR_01,52:06:26:03:01:DA,-69,MFG_4C000215FDA50693A4E24FB1AFCFC6EB0764782500010002D8,3.36,No,None,0.96,stationary
1469837,ANCHOR_01,52:06:26:03:01:DA,-70,MFG_4C000215FDA50693A4E24FB1AFCFC6EB0764782500010002D8,3.36,No,None,0.96,stationary
1470837,ANCHOR_01,52:06:26:03:01:DA,-71,MFG_4C000215FDA50693A4E24FB1AFCFC6EB0764782500010002D8,3.36,No,None,0.96,stationary
1471857,ANCHOR_01,52:06:26:03:01:DA,-75,MFG_4C000215FDA50693A4E24FB1AFCFC6EB0764782500010002D8,3.36,No,None,0.96,stationary
1472847,ANCHOR_01,52:06:26:03:01:DA,-73,MFG_4C000215FDA50693A4E24FB1AFCFC6EB0764782500010002D8,3.36,No,None,0.96,stationary
1473857,ANCHOR_01,52:06:26:03:01:DA,-67,MFG_4C000215FDA50693A4E24FB1AFCFC6EB0764782500010002D8,3.36,No,None,0.96,stationary
1474857,ANCHOR_01,52:06:26:03:01:DA,-67,MFG_4C000215FDA50693A4E24FB1AFCFC6EB0764782500010002D8,3.36,No,None,0.96,stationary
1475867,ANCHOR_01,52:06:26:03:01:DA,-73,MFG_4C000215FDA50693A4E24FB1AFCFC6EB0764782500010002D8,3.36,No,None,0.96,stationary
1476887,ANCHOR_01,52:06:26:03:01:DA,-71,MFG_4C000215FDA50693A4E24FB1AFCFC6EB0764782500010002D8,3.36,No,None,0.96,stationary
1477887,ANCHOR_01,52:06:26:03:01:DA,-72,MFG_4C000215FDA50693A4E24FB1AFCFC6EB0764782500010002D8,3.36,No,None,0.96,stationary
1478907,ANCHOR_01,52:06:26:03:01:DA,-65,MFG_4C000215FDA50693A4E24FB1AFCFC6EB0764782500010002D8,3.36,No,None,0.96,stationary
1479887,ANCHOR_01,52:06:26:03:01:DA,-65,MFG_4C000215FDA50693A4E24FB1AFCFC6EB0764782500010002D8,3.36,No,None,0.96,stationary
1480887,ANCHOR_01,52:06:26:03:01:DA,-65,MFG_4C000215FDA50693A4E24FB1AFCFC6EB0764782500010002D8,3.36,No,None,0.96,stationary
1481907,ANCHOR_01,52:06:26:03:01:DA,-68,MFG_4C000215FDA50693A4E24FB1AFCFC6EB0764782500010002D8,3.36,No,None,0.96,stationary
1482897,ANCHOR_01,52:06:26:03:01:DA,-68,MFG_4C000215FDA50693A4E24FB1AFCFC6EB0764782500010002D8,3.36,No,None,0.96,stationary
1483907,ANCHOR_01,52:06:26:03:01:DA,-71,MFG_4C000215FDA50693A4E24FB1AFCFC6EB0764782500010002D8,3.36,No,None,0.96,stationary
1485917,ANCHOR_01,52:06:26:03:01:DA,-66,MFG_4C000215FDA50693A4E24FB1AFCFC6EB0764782500010002D8,3.36,No,None,0.96,stationary
1486917,ANCHOR_01,52:06:26:03:01:DA,-65,MFG_4C000215FDA50693A4E24FB1AFCFC6EB0764782500010002D8,3.36,No,None,0.96,stationary
1487937,ANCHOR_01,52:06:26:03:01:DA,-67,MFG_4C000215FDA50693A4E24FB1AFCFC6EB0764782500010002D8,3.36,No,None,0.96,stationary
1488927,ANCHOR_01,52:06:26:03:01:DA,-66,MFG_4C000215FDA50693A4E24FB1AFCFC6EB0764782500010002D8,3.36,No,None,0.96,stationary
1489937,ANCHOR_01,52:06:26:03:01:DA,-74,MFG_4C000215FDA50693A4E24FB1AFCFC6EB0764782500010002D8,3.36,No,None,0.96,stationary
1490937,ANCHOR_01,52:06:26:03:01:DA,-74,MFG_4C000215FDA50693A4E24FB1AFCFC6EB0764782500010002D8,3.36,No,None,0.96,stationary
1491957,ANCHOR_01,52:06:26:03:01:DA,-67,MFG_4C000215FDA50693A4E24FB1AFCFC6EB0764782500010002D8,3.36,No,None,0.96,stationary
1492947,ANCHOR_01,52:06:26:03:01:DA,-66,MFG_4C000215FDA50693A4E24FB1AFCFC6EB0764782500010002D8,3.36,No,None,0.96,stationary
1493967,ANCHOR_01,52:06:26:03:01:DA,-67,MFG_4C000215FDA50693A4E24FB1AFCFC6EB0764782500010002D8,3.36,No,None,0.96,stationary
1494957,ANCHOR_01,52:06:26:03:01:DA,-67,MFG_4C000215FDA50693A4E24FB1AFCFC6EB0764782500010002D8,3.36,No,None,0.96,stationary
1495977,ANCHOR_01,52:06:26:03:01:DA,-73,MFG_4C000215FDA50693A4E24FB1AFCFC6EB0764782500010002D8,3.36,No,None,0.96,stationary
1496967,ANCHOR_01,52:06:26:03:01:DA,-73,MFG_4C000215FDA50693A4E24FB1AFCFC6EB0764782500010002D8,3.36,No,None,0.96,stationary
1497987,ANCHOR_01,52:06:26:03:01:DA,-66,MFG_4C000215FDA50693A4E24FB1AFCFC6EB0764782500010002D8,3.36,No,None,0.96,stationary
1498977,ANCHOR_01,52:06:26:03:01:DA,-65,MFG_4C000215FDA50693A4E24FB1AFCFC6EB0764782500010002D8,3.36,No,None,0.96,stationary
1500987,ANCHOR_01,52:06:26:03:01:DA,-67,MFG_4C000215FDA50693A4E24FB1AFCFC6EB0764782500010002D8,3.36,No,None,0.96,stationary
1501977,ANCHOR_01,52:06:26:03:01:DA,-67,MFG_4C000215FDA50693A4E24FB1AFCFC6EB0764782500010002D8,3.36,No,None,0.96,stationary
1502997,ANCHOR_01,52:06:26:03:01:DA,-73,MFG_4C000215FDA50693A4E24FB1AFCFC6EB0764782500010002D8,3.36,No,None,0.96,stationary
1503987,ANCHOR_01,52:06:26:03:01:DA,-73,MFG_4C000215FDA50693A4E24FB1AFCFC6EB0764782500010002D8,3.36,No,None,0.96,stationary
1504997,ANCHOR_01,52:06:26:03:01:DA,-66,MFG_4C000215FDA50693A4E24FB1AFCFC6EB0764782500010002D8,3.36,No,None,0.96,stationary
1506027,ANCHOR_01,52:06:26:03:01:DA,-67,MFG_4C000215FDA50693A4E24FB1AFCFC6EB0764782500010002D8,3.36,No,None,0.96,stationary
1507017,ANCHOR_01,52:06:26:03:01:DA,-68,MFG_4C000215FDA50693A4E24FB1AFCFC6EB0764782500010002D8,3.36,No,None,0.96,stationary
1508027,ANCHOR_01,52:06:26:03:01:DA,-71,MFG_4C000215FDA50693A4E24FB1AFCFC6EB0764782500010002D8,3.36,No,None,0.96,stationary
1509027,ANCHOR_01,52:06:26:03:01:DA,-73,MFG_4C000215FDA50693A4E24FB1AFCFC6EB0764782500010002D8,3.36,No,None,0.96,stationary
1510047,ANCHOR_01,52:06:26:03:01:DA,-66,MFG_4C000215FDA50693A4E24FB1AFCFC6EB0764782500010002D8,3.36,No,None,0.96,stationary
1511037,ANCHOR_01,52:06:26:03:01:DA,-66,MFG_4C000215FDA50693A4E24FB1AFCFC6EB0764782500010002D8,3.36,No,None,0.96,stationary
1512057,ANCHOR_01,52:06:26:03:01:DA,-68,MFG_4C000215FDA50693A4E24FB1AFCFC6EB0764782500010002D8,3.36,No,None,0.96,stationary
1513047,ANCHOR_01,52:06:26:03:01:DA,-67,MFG_4C000215FDA50693A4E24FB1AFCFC6EB0764782500010002D8,3.36,No,None,0.96,stationary
1514057,ANCHOR_01,52:06:26:03:01:DA,-74,MFG_4C000215FDA50693A4E24FB1AFCFC6EB0764782500010002D8,3.36,No,None,0.96,stationary
1515057,ANCHOR_01,52:06:26:03:01:DA,-67,MFG_4C000215FDA50693A4E24FB1AFCFC6EB0764782500010002D8,3.36,No,None,0.96,stationary
1516077,ANCHOR_01,52:06:26:03:01:DA,-69,MFG_4C000215FDA50693A4E24FB1AFCFC6EB0764782500010002D8,3.36,No,None,0.96,stationary
1517067,ANCHOR_01,52:06:26:03:01:DA,-67,MFG_4C000215FDA50693A4E24FB1AFCFC6EB0764782500010002D8,3.36,No,None,0.96,stationary
1519077,ANCHOR_01,52:06:26:03:01:DA,-67,MFG_4C000215FDA50693A4E24FB1AFCFC6EB0764782500010002D8,3.36,No,None,0.96,stationary
1520067,ANCHOR_01,52:06:26:03:01:DA,-67,MFG_4C000215FDA50693A4E24FB1AFCFC6EB0764782500010002D8,3.36,No,None,0.96,stationary
1521087,ANCHOR_01,52:06:26:03:01:DA,-81,MFG_4C000215FDA50693A4E24FB1AFCFC6EB0764782500010002D8,3.36,No,None,0.96,stationary
1523097,ANCHOR_01,52:06:26:03:01:DA,-68,MFG_4C000215FDA50693A4E24FB1AFCFC6EB0764782500010002D8,3.36,No,None,0.96,stationary
1525107,ANCHOR_01,52:06:26:03:01:DA,-69,MFG_4C000215FDA50693A4E24FB1AFCFC6EB0764782500010002D8,3.36,No,None,0.96,stationary
1526127,ANCHOR_01,52:06:26:03:01:DA,-77,MFG_4C000215FDA50693A4E24FB1AFCFC6EB0764782500010002D8,3.36,No,None,0.96,stationary
1527107,ANCHOR_01,52:06:26:03:01:DA,-84,MFG_4C000215FDA50693A4E24FB1AFCFC6EB0764782500010002D8,3.36,No,None,0.96,stationary
1528107,ANCHOR_01,52:06:26:03:01:DA,-91,MFG_4C000215FDA50693A4E24FB1AFCFC6EB0764782500010002D8,3.36,No,None,0.96,stationary
1529117,ANCHOR_01,52:06:26:03:01:DA,-68,MFG_4C000215FDA50693A4E24FB1AFCFC6EB0764782500010002D8,3.36,No,None,0.96,stationary
1531137,ANCHOR_01,52:06:26:03:01:DA,-67,MFG_4C000215FDA50693A4E24FB1AFCFC6EB0764782500010002D8,3.36,No,None,0.96,stationary
1532157,ANCHOR_01,52:06:26:03:01:DA,-81,MFG_4C000215FDA50693A4E24FB1AFCFC6EB0764782500010002D8,3.36,No,None,0.96,stationary
1533137,ANCHOR_01,52:06:26:03:01:DA,-80,MFG_4C000215FDA50693A4E24FB1AFCFC6EB0764782500010002D8,3.36,No,None,0.96,stationary
1534167,ANCHOR_01,52:06:26:03:01:DA,-69,MFG_4C000215FDA50693A4E24FB1AFCFC6EB0764782500010002D8,3.36,No,None,0.96,stationary
1535157,ANCHOR_01,52:06:26:03:01:DA,-70,MFG_4C000215FDA50693A4E24FB1AFCFC6EB0764782500010002D8,3.36,No,None,0.96,stationary
