timestamp,anchor,mac,rssi,name,distance_m,obstacle,obstacle_type
2557987,ANCHOR_01,52:06:26:03:01:DA,-81,MFG_4C000215FDA50693A4E24FB1AFCFC6EB0764782500010002D8,3.0,Yes,Human Body
2558977,ANCHOR_01,52:06:26:03:01:DA,-80,MFG_4C000215FDA50693A4E24FB1AFCFC6EB0764782500010002D8,3.0,Yes,Human Body
2559997,ANCHOR_01,52:06:26:03:01:DA,-88,MFG_4C000215FDA50693A4E24FB1AFCFC6EB0764782500010002D8,3.0,Yes,Human Body
2560987,ANCHOR_01,52:06:26:03:01:DA,-87,MFG_4C000215FDA50693A4E24FB1AFCFC6EB0764782500010002D8,3.0,Yes,Human Body
2562007,ANCHOR_01,52:06:26:03:01:DA,-86,MFG_4C000215FDA50693A4E24FB1AFCFC6EB0764782500010002D8,3.0,Yes,Human Body
2562997,ANCHOR_01,52:06:26:03:01:DA,-88,MFG_4C000215FDA50693A4E24FB1AFCFC6EB0764782500010002D8,3.0,Yes,Human Body
2564017,ANCHOR_01,52:06:26:03:01:DA,-79,MFG_4C000215FDA50693A4E24FB1AFCFC6EB0764782500010002D8,3.0,Yes,Human Body
2565007,ANCHOR_01,52:06:26:03:01:DA,-81,MFG_4C000215FDA50693A4E24FB1AFCFC6EB0764782500010002D8,3.0,Yes,Human Body
2566027,ANCHOR_01,52:06:26:03:01:DA,-88,MFG_4C000215FDA50693A4E24FB1AFCFC6EB0764782500010002D8,3.0,Yes,Human Body
2567017,ANCHOR_01,52:06:26:03:01:DA,-92,MFG_4C000215FDA50693A4E24FB1AFCFC6EB0764782500010002D8,3.0,Yes,Human Body
2568037,ANCHOR_01,52:06:26:03:01:DA,-86,MFG_4C000215FDA50693A4E24FB1AFCFC6EB0764782500010002D8,3.0,Yes,Human Body
2569027,ANCHOR_01,52:06:26:03:01:DA,-86,MFG_4C000215FDA50693A4E24FB1AFCFC6EB0764782500010002D8,3.0,Yes,Human Body
2570047,ANCHOR_01,52:06:26:03:01:DA,-83,MFG_4C000215FDA50693A4E24FB1AFCFC6EB0764782500010002D8,3.0,Yes,Human Body
2571037,ANCHOR_01,52:06:26:03:01:DA,-83,MFG_4C000215FDA50693A4E24FB1AFCFC6EB0764782500010002D8,3.0,Yes,Human Body
2572057,ANCHOR_01,52:06:26:03:01:DA,-89,MFG_4C000215FDA50693A4E24FB1AFCFC6EB0764782500010002D8,3.0,Yes,Human Body
2573047,ANCHOR_01,52:06:26:03:01:DA,-88,MFG_4C000215FDA50693A4E24FB1AFCFC6EB0764782500010002D8,3.0,Yes,Human Body
2574067,ANCHOR_01,52:06:26:03:01:DA,-87,MFG_4C000215FDA50693A4E24FB1AFCFC6EB0764782500010002D8,3.0,Yes,Human Body
2575087,ANCHOR_01,52:06:26:03:01:DA,-81,MFG_4C000215FDA50693A4E24FB1AFCFC6EB0764782500010002D8,3.0,Yes,Human Body
2576077,ANCHOR_01,52:06:26:03:01:DA,-82,MFG_4C000215FDA50693A4E24FB1AFCFC6EB0764782500010002D8,3.0,Yes,Human Body
2579107,ANCHOR_01,52:06:26:03:01:DA,-90,MFG_4C000215FDA50693A4E24FB1AFCFC6EB0764782500010002D8,3.0,Yes,Human Body
2580097,ANCHOR_01,52:06:26:03:01:DA,-87,MFG_4C000215FDA50693A4E24FB1AFCFC6EB0764782500010002D8,3.0,Yes,Human Body
2581117,ANCHOR_01,52:06:26:03:01:DA,-82,MFG_4C000215FDA50693A4E24FB1AFCFC6EB0764782500010002D8,3.0,Yes,Human Body
2582107,ANCHOR_01,52:06:26:03:01:DA,-82,MFG_4C000215FDA50693A4E24FB1AFCFC6EB0764782500010002D8,3.0,Yes,Human Body
2583127,ANCHOR_01,52:06:26:03:01:DA,-91,MFG_4C000215FDA50693A4E24FB1AFCFC6EB0764782500010002D8,3.0,Yes,Human Body
2584117,ANCHOR_01,52:06:26:03:01:DA,-93,MFG_4C000215FDA50693A4E24FB1AFCFC6EB0764782500010002D8,3.0,Yes,Human Body
2586127,ANCHOR_01,52:06:26:03:01:DA,-85,MFG_4C000215FDA50693A4E24FB1AFCFC6EB0764782500010002D8,3.0,Yes,Human Body
2588137,ANCHOR_01,52:06:26:03:01:DA,-83,MFG_4C000215FDA50693A4E24FB1AFCFC6EB0764782500010002D8,3.0,Yes,Human Body
2589157,ANCHOR_01,52:06:26:03:01:DA,-91,MFG_4C000215FDA50693A4E24FB1AFCFC6EB0764782500010002D8,3.0,Yes,Human Body
2590147,ANCHOR_01,52:06:26:03:01:DA,-93,MFG_4C000215FDA50693A4E24FB1AFCFC6EB0764782500010002D8,3.0,Yes,Human Body
2591167,ANCHOR_01,52:06:26:03:01:DA,-85,MFG_4C000215FDA50693A4E24FB1AFCFC6EB0764782500010002D8,3.0,Yes,Human Body
2592157,ANCHOR_01,52:06:26:03:01:DA,-85,MFG_4C000215FDA50693A4E24FB1AFCFC6EB0764782500010002D8,3.0,Yes,Human Body
2593177,ANCHOR_01,52:06:26:03:01:DA,-83,MFG_4C000215FDA50693A4E24FB1AFCFC6EB0764782500010002D8,3.0,Yes,Human Body
2595187,ANCHOR_01,52:06:26:03:01:DA,-91,MFG_4C000215FDA50693A4E24FB1AFCFC6EB0764782500010002D8,3.0,Yes,Human Body
2596177,ANCHOR_01,52:06:26:03:01:DA,-91,MFG_4C000215FDA50693A4E24FB1AFCFC6EB0764782500010002D8,3.0,Yes,Human Body
2597197,ANCHOR_01,52:06:26:03:01:DA,-85,MFG_4C000215FDA50693A4E24FB1AFCFC6EB0764782500010002D8,3.0,Yes,Human Body
2598187,ANCHOR_01,52:06:26:03:01:DA,-85,MFG_4C000215FDA50693A4E24FB1AFCFC6EB0764782500010002D8,3.0,Yes,Human Body
2599207,ANCHOR_01,52:06:26:03:01:DA,-82,MFG_4C000215FDA50693A4E24FB1AFCFC6EB0764782500010002D8,3.0,Yes,Human Body
2601217,ANCHOR_01,52:06:26:03:01:DA,-92,MFG_4C000215FDA50693A4E24FB1AFCFC6EB0764782500010002D8,3.0,Yes,Human Body
2603227,ANCHOR_01,52:06:26:03:01:DA,-84,MFG_4C000215FDA50693A4E24FB1AFCFC6EB0764782500010002D8,3.0,Yes,Human Body
2605237,ANCHOR_01,52:06:26:03:01:DA,-81,MFG_4C000215FDA50693A4E24FB1AFCFC6EB0764782500010002D8,3.0,Yes,Human Body
2607247,ANCHOR_01,52:06:26:03:01:DA,-90,MFG_4C000215FDA50693A4E24FB1AFCFC6EB0764782500010002D8,3.0,Yes,Human Body
2608267,ANCHOR_01,52:06:26:03:01:DA,-84,MFG_4C000215FDA50693A4E24FB1AFCFC6EB0764782500010002D8,3.0,Yes,Human Body
2609257,ANCHOR_01,52:06:26:03:01:DA,-84,MFG_4C000215FDA50693A4E24FB1AFCFC6EB0764782500010002D8,3.0,Yes,Human Body
2610277,ANCHOR_01,52:06:26:03:01:DA,-82,MFG_4C000215FDA50693A4E24FB1AFCFC6EB0764782500010002D8,3.0,Yes,Human Body
2611267,ANCHOR_01,52:06:26:03:01:DA,-83,MFG_4C000215FDA50693A4E24FB1AFCFC6EB0764782500010002D8,3.0,Yes,Human Body
2612287,ANCHOR_01,52:06:26:03:01:DA,-92,MFG_4C000215FDA50693A4E24FB1AFCFC6EB0764782500010002D8,3.0,Yes,Human Body
2613277,ANCHOR_01,52:06:26:03:01:DA,-91,MFG_4C000215FDA50693A4E24FB1AFCFC6EB0764782500010002D8,3.0,Yes,Human Body
2614297,ANCHOR_01,52:06:26:03:01:DA,-84,MFG_4C000215FDA50693A4E24FB1AFCFC6EB0764782500010002D8,3.0,Yes,Human Body
2615287,ANCHOR_01,52:06:26:03:01:DA,-85,MFG_4C000215FDA50693A4E24FB1AFCFC6EB0764782500010002D8,3.0,Yes,Human Body
2616307,ANCHOR_01,52:06:26:03:01:DA,-81,MFG_4C000215FDA50693A4E24FB1AFCFC6EB0764782500010002D8,3.0,Yes,Human Body
2617297,ANCHOR_01,52:06:26:03:01:DA,-80,MFG_4C000215FDA50693A4E24FB1AFCFC6EB0764782500010002D8,3.0,Yes,Human Body
2618317,ANCHOR_01,52:06:26:03:01:DA,-91,MFG_4C000215FDA50693A4E24FB1AFCFC6EB0764782500010002D8,3.0,Yes,Human Body
2619307,ANCHOR_01,52:06:26:03:01:DA,-92,MFG_4C000215FDA50693A4E24FB1AFCFC6EB0764782500010002D8,3.0,Yes,Human Body
2620327,ANCHOR_01,52:06:26:03:01:DA,-85,MFG_4C000215FDA50693A4E24FB1AFCFC6EB0764782500010002D8,3.0,Yes,Human Body
2621317,ANCHOR_01,52:06:26:03:01:DA,-85,MFG_4C000215FDA50693A4E24FB1AFCFC6EB0764782500010002D8,3.0,Yes,Human Body
2622337,ANCHOR_01,52:06:26:03:01:DA,-81,MFG_4C000215FDA50693A4E24FB1AFCFC6EB0764782500010002D8,3.0,Yes,Human Body
2623327,ANCHOR_01,52:06:26:03:01:DA,-82,MFG_4C000215FDA50693A4E24FB1AFCFC6EB0764782500010002D8,3.0,Yes,Human Body
2625337,ANCHOR_01,52:06:26:03:01:DA,-91,MFG_4C000215FDA50693A4E24FB1AFCFC6EB0764782500010002D8,3.0,Yes,Human Body
2627347,ANCHOR_01,52:06:26:03:01:DA,-84,MFG_4C000215FDA50693A4E24FB1AFCFC6EB0764782500010002D8,3.0,Yes,Human Body
2629357,ANCHOR_01,52:06:26:03:01:DA,-81,MFG_4C000215FDA50693A4E24FB1AFCFC6EB0764782500010002D8,3.0,Yes,Human Body
2631367,ANCHOR_01,52:06:26:03:01:DA,-92,MFG_4C000215FDA50693A4E24FB1AFCFC6EB0764782500010002D8,3.0,Yes,Human Body
2632357,ANCHOR_01,52:06:26:03:01:DA,-92,MFG_4C000215FDA50693A4E24FB1AFCFC6EB0764782500010002D8,3.0,Yes,Human Body
2633377,ANCHOR_01,52:06:26:03:01:DA,-84,MFG_4C000215FDA50693A4E24FB1AFCFC6EB0764782500010002D8,3.0,Yes,Human Body
2634397,ANCHOR_01,52:06:26:03:01:DA,-81,MFG_4C000215FDA50693A4E24FB1AFCFC6EB0764782500010002D8,3.0,Yes,Human Body
2635387,ANCHOR_01,52:06:26:03:01:DA,-81,MFG_4C000215FDA50693A4E24FB1AFCFC6EB0764782500010002D8,3.0,Yes,Human Body
2637397,ANCHOR_01,52:06:26:03:01:DA,-91,MFG_4C000215FDA50693A4E24FB1AFCFC6EB0764782500010002D8,3.0,Yes,Human Body
2639407,ANCHOR_01,52:06:26:03:01:DA,-84,MFG_4C000215FDA50693A4E24FB1AFCFC6EB0764782500010002D8,3.0,Yes,Human Body
2640397,ANCHOR_01,52:06:26:03:01:DA,-84,MFG_4C000215FDA50693A4E24FB1AFCFC6EB0764782500010002D8,3.0,Yes,Human Body
2641417,ANCHOR_01,52:06:26:03:01:DA,-82,MFG_4C000215FDA50693A4E24FB1AFCFC6EB0764782500010002D8,3.0,Yes,Human Body
2642437,ANCHOR_01,52:06:26:03:01:DA,-92,MFG_4C000215FDA50693A4E24FB1AFCFC6EB0764782500010002D8,3.0,Yes,Human Body
2643427,ANCHOR_01,52:06:26:03:01:DA,-92,MFG_4C000215FDA50693A4E24FB1AFCFC6EB0764782500010002D8,3.0,Yes,Human Body
2644447,ANCHOR_01,52:06:26:03:01:DA,-84,MFG_4C000215FDA50693A4E24FB1AFCFC6EB0764782500010002D8,3.0,Yes,Human Body
2645437,ANCHOR_01,52:06:26:03:01:DA,-84,MFG_4C000215FDA50693A4E24FB1AFCFC6EB0764782500010002D8,3.0,Yes,Human Body
2647447,ANCHOR_01,52:06:26:03:01:DA,-82,MFG_4C000215FDA50693A4E24FB1AFCFC6EB0764782500010002D8,3.0,Yes,Human Body
2649457,ANCHOR_01,52:06:26:03:01:DA,-91,MFG_4C000215FDA50693A4E24FB1AFCFC6EB0764782500010002D8,3.0,Yes,Human Body
2650447,ANCHOR_01,52:06:26:03:01:DA,-92,MFG_4C000215FDA50693A4E24FB1AFCFC6EB0764782500010002D8,3.0,Yes,Human Body
2651467,ANCHOR_01,52:06:26:03:01:DA,-84,MFG_4C000215FDA50693A4E24FB1AFCFC6EB0764782500010002D8,3.0,Yes,Human Body
2652457,ANCHOR_01,52:06:26:03:01:DA,-84,MFG_4C000215FDA50693A4E24FB1AFCFC6EB0764782500010002D8,3.0,Yes,Human Body
2653477,ANCHOR_01,52:06:26:03:01:DA,-81,MFG_4C000215FDA50693A4E24FB1AFCFC6EB0764782500010002D8,3.0,Yes,Human Body
2654467,ANCHOR_01,52:06:26:03:01:DA,-81,MFG_4C000215FDA50693A4E24FB1AFCFC6EB0764782500010002D8,3.0,Yes,Human Body
2655487,ANCHOR_01,52:06:26:03:01:DA,-92,MFG_4C000215FDA50693A4E24FB1AFCFC6EB0764782500010002D8,3.0,Yes,Human Body
2656477,ANCHOR_01,52:06:26:03:01:DA,-92,MFG_4C000215FDA50693A4E24FB1AFCFC6EB0764782500010002D8,3.0,Yes,Human Body
2657497,ANCHOR_01,52:06:26:03:01:DA,-84,MFG_4C000215FDA50693A4E24FB1AFCFC6EB0764782500010002D8,3.0,Yes,Human Body
2658487,ANCHOR_01,52:06:26:03:01:DA,-84,MFG_4C000215FDA50693A4E24FB1AFCFC6EB0764782500010002D8,3.0,Yes,Human Body
2659507,ANCHOR_01,52:06:26:03:01:DA,-82,MFG_4C000215FDA50693A4E24FB1AFCFC6EB0764782500010002D8,3.0,Yes,Human Body
2660497,ANCHOR_01,52:06:26:03:01:DA,-81,MFG_4C000215FDA50693A4E24FB1AFCFC6EB0764782500010002D8,3.0,Yes,Human Body
2661517,ANCHOR_01,52:06:26:03:01:DA,-92,MFG_4C000215FDA50693A4E24FB1AFCFC6EB0764782500010002D8,3.0,Yes,Human Body
2662507,ANCHOR_01,52:06:26:03:01:DA,-92,MFG_4C000215FDA50693A4E24FB1AFCFC6EB0764782500010002D8,3.0,Yes,Human Body
2663497,ANCHOR_01,52:06:26:03:01:DA,-91,MFG_4C000215FDA50693A4E24FB1AFCFC6EB0764782500010002D8,3.0,Yes,Human Body
2664517,ANCHOR_01,52:06:26:03:01:DA,-84,MFG_4C000215FDA50693A4E24FB1AFCFC6EB0764782500010002D8,3.0,Yes,Human Body
2666527,ANCHOR_01,52:06:26:03:01:DA,-82,MFG_4C000215FDA50693A4E24FB1AFCFC6EB0764782500010002D8,3.0,Yes,Human Body
2667517,ANCHOR_01,52:06:26:03:01:DA,-81,MFG_4C000215FDA50693A4E24FB1AFCFC6EB0764782500010002D8,3.0,Yes,Human Body
2668537,ANCHOR_01,52:06:26:03:01:DA,-93,MFG_4C000215FDA50693A4E24FB1AFCFC6EB0764782500010002D8,3.0,Yes,Human Body
2669527,ANCHOR_01,52:06:26:03:01:DA,-92,MFG_4C000215FDA50693A4E24FB1AFCFC6EB0764782500010002D8,3.0,Yes,Human Body
2670547,ANCHOR_01,52:06:26:03:01:DA,-84,MFG_4C000215FDA50693A4E24FB1AFCFC6EB0764782500010002D8,3.0,Yes,Human Body
2671537,ANCHOR_01,52:06:26:03:01:DA,-83,MFG_4C000215FDA50693A4E24FB1AFCFC6EB0764782500010002D8,3.0,Yes,Human Body
2672557,ANCHOR_01,52:06:26:03:01:DA,-80,MFG_4C000215FDA50693A4E24FB1AFCFC6EB0764782500010002D8,3.0,Yes,Human Body
2673547,ANCHOR_01,52:06:26:03:01:DA,-81,MFG_4C000215FDA50693A4E24FB1AFCFC6EB0764782500010002D8,3.0,Yes,Human Body
2674567,ANCHOR_01,52:06:26:03:01:DA,-91,MFG_4C000215FDA50693A4E24FB1AFCFC6EB0764782500010002D8,3.0,Yes,Human Body
2675587,ANCHOR_01,52:06:26:03:01:DA,-84,MFG_4C000215FDA50693A4E24FB1AFCFC6EB0764782500010002D8,3.0,Yes,Human Body
2676577,ANCHOR_01,52:06:26:03:01:DA,-83,MFG_4C000215FDA50693A4E24FB1AFCFC6EB0764782500010002D8,3.0,Yes,Human Body
2678587,ANCHOR_01,52:06:26:03:01:DA,-81,MFG_4C000215FDA50693A4E24FB1AFCFC6EB0764782500010002D8,3.0,Yes,Human Body
2679577,ANCHOR_01,52:06:26:03:01:DA,-81,MFG_4C000215FDA50693A4E24FB1AFCFC6EB0764782500010002D8,3.0,Yes,Human Body
2680597,ANCHOR_01,52:06:26:03:01:DA,-91,MFG_4C000215FDA50693A4E24FB1AFCFC6EB0764782500010002D8,3.0,Yes,Human Body
2682607,ANCHOR_01,52:06:26:03:01:DA,-83,MFG_4C000215FDA50693A4E24FB1AFCFC6EB0764782500010002D8,3.0,Yes,Human Body
2684617,ANCHOR_01,52:06:26:03:01:DA,-82,MFG_4C000215FDA50693A4E24FB1AFCFC6EB0764782500010002D8,3.0,Yes,Human Body
2686627,ANCHOR_01,52:06:26:03:01:DA,-92,MFG_4C000215FDA50693A4E24FB1AFCFC6EB0764782500010002D8,3.0,Yes,Human Body
2688637,ANCHOR_01,52:06:26:03:01:DA,-84,MFG_4C000215FDA50693A4E24FB1AFCFC6EB0764782500010002D8,3.0,Yes,Human Body
2690647,ANCHOR_01,52:06:26:03:01:DA,-82,MFG_4C000215FDA50693A4E24FB1AFCFC6EB0764782500010002D8,3.0,Yes,Human Body
2691667,ANCHOR_01,52:06:26:03:01:DA,-91,MFG_4C000215FDA50693A4E24FB1AFCFC6EB0764782500010002D8,3.0,Yes,Human Body
2692657,ANCHOR_01,52:06:26:03:01:DA,-92,MFG_4C000215FDA50693A4E24FB1AFCFC6EB0764782500010002D8,3.0,Yes,Human Body
2693677,ANCHOR_01,52:06:26:03:01:DA,-84,MFG_4C000215FDA50693A4E24FB1AFCFC6EB0764782500010002D8,3.0,Yes,Human Body
2695687,ANCHOR_01,52:06:26:03:01:DA,-81,MFG_4C000215FDA50693A4E24FB1AFCFC6EB0764782500010002D8,3.0,Yes,Human Body
2697697,ANCHOR_01,52:06:26:03:01:DA,-92,MFG_4C000215FDA50693A4E24FB1AFCFC6EB0764782500010002D8,3.0,Yes,Human Body
2698687,ANCHOR_01,52:06:26:03:01:DA,-92,MFG_4C000215FDA50693A4E24FB1AFCFC6EB0764782500010002D8,3.0,Yes,Human Body
2699707,ANCHOR_01,52:06:26:03:01:DA,-83,MFG_4C000215FDA50693A4E24FB1AFCFC6EB0764782500010002D8,3.0,Yes,Human Body
2700697,ANCHOR_01,52:06:26:03:01:DA,-85,MFG_4C000215FDA50693A4E24FB1AFCFC6EB0764782500010002D8,3.0,Yes,Human Body
2701717,ANCHOR_01,52:06:26:03:01:DA,-82,MFG_4C000215FDA50693A4E24FB1AFCFC6EB0764782500010002D8,3.0,Yes,Human Body
2702707,ANCHOR_01,52:06:26:03:01:DA,-82,MFG_4C000215FDA50693A4E24FB1AFCFC6EB0764782500010002D8,3.0,Yes,Human Body
2703727,ANCHOR_01,52:06:26:03:01:DA,-93,MFG_4C000215FDA50693A4E24FB1AFCFC6EB0764782500010002D8,3.0,Yes,Human Body
2704717,ANCHOR_01,52:06:26:03:01:DA,-92,MFG_4C000215FDA50693A4E24FB1AFCFC6EB0764782500010002D8,3.0,Yes,Human Body
2705737,ANCHOR_01,52:06:26:03:01:DA,-84,MFG_4C000215FDA50693A4E24FB1AFCFC6EB0764782500010002D8,3.0,Yes,Human Body
2706727,ANCHOR_01,52:06:26:03:01:DA,-84,MFG_4C000215FDA50693A4E24FB1AFCFC6EB0764782500010002D8,3.0,Yes,Human Body
2707747,ANCHOR_01,52:06:26:03:01:DA,-81,MFG_4C000215FDA50693A4E24FB1AFCFC6EB0764782500010002D8,3.0,Yes,Human Body
2708737,ANCHOR_01,52:06:26:03:01:DA,-82,MFG_4C000215FDA50693A4E24FB1AFCFC6EB0764782500010002D8,3.0,Yes,Human Body
2709757,ANCHOR_01,52:06:26:03:01:DA,-92,MFG_4C000215FDA50693A4E24FB1AFCFC6EB0764782500010002D8,3.0,Yes,Human Body
2710747,ANCHOR_01,52:06:26:03:01:DA,-91,MFG_4C000215FDA50693A4E24FB1AFCFC6EB0764782500010002D8,3.0,Yes,Human Body
2711767,ANCHOR_01,52:06:26:03:01:DA,-84,MFG_4C000215FDA50693A4E24FB1AFCFC6EB0764782500010002D8,3.0,Yes,Human Body
2712757,ANCHOR_01,52:06:26:03:01:DA,-84,MFG_4C000215FDA50693A4E24FB1AFCFC6EB0764782500010002D8,3.0,Yes,Human Body
2714767,ANCHOR_01,52:06:26:03:01:DA,-81,MFG_4C000215FDA50693A4E24FB1AFCFC6EB0764782500010002D8,3.0,Yes,Human Body
2715787,ANCHOR_01,52:06:26:03:01:DA,-91,MFG_4C000215FDA50693A4E24FB1AFCFC6EB0764782500010002D8,3.0,Yes,Human Body
2716777,ANCHOR_01,52:06:26:03:01:DA,-92,MFG_4C000215FDA50693A4E24FB1AFCFC6EB0764782500010002D8,3.0,Yes,Human Body
2717797,ANCHOR_01,52:06:26:03:01:DA,-84,MFG_4C000215FDA50693A4E24FB1AFCFC6EB0764782500010002D8,3.0,Yes,Human Body
2718787,ANCHOR_01,52:06:26:03:01:DA,-83,MFG_4C000215FDA50693A4E24FB1AFCFC6EB0764782500010002D8,3.0,Yes,Human Body
2719807,ANCHOR_01,52:06:26:03:01:DA,-82,MFG_4C000215FDA50693A4E24FB1AFCFC6EB0764782500010002D8,3.0,Yes,Human Body
2720797,ANCHOR_01,52:06:26:03:01:DA,-81,MFG_4C000215FDA50693A4E24FB1AFCFC6EB0764782500010002D8,3.0,Yes,Human Body
2721817,ANCHOR_01,52:06:26:03:01:DA,-92,MFG_4C000215FDA50693A4E24FB1AFCFC6EB0764782500010002D8,3.0,Yes,Human Body
2722807,ANCHOR_01,52:06:26:03:01:DA,-93,MFG_4C000215FDA50693A4E24FB1AFCFC6EB0764782500010002D8,3.0,Yes,Human Body
2723827,ANCHOR_01,52:06:26:03:01:DA,-84,MFG_4C000215FDA50693A4E24FB1AFCFC6EB0764782500010002D8,3.0,Yes,Human Body
2724817,ANCHOR_01,52:06:26:03:01:DA,-85,MFG_4C000215FDA50693A4E24FB1AFCFC6EB0764782500010002D8,3.0,Yes,Human Body
2725837,ANCHOR_01,52:06:26:03:01:DA,-83,MFG_4C000215FDA50693A4E24FB1AFCFC6EB0764782500010002D8,3.0,Yes,Human Body
2727847,ANCHOR_01,52:06:26:03:01:DA,-92,MFG_4C000215FDA50693A4E24FB1AFCFC6EB0764782500010002D8,3.0,Yes,Human Body
2728837,ANCHOR_01,52:06:26:03:01:DA,-91,MFG_4C000215FDA50693A4E24FB1AFCFC6EB0764782500010002D8,3.0,Yes,Human Body
2729857,ANCHOR_01,52:06:26:03:01:DA,-84,MFG_4C000215FDA50693A4E24FB1AFCFC6EB0764782500010002D8,3.0,Yes,Human Body
2730847,ANCHOR_01,52:06:26:03:01:DA,-84,MFG_4C000215FDA50693A4E24FB1AFCFC6EB0764782500010002D8,3.0,Yes,Human Body
2731867,ANCHOR_01,52:06:26:03:01:DA,-82,MFG_4C000215FDA50693A4E24FB1AFCFC6EB0764782500010002D8,3.0,Yes,Human Body
2732857,ANCHOR_01,52:06:26:03:01:DA,-81,MFG_4C000215FDA50693A4E24FB1AFCFC6EB0764782500010002D8,3.0,Yes,Human Body
2734867,ANCHOR_01,52:06:26:03:01:DA,-90,MFG_4C000215FDA50693A4E24FB1AFCFC6EB0764782500010002D8,3.0,Yes,Human Body
2735857,ANCHOR_01,52:06:26:03:01:DA,-90,MFG_4C000215FDA50693A4E24FB1AFCFC6EB0764782500010002D8,3.0,Yes,Human Body
2736877,ANCHOR_01,52:06:26:03:01:DA,-84,MFG_4C000215FDA50693A4E24FB1AFCFC6EB0764782500010002D8,3.0,Yes,Human Body
2737867,ANCHOR_01,52:06:26:03:01:DA,-84,MFG_4C000215FDA50693A4E24FB1AFCFC6EB0764782500010002D8,3.0,Yes,Human Body
2738887,ANCHOR_01,52:06:26:03:01:DA,-81,MFG_4C000215FDA50693A4E24FB1AFCFC6EB0764782500010002D8,3.0,Yes,Human Body
2739877,ANCHOR_01,52:06:26:03:01:DA,-81,MFG_4C000215FDA50693A4E24FB1AFCFC6EB0764782500010002D8,3.0,Yes,Human Body
2740897,ANCHOR_01,52:06:26:03:01:DA,-93,MFG_4C000215FDA50693A4E24FB1AFCFC6EB0764782500010002D8,3.0,Yes,Human Body
2741887,ANCHOR_01,52:06:26:03:01:DA,-92,MFG_4C000215FDA50693A4E24FB1AFCFC6EB0764782500010002D8,3.0,Yes,Human Body
2742907,ANCHOR_01,52:06:26:03:01:DA,-83,MFG_4C000215FDA50693A4E24FB1AFCFC6EB0764782500010002D8,3.0,Yes,Human Body
2743897,ANCHOR_01,52:06:26:03:01:DA,-84,MFG_4C000215FDA50693A4E24FB1AFCFC6EB0764782500010002D8,3.0,Yes,Human Body
2744917,ANCHOR_01,52:06:26:03:01:DA,-81,MFG_4C000215FDA50693A4E24FB1AFCFC6EB0764782500010002D8,3.0,Yes,Human Body
2745907,ANCHOR_01,52:06:26:03:01:DA,-81,MFG_4C000215FDA50693A4E24FB1AFCFC6EB0764782500010002D8,3.0,Yes,Human Body
2746927,ANCHOR_01,52:06:26:03:01:DA,-91,MFG_4C000215FDA50693A4E24FB1AFCFC6EB0764782500010002D8,3.0,Yes,Human Body
2747917,ANCHOR_01,52:06:26:03:01:DA,-90,MFG_4C000215FDA50693A4E24FB1AFCFC6EB0764782500010002D8,3.0,Yes,Human Body
2748937,ANCHOR_01,52:06:26:03:01:DA,-83,MFG_4C000215FDA50693A4E24FB1AFCFC6EB0764782500010002D8,3.0,Yes,Human Body
2749957,ANCHOR_01,52:06:26:03:01:DA,-81,MFG_4C000215FDA50693A4E24FB1AFCFC6EB0764782500010002D8,3.0,Yes,Human Body
2750947,ANCHOR_01,52:06:26:03:01:DA,-81,MFG_4C000215FDA50693A4E24FB1AFCFC6EB0764782500010002D8,3.0,Yes,Human Body
2751967,ANCHOR_01,52:06:26:03:01:DA,-90,MFG_4C000215FDA50693A4E24FB1AFCFC6EB0764782500010002D8,3.0,Yes,Human Body
2752957,ANCHOR_01,52:06:26:03:01:DA,-90,MFG_4C000215FDA50693A4E24FB1AFCFC6EB0764782500010002D8,3.0,Yes,Human Body
2753977,ANCHOR_01,52:06:26:03:01:DA,-84,MFG_4C000215FDA50693A4E24FB1AFCFC6EB0764782500010002D8,3.0,Yes,Human Body
2754967,ANCHOR_01,52:06:26:03:01:DA,-84,MFG_4C000215FDA50693A4E24FB1AFCFC6EB0764782500010002D8,3.0,Yes,Human Body
2755987,ANCHOR_01,52:06:26:03:01:DA,-80,MFG_4C000215FDA50693A4E24FB1AFCFC6EB0764782500010002D8,3.0,Yes,Human Body
2756977,ANCHOR_01,52:06:26:03:01:DA,-81,MFG_4C000215FDA50693A4E24FB1AFCFC6EB0764782500010002D8,3.0,Yes,Human Body
2758987,ANCHOR_01,52:06:26:03:01:DA,-89,MFG_4C000215FDA50693A4E24FB1AFCFC6EB0764782500010002D8,3.0,Yes,Human Body
2760997,ANCHOR_01,52:06:26:03:01:DA,-83,MFG_4C000215FDA50693A4E24FB1AFCFC6EB0764782500010002D8,3.0,Yes,Human Body
2761987,ANCHOR_01,52:06:26:03:01:DA,-83,MFG_4C000215FDA50693A4E24FB1AFCFC6EB0764782500010002D8,3.0,Yes,Human Body
2763007,ANCHOR_01,52:06:26:03:01:DA,-82,MFG_4C000215FDA50693A4E24FB1AFCFC6EB0764782500010002D8,3.0,Yes,Human Body
2763997,ANCHOR_01,52:06:26:03:01:DA,-82,MFG_4C000215FDA50693A4E24FB1AFCFC6EB0764782500010002D8,3.0,Yes,Human Body
2765017,ANCHOR_01,52:06:26:03:01:DA,-92,MFG_4C000215FDA50693A4E24FB1AFCFC6EB0764782500010002D8,3.0,Yes,Human Body
2766007,ANCHOR_01,52:06:26:03:01:DA,-89,MFG_4C000215FDA50693A4E24FB1AFCFC6EB0764782500010002D8,3.0,Yes,Human Body
2767027,ANCHOR_01,52:06:26:03:01:DA,-83,MFG_4C000215FDA50693A4E24FB1AFCFC6EB0764782500010002D8,3.0,Yes,Human Body
2768017,ANCHOR_01,52:06:26:03:01:DA,-83,MFG_4C000215FDA50693A4E24FB1AFCFC6EB0764782500010002D8,3.0,Yes,Human Body
2769037,ANCHOR_01,52:06:26:03:01:DA,-81,MFG_4C000215FDA50693A4E24FB1AFCFC6EB0764782500010002D8,3.0,Yes,Human Body
2770027,ANCHOR_01,52:06:26:03:01:DA,-81,MFG_4C000215FDA50693A4E24FB1AFCFC6EB0764782500010002D8,3.0,Yes,Human Body
2771047,ANCHOR_01,52:06:26:03:01:DA,-91,MFG_4C000215FDA50693A4E24FB1AFCFC6EB0764782500010002D8,3.0,Yes,Human Body
2772037,ANCHOR_01,52:06:26:03:01:DA,-90,MFG_4C000215FDA50693A4E24FB1AFCFC6EB0764782500010002D8,3.0,Yes,Human Body
2773057,ANCHOR_01,52:06:26:03:01:DA,-84,MFG_4C000215FDA50693A4E24FB1AFCFC6EB0764782500010002D8,3.0,Yes,Human Body
2774047,ANCHOR_01,52:06:26:03:01:DA,-83,MFG_4C000215FDA50693A4E24FB1AFCFC6EB0764782500010002D8,3.0,Yes,Human Body
2775067,ANCHOR_01,52:06:26:03:01:DA,-80,MFG_4C000215FDA50693A4E24FB1AFCFC6EB0764782500010002D8,3.0,Yes,Human Body
2776057,ANCHOR_01,52:06:26:03:01:DA,-81,MFG_4C000215FDA50693A4E24FB1AFCFC6EB0764782500010002D8,3.0,Yes,Human Body
2777077,ANCHOR_01,52:06:26:03:01:DA,-90,MFG_4C000215FDA50693A4E24FB1AFCFC6EB0764782500010002D8,3.0,Yes,Human Body
2778067,ANCHOR_01,52:06:26:03:01:DA,-90,MFG_4C000215FDA50693A4E24FB1AFCFC6EB0764782500010002D8,3.0,Yes,Human Body
2780077,ANCHOR_01,52:06:26:03:01:DA,-84,MFG_4C000215FDA50693A4E24FB1AFCFC6EB0764782500010002D8,3.0,Yes,Human Body
2781067,ANCHOR_01,52:06:26:03:01:DA,-84,MFG_4C000215FDA50693A4E24FB1AFCFC6EB0764782500010002D8,3.0,Yes,Human Body
2782087,ANCHOR_01,52:06:26:03:01:DA,-80,MFG_4C000215FDA50693A4E24FB1AFCFC6EB0764782500010002D8,3.0,Yes,Human Body
2784097,ANCHOR_01,52:06:26:03:01:DA,-91,MFG_4C000215FDA50693A4E24FB1AFCFC6EB0764782500010002D8,3.0,Yes,Human Body
2785087,ANCHOR_01,52:06:26:03:01:DA,-91,MFG_4C000215FDA50693A4E24FB1AFCFC6EB0764782500010002D8,3.0,Yes,Human Body
2786107,ANCHOR_01,52:06:26:03:01:DA,-83,MFG_4C000215FDA50693A4E24FB1AFCFC6EB0764782500010002D8,3.0,Yes,Human Body
2787127,ANCHOR_01,52:06:26:03:01:DA,-82,MFG_4C000215FDA50693A4E24FB1AFCFC6EB0764782500010002D8,3.0,Yes,Human Body
2788117,ANCHOR_01,52:06:26:03:01:DA,-82,MFG_4C000215FDA50693A4E24FB1AFCFC6EB0764782500010002D8,3.0,Yes,Human Body
2790127,ANCHOR_01,52:06:26:03:01:DA,-91,MFG_4C000215FDA50693A4E24FB1AFCFC6EB0764782500010002D8,3.0,Yes,Human Body
2791147,ANCHOR_01,52:06:26:03:01:DA,-84,MFG_4C000215FDA50693A4E24FB1AFCFC6EB0764782500010002D8,3.0,Yes,Human Body
2792137,ANCHOR_01,52:06:26:03:01:DA,-83,MFG_4C000215FDA50693A4E24FB1AFCFC6EB0764782500010002D8,3.0,Yes,Human Body
2793157,ANCHOR_01,52:06:26:03:01:DA,-80,MFG_4C000215FDA50693A4E24FB1AFCFC6EB0764782500010002D8,3.0,Yes,Human Body
2794147,ANCHOR_01,52:06:26:03:01:DA,-81,MFG_4C000215FDA50693A4E24FB1AFCFC6EB0764782500010002D8,3.0,Yes,Human Body
2796157,ANCHOR_01,52:06:26:03:01:DA,-92,MFG_4C000215FDA50693A4E24FB1AFCFC6EB0764782500010002D8,3.0,Yes,Human Body
2797147,ANCHOR_01,52:06:26:03:01:DA,-95,MFG_4C000215FDA50693A4E24FB1AFCFC6EB0764782500010002D8,3.0,Yes,Human Body
2798167,ANCHOR_01,52:06:26:03:01:DA,-85,MFG_4C000215FDA50693A4E24FB1AFCFC6EB0764782500010002D8,3.0,Yes,Human Body
2799157,ANCHOR_01,52:06:26:03:01:DA,-85,MFG_4C000215FDA50693A4E24FB1AFCFC6EB0764782500010002D8,3.0,Yes,Human Body
2800177,ANCHOR_01,52:06:26:03:01:DA,-81,MFG_4C000215FDA50693A4E24FB1AFCFC6EB0764782500010002D8,3.0,Yes,Human Body
2801167,ANCHOR_01,52:06:26:03:01:DA,-81,MFG_4C000215FDA50693A4E24FB1AFCFC6EB0764782500010002D8,3.0,Yes,Human Body
2802187,ANCHOR_01,52:06:26:03:01:DA,-91,MFG_4C000215FDA50693A4E24FB1AFCFC6EB0764782500010002D8,3.0,Yes,Human Body
2803177,ANCHOR_01,52:06:26:03:01:DA,-93,MFG_4C000215FDA50693A4E24FB1AFCFC6EB0764782500010002D8,3.0,Yes,Human Body
2804197,ANCHOR_01,52:06:26:03:01:DA,-85,MFG_4C000215FDA50693A4E24FB1AFCFC6EB0764782500010002D8,3.0,Yes,Human Body
2805187,ANCHOR_01,52:06:26:03:01:DA,-85,MFG_4C000215FDA50693A4E24FB1AFCFC6EB0764782500010002D8,3.0,Yes,Human Body
2806207,ANCHOR_01,52:06:26:03:01:DA,-82,MFG_4C000215FDA50693A4E24FB1AFCFC6EB0764782500010002D8,3.0,Yes,Human Body
2807197,ANCHOR_01,52:06:26:03:01:DA,-82,MFG_4C000215FDA50693A4E24FB1AFCFC6EB0764782500010002D8,3.0,Yes,Human Body
2809207,ANCHOR_01,52:06:26:03:01:DA,-91,MFG_4C000215FDA50693A4E24FB1AFCFC6EB0764782500010002D8,3.0,Yes,Human Body
2810197,ANCHOR_01,52:06:26:03:01:DA,-93,MFG_4C000215FDA50693A4E24FB1AFCFC6EB0764782500010002D8,3.0,Yes,Human Body
2811217,ANCHOR_01,52:06:26:03:01:DA,-85,MFG_4C000215FDA50693A4E24FB1AFCFC6EB0764782500010002D8,3.0,Yes,Human Body
2812207,ANCHOR_01,52:06:26:03:01:DA,-85,MFG_4C000215FDA50693A4E24FB1AFCFC6EB0764782500010002D8,3.0,Yes,Human Body
2813227,ANCHOR_01,52:06:26:03:01:DA,-81,MFG_4C000215FDA50693A4E24FB1AFCFC6EB0764782500010002D8,3.0,Yes,Human Body
2814217,ANCHOR_01,52:06:26:03:01:DA,-81,MFG_4C000215FDA50693A4E24FB1AFCFC6EB0764782500010002D8,3.0,Yes,Human Body
2815237,ANCHOR_01,52:06:26:03:01:DA,-92,MFG_4C000215FDA50693A4E24FB1AFCFC6EB0764782500010002D8,3.0,Yes,Human Body
2817247,ANCHOR_01,52:06:26:03:01:DA,-85,MFG_4C000215FDA50693A4E24FB1AFCFC6EB0764782500010002D8,3.0,Yes,Human Body
2819257,ANCHOR_01,52:06:26:03:01:DA,-82,MFG_4C000215FDA50693A4E24FB1AFCFC6EB0764782500010002D8,3.0,Yes,Human Body
2821267,ANCHOR_01,52:06:26:03:01:DA,-94,MFG_4C000215FDA50693A4E24FB1AFCFC6EB0764782500010002D8,3.0,Yes,Human Body
2822257,ANCHOR_01,52:06:26:03:01:DA,-92,MFG_4C000215FDA50693A4E24FB1AFCFC6EB0764782500010002D8,3.0,Yes,Human Body
2823277,ANCHOR_01,52:06:26:03:01:DA,-85,MFG_4C000215FDA50693A4E24FB1AFCFC6EB0764782500010002D8,3.0,Yes,Human Body
2824297,ANCHOR_01,52:06:26:03:01:DA,-82,MFG_4C000215FDA50693A4E24FB1AFCFC6EB0764782500010002D8,3.0,Yes,Human Body
2825287,ANCHOR_01,52:06:26:03:01:DA,-81,MFG_4C000215FDA50693A4E24FB1AFCFC6EB0764782500010002D8,3.0,Yes,Human Body
2827297,ANCHOR_01,52:06:26:03:01:DA,-94,MFG_4C000215FDA50693A4E24FB1AFCFC6EB0764782500010002D8,3.0,Yes,Human Body
2828317,ANCHOR_01,52:06:26:03:01:DA,-85,MFG_4C000215FDA50693A4E24FB1AFCFC6EB0764782500010002D8,3.0,Yes,Human Body
2829307,ANCHOR_01,52:06:26:03:01:DA,-85,MFG_4C000215FDA50693A4E24FB1AFCFC6EB0764782500010002D8,3.0,Yes,Human Body
2830327,ANCHOR_01,52:06:26:03:01:DA,-82,MFG_4C000215FDA50693A4E24FB1AFCFC6EB0764782500010002D8,3.0,Yes,Human Body
2831317,ANCHOR_01,52:06:26:03:01:DA,-81,MFG_4C000215FDA50693A4E24FB1AFCFC6EB0764782500010002D8,3.0,Yes,Human Body
2832337,ANCHOR_01,52:06:26:03:01:DA,-93,MFG_4C000215FDA50693A4E24FB1AFCFC6EB0764782500010002D8,3.0,Yes,Human Body
2833327,ANCHOR_01,52:06:26:03:01:DA,-93,MFG_4C000215FDA50693A4E24FB1AFCFC6EB0764782500010002D8,3.0,Yes,Human Body
2834347,ANCHOR_01,52:06:26:03:01:DA,-85,MFG_4C000215FDA50693A4E24FB1AFCFC6EB0764782500010002D8,3.0,Yes,Human Body
2835367,ANCHOR_01,52:06:26:03:01:DA,-80,MFG_4C000215FDA50693A4E24FB1AFCFC6EB0764782500010002D8,3.0,Yes,Human Body
2836357,ANCHOR_01,52:06:26:03:01:DA,-82,MFG_4C000215FDA50693A4E24FB1AFCFC6EB0764782500010002D8,3.0,Yes,Human Body
2837377,ANCHOR_01,52:06:26:03:01:DA,-91,MFG_4C000215FDA50693A4E24FB1AFCFC6EB0764782500010002D8,3.0,Yes,Human Body
2838367,ANCHOR_01,52:06:26:03:01:DA,-91,MFG_4C000215FDA50693A4E24FB1AFCFC6EB0764782500010002D8,3.0,Yes,Human Body
2839387,ANCHOR_01,52:06:26:03:01:DA,-85,MFG_4C000215FDA50693A4E24FB1AFCFC6EB0764782500010002D8,3.0,Yes,Human Body
2840377,ANCHOR_01,52:06:26:03:01:DA,-84,MFG_4C000215FDA50693A4E24FB1AFCFC6EB0764782500010002D8,3.0,Yes,Human Body
2841397,ANCHOR_01,52:06:26:03:01:DA,-81,MFG_4C000215FDA50693A4E24FB1AFCFC6EB0764782500010002D8,3.0,Yes,Human Body
2843407,ANCHOR_01,52:06:26:03:01:DA,-91,MFG_4C000215FDA50693A4E24FB1AFCFC6EB0764782500010002D8,3.0,Yes,Human Body
2845417,ANCHOR_01,52:06:26:03:01:DA,-85,MFG_4C000215FDA50693A4E24FB1AFCFC6EB0764782500010002D8,3.0,Yes,Human Body
2846407,ANCHOR_01,52:06:26:03:01:DA,-85,MFG_4C000215FDA50693A4E24FB1AFCFC6EB0764782500010002D8,3.0,Yes,Human Body
2847427,ANCHOR_01,52:06:26:03:01:DA,-80,MFG_4C000215FDA50693A4E24FB1AFCFC6EB0764782500010002D8,3.0,Yes,Human Body
2849437,ANCHOR_01,52:06:26:03:01:DA,-90,MFG_4C000215FDA50693A4E24FB1AFCFC6EB0764782500010002D8,3.0,Yes,Human Body
2850457,ANCHOR_01,52:06:26:03:01:DA,-85,MFG_4C000215FDA50693A4E24FB1AFCFC6EB0764782500010002D8,3.0,Yes,Human Body
2851447,ANCHOR_01,52:06:26:03:01:DA,-85,MFG_4C000215FDA50693A4E24FB1AFCFC6EB0764782500010002D8,3.0,Yes,Human Body
2852467,ANCHOR_01,52:06:26:03:01:DA,-81,MFG_4C000215FDA50693A4E24FB1AFCFC6EB0764782500010002D8,3.0,Yes,Human Body
2853457,ANCHOR_01,52:06:26:03:01:DA,-82,MFG_4C000215FDA50693A4E24FB1AFCFC6EB0764782500010002D8,3.0,Yes,Human Body
2855467,ANCHOR_01,52:06:26:03:01:DA,-90,MFG_4C000215FDA50693A4E24FB1AFCFC6EB0764782500010002D8,3.0,Yes,Human Body
2856487,ANCHOR_01,52:06:26:03:01:DA,-85,MFG_4C000215FDA50693A4E24FB1AFCFC6EB0764782500010002D8,3.0,Yes,Human Body
2858497,ANCHOR_01,52:06:26:03:01:DA,-82,MFG_4C000215FDA50693A4E24FB1AFCFC6EB0764782500010002D8,3.0,Yes,Human Body
2859487,ANCHOR_01,52:06:26:03:01:DA,-81,MFG_4C000215FDA50693A4E24FB1AFCFC6EB0764782500010002D8,3.0,Yes,Human Body
2860507,ANCHOR_01,52:06:26:03:01:DA,-90,MFG_4C000215FDA50693A4E24FB1AFCFC6EB0764782500010002D8,3.0,Yes,Human Body
2861497,ANCHOR_01,52:06:26:03:01:DA,-91,MFG_4C000215FDA50693A4E24FB1AFCFC6EB0764782500010002D8,3.0,Yes,Human Body
2862517,ANCHOR_01,52:06:26:03:01:DA,-86,MFG_4C000215FDA50693A4E24FB1AFCFC6EB0764782500010002D8,3.0,Yes,Human Body
2863507,ANCHOR_01,52:06:26:03:01:DA,-85,MFG_4C000215FDA50693A4E24FB1AFCFC6EB0764782500010002D8,3.0,Yes,Human Body
2864527,ANCHOR_01,52:06:26:03:01:DA,-81,MFG_4C000215FDA50693A4E24FB1AFCFC6EB0764782500010002D8,3.0,Yes,Human Body
2865517,ANCHOR_01,52:06:26:03:01:DA,-81,MFG_4C000215FDA50693A4E24FB1AFCFC6EB0764782500010002D8,3.0,Yes,Human Body
2866537,ANCHOR_01,52:06:26:03:01:DA,-92,MFG_4C000215FDA50693A4E24FB1AFCFC6EB0764782500010002D8,3.0,Yes,Human Body
2867527,ANCHOR_01,52:06:26:03:01:DA,-90,MFG_4C000215FDA50693A4E24FB1AFCFC6EB0764782500010002D8,3.0,Yes,Human Body
2868517,ANCHOR_01,52:06:26:03:01:DA,-90,MFG_4C000215FDA50693A4E24FB1AFCFC6EB0764782500010002D8,3.0,Yes,Human Body
2869537,ANCHOR_01,52:06:26:03:01:DA,-84,MFG_4C000215FDA50693A4E24FB1AFCFC6EB0764782500010002D8,3.0,Yes,Human Body
2870527,ANCHOR_01,52:06:26:03:01:DA,-84,MFG_4C000215FDA50693A4E24FB1AFCFC6EB0764782500010002D8,3.0,Yes,Human Body
2871547,ANCHOR_01,52:06:26:03:01:DA,-82,MFG_4C000215FDA50693A4E24FB1AFCFC6EB0764782500010002D8,3.0,Yes,Human Body
2873557,ANCHOR_01,52:06:26:03:01:DA,-90,MFG_4C000215FDA50693A4E24FB1AFCFC6EB0764782500010002D8,3.0,Yes,Human Body
2874577,ANCHOR_01,52:06:26:03:01:DA,-84,MFG_4C000215FDA50693A4E24FB1AFCFC6EB0764782500010002D8,3.0,Yes,Human Body
2875567,ANCHOR_01,52:06:26:03:01:DA,-84,MFG_4C000215FDA50693A4E24FB1AFCFC6EB0764782500010002D8,3.0,Yes,Human Body
2876587,ANCHOR_01,52:06:26:03:01:DA,-81,MFG_4C000215FDA50693A4E24FB1AFCFC6EB0764782500010002D8,3.0,Yes,Human Body
2877577,ANCHOR_01,52:06:26:03:01:DA,-82,MFG_4C000215FDA50693A4E24FB1AFCFC6EB0764782500010002D8,3.0,Yes,Human Body
2878597,ANCHOR_01,52:06:26:03:01:DA,-89,MFG_4C000215FDA50693A4E24FB1AFCFC6EB0764782500010002D8,3.0,Yes,Human Body
2879587,ANCHOR_01,52:06:26:03:01:DA,-90,MFG_4C000215FDA50693A4E24FB1AFCFC6EB0764782500010002D8,3.0,Yes,Human Body
2880607,ANCHOR_01,52:06:26:03:01:DA,-84,MFG_4C000215FDA50693A4E24FB1AFCFC6EB0764782500010002D8,3.0,Yes,Human Body
2881597,ANCHOR_01,52:06:26:03:01:DA,-83,MFG_4C000215FDA50693A4E24FB1AFCFC6EB0764782500010002D8,3.0,Yes,Human Body
2882617,ANCHOR_01,52:06:26:03:01:DA,-82,MFG_4C000215FDA50693A4E24FB1AFCFC6EB0764782500010002D8,3.0,Yes,Human Body
2883607,ANCHOR_01,52:06:26:03:01:DA,-81,MFG_4C000215FDA50693A4E24FB1AFCFC6EB0764782500010002D8,3.0,Yes,Human Body
2884627,ANCHOR_01,52:06:26:03:01:DA,-90,MFG_4C000215FDA50693A4E24FB1AFCFC6EB0764782500010002D8,3.0,Yes,Human Body
2885617,ANCHOR_01,52:06:26:03:01:DA,-90,MFG_4C000215FDA50693A4E24FB1AFCFC6EB0764782500010002D8,3.0,Yes,Human Body
2886637,ANCHOR_01,52:06:26:03:01:DA,-83,MFG_4C000215FDA50693A4E24FB1AFCFC6EB0764782500010002D8,3.0,Yes,Human Body
2887627,ANCHOR_01,52:06:26:03:01:DA,-84,MFG_4C000215FDA50693A4E24FB1AFCFC6EB0764782500010002D8,3.0,Yes,Human Body
2888647,ANCHOR_01,52:06:26:03:01:DA,-81,MFG_4C000215FDA50693A4E24FB1AFCFC6EB0764782500010002D8,3.0,Yes,Human Body
2889667,ANCHOR_01,52:06:26:03:01:DA,-91,MFG_4C000215FDA50693A4E24FB1AFCFC6EB0764782500010002D8,3.0,Yes,Human Body
2890657,ANCHOR_01,52:06:26:03:01:DA,-90,MFG_4C000215FDA50693A4E24FB1AFCFC6EB0764782500010002D8,3.0,Yes,Human Body
2892667,ANCHOR_01,52:06:26:03:01:DA,-83,MFG_4C000215FDA50693A4E24FB1AFCFC6EB0764782500010002D8,3.0,Yes,Human Body
2893657,ANCHOR_01,52:06:26:03:01:DA,-83,MFG_4C000215FDA50693A4E24FB1AFCFC6EB0764782500010002D8,3.0,Yes,Human Body
2894677,ANCHOR_01,52:06:26:03:01:DA,-81,MFG_4C000215FDA50693A4E24FB1AFCFC6EB0764782500010002D8,3.0,Yes,Human Body
2895667,ANCHOR_01,52:06:26:03:01:DA,-82,MFG_4C000215FDA50693A4E24FB1AFCFC6EB0764782500010002D8,3.0,Yes,Human Body
2896687,ANCHOR_01,52:06:26:03:01:DA,-90,MFG_4C000215FDA50693A4E24FB1AFCFC6EB0764782500010002D8,3.0,Yes,Human Body
2897677,ANCHOR_01,52:06:26:03:01:DA,-91,MFG_4C000215FDA50693A4E24FB1AFCFC6EB0764782500010002D8,3.0,Yes,Human Body
2898697,ANCHOR_01,52:06:26:03:01:DA,-83,MFG_4C000215FDA50693A4E24FB1AFCFC6EB0764782500010002D8,3.0,Yes,Human Body
2899717,ANCHOR_01,52:06:26:03:01:DA,-81,MFG_4C000215FDA50693A4E24FB1AFCFC6EB0764782500010002D8,3.0,Yes,Human Body
2900707,ANCHOR_01,52:06:26:03:01:DA,-80,MFG_4C000215FDA50693A4E24FB1AFCFC6EB0764782500010002D8,3.0,Yes,Human Body
2902717,ANCHOR_01,52:06:26:03:01:DA,-91,MFG_4C000215FDA50693A4E24FB1AFCFC6EB0764782500010002D8,3.0,Yes,Human Body
2903707,ANCHOR_01,52:06:26:03:01:DA,-90,MFG_4C000215FDA50693A4E24FB1AFCFC6EB0764782500010002D8,3.0,Yes,Human Body
2904727,ANCHOR_01,52:06:26:03:01:DA,-83,MFG_4C000215FDA50693A4E24FB1AFCFC6EB0764782500010002D8,3.0,Yes,Human Body
2905747,ANCHOR_01,52:06:26:03:01:DA,-81,MFG_4C000215FDA50693A4E24FB1AFCFC6EB0764782500010002D8,3.0,Yes,Human Body
2906737,ANCHOR_01,52:06:26:03:01:DA,-83,MFG_4C000215FDA50693A4E24FB1AFCFC6EB0764782500010002D8,3.0,Yes,Human Body
2908747,ANCHOR_01,52:06:26:03:01:DA,-91,MFG_4C000215FDA50693A4E24FB1AFCFC6EB0764782500010002D8,3.0,Yes,Human Body
2909737,ANCHOR_01,52:06:26:03:01:DA,-90,MFG_4C000215FDA50693A4E24FB1AFCFC6EB0764782500010002D8,3.0,Yes,Human Body
2910757,ANCHOR_01,52:06:26:03:01:DA,-84,MFG_4C000215FDA50693A4E24FB1AFCFC6EB0764782500010002D8,3.0,Yes,Human Body
2911747,ANCHOR_01,52:06:26:03:01:DA,-83,MFG_4C000215FDA50693A4E24FB1AFCFC6EB0764782500010002D8,3.0,Yes,Human Body
2912767,ANCHOR_01,52:06:26:03:01:DA,-80,MFG_4C000215FDA50693A4E24FB1AFCFC6EB0764782500010002D8,3.0,Yes,Human Body
2913757,ANCHOR_01,52:06:26:03:01:DA,-81,MFG_4C000215FDA50693A4E24FB1AFCFC6EB0764782500010002D8,3.0,Yes,Human Body
2914777,ANCHOR_01,52:06:26:03:01:DA,-89,MFG_4C000215FDA50693A4E24FB1AFCFC6EB0764782500010002D8,3.0,Yes,Human Body
2915767,ANCHOR_01,52:06:26:03:01:DA,-91,MFG_4C000215FDA50693A4E24FB1AFCFC6EB0764782500010002D8,3.0,Yes,Human Body
2916787,ANCHOR_01,52:06:26:03:01:DA,-83,MFG_4C000215FDA50693A4E24FB1AFCFC6EB0764782500010002D8,3.0,Yes,Human Body
2917777,ANCHOR_01,52:06:26:03:01:DA,-83,MFG_4C000215FDA50693A4E24FB1AFCFC6EB0764782500010002D8,3.0,Yes,Human Body
2918797,ANCHOR_01,52:06:26:03:01:DA,-81,MFG_4C000215FDA50693A4E24FB1AFCFC6EB0764782500010002D8,3.0,Yes,Human Body
2919787,ANCHOR_01,52:06:26:03:01:DA,-81,MFG_4C000215FDA50693A4E24FB1AFCFC6EB0764782500010002D8,3.0,Yes,Human Body
2920807,ANCHOR_01,52:06:26:03:01:DA,-90,MFG_4C000215FDA50693A4E24FB1AFCFC6EB0764782500010002D8,3.0,Yes,Human Body
2921797,ANCHOR_01,52:06:26:03:01:DA,-90,MFG_4C000215FDA50693A4E24FB1AFCFC6EB0764782500010002D8,3.0,Yes,Human Body
2922817,ANCHOR_01,52:06:26:03:01:DA,-83,MFG_4C000215FDA50693A4E24FB1AFCFC6EB0764782500010002D8,3.0,Yes,Human Body
2923807,ANCHOR_01,52:06:26:03:01:DA,-83,MFG_4C000215FDA50693A4E24FB1AFCFC6EB0764782500010002D8,3.0,Yes,Human Body
2924827,ANCHOR_01,52:06:26:03:01:DA,-81,MFG_4C000215FDA50693A4E24FB1AFCFC6EB0764782500010002D8,3.0,Yes,Human Body
2925817,ANCHOR_01,52:06:26:03:01:DA,-81,MFG_4C000215FDA50693A4E24FB1AFCFC6EB0764782500010002D8,3.0,Yes,Human Body
2926837,ANCHOR_01,52:06:26:03:01:DA,-90,MFG_4C000215FDA50693A4E24FB1AFCFC6EB0764782500010002D8,3.0,Yes,Human Body
2927827,ANCHOR_01,52:06:26:03:01:DA,-90,MFG_4C000215FDA50693A4E24FB1AFCFC6EB0764782500010002D8,3.0,Yes,Human Body
2928847,ANCHOR_01,52:06:26:03:01:DA,-83,MFG_4C000215FDA50693A4E24FB1AFCFC6EB0764782500010002D8,3.0,Yes,Human Body
2929837,ANCHOR_01,52:06:26:03:01:DA,-83,MFG_4C000215FDA50693A4E24FB1AFCFC6EB0764782500010002D8,3.0,Yes,Human Body
2930857,ANCHOR_01,52:06:26:03:01:DA,-82,MFG_4C000215FDA50693A4E24FB1AFCFC6EB0764782500010002D8,3.0,Yes,Human Body
2932867,ANCHOR_01,52:06:26:03:01:DA,-90,MFG_4C000215FDA50693A4E24FB1AFCFC6EB0764782500010002D8,3.0,Yes,Human Body
2934877,ANCHOR_01,52:06:26:03:01:DA,-83,MFG_4C000215FDA50693A4E24FB1AFCFC6EB0764782500010002D8,3.0,Yes,Human Body
2935867,ANCHOR_01,52:06:26:03:01:DA,-83,MFG_4C000215FDA50693A4E24FB1AFCFC6EB0764782500010002D8,3.0,Yes,Human Body
2936887,ANCHOR_01,52:06:26:03:01:DA,-81,MFG_4C000215FDA50693A4E24FB1AFCFC6EB0764782500010002D8,3.0,Yes,Human Body
2938897,ANCHOR_01,52:06:26:03:01:DA,-91,MFG_4C000215FDA50693A4E24FB1AFCFC6EB0764782500010002D8,3.0,Yes,Human Body
2939887,ANCHOR_01,52:06:26:03:01:DA,-89,MFG_4C000215FDA50693A4E24FB1AFCFC6EB0764782500010002D8,3.0,Yes,Human Body
2940907,ANCHOR_01,52:06:26:03:01:DA,-83,MFG_4C000215FDA50693A4E24FB1AFCFC6EB0764782500010002D8,3.0,Yes,Human Body
2941897,ANCHOR_01,52:06:26:03:01:DA,-83,MFG_4C000215FDA50693A4E24FB1AFCFC6EB0764782500010002D8,3.0,Yes,Human Body
2942917,ANCHOR_01,52:06:26:03:01:DA,-82,MFG_4C000215FDA50693A4E24FB1AFCFC6EB0764782500010002D8,3.0,Yes,Human Body
2943907,ANCHOR_01,52:06:26:03:01:DA,-82,MFG_4C000215FDA50693A4E24FB1AFCFC6EB0764782500010002D8,3.0,Yes,Human Body
2944927,ANCHOR_01,52:06:26:03:01:DA,-90,MFG_4C000215FDA50693A4E24FB1AFCFC6EB0764782500010002D8,3.0,Yes,Human Body
2945917,ANCHOR_01,52:06:26:03:01:DA,-90,MFG_4C000215FDA50693A4E24FB1AFCFC6EB0764782500010002D8,3.0,Yes,Human Body
2946937,ANCHOR_01,52:06:26:03:01:DA,-83,MFG_4C000215FDA50693A4E24FB1AFCFC6EB0764782500010002D8,3.0,Yes,Human Body
2947927,ANCHOR_01,52:06:26:03:01:DA,-83,MFG_4C000215FDA50693A4E24FB1AFCFC6EB0764782500010002D8,3.0,Yes,Human Body
2948947,ANCHOR_01,52:06:26:03:01:DA,-82,MFG_4C000215FDA50693A4E24FB1AFCFC6EB0764782500010002D8,3.0,Yes,Human Body
2950957,ANCHOR_01,52:06:26:03:01:DA,-94,MFG_4C000215FDA50693A4E24FB1AFCFC6EB0764782500010002D8,3.0,Yes,Human Body
2951947,ANCHOR_01,52:06:26:03:01:DA,-95,MFG_4C000215FDA50693A4E24FB1AFCFC6EB0764782500010002D8,3.0,Yes,Human Body
2952967,ANCHOR_01,52:06:26:03:01:DA,-83,MFG_4C000215FDA50693A4E24FB1AFCFC6EB0764782500010002D8,3.0,Yes,Human Body
2953957,ANCHOR_01,52:06:26:03:01:DA,-83,MFG_4C000215FDA50693A4E24FB1AFCFC6EB0764782500010002D8,3.0,Yes,Human Body
2954977,ANCHOR_01,52:06:26:03:01:DA,-81,MFG_4C000215FDA50693A4E24FB1AFCFC6EB0764782500010002D8,3.0,Yes,Human Body
2955967,ANCHOR_01,52:06:26:03:01:DA,-82,MFG_4C000215FDA50693A4E24FB1AFCFC6EB0764782500010002D8,3.0,Yes,Human Body
2956987,ANCHOR_01,52:06:26:03:01:DA,-91,MFG_4C000215FDA50693A4E24FB1AFCFC6EB0764782500010002D8,3.0,Yes,Human Body
2957977,ANCHOR_01,52:06:26:03:01:DA,-89,MFG_4C000215FDA50693A4E24FB1AFCFC6EB0764782500010002D8,3.0,Yes,Human Body
2958997,ANCHOR_01,52:06:26:03:01:DA,-83,MFG_4C000215FDA50693A4E24FB1AFCFC6EB0764782500010002D8,3.0,Yes,Human Body
2959987,ANCHOR_01,52:06:26:03:01:DA,-83,MFG_4C000215FDA50693A4E24FB1AFCFC6EB0764782500010002D8,3.0,Yes,Human Body
2961007,ANCHOR_01,52:06:26:03:01:DA,-81,MFG_4C000215FDA50693A4E24FB1AFCFC6EB0764782500010002D8,3.0,Yes,Human Body
2963017,ANCHOR_01,52:06:26:03:01:DA,-89,MFG_4C000215FDA50693A4E24FB1AFCFC6EB0764782500010002D8,3.0,Yes,Human Body
2964037,ANCHOR_01,52:06:26:03:01:DA,-83,MFG_4C000215FDA50693A4E24FB1AFCFC6EB0764782500010002D8,3.0,Yes,Human Body
2965027,ANCHOR_01,52:06:26:03:01:DA,-83,MFG_4C000215FDA50693A4E24FB1AFCFC6EB0764782500010002D8,3.0,Yes,Human Body
2966047,ANCHOR_01,52:06:26:03:01:DA,-81,MFG_4C000215FDA50693A4E24FB1AFCFC6EB0764782500010002D8,3.0,Yes,Human Body
2967037,ANCHOR_01,52:06:26:03:01:DA,-81,MFG_4C000215FDA50693A4E24FB1AFCFC6EB0764782500010002D8,3.0,Yes,Human Body
2969047,ANCHOR_01,52:06:26:03:01:DA,-90,MFG_4C000215FDA50693A4E24FB1AFCFC6EB0764782500010002D8,3.0,Yes,Human Body
2970067,ANCHOR_01,52:06:26:03:01:DA,-83,MFG_4C000215FDA50693A4E24FB1AFCFC6EB0764782500010002D8,3.0,Yes,Human Body
2971057,ANCHOR_01,52:06:26:03:01:DA,-83,MFG_4C000215FDA50693A4E24FB1AFCFC6EB0764782500010002D8,3.0,Yes,Human Body
2972077,ANCHOR_01,52:06:26:03:01:DA,-82,MFG_4C000215FDA50693A4E24FB1AFCFC6EB0764782500010002D8,3.0,Yes,Human Body
2973067,ANCHOR_01,52:06:26:03:01:DA,-82,MFG_4C000215FDA50693A4E24FB1AFCFC6EB0764782500010002D8,3.0,Yes,Human Body
2974087,ANCHOR_01,52:06:26:03:01:DA,-89,MFG_4C000215FDA50693A4E24FB1AFCFC6EB0764782500010002D8,3.0,Yes,Human Body
2975077,ANCHOR_01,52:06:26:03:01:DA,-92,MFG_4C000215FDA50693A4E24FB1AFCFC6EB0764782500010002D8,3.0,Yes,Human Body
2976097,ANCHOR_01,52:06:26:03:01:DA,-83,MFG_4C000215FDA50693A4E24FB1AFCFC6EB0764782500010002D8,3.0,Yes,Human Body
2977087,ANCHOR_01,52:06:26:03:01:DA,-83,MFG_4C000215FDA50693A4E24FB1AFCFC6EB0764782500010002D8,3.0,Yes,Human Body
2978107,ANCHOR_01,52:06:26:03:01:DA,-81,MFG_4C000215FDA50693A4E24FB1AFCFC6EB0764782500010002D8,3.0,Yes,Human Body
2979097,ANCHOR_01,52:06:26:03:01:DA,-82,MFG_4C000215FDA50693A4E24FB1AFCFC6EB0764782500010002D8,3.0,Yes,Human Body
2980117,ANCHOR_01,52:06:26:03:01:DA,-89,MFG_4C000215FDA50693A4E24FB1AFCFC6EB0764782500010002D8,3.0,Yes,Human Body
2981107,ANCHOR_01,52:06:26:03:01:DA,-90,MFG_4C000215FDA50693A4E24FB1AFCFC6EB0764782500010002D8,3.0,Yes,Human Body
2982127,ANCHOR_01,52:06:26:03:01:DA,-83,MFG_4C000215FDA50693A4E24FB1AFCFC6EB0764782500010002D8,3.0,Yes,Human Body
2983117,ANCHOR_01,52:06:26:03:01:DA,-83,MFG_4C000215FDA50693A4E24FB1AFCFC6EB0764782500010002D8,3.0,Yes,Human Body
2984137,ANCHOR_01,52:06:26:03:01:DA,-81,MFG_4C000215FDA50693A4E24FB1AFCFC6EB0764782500010002D8,3.0,Yes,Human Body
2985127,ANCHOR_01,52:06:26:03:01:DA,-81,MFG_4C000215FDA50693A4E24FB1AFCFC6EB0764782500010002D8,3.0,Yes,Human Body
2986147,ANCHOR_01,52:06:26:03:01:DA,-89,MFG_4C000215FDA50693A4E24FB1AFCFC6EB0764782500010002D8,3.0,Yes,Human Body
2987137,ANCHOR_01,52:06:26:03:01:DA,-90,MFG_4C000215FDA50693A4E24FB1AFCFC6EB0764782500010002D8,3.0,Yes,Human Body
2989147,ANCHOR_01,52:06:26:03:01:DA,-84,MFG_4C000215FDA50693A4E24FB1AFCFC6EB0764782500010002D8,3.0,Yes,Human Body
2990167,ANCHOR_01,52:06:26:03:01:DA,-81,MFG_4C000215FDA50693A4E24FB1AFCFC6EB0764782500010002D8,3.0,Yes,Human Body
2991157,ANCHOR_01,52:06:26:03:01:DA,-82,MFG_4C000215FDA50693A4E24FB1AFCFC6EB0764782500010002D8,3.0,Yes,Human Body
2992177,ANCHOR_01,52:06:26:03:01:DA,-91,MFG_4C000215FDA50693A4E24FB1AFCFC6EB0764782500010002D8,3.0,Yes,Human Body
2993167,ANCHOR_01,52:06:26:03:01:DA,-89,MFG_4C000215FDA50693A4E24FB1AFCFC6EB0764782500010002D8,3.0,Yes,Human Body
2994187,ANCHOR_01,52:06:26:03:01:DA,-84,MFG_4C000215FDA50693A4E24FB1AFCFC6EB0764782500010002D8,3.0,Yes,Human Body
2995177,ANCHOR_01,52:06:26:03:01:DA,-83,MFG_4C000215FDA50693A4E24FB1AFCFC6EB0764782500010002D8,3.0,Yes,Human Body
2996197,ANCHOR_01,52:06:26:03:01:DA,-81,MFG_4C000215FDA50693A4E24FB1AFCFC6EB0764782500010002D8,3.0,Yes,Human Body
2998207,ANCHOR_01,52:06:26:03:01:DA,-91,MFG_4C000215FDA50693A4E24FB1AFCFC6EB0764782500010002D8,3.0,Yes,Human Body
2999197,ANCHOR_01,52:06:26:03:01:DA,-91,MFG_4C000215FDA50693A4E24FB1AFCFC6EB0764782500010002D8,3.0,Yes,Human Body
3000217,ANCHOR_01,52:06:26:03:01:DA,-83,MFG_4C000215FDA50693A4E24FB1AFCFC6EB0764782500010002D8,3.0,Yes,Human Body
3001207,ANCHOR_01,52:06:26:03:01:DA,-84,MFG_4C000215FDA50693A4E24FB1AFCFC6EB0764782500010002D8,3.0,Yes,Human Body
3002227,ANCHOR_01,52:06:26:03:01:DA,-80,MFG_4C000215FDA50693A4E24FB1AFCFC6EB0764782500010002D8,3.0,Yes,Human Body
3003217,ANCHOR_01,52:06:26:03:01:DA,-80,MFG_4C000215FDA50693A4E24FB1AFCFC6EB0764782500010002D8,3.0,Yes,Human Body
3004237,ANCHOR_01,52:06:26:03:01:DA,-91,MFG_4C000215FDA50693A4E24FB1AFCFC6EB0764782500010002D8,3.0,Yes,Human Body
3006247,ANCHOR_01,52:06:26:03:01:DA,-83,MFG_4C000215FDA50693A4E24FB1AFCFC6EB0764782500010002D8,3.0,Yes,Human Body
3007267,ANCHOR_01,52:06:26:03:01:DA,-80,MFG_4C000215FDA50693A4E24FB1AFCFC6EB0764782500010002D8,3.0,Yes,Human Body
3008257,ANCHOR_01,52:06:26:03:01:DA,-81,MFG_4C000215FDA50693A4E24FB1AFCFC6EB0764782500010002D8,3.0,Yes,Human Body
3010267,ANCHOR_01,52:06:26:03:01:DA,-91,MFG_4C000215FDA50693A4E24FB1AFCFC6EB0764782500010002D8,3.0,Yes,Human Body
3012277,ANCHOR_01,52:06:26:03:01:DA,-83,MFG_4C000215FDA50693A4E24FB1AFCFC6EB0764782500010002D8,3.0,Yes,Human Body
3013267,ANCHOR_01,52:06:26:03:01:DA,-83,MFG_4C000215FDA50693A4E24FB1AFCFC6EB0764782500010002D8,3.0,Yes,Human Body
3014287,ANCHOR_01,52:06:26:03:01:DA,-80,MFG_4C000215FDA50693A4E24FB1AFCFC6EB0764782500010002D8,3.0,Yes,Human Body
3016297,ANCHOR_01,52:06:26:03:01:DA,-92,MFG_4C000215FDA50693A4E24FB1AFCFC6EB0764782500010002D8,3.0,Yes,Human Body
3017317,ANCHOR_01,52:06:26:03:01:DA,-83,MFG_4C000215FDA50693A4E24FB1AFCFC6EB0764782500010002D8,3.0,Yes,Human Body
3018307,ANCHOR_01,52:06:26:03:01:DA,-83,MFG_4C000215FDA50693A4E24FB1AFCFC6EB0764782500010002D8,3.0,Yes,Human Body
3019327,ANCHOR_01,52:06:26:03:01:DA,-80,MFG_4C000215FDA50693A4E24FB1AFCFC6EB0764782500010002D8,3.0,Yes,Human Body
3021337,ANCHOR_01,52:06:26:03:01:DA,-90,MFG_4C000215FDA50693A4E24FB1AFCFC6EB0764782500010002D8,3.0,Yes,Human Body
3022357,ANCHOR_01,52:06:26:03:01:DA,-83,MFG_4C000215FDA50693A4E24FB1AFCFC6EB0764782500010002D8,3.0,Yes,Human Body
3023347,ANCHOR_01,52:06:26:03:01:DA,-83,MFG_4C000215FDA50693A4E24FB1AFCFC6EB0764782500010002D8,3.0,Yes,Human Body
3024367,ANCHOR_01,52:06:26:03:01:DA,-79,MFG_4C000215FDA50693A4E24FB1AFCFC6EB0764782500010002D8,3.0,Yes,Human Body
3025357,ANCHOR_01,52:06:26:03:01:DA,-81,MFG_4C000215FDA50693A4E24FB1AFCFC6EB0764782500010002D8,3.0,Yes,Human Body
3027367,ANCHOR_01,52:06:26:03:01:DA,-91,MFG_4C000215FDA50693A4E24FB1AFCFC6EB0764782500010002D8,3.0,Yes,Human Body
3028387,ANCHOR_01,52:06:26:03:01:DA,-83,MFG_4C000215FDA50693A4E24FB1AFCFC6EB0764782500010002D8,3.0,Yes,Human Body
3029377,ANCHOR_01,52:06:26:03:01:DA,-83,MFG_4C000215FDA50693A4E24FB1AFCFC6EB0764782500010002D8,3.0,Yes,Human Body
3030397,ANCHOR_01,52:06:26:03:01:DA,-80,MFG_4C000215FDA50693A4E24FB1AFCFC6EB0764782500010002D8,3.0,Yes,Human Body
3031387,ANCHOR_01,52:06:26:03:01:DA,-80,MFG_4C000215FDA50693A4E24FB1AFCFC6EB0764782500010002D8,3.0,Yes,Human Body
3033397,ANCHOR_01,52:06:26:03:01:DA,-93,MFG_4C000215FDA50693A4E24FB1AFCFC6EB0764782500010002D8,3.0,Yes,Human Body
3034387,ANCHOR_01,52:06:26:03:01:DA,-92,MFG_4C000215FDA50693A4E24FB1AFCFC6EB0764782500010002D8,3.0,Yes,Human Body
3035407,ANCHOR_01,52:06:26:03:01:DA,-83,MFG_4C000215FDA50693A4E24FB1AFCFC6EB0764782500010002D8,3.0,Yes,Human Body
3036397,ANCHOR_01,52:06:26:03:01:DA,-83,MFG_4C000215FDA50693A4E24FB1AFCFC6EB0764782500010002D8,3.0,Yes,Human Body
3037417,ANCHOR_01,52:06:26:03:01:DA,-80,MFG_4C000215FDA50693A4E24FB1AFCFC6EB0764782500010002D8,3.0,Yes,Human Body
3038407,ANCHOR_01,52:06:26:03:01:DA,-81,MFG_4C000215FDA50693A4E24FB1AFCFC6EB0764782500010002D8,3.0,Yes,Human Body
3040417,ANCHOR_01,52:06:26:03:01:DA,-90,MFG_4C000215FDA50693A4E24FB1AFCFC6EB0764782500010002D8,3.0,Yes,Human Body
3042427,ANCHOR_01,52:06:26:03:01:DA,-83,MFG_4C000215FDA50693A4E24FB1AFCFC6EB0764782500010002D8,3.0,Yes,Human Body
3044437,ANCHOR_01,52:06:26:03:01:DA,-81,MFG_4C000215FDA50693A4E24FB1AFCFC6EB0764782500010002D8,3.0,Yes,Human Body
3045427,ANCHOR_01,52:06:26:03:01:DA,-81,MFG_4C000215FDA50693A4E24FB1AFCFC6EB0764782500010002D8,3.0,Yes,Human Body
3046447,ANCHOR_01,52:06:26:03:01:DA,-91,MFG_4C000215FDA50693A4E24FB1AFCFC6EB0764782500010002D8,3.0,Yes,Human Body
3047437,ANCHOR_01,52:06:26:03:01:DA,-91,MFG_4C000215FDA50693A4E24FB1AFCFC6EB0764782500010002D8,3.0,Yes,Human Body
3048457,ANCHOR_01,52:06:26:03:01:DA,-83,MFG_4C000215FDA50693A4E24FB1AFCFC6EB0764782500010002D8,3.0,Yes,Human Body
3049447,ANCHOR_01,52:06:26:03:01:DA,-83,MFG_4C000215FDA50693A4E24FB1AFCFC6EB0764782500010002D8,3.0,Yes,Human Body
3050467,ANCHOR_01,52:06:26:03:01:DA,-81,MFG_4C000215FDA50693A4E24FB1AFCFC6EB0764782500010002D8,3.0,Yes,Human Body
3051457,ANCHOR_01,52:06:26:03:01:DA,-82,MFG_4C000215FDA50693A4E24FB1AFCFC6EB0764782500010002D8,3.0,Yes,Human Body
3052477,ANCHOR_01,52:06:26:03:01:DA,-91,MFG_4C000215FDA50693A4E24FB1AFCFC6EB0764782500010002D8,3.0,Yes,Human Body
3053467,ANCHOR_01,52:06:26:03:01:DA,-90,MFG_4C000215FDA50693A4E24FB1AFCFC6EB0764782500010002D8,3.0,Yes,Human Body
3054487,ANCHOR_01,52:06:26:03:01:DA,-83,MFG_4C000215FDA50693A4E24FB1AFCFC6EB0764782500010002D8,3.0,Yes,Human Body
3055477,ANCHOR_01,52:06:26:03:01:DA,-83,MFG_4C000215FDA50693A4E24FB1AFCFC6EB0764782500010002D8,3.0,Yes,Human Body
3056497,ANCHOR_01,52:06:26:03:01:DA,-80,MFG_4C000215FDA50693A4E24FB1AFCFC6EB0764782500010002D8,3.0,Yes,Human Body
3057487,ANCHOR_01,52:06:26:03:01:DA,-81,MFG_4C000215FDA50693A4E24FB1AFCFC6EB0764782500010002D8,3.0,Yes,Human Body
3058507,ANCHOR_01,52:06:26:03:01:DA,-91,MFG_4C000215FDA50693A4E24FB1AFCFC6EB0764782500010002D8,3.0,Yes,Human Body
3059497,ANCHOR_01,52:06:26:03:01:DA,-92,MFG_4C000215FDA50693A4E24FB1AFCFC6EB0764782500010002D8,3.0,Yes,Human Body
3060517,ANCHOR_01,52:06:26:03:01:DA,-84,MFG_4C000215FDA50693A4E24FB1AFCFC6EB0764782500010002D8,3.0,Yes,Human Body
3061507,ANCHOR_01,52:06:26:03:01:DA,-84,MFG_4C000215FDA50693A4E24FB1AFCFC6EB0764782500010002D8,3.0,Yes,Human Body
3062497,ANCHOR_01,52:06:26:03:01:DA,-83,MFG_4C000215FDA50693A4E24FB1AFCFC6EB0764782500010002D8,3.0,Yes,Human Body
3063517,ANCHOR_01,52:06:26:03:01:DA,-81,MFG_4C000215FDA50693A4E24FB1AFCFC6EB0764782500010002D8,3.0,Yes,Human Body
3064507,ANCHOR_01,52:06:26:03:01:DA,-80,MFG_4C000215FDA50693A4E24FB1AFCFC6EB0764782500010002D8,3.0,Yes,Human Body
3066517,ANCHOR_01,52:06:26:03:01:DA,-91,MFG_4C000215FDA50693A4E24FB1AFCFC6EB0764782500010002D8,3.0,Yes,Human Body
3067537,ANCHOR_01,52:06:26:03:01:DA,-83,MFG_4C000215FDA50693A4E24FB1AFCFC6EB0764782500010002D8,3.0,Yes,Human Body
3068527,ANCHOR_01,52:06:26:03:01:DA,-84,MFG_4C000215FDA50693A4E24FB1AFCFC6EB0764782500010002D8,3.0,Yes,Human Body
3069517,ANCHOR_01,52:06:26:03:01:DA,-83,MFG_4C000215FDA50693A4E24FB1AFCFC6EB0764782500010002D8,3.0,Yes,Human Body
3070537,ANCHOR_01,52:06:26:03:01:DA,-79,MFG_4C000215FDA50693A4E24FB1AFCFC6EB0764782500010002D8,3.0,Yes,Human Body
3071527,ANCHOR_01,52:06:26:03:01:DA,-80,MFG_4C000215FDA50693A4E24FB1AFCFC6EB0764782500010002D8,3.0,Yes,Human Body
3072547,ANCHOR_01,52:06:26:03:01:DA,-90,MFG_4C000215FDA50693A4E24FB1AFCFC6EB0764782500010002D8,3.0,Yes,Human Body
3073537,ANCHOR_01,52:06:26:03:01:DA,-92,MFG_4C000215FDA50693A4E24FB1AFCFC6EB0764782500010002D8,3.0,Yes,Human Body
3074557,ANCHOR_01,52:06:26:03:01:DA,-84,MFG_4C000215FDA50693A4E24FB1AFCFC6EB0764782500010002D8,3.0,Yes,Human Body
3075547,ANCHOR_01,52:06:26:03:01:DA,-84,MFG_4C000215FDA50693A4E24FB1AFCFC6EB0764782500010002D8,3.0,Yes,Human Body
3076567,ANCHOR_01,52:06:26:03:01:DA,-80,MFG_4C000215FDA50693A4E24FB1AFCFC6EB0764782500010002D8,3.0,Yes,Human Body
3077557,ANCHOR_01,52:06:26:03:01:DA,-80,MFG_4C000215FDA50693A4E24FB1AFCFC6EB0764782500010002D8,3.0,Yes,Human Body
3078577,ANCHOR_01,52:06:26:03:01:DA,-93,MFG_4C000215FDA50693A4E24FB1AFCFC6EB0764782500010002D8,3.0,Yes,Human Body
3079597,ANCHOR_01,52:06:26:03:01:DA,-83,MFG_4C000215FDA50693A4E24FB1AFCFC6EB0764782500010002D8,3.0,Yes,Human Body
3080587,ANCHOR_01,52:06:26:03:01:DA,-83,MFG_4C000215FDA50693A4E24FB1AFCFC6EB0764782500010002D8,3.0,Yes,Human Body
3081577,ANCHOR_01,52:06:26:03:01:DA,-83,MFG_4C000215FDA50693A4E24FB1AFCFC6EB0764782500010002D8,3.0,Yes,Human Body
3082597,ANCHOR_01,52:06:26:03:01:DA,-79,MFG_4C000215FDA50693A4E24FB1AFCFC6EB0764782500010002D8,3.0,Yes,Human Body
3083587,ANCHOR_01,52:06:26:03:01:DA,-80,MFG_4C000215FDA50693A4E24FB1AFCFC6EB0764782500010002D8,3.0,Yes,Human Body
3084607,ANCHOR_01,52:06:26:03:01:DA,-91,MFG_4C000215FDA50693A4E24FB1AFCFC6EB0764782500010002D8,3.0,Yes,Human Body
3085597,ANCHOR_01,52:06:26:03:01:DA,-91,MFG_4C000215FDA50693A4E24FB1AFCFC6EB0764782500010002D8,3.0,Yes,Human Body
3086617,ANCHOR_01,52:06:26:03:01:DA,-83,MFG_4C000215FDA50693A4E24FB1AFCFC6EB0764782500010002D8,3.0,Yes,Human Body
3087607,ANCHOR_01,52:06:26:03:01:DA,-83,MFG_4C000215FDA50693A4E24FB1AFCFC6EB0764782500010002D8,3.0,Yes,Human Body
3088627,ANCHOR_01,52:06:26:03:01:DA,-80,MFG_4C000215FDA50693A4E24FB1AFCFC6EB0764782500010002D8,3.0,Yes,Human Body
3089617,ANCHOR_01,52:06:26:03:01:DA,-79,MFG_4C000215FDA50693A4E24FB1AFCFC6EB0764782500010002D8,3.0,Yes,Human Body
3090607,ANCHOR_01,52:06:26:03:01:DA,-81,MFG_4C000215FDA50693A4E24FB1AFCFC6EB0764782500010002D8,3.0,Yes,Human Body
3091627,ANCHOR_01,52:06:26:03:01:DA,-88,MFG_4C000215FDA50693A4E24FB1AFCFC6EB0764782500010002D8,3.0,Yes,Human Body
3093637,ANCHOR_01,52:06:26:03:01:DA,-83,MFG_4C000215FDA50693A4E24FB1AFCFC6EB0764782500010002D8,3.0,Yes,Human Body
3094627,ANCHOR_01,52:06:26:03:01:DA,-84,MFG_4C000215FDA50693A4E24FB1AFCFC6EB0764782500010002D8,3.0,Yes,Human Body
3095647,ANCHOR_01,52:06:26:03:01:DA,-80,MFG_4C000215FDA50693A4E24FB1AFCFC6EB0764782500010002D8,3.0,Yes,Human Body
3096637,ANCHOR_01,52:06:26:03:01:DA,-80,MFG_4C000215FDA50693A4E24FB1AFCFC6EB0764782500010002D8,3.0,Yes,Human Body
3098647,ANCHOR_01,52:06:26:03:01:DA,-89,MFG_4C000215FDA50693A4E24FB1AFCFC6EB0764782500010002D8,3.0,Yes,Human Body
3099667,ANCHOR_01,52:06:26:03:01:DA,-83,MFG_4C000215FDA50693A4E24FB1AFCFC6EB0764782500010002D8,3.0,Yes,Human Body
3100657,ANCHOR_01,52:06:26:03:01:DA,-83,MFG_4C000215FDA50693A4E24FB1AFCFC6EB0764782500010002D8,3.0,Yes,Human Body
3101677,ANCHOR_01,52:06:26:03:01:DA,-80,MFG_4C000215FDA50693A4E24FB1AFCFC6EB0764782500010002D8,3.0,Yes,Human Body
3102667,ANCHOR_01,52:06:26:03:01:DA,-81,MFG_4C000215FDA50693A4E24FB1AFCFC6EB0764782500010002D8,3.0,Yes,Human Body
3103687,ANCHOR_01,52:06:26:03:01:DA,-91,MFG_4C000215FDA50693A4E24FB1AFCFC6EB0764782500010002D8,3.0,Yes,Human Body
3104677,ANCHOR_01,52:06:26:03:01:DA,-92,MFG_4C000215FDA50693A4E24FB1AFCFC6EB0764782500010002D8,3.0,Yes,Human Body
3105697,ANCHOR_01,52:06:26:03:01:DA,-83,MFG_4C000215FDA50693A4E24FB1AFCFC6EB0764782500010002D8,3.0,Yes,Human Body
3106687,ANCHOR_01,52:06:26:03:01:DA,-84,MFG_4C000215FDA50693A4E24FB1AFCFC6EB0764782500010002D8,3.0,Yes,Human Body
3107707,ANCHOR_01,52:06:26:03:01:DA,-80,MFG_4C000215FDA50693A4E24FB1AFCFC6EB0764782500010002D8,3.0,Yes,Human Body
3108697,ANCHOR_01,52:06:26:03:01:DA,-81,MFG_4C000215FDA50693A4E24FB1AFCFC6EB0764782500010002D8,3.0,Yes,Human Body
3109717,ANCHOR_01,52:06:26:03:01:DA,-91,MFG_4C000215FDA50693A4E24FB1AFCFC6EB0764782500010002D8,3.0,Yes,Human Body
3110707,ANCHOR_01,52:06:26:03:01:DA,-92,MFG_4C000215FDA50693A4E24FB1AFCFC6EB0764782500010002D8,3.0,Yes,Human Body
3111727,ANCHOR_01,52:06:26:03:01:DA,-83,MFG_4C000215FDA50693A4E24FB1AFCFC6EB0764782500010002D8,3.0,Yes,Human Body
3112717,ANCHOR_01,52:06:26:03:01:DA,-83,MFG_4C000215FDA50693A4E24FB1AFCFC6EB0764782500010002D8,3.0,Yes,Human Body
3113737,ANCHOR_01,52:06:26:03:01:DA,-81,MFG_4C000215FDA50693A4E24FB1AFCFC6EB0764782500010002D8,3.0,Yes,Human Body
3114727,ANCHOR_01,52:06:26:03:01:DA,-80,MFG_4C000215FDA50693A4E24FB1AFCFC6EB0764782500010002D8,3.0,Yes,Human Body
3116737,ANCHOR_01,52:06:26:03:01:DA,-92,MFG_4C000215FDA50693A4E24FB1AFCFC6EB0764782500010002D8,3.0,Yes,Human Body
3117727,ANCHOR_01,52:06:26:03:01:DA,-95,MFG_4C000215FDA50693A4E24FB1AFCFC6EB0764782500010002D8,3.0,Yes,Human Body
3118747,ANCHOR_01,52:06:26:03:01:DA,-83,MFG_4C000215FDA50693A4E24FB1AFCFC6EB0764782500010002D8,3.0,Yes,Human Body
3119737,ANCHOR_01,52:06:26:03:01:DA,-83,MFG_4C000215FDA50693A4E24FB1AFCFC6EB0764782500010002D8,3.0,Yes,Human Body
3120757,ANCHOR_01,52:06:26:03:01:DA,-80,MFG_4C000215FDA50693A4E24FB1AFCFC6EB0764782500010002D8,3.0,Yes,Human Body
3121747,ANCHOR_01,52:06:26:03:01:DA,-80,MFG_4C000215FDA50693A4E24FB1AFCFC6EB0764782500010002D8,3.0,Yes,Human Body
3122767,ANCHOR_01,52:06:26:03:01:DA,-93,MFG_4C000215FDA50693A4E24FB1AFCFC6EB0764782500010002D8,3.0,Yes,Human Body
3123757,ANCHOR_01,52:06:26:03:01:DA,-92,MFG_4C000215FDA50693A4E24FB1AFCFC6EB0764782500010002D8,3.0,Yes,Human Body
3124777,ANCHOR_01,52:06:26:03:01:DA,-83,MFG_4C000215FDA50693A4E24FB1AFCFC6EB0764782500010002D8,3.0,Yes,Human Body
3125767,ANCHOR_01,52:06:26:03:01:DA,-83,MFG_4C000215FDA50693A4E24FB1AFCFC6EB0764782500010002D8,3.0,Yes,Human Body
3126787,ANCHOR_01,52:06:26:03:01:DA,-80,MFG_4C000215FDA50693A4E24FB1AFCFC6EB0764782500010002D8,3.0,Yes,Human Body
3127777,ANCHOR_01,52:06:26:03:01:DA,-81,MFG_4C000215FDA50693A4E24FB1AFCFC6EB0764782500010002D8,3.0,Yes,Human Body
3128797,ANCHOR_01,52:06:26:03:01:DA,-93,MFG_4C000215FDA50693A4E24FB1AFCFC6EB0764782500010002D8,3.0,Yes,Human Body
3131797,ANCHOR_01,52:06:26:03:01:DA,-83,MFG_4C000215FDA50693A4E24FB1AFCFC6EB0764782500010002D8,3.0,Yes,Human Body
3132787,ANCHOR_01,52:06:26:03:01:DA,-82,MFG_4C000215FDA50693A4E24FB1AFCFC6EB0764782500010002D8,3.0,Yes,Human Body
3133807,ANCHOR_01,52:06:26:03:01:DA,-81,MFG_4C000215FDA50693A4E24FB1AFCFC6EB0764782500010002D8,3.0,Yes,Human Body
3135817,ANCHOR_01,52:06:26:03:01:DA,-93,MFG_4C000215FDA50693A4E24FB1AFCFC6EB0764782500010002D8,3.0,Yes,Human Body
3136837,ANCHOR_01,52:06:26:03:01:DA,-83,MFG_4C000215FDA50693A4E24FB1AFCFC6EB0764782500010002D8,3.0,Yes,Human Body
3137827,ANCHOR_01,52:06:26:03:01:DA,-83,MFG_4C000215FDA50693A4E24FB1AFCFC6EB0764782500010002D8,3.0,Yes,Human Body
3138847,ANCHOR_01,52:06:26:03:01:DA,-80,MFG_4C000215FDA50693A4E24FB1AFCFC6EB0764782500010002D8,3.0,Yes,Human Body
3139837,ANCHOR_01,52:06:26:03:01:DA,-81,MFG_4C000215FDA50693A4E24FB1AFCFC6EB0764782500010002D8,3.0,Yes,Human Body
3140857,ANCHOR_01,52:06:26:03:01:DA,-92,MFG_4C000215FDA50693A4E24FB1AFCFC6EB0764782500010002D8,3.0,Yes,Human Body
3141847,ANCHOR_01,52:06:26:03:01:DA,-93,MFG_4C000215FDA50693A4E24FB1AFCFC6EB0764782500010002D8,3.0,Yes,Human Body
3142867,ANCHOR_01,52:06:26:03:01:DA,-83,MFG_4C000215FDA50693A4E24FB1AFCFC6EB0764782500010002D8,3.0,Yes,Human Body
3143857,ANCHOR_01,52:06:26:03:01:DA,-84,MFG_4C000215FDA50693A4E24FB1AFCFC6EB0764782500010002D8,3.0,Yes,Human Body
3144877,ANCHOR_01,52:06:26:03:01:DA,-81,MFG_4C000215FDA50693A4E24FB1AFCFC6EB0764782500010002D8,3.0,Yes,Human Body
3146887,ANCHOR_01,52:06:26:03:01:DA,-94,MFG_4C000215FDA50693A4E24FB1AFCFC6EB0764782500010002D8,3.0,Yes,Human Body
3147877,ANCHOR_01,52:06:26:03:01:DA,-94,MFG_4C000215FDA50693A4E24FB1AFCFC6EB0764782500010002D8,3.0,Yes,Human Body
3148897,ANCHOR_01,52:06:26:03:01:DA,-82,MFG_4C000215FDA50693A4E24FB1AFCFC6EB0764782500010002D8,3.0,Yes,Human Body
3149887,ANCHOR_01,52:06:26:03:01:DA,-82,MFG_4C000215FDA50693A4E24FB1AFCFC6EB0764782500010002D8,3.0,Yes,Human Body
3150907,ANCHOR_01,52:06:26:03:01:DA,-80,MFG_4C000215FDA50693A4E24FB1AFCFC6EB0764782500010002D8,3.0,Yes,Human Body
3151897,ANCHOR_01,52:06:26:03:01:DA,-81,MFG_4C000215FDA50693A4E24FB1AFCFC6EB0764782500010002D8,3.0,Yes,Human Body
3153907,ANCHOR_01,52:06:26:03:01:DA,-92,MFG_4C000215FDA50693A4E24FB1AFCFC6EB0764782500010002D8,3.0,Yes,Human Body
3154897,ANCHOR_01,52:06:26:03:01:DA,-94,MFG_4C000215FDA50693A4E24FB1AFCFC6EB0764782500010002D8,3.0,Yes,Human Body
3155917,ANCHOR_01,52:06:26:03:01:DA,-83,MFG_4C000215FDA50693A4E24FB1AFCFC6EB0764782500010002D8,3.0,Yes,Human Body
3156907,ANCHOR_01,52:06:26:03:01:DA,-82,MFG_4C000215FDA50693A4E24FB1AFCFC6EB0764782500010002D8,3.0,Yes,Human Body
3157927,ANCHOR_01,52:06:26:03:01:DA,-80,MFG_4C000215FDA50693A4E24FB1AFCFC6EB0764782500010002D8,3.0,Yes,Human Body
3158917,ANCHOR_01,52:06:26:03:01:DA,-80,MFG_4C000215FDA50693A4E24FB1AFCFC6EB0764782500010002D8,3.0,Yes,Human Body
3159937,ANCHOR_01,52:06:26:03:01:DA,-93,MFG_4C000215FDA50693A4E24FB1AFCFC6EB0764782500010002D8,3.0,Yes,Human Body
3161947,ANCHOR_01,52:06:26:03:01:DA,-83,MFG_4C000215FDA50693A4E24FB1AFCFC6EB0764782500010002D8,3.0,Yes,Human Body
3162967,ANCHOR_01,52:06:26:03:01:DA,-81,MFG_4C000215FDA50693A4E24FB1AFCFC6EB0764782500010002D8,3.0,Yes,Human Body
3163957,ANCHOR_01,52:06:26:03:01:DA,-81,MFG_4C000215FDA50693A4E24FB1AFCFC6EB0764782500010002D8,3.0,Yes,Human Body
3164977,ANCHOR_01,52:06:26:03:01:DA,-92,MFG_4C000215FDA50693A4E24FB1AFCFC6EB0764782500010002D8,3.0,Yes,Human Body
3165967,ANCHOR_01,52:06:26:03:01:DA,-97,MFG_4C000215FDA50693A4E24FB1AFCFC6EB0764782500010002D8,3.0,Yes,Human Body
3166987,ANCHOR_01,52:06:26:03:01:DA,-83,MFG_4C000215FDA50693A4E24FB1AFCFC6EB0764782500010002D8,3.0,Yes,Human Body
3167977,ANCHOR_01,52:06:26:03:01:DA,-83,MFG_4C000215FDA50693A4E24FB1AFCFC6EB0764782500010002D8,3.0,Yes,Human Body
3169987,ANCHOR_01,52:06:26:03:01:DA,-80,MFG_4C000215FDA50693A4E24FB1AFCFC6EB0764782500010002D8,3.0,Yes,Human Body
3171007,ANCHOR_01,52:06:26:03:01:DA,-95,MFG_4C000215FDA50693A4E24FB1AFCFC6EB0764782500010002D8,3.0,Yes,Human Body
3171997,ANCHOR_01,52:06:26:03:01:DA,-91,MFG_4C000215FDA50693A4E24FB1AFCFC6EB0764782500010002D8,3.0,Yes,Human Body
3173017,ANCHOR_01,52:06:26:03:01:DA,-83,MFG_4C000215FDA50693A4E24FB1AFCFC6EB0764782500010002D8,3.0,Yes,Human Body
3174007,ANCHOR_01,52:06:26:03:01:DA,-83,MFG_4C000215FDA50693A4E24FB1AFCFC6EB0764782500010002D8,3.0,Yes,Human Body
3175027,ANCHOR_01,52:06:26:03:01:DA,-81,MFG_4C000215FDA50693A4E24FB1AFCFC6EB0764782500010002D8,3.0,Yes,Human Body
3176017,ANCHOR_01,52:06:26:03:01:DA,-81,MFG_4C000215FDA50693A4E24FB1AFCFC6EB0764782500010002D8,3.0,Yes,Human Body
3177037,ANCHOR_01,52:06:26:03:01:DA,-93,MFG_4C000215FDA50693A4E24FB1AFCFC6EB0764782500010002D8,3.0,Yes,Human Body
3179047,ANCHOR_01,52:06:26:03:01:DA,-83,MFG_4C000215FDA50693A4E24FB1AFCFC6EB0764782500010002D8,3.0,Yes,Human Body
3180037,ANCHOR_01,52:06:26:03:01:DA,-84,MFG_4C000215FDA50693A4E24FB1AFCFC6EB0764782500010002D8,3.0,Yes,Human Body
3181057,ANCHOR_01,52:06:26:03:01:DA,-81,MFG_4C000215FDA50693A4E24FB1AFCFC6EB0764782500010002D8,3.0,Yes,Human Body
3182047,ANCHOR_01,52:06:26:03:01:DA,-80,MFG_4C000215FDA50693A4E24FB1AFCFC6EB0764782500010002D8,3.0,Yes,Human Body
3183067,ANCHOR_01,52:06:26:03:01:DA,-96,MFG_4C000215FDA50693A4E24FB1AFCFC6EB0764782500010002D8,3.0,Yes,Human Body
3184057,ANCHOR_01,52:06:26:03:01:DA,-94,MFG_4C000215FDA50693A4E24FB1AFCFC6EB0764782500010002D8,3.0,Yes,Human Body
3185077,ANCHOR_01,52:06:26:03:01:DA,-83,MFG_4C000215FDA50693A4E24FB1AFCFC6EB0764782500010002D8,3.0,Yes,Human Body
3186067,ANCHOR_01,52:06:26:03:01:DA,-83,MFG_4C000215FDA50693A4E24FB1AFCFC6EB0764782500010002D8,3.0,Yes,Human Body
3187087,ANCHOR_01,52:06:26:03:01:DA,-82,MFG_4C000215FDA50693A4E24FB1AFCFC6EB0764782500010002D8,3.0,Yes,Human Body
3188077,ANCHOR_01,52:06:26:03:01:DA,-81,MFG_4C000215FDA50693A4E24FB1AFCFC6EB0764782500010002D8,3.0,Yes,Human Body
3189097,ANCHOR_01,52:06:26:03:01:DA,-95,MFG_4C000215FDA50693A4E24FB1AFCFC6EB0764782500010002D8,3.0,Yes,Human Body
3190087,ANCHOR_01,52:06:26:03:01:DA,-94,MFG_4C000215FDA50693A4E24FB1AFCFC6EB0764782500010002D8,3.0,Yes,Human Body
3191107,ANCHOR_01,52:06:26:03:01:DA,-83,MFG_4C000215FDA50693A4E24FB1AFCFC6EB0764782500010002D8,3.0,Yes,Human Body
3192097,ANCHOR_01,52:06:26:03:01:DA,-83,MFG_4C000215FDA50693A4E24FB1AFCFC6EB0764782500010002D8,3.0,Yes,Human Body
3193117,ANCHOR_01,52:06:26:03:01:DA,-80,MFG_4C000215FDA50693A4E24FB1AFCFC6EB0764782500010002D8,3.0,Yes,Human Body
3194107,ANCHOR_01,52:06:26:03:01:DA,-82,MFG_4C000215FDA50693A4E24FB1AFCFC6EB0764782500010002D8,3.0,Yes,Human Body
3196117,ANCHOR_01,52:06:26:03:01:DA,-92,MFG_4C000215FDA50693A4E24FB1AFCFC6EB0764782500010002D8,3.0,Yes,Human Body
3197107,ANCHOR_01,52:06:26:03:01:DA,-93,MFG_4C000215FDA50693A4E24FB1AFCFC6EB0764782500010002D8,3.0,Yes,Human Body
3198127,ANCHOR_01,52:06:26:03:01:DA,-83,MFG_4C000215FDA50693A4E24FB1AFCFC6EB0764782500010002D8,3.0,Yes,Human Body
3199147,ANCHOR_01,52:06:26:03:01:DA,-80,MFG_4C000215FDA50693A4E24FB1AFCFC6EB0764782500010002D8,3.0,Yes,Human Body
3200137,ANCHOR_01,52:06:26:03:01:DA,-80,MFG_4C000215FDA50693A4E24FB1AFCFC6EB0764782500010002D8,3.0,Yes,Human Body
3201157,ANCHOR_01,52:06:26:03:01:DA,-94,MFG_4C000215FDA50693A4E24FB1AFCFC6EB0764782500010002D8,3.0,Yes,Human Body
3202147,ANCHOR_01,52:06:26:03:01:DA,-95,MFG_4C000215FDA50693A4E24FB1AFCFC6EB0764782500010002D8,3.0,Yes,Human Body
3203137,ANCHOR_01,52:06:26:03:01:DA,-95,MFG_4C000215FDA50693A4E24FB1AFCFC6EB0764782500010002D8,3.0,Yes,Human Body
3204157,ANCHOR_01,52:06:26:03:01:DA,-84,MFG_4C000215FDA50693A4E24FB1AFCFC6EB0764782500010002D8,3.0,Yes,Human Body
3205147,ANCHOR_01,52:06:26:03:01:DA,-83,MFG_4C000215FDA50693A4E24FB1AFCFC6EB0764782500010002D8,3.0,Yes,Human Body
3206167,ANCHOR_01,52:06:26:03:01:DA,-80,MFG_4C000215FDA50693A4E24FB1AFCFC6EB0764782500010002D8,3.0,Yes,Human Body
3207157,ANCHOR_01,52:06:26:03:01:DA,-80,MFG_4C000215FDA50693A4E24FB1AFCFC6EB0764782500010002D8,3.0,Yes,Human Body
3208177,ANCHOR_01,52:06:26:03:01:DA,-92,MFG_4C000215FDA50693A4E24FB1AFCFC6EB0764782500010002D8,3.0,Yes,Human Body
3209167,ANCHOR_01,52:06:26:03:01:DA,-92,MFG_4C000215FDA50693A4E24FB1AFCFC6EB0764782500010002D8,3.0,Yes,Human Body
3210187,ANCHOR_01,52:06:26:03:01:DA,-83,MFG_4C000215FDA50693A4E24FB1AFCFC6EB0764782500010002D8,3.0,Yes,Human Body
3211177,ANCHOR_01,52:06:26:03:01:DA,-83,MFG_4C000215FDA50693A4E24FB1AFCFC6EB0764782500010002D8,3.0,Yes,Human Body
3213187,ANCHOR_01,52:06:26:03:01:DA,-79,MFG_4C000215FDA50693A4E24FB1AFCFC6EB0764782500010002D8,3.0,Yes,Human Body
3214207,ANCHOR_01,52:06:26:03:01:DA,-94,MFG_4C000215FDA50693A4E24FB1AFCFC6EB0764782500010002D8,3.0,Yes,Human Body
3216217,ANCHOR_01,52:06:26:03:01:DA,-83,MFG_4C000215FDA50693A4E24FB1AFCFC6EB0764782500010002D8,3.0,Yes,Human Body
3217207,ANCHOR_01,52:06:26:03:01:DA,-84,MFG_4C000215FDA50693A4E24FB1AFCFC6EB0764782500010002D8,3.0,Yes,Human Body
3218227,ANCHOR_01,52:06:26:03:01:DA,-80,MFG_4C000215FDA50693A4E24FB1AFCFC6EB0764782500010002D8,3.0,Yes,Human Body
3219217,ANCHOR_01,52:06:26:03:01:DA,-80,MFG_4C000215FDA50693A4E24FB1AFCFC6EB0764782500010002D8,3.0,Yes,Human Body
3221227,ANCHOR_01,52:06:26:03:01:DA,-93,MFG_4C000215FDA50693A4E24FB1AFCFC6EB0764782500010002D8,3.0,Yes,Human Body
3222217,ANCHOR_01,52:06:26:03:01:DA,-91,MFG_4C000215FDA50693A4E24FB1AFCFC6EB0764782500010002D8,3.0,Yes,Human Body
3223237,ANCHOR_01,52:06:26:03:01:DA,-83,MFG_4C000215FDA50693A4E24FB1AFCFC6EB0764782500010002D8,3.0,Yes,Human Body
3224227,ANCHOR_01,52:06:26:03:01:DA,-83,MFG_4C000215FDA50693A4E24FB1AFCFC6EB0764782500010002D8,3.0,Yes,Human Body
3225247,ANCHOR_01,52:06:26:03:01:DA,-78,MFG_4C000215FDA50693A4E24FB1AFCFC6EB0764782500010002D8,3.0,Yes,Human Body
3227257,ANCHOR_01,52:06:26:03:01:DA,-93,MFG_4C000215FDA50693A4E24FB1AFCFC6EB0764782500010002D8,3.0,Yes,Human Body
3228247,ANCHOR_01,52:06:26:03:01:DA,-93,MFG_4C000215FDA50693A4E24FB1AFCFC6EB0764782500010002D8,3.0,Yes,Human Body
3229267,ANCHOR_01,52:06:26:03:01:DA,-83,MFG_4C000215FDA50693A4E24FB1AFCFC6EB0764782500010002D8,3.0,Yes,Human Body
3230257,ANCHOR_01,52:06:26:03:01:DA,-83,MFG_4C000215FDA50693A4E24FB1AFCFC6EB0764782500010002D8,3.0,Yes,Human Body
3231277,ANCHOR_01,52:06:26:03:01:DA,-80,MFG_4C000215FDA50693A4E24FB1AFCFC6EB0764782500010002D8,3.0,Yes,Human Body
3232267,ANCHOR_01,52:06:26:03:01:DA,-80,MFG_4C000215FDA50693A4E24FB1AFCFC6EB0764782500010002D8,3.0,Yes,Human Body
3233287,ANCHOR_01,52:06:26:03:01:DA,-92,MFG_4C000215FDA50693A4E24FB1AFCFC6EB0764782500010002D8,3.0,Yes,Human Body
3234277,ANCHOR_01,52:06:26:03:01:DA,-91,MFG_4C000215FDA50693A4E24FB1AFCFC6EB0764782500010002D8,3.0,Yes,Human Body
3236287,ANCHOR_01,52:06:26:03:01:DA,-83,MFG_4C000215FDA50693A4E24FB1AFCFC6EB0764782500010002D8,3.0,Yes,Human Body
3237307,ANCHOR_01,52:06:26:03:01:DA,-80,MFG_4C000215FDA50693A4E24FB1AFCFC6EB0764782500010002D8,3.0,Yes,Human Body
3238297,ANCHOR_01,52:06:26:03:01:DA,-80,MFG_4C000215FDA50693A4E24FB1AFCFC6EB0764782500010002D8,3.0,Yes,Human Body
3239317,ANCHOR_01,52:06:26:03:01:DA,-92,MFG_4C000215FDA50693A4E24FB1AFCFC6EB0764782500010002D8,3.0,Yes,Human Body
3240307,ANCHOR_01,52:06:26:03:01:DA,-93,MFG_4C000215FDA50693A4E24FB1AFCFC6EB0764782500010002D8,3.0,Yes,Human Body
3241327,ANCHOR_01,52:06:26:03:01:DA,-82,MFG_4C000215FDA50693A4E24FB1AFCFC6EB0764782500010002D8,3.0,Yes,Human Body
3242317,ANCHOR_01,52:06:26:03:01:DA,-82,MFG_4C000215FDA50693A4E24FB1AFCFC6EB0764782500010002D8,3.0,Yes,Human Body
3243337,ANCHOR_01,52:06:26:03:01:DA,-80,MFG_4C000215FDA50693A4E24FB1AFCFC6EB0764782500010002D8,3.0,Yes,Human Body
3244327,ANCHOR_01,52:06:26:03:01:DA,-79,MFG_4C000215FDA50693A4E24FB1AFCFC6EB0764782500010002D8,3.0,Yes,Human Body
3246337,ANCHOR_01,52:06:26:03:01:DA,-93,MFG_4C000215FDA50693A4E24FB1AFCFC6EB0764782500010002D8,3.0,Yes,Human Body
3247327,ANCHOR_01,52:06:26:03:01:DA,-93,MFG_4C000215FDA50693A4E24FB1AFCFC6EB0764782500010002D8,3.0,Yes,Human Body
3248347,ANCHOR_01,52:06:26:03:01:DA,-83,MFG_4C000215FDA50693A4E24FB1AFCFC6EB0764782500010002D8,3.0,Yes,Human Body
3249337,ANCHOR_01,52:06:26:03:01:DA,-82,MFG_4C000215FDA50693A4E24FB1AFCFC6EB0764782500010002D8,3.0,Yes,Human Body
3250357,ANCHOR_01,52:06:26:03:01:DA,-79,MFG_4C000215FDA50693A4E24FB1AFCFC6EB0764782500010002D8,3.0,Yes,Human Body
3251347,ANCHOR_01,52:06:26:03:01:DA,-80,MFG_4C000215FDA50693A4E24FB1AFCFC6EB0764782500010002D8,3.0,Yes,Human Body
3252367,ANCHOR_01,52:06:26:03:01:DA,-91,MFG_4C000215FDA50693A4E24FB1AFCFC6EB0764782500010002D8,3.0,Yes,Human Body
3253357,ANCHOR_01,52:06:26:03:01:DA,-91,MFG_4C000215FDA50693A4E24FB1AFCFC6EB0764782500010002D8,3.0,Yes,Human Body
3254377,ANCHOR_01,52:06:26:03:01:DA,-83,MFG_4C000215FDA50693A4E24FB1AFCFC6EB0764782500010002D8,3.0,Yes,Human Body
3255367,ANCHOR_01,52:06:26:03:01:DA,-83,MFG_4C000215FDA50693A4E24FB1AFCFC6EB0764782500010002D8,3.0,Yes,Human Body
3256387,ANCHOR_01,52:06:26:03:01:DA,-80,MFG_4C000215FDA50693A4E24FB1AFCFC6EB0764782500010002D8,3.0,Yes,Human Body
3257377,ANCHOR_01,52:06:26:03:01:DA,-80,MFG_4C000215FDA50693A4E24FB1AFCFC6EB0764782500010002D8,3.0,Yes,Human Body
3258397,ANCHOR_01,52:06:26:03:01:DA,-92,MFG_4C000215FDA50693A4E24FB1AFCFC6EB0764782500010002D8,3.0,Yes,Human Body
3259387,ANCHOR_01,52:06:26:03:01:DA,-92,MFG_4C000215FDA50693A4E24FB1AFCFC6EB0764782500010002D8,3.0,Yes,Human Body
3260407,ANCHOR_01,52:06:26:03:01:DA,-82,MFG_4C000215FDA50693A4E24FB1AFCFC6EB0764782500010002D8,3.0,Yes,Human Body
3261397,ANCHOR_01,52:06:26:03:01:DA,-82,MFG_4C000215FDA50693A4E24FB1AFCFC6EB0764782500010002D8,3.0,Yes,Human Body
3262417,ANCHOR_01,52:06:26:03:01:DA,-80,MFG_4C000215FDA50693A4E24FB1AFCFC6EB0764782500010002D8,3.0,Yes,Human Body
3265417,ANCHOR_01,52:06:26:03:01:DA,-92,MFG_4C000215FDA50693A4E24FB1AFCFC6EB0764782500010002D8,3.0,Yes,Human Body
3266437,ANCHOR_01,52:06:26:03:01:DA,-82,MFG_4C000215FDA50693A4E24FB1AFCFC6EB0764782500010002D8,3.0,Yes,Human Body
3267427,ANCHOR_01,52:06:26:03:01:DA,-82,MFG_4C000215FDA50693A4E24FB1AFCFC6EB0764782500010002D8,3.0,Yes,Human Body
3268447,ANCHOR_01,52:06:26:03:01:DA,-79,MFG_4C000215FDA50693A4E24FB1AFCFC6EB0764782500010002D8,3.0,Yes,Human Body
3269437,ANCHOR_01,52:06:26:03:01:DA,-79,MFG_4C000215FDA50693A4E24FB1AFCFC6EB0764782500010002D8,3.0,Yes,Human Body
3270457,ANCHOR_01,52:06:26:03:01:DA,-92,MFG_4C000215FDA50693A4E24FB1AFCFC6EB0764782500010002D8,3.0,Yes,Human Body
3271447,ANCHOR_01,52:06:26:03:01:DA,-95,MFG_4C000215FDA50693A4E24FB1AFCFC6EB0764782500010002D8,3.0,Yes,Human Body
3272467,ANCHOR_01,52:06:26:03:01:DA,-82,MFG_4C000215FDA50693A4E24FB1AFCFC6EB0764782500010002D8,3.0,Yes,Human Body
3273487,ANCHOR_01,52:06:26:03:01:DA,-80,MFG_4C000215FDA50693A4E24FB1AFCFC6EB0764782500010002D8,3.0,Yes,Human Body
3274477,ANCHOR_01,52:06:26:03:01:DA,-80,MFG_4C000215FDA50693A4E24FB1AFCFC6EB0764782500010002D8,3.0,Yes,Human Body
3276487,ANCHOR_01,52:06:26:03:01:DA,-96,MFG_4C000215FDA50693A4E24FB1AFCFC6EB0764782500010002D8,3.0,Yes,Human Body
3277477,ANCHOR_01,52:06:26:03:01:DA,-94,MFG_4C000215FDA50693A4E24FB1AFCFC6EB0764782500010002D8,3.0,Yes,Human Body
3278497,ANCHOR_01,52:06:26:03:01:DA,-82,MFG_4C000215FDA50693A4E24FB1AFCFC6EB0764782500010002D8,3.0,Yes,Human Body
3279487,ANCHOR_01,52:06:26:03:01:DA,-82,MFG_4C000215FDA50693A4E24FB1AFCFC6EB0764782500010002D8,3.0,Yes,Human Body
3280507,ANCHOR_01,52:06:26:03:01:DA,-80,MFG_4C000215FDA50693A4E24FB1AFCFC6EB0764782500010002D8,3.0,Yes,Human Body
3281497,ANCHOR_01,52:06:26:03:01:DA,-80,MFG_4C000215FDA50693A4E24FB1AFCFC6EB0764782500010002D8,3.0,Yes,Human Body
3282517,ANCHOR_01,52:06:26:03:01:DA,-95,MFG_4C000215FDA50693A4E24FB1AFCFC6EB0764782500010002D8,3.0,Yes,Human Body
3284527,ANCHOR_01,52:06:26:03:01:DA,-82,MFG_4C000215FDA50693A4E24FB1AFCFC6EB0764782500010002D8,3.0,Yes,Human Body
3285517,ANCHOR_01,52:06:26:03:01:DA,-82,MFG_4C000215FDA50693A4E24FB1AFCFC6EB0764782500010002D8,3.0,Yes,Human Body
3286537,ANCHOR_01,52:06:26:03:01:DA,-79,MFG_4C000215FDA50693A4E24FB1AFCFC6EB0764782500010002D8,3.0,Yes,Human Body
3287527,ANCHOR_01,52:06:26:03:01:DA,-80,MFG_4C000215FDA50693A4E24FB1AFCFC6EB0764782500010002D8,3.0,Yes,Human Body
3288547,ANCHOR_01,52:06:26:03:01:DA,-96,MFG_4C000215FDA50693A4E24FB1AFCFC6EB0764782500010002D8,3.0,Yes,Human Body
3289537,ANCHOR_01,52:06:26:03:01:DA,-96,MFG_4C000215FDA50693A4E24FB1AFCFC6EB0764782500010002D8,3.0,Yes,Human Body
3291547,ANCHOR_01,52:06:26:03:01:DA,-82,MFG_4C000215FDA50693A4E24FB1AFCFC6EB0764782500010002D8,3.0,Yes,Human Body
3292567,ANCHOR_01,52:06:26:03:01:DA,-80,MFG_4C000215FDA50693A4E24FB1AFCFC6EB0764782500010002D8,3.0,Yes,Human Body
3293557,ANCHOR_01,52:06:26:03:01:DA,-80,MFG_4C000215FDA50693A4E24FB1AFCFC6EB0764782500010002D8,3.0,Yes,Human Body
3295567,ANCHOR_01,52:06:26:03:01:DA,-96,MFG_4C000215FDA50693A4E24FB1AFCFC6EB0764782500010002D8,3.0,Yes,Human Body
3296587,ANCHOR_01,52:06:26:03:01:DA,-83,MFG_4C000215FDA50693A4E24FB1AFCFC6EB0764782500010002D8,3.0,Yes,Human Body
3297577,ANCHOR_01,52:06:26:03:01:DA,-82,MFG_4C000215FDA50693A4E24FB1AFCFC6EB0764782500010002D8,3.0,Yes,Human Body
3298597,ANCHOR_01,52:06:26:03:01:DA,-80,MFG_4C000215FDA50693A4E24FB1AFCFC6EB0764782500010002D8,3.0,Yes,Human Body
3299587,ANCHOR_01,52:06:26:03:01:DA,-80,MFG_4C000215FDA50693A4E24FB1AFCFC6EB0764782500010002D8,3.0,Yes,Human Body
3300607,ANCHOR_01,52:06:26:03:01:DA,-94,MFG_4C000215FDA50693A4E24FB1AFCFC6EB0764782500010002D8,3.0,Yes,Human Body
3301597,ANCHOR_01,52:06:26:03:01:DA,-95,MFG_4C000215FDA50693A4E24FB1AFCFC6EB0764782500010002D8,3.0,Yes,Human Body
3302617,ANCHOR_01,52:06:26:03:01:DA,-82,MFG_4C000215FDA50693A4E24FB1AFCFC6EB0764782500010002D8,3.0,Yes,Human Body
3303607,ANCHOR_01,52:06:26:03:01:DA,-82,MFG_4C000215FDA50693A4E24FB1AFCFC6EB0764782500010002D8,3.0,Yes,Human Body
3304627,ANCHOR_01,52:06:26:03:01:DA,-81,MFG_4C000215FDA50693A4E24FB1AFCFC6EB0764782500010002D8,3.0,Yes,Human Body
3305617,ANCHOR_01,52:06:26:03:01:DA,-81,MFG_4C000215FDA50693A4E24FB1AFCFC6EB0764782500010002D8,3.0,Yes,Human Body
3306637,ANCHOR_01,52:06:26:03:01:DA,-93,MFG_4C000215FDA50693A4E24FB1AFCFC6EB0764782500010002D8,3.0,Yes,Human Body
3307627,ANCHOR_01,52:06:26:03:01:DA,-91,MFG_4C000215FDA50693A4E24FB1AFCFC6EB0764782500010002D8,3.0,Yes,Human Body
3308647,ANCHOR_01,52:06:26:03:01:DA,-83,MFG_4C000215FDA50693A4E24FB1AFCFC6EB0764782500010002D8,3.0,Yes,Human Body
3309637,ANCHOR_01,52:06:26:03:01:DA,-82,MFG_4C000215FDA50693A4E24FB1AFCFC6EB0764782500010002D8,3.0,Yes,Human Body
3310657,ANCHOR_01,52:06:26:03:01:DA,-80,MFG_4C000215FDA50693A4E24FB1AFCFC6EB0764782500010002D8,3.0,Yes,Human Body
3311647,ANCHOR_01,52:06:26:03:01:DA,-80,MFG_4C000215FDA50693A4E24FB1AFCFC6EB0764782500010002D8,3.0,Yes,Human Body
3312667,ANCHOR_01,52:06:26:03:01:DA,-96,MFG_4C000215FDA50693A4E24FB1AFCFC6EB0764782500010002D8,3.0,Yes,Human Body
3313657,ANCHOR_01,52:06:26:03:01:DA,-96,MFG_4C000215FDA50693A4E24FB1AFCFC6EB0764782500010002D8,3.0,Yes,Human Body
3314677,ANCHOR_01,52:06:26:03:01:DA,-83,MFG_4C000215FDA50693A4E24FB1AFCFC6EB0764782500010002D8,3.0,Yes,Human Body
3315667,ANCHOR_01,52:06:26:03:01:DA,-82,MFG_4C000215FDA50693A4E24FB1AFCFC6EB0764782500010002D8,3.0,Yes,Human Body
3316687,ANCHOR_01,52:06:26:03:01:DA,-80,MFG_4C000215FDA50693A4E24FB1AFCFC6EB0764782500010002D8,3.0,Yes,Human Body
3317677,ANCHOR_01,52:06:26:03:01:DA,-81,MFG_4C000215FDA50693A4E24FB1AFCFC6EB0764782500010002D8,3.0,Yes,Human Body
3319687,ANCHOR_01,52:06:26:03:01:DA,-92,MFG_4C000215FDA50693A4E24FB1AFCFC6EB0764782500010002D8,3.0,Yes,Human Body
3320707,ANCHOR_01,52:06:26:03:01:DA,-82,MFG_4C000215FDA50693A4E24FB1AFCFC6EB0764782500010002D8,3.0,Yes,Human Body
3321697,ANCHOR_01,52:06:26:03:01:DA,-83,MFG_4C000215FDA50693A4E24FB1AFCFC6EB0764782500010002D8,3.0,Yes,Human Body
3322717,ANCHOR_01,52:06:26:03:01:DA,-80,MFG_4C000215FDA50693A4E24FB1AFCFC6EB0764782500010002D8,3.0,Yes,Human Body
3323707,ANCHOR_01,52:06:26:03:01:DA,-79,MFG_4C000215FDA50693A4E24FB1AFCFC6EB0764782500010002D8,3.0,Yes,Human Body
3324727,ANCHOR_01,52:06:26:03:01:DA,-93,MFG_4C000215FDA50693A4E24FB1AFCFC6EB0764782500010002D8,3.0,Yes,Human Body
3325717,ANCHOR_01,52:06:26:03:01:DA,-95,MFG_4C000215FDA50693A4E24FB1AFCFC6EB0764782500010002D8,3.0,Yes,Human Body
3326737,ANCHOR_01,52:06:26:03:01:DA,-82,MFG_4C000215FDA50693A4E24FB1AFCFC6EB0764782500010002D8,3.0,Yes,Human Body
3327727,ANCHOR_01,52:06:26:03:01:DA,-82,MFG_4C000215FDA50693A4E24FB1AFCFC6EB0764782500010002D8,3.0,Yes,Human Body
3328747,ANCHOR_01,52:06:26:03:01:DA,-80,MFG_4C000215FDA50693A4E24FB1AFCFC6EB0764782500010002D8,3.0,Yes,Human Body
3329737,ANCHOR_01,52:06:26:03:01:DA,-80,MFG_4C000215FDA50693A4E24FB1AFCFC6EB0764782500010002D8,3.0,Yes,Human Body
3330757,ANCHOR_01,52:06:26:03:01:DA,-96,MFG_4C000215FDA50693A4E24FB1AFCFC6EB0764782500010002D8,3.0,Yes,Human Body
3331747,ANCHOR_01,52:06:26:03:01:DA,-94,MFG_4C000215FDA50693A4E24FB1AFCFC6EB0764782500010002D8,3.0,Yes,Human Body
3333757,ANCHOR_01,52:06:26:03:01:DA,-82,MFG_4C000215FDA50693A4E24FB1AFCFC6EB0764782500010002D8,3.0,Yes,Human Body
3334747,ANCHOR_01,52:06:26:03:01:DA,-82,MFG_4C000215FDA50693A4E24FB1AFCFC6EB0764782500010002D8,3.0,Yes,Human Body
3335767,ANCHOR_01,52:06:26:03:01:DA,-80,MFG_4C000215FDA50693A4E24FB1AFCFC6EB0764782500010002D8,3.0,Yes,Human Body
3336757,ANCHOR_01,52:06:26:03:01:DA,-80,MFG_4C000215FDA50693A4E24FB1AFCFC6EB0764782500010002D8,3.0,Yes,Human Body
3337777,ANCHOR_01,52:06:26:03:01:DA,-94,MFG_4C000215FDA50693A4E24FB1AFCFC6EB0764782500010002D8,3.0,Yes,Human Body
3338767,ANCHOR_01,52:06:26:03:01:DA,-95,MFG_4C000215FDA50693A4E24FB1AFCFC6EB0764782500010002D8,3.0,Yes,Human Body
3339787,ANCHOR_01,52:06:26:03:01:DA,-82,MFG_4C000215FDA50693A4E24FB1AFCFC6EB0764782500010002D8,3.0,Yes,Human Body
3341797,ANCHOR_01,52:06:26:03:01:DA,-81,MFG_4C000215FDA50693A4E24FB1AFCFC6EB0764782500010002D8,3.0,Yes,Human Body
3343807,ANCHOR_01,52:06:26:03:01:DA,-95,MFG_4C000215FDA50693A4E24FB1AFCFC6EB0764782500010002D8,3.0,Yes,Human Body
3344827,ANCHOR_01,52:06:26:03:01:DA,-82,MFG_4C000215FDA50693A4E24FB1AFCFC6EB0764782500010002D8,3.0,Yes,Human Body
3345817,ANCHOR_01,52:06:26:03:01:DA,-82,MFG_4C000215FDA50693A4E24FB1AFCFC6EB0764782500010002D8,3.0,Yes,Human Body
3346837,ANCHOR_01,52:06:26:03:01:DA,-80,MFG_4C000215FDA50693A4E24FB1AFCFC6EB0764782500010002D8,3.0,Yes,Human Body
3347827,ANCHOR_01,52:06:26:03:01:DA,-81,MFG_4C000215FDA50693A4E24FB1AFCFC6EB0764782500010002D8,3.0,Yes,Human Body
3348847,ANCHOR_01,52:06:26:03:01:DA,-96,MFG_4C000215FDA50693A4E24FB1AFCFC6EB0764782500010002D8,3.0,Yes,Human Body
3349837,ANCHOR_01,52:06:26:03:01:DA,-95,MFG_4C000215FDA50693A4E24FB1AFCFC6EB0764782500010002D8,3.0,Yes,Human Body
3350857,ANCHOR_01,52:06:26:03:01:DA,-83,MFG_4C000215FDA50693A4E24FB1AFCFC6EB0764782500010002D8,3.0,Yes,Human Body
3351847,ANCHOR_01,52:06:26:03:01:DA,-83,MFG_4C000215FDA50693A4E24FB1AFCFC6EB0764782500010002D8,3.0,Yes,Human Body
3352867,ANCHOR_01,52:06:26:03:01:DA,-81,MFG_4C000215FDA50693A4E24FB1AFCFC6EB0764782500010002D8,3.0,Yes,Human Body
3353857,ANCHOR_01,52:06:26:03:01:DA,-79,MFG_4C000215FDA50693A4E24FB1AFCFC6EB0764782500010002D8,3.0,Yes,Human Body
3354877,ANCHOR_01,52:06:26:03:01:DA,-94,MFG_4C000215FDA50693A4E24FB1AFCFC6EB0764782500010002D8,3.0,Yes,Human Body
3355867,ANCHOR_01,52:06:26:03:01:DA,-93,MFG_4C000215FDA50693A4E24FB1AFCFC6EB0764782500010002D8,3.0,Yes,Human Body
3356887,ANCHOR_01,52:06:26:03:01:DA,-83,MFG_4C000215FDA50693A4E24FB1AFCFC6EB0764782500010002D8,3.0,Yes,Human Body
3357877,ANCHOR_01,52:06:26:03:01:DA,-82,MFG_4C000215FDA50693A4E24FB1AFCFC6EB0764782500010002D8,3.0,Yes,Human Body
3358897,ANCHOR_01,52:06:26:03:01:DA,-80,MFG_4C000215FDA50693A4E24FB1AFCFC6EB0764782500010002D8,3.0,Yes,Human Body
3359887,ANCHOR_01,52:06:26:03:01:DA,-79,MFG_4C000215FDA50693A4E24FB1AFCFC6EB0764782500010002D8,3.0,Yes,Human Body
3361897,ANCHOR_01,52:06:26:03:01:DA,-94,MFG_4C000215FDA50693A4E24FB1AFCFC6EB0764782500010002D8,3.0,Yes,Human Body
3362917,ANCHOR_01,52:06:26:03:01:DA,-83,MFG_4C000215FDA50693A4E24FB1AFCFC6EB0764782500010002D8,3.0,Yes,Human Body
3363907,ANCHOR_01,52:06:26:03:01:DA,-82,MFG_4C000215FDA50693A4E24FB1AFCFC6EB0764782500010002D8,3.0,Yes,Human Body
3364927,ANCHOR_01,52:06:26:03:01:DA,-80,MFG_4C000215FDA50693A4E24FB1AFCFC6EB0764782500010002D8,3.0,Yes,Human Body
3365917,ANCHOR_01,52:06:26:03:01:DA,-80,MFG_4C000215FDA50693A4E24FB1AFCFC6EB0764782500010002D8,3.0,Yes,Human Body
3367927,ANCHOR_01,52:06:26:03:01:DA,-93,MFG_4C000215FDA50693A4E24FB1AFCFC6EB0764782500010002D8,3.0,Yes,Human Body
3368917,ANCHOR_01,52:06:26:03:01:DA,-95,MFG_4C000215FDA50693A4E24FB1AFCFC6EB0764782500010002D8,3.0,Yes,Human Body
3369937,ANCHOR_01,52:06:26:03:01:DA,-82,MFG_4C000215FDA50693A4E24FB1AFCFC6EB0764782500010002D8,3.0,Yes,Human Body
3370927,ANCHOR_01,52:06:26:03:01:DA,-83,MFG_4C000215FDA50693A4E24FB1AFCFC6EB0764782500010002D8,3.0,Yes,Human Body
3371947,ANCHOR_01,52:06:26:03:01:DA,-81,MFG_4C000215FDA50693A4E24FB1AFCFC6EB0764782500010002D8,3.0,Yes,Human Body
3372937,ANCHOR_01,52:06:26:03:01:DA,-80,MFG_4C000215FDA50693A4E24FB1AFCFC6EB0764782500010002D8,3.0,Yes,Human Body
3373957,ANCHOR_01,52:06:26:03:01:DA,-95,MFG_4C000215FDA50693A4E24FB1AFCFC6EB0764782500010002D8,3.0,Yes,Human Body
3374947,ANCHOR_01,52:06:26:03:01:DA,-94,MFG_4C000215FDA50693A4E24FB1AFCFC6EB0764782500010002D8,3.0,Yes,Human Body
3375967,ANCHOR_01,52:06:26:03:01:DA,-83,MFG_4C000215FDA50693A4E24FB1AFCFC6EB0764782500010002D8,3.0,Yes,Human Body
3376957,ANCHOR_01,52:06:26:03:01:DA,-82,MFG_4C000215FDA50693A4E24FB1AFCFC6EB0764782500010002D8,3.0,Yes,Human Body
3377977,ANCHOR_01,52:06:26:03:01:DA,-80,MFG_4C000215FDA50693A4E24FB1AFCFC6EB0764782500010002D8,3.0,Yes,Human Body
3378967,ANCHOR_01,52:06:26:03:01:DA,-80,MFG_4C000215FDA50693A4E24FB1AFCFC6EB0764782500010002D8,3.0,Yes,Human Body
3380977,ANCHOR_01,52:06:26:03:01:DA,-92,MFG_4C000215FDA50693A4E24FB1AFCFC6EB0764782500010002D8,3.0,Yes,Human Body
3381997,ANCHOR_01,52:06:26:03:01:DA,-82,MFG_4C000215FDA50693A4E24FB1AFCFC6EB0764782500010002D8,3.0,Yes,Human Body
3382987,ANCHOR_01,52:06:26:03:01:DA,-81,MFG_4C000215FDA50693A4E24FB1AFCFC6EB0764782500010002D8,3.0,Yes,Human Body
3383977,ANCHOR_01,52:06:26:03:01:DA,-82,MFG_4C000215FDA50693A4E24FB1AFCFC6EB0764782500010002D8,3.0,Yes,Human Body
3384997,ANCHOR_01,52:06:26:03:01:DA,-80,MFG_4C000215FDA50693A4E24FB1AFCFC6EB0764782500010002D8,3.0,Yes,Human Body
3386017,ANCHOR_01,52:06:26:03:01:DA,-94,MFG_4C000215FDA50693A4E24FB1AFCFC6EB0764782500010002D8,3.0,Yes,Human Body
3387007,ANCHOR_01,52:06:26:03:01:DA,-91,MFG_4C000215FDA50693A4E24FB1AFCFC6EB0764782500010002D8,3.0,Yes,Human Body
3388027,ANCHOR_01,52:06:26:03:01:DA,-83,MFG_4C000215FDA50693A4E24FB1AFCFC6EB0764782500010002D8,3.0,Yes,Human Body
3389017,ANCHOR_01,52:06:26:03:01:DA,-83,MFG_4C000215FDA50693A4E24FB1AFCFC6EB0764782500010002D8,3.0,Yes,Human Body
3390037,ANCHOR_01,52:06:26:03:01:DA,-81,MFG_4C000215FDA50693A4E24FB1AFCFC6EB0764782500010002D8,3.0,Yes,Human Body
3391027,ANCHOR_01,52:06:26:03:01:DA,-80,MFG_4C000215FDA50693A4E24FB1AFCFC6EB0764782500010002D8,3.0,Yes,Human Body
3392017,ANCHOR_01,52:06:26:03:01:DA,-80,MFG_4C000215FDA50693A4E24FB1AFCFC6EB0764782500010002D8,3.0,Yes,Human Body
3393037,ANCHOR_01,52:06:26:03:01:DA,-90,MFG_4C000215FDA50693A4E24FB1AFCFC6EB0764782500010002D8,3.0,Yes,Human Body
3394027,ANCHOR_01,52:06:26:03:01:DA,-90,MFG_4C000215FDA50693A4E24FB1AFCFC6EB0764782500010002D8,3.0,Yes,Human Body
3395047,ANCHOR_01,52:06:26:03:01:DA,-83,MFG_4C000215FDA50693A4E24FB1AFCFC6EB0764782500010002D8,3.0,Yes,Human Body
3396037,ANCHOR_01,52:06:26:03:01:DA,-83,MFG_4C000215FDA50693A4E24FB1AFCFC6EB0764782500010002D8,3.0,Yes,Human Body
3397057,ANCHOR_01,52:06:26:03:01:DA,-81,MFG_4C000215FDA50693A4E24FB1AFCFC6EB0764782500010002D8,3.0,Yes,Human Body
3398047,ANCHOR_01,52:06:26:03:01:DA,-80,MFG_4C000215FDA50693A4E24FB1AFCFC6EB0764782500010002D8,3.0,Yes,Human Body
3399067,ANCHOR_01,52:06:26:03:01:DA,-91,MFG_4C000215FDA50693A4E24FB1AFCFC6EB0764782500010002D8,3.0,Yes,Human Body
3400057,ANCHOR_01,52:06:26:03:01:DA,-94,MFG_4C000215FDA50693A4E24FB1AFCFC6EB0764782500010002D8,3.0,Yes,Human Body
3401077,ANCHOR_01,52:06:26:03:01:DA,-83,MFG_4C000215FDA50693A4E24FB1AFCFC6EB0764782500010002D8,3.0,Yes,Human Body
3403087,ANCHOR_01,52:06:26:03:01:DA,-80,MFG_4C000215FDA50693A4E24FB1AFCFC6EB0764782500010002D8,3.0,Yes,Human Body
3404107,ANCHOR_01,52:06:26:03:01:DA,-95,MFG_4C000215FDA50693A4E24FB1AFCFC6EB0764782500010002D8,3.0,Yes,Human Body
3405097,ANCHOR_01,52:06:26:03:01:DA,-97,MFG_4C000215FDA50693A4E24FB1AFCFC6EB0764782500010002D8,3.0,Yes,Human Body
3406117,ANCHOR_01,52:06:26:03:01:DA,-84,MFG_4C000215FDA50693A4E24FB1AFCFC6EB0764782500010002D8,3.0,Yes,Human Body
3407107,ANCHOR_01,52:06:26:03:01:DA,-84,MFG_4C000215FDA50693A4E24FB1AFCFC6EB0764782500010002D8,3.0,Yes,Human Body
3408127,ANCHOR_01,52:06:26:03:01:DA,-80,MFG_4C000215FDA50693A4E24FB1AFCFC6EB0764782500010002D8,3.0,Yes,Human Body
3409117,ANCHOR_01,52:06:26:03:01:DA,-80,MFG_4C000215FDA50693A4E24FB1AFCFC6EB0764782500010002D8,3.0,Yes,Human Body
3410137,ANCHOR_01,52:06:26:03:01:DA,-96,MFG_4C000215FDA50693A4E24FB1AFCFC6EB0764782500010002D8,3.0,Yes,Human Body
3411127,ANCHOR_01,52:06:26:03:01:DA,-97,MFG_4C000215FDA50693A4E24FB1AFCFC6EB0764782500010002D8,3.0,Yes,Human Body
3412147,ANCHOR_01,52:06:26:03:01:DA,-83,MFG_4C000215FDA50693A4E24FB1AFCFC6EB0764782500010002D8,3.0,Yes,Human Body
3413137,ANCHOR_01,52:06:26:03:01:DA,-83,MFG_4C000215FDA50693A4E24FB1AFCFC6EB0764782500010002D8,3.0,Yes,Human Body
3414157,ANCHOR_01,52:06:26:03:01:DA,-80,MFG_4C000215FDA50693A4E24FB1AFCFC6EB0764782500010002D8,3.0,Yes,Human Body
3416167,ANCHOR_01,52:06:26:03:01:DA,-95,MFG_4C000215FDA50693A4E24FB1AFCFC6EB0764782500010002D8,3.0,Yes,Human Body
3417187,ANCHOR_01,52:06:26:03:01:DA,-84,MFG_4C000215FDA50693A4E24FB1AFCFC6EB0764782500010002D8,3.0,Yes,Human Body
3418177,ANCHOR_01,52:06:26:03:01:DA,-84,MFG_4C000215FDA50693A4E24FB1AFCFC6EB0764782500010002D8,3.0,Yes,Human Body
3419167,ANCHOR_01,52:06:26:03:01:DA,-84,MFG_4C000215FDA50693A4E24FB1AFCFC6EB0764782500010002D8,3.0,Yes,Human Body
3420187,ANCHOR_01,52:06:26:03:01:DA,-81,MFG_4C000215FDA50693A4E24FB1AFCFC6EB0764782500010002D8,3.0,Yes,Human Body
3422197,ANCHOR_01,52:06:26:03:01:DA,-96,MFG_4C000215FDA50693A4E24FB1AFCFC6EB0764782500010002D8,3.0,Yes,Human Body
3423187,ANCHOR_01,52:06:26:03:01:DA,-94,MFG_4C000215FDA50693A4E24FB1AFCFC6EB0764782500010002D8,3.0,Yes,Human Body
3424207,ANCHOR_01,52:06:26:03:01:DA,-83,MFG_4C000215FDA50693A4E24FB1AFCFC6EB0764782500010002D8,3.0,Yes,Human Body
3426217,ANCHOR_01,52:06:26:03:01:DA,-79,MFG_4C000215FDA50693A4E24FB1AFCFC6EB0764782500010002D8,3.0,Yes,Human Body
3428227,ANCHOR_01,52:06:26:03:01:DA,-96,MFG_4C000215FDA50693A4E24FB1AFCFC6EB0764782500010002D8,3.0,Yes,Human Body
3429217,ANCHOR_01,52:06:26:03:01:DA,-96,MFG_4C000215FDA50693A4E24FB1AFCFC6EB0764782500010002D8,3.0,Yes,Human Body
3430237,ANCHOR_01,52:06:26:03:01:DA,-83,MFG_4C000215FDA50693A4E24FB1AFCFC6EB0764782500010002D8,3.0,Yes,Human Body
3431227,ANCHOR_01,52:06:26:03:01:DA,-83,MFG_4C000215FDA50693A4E24FB1AFCFC6EB0764782500010002D8,3.0,Yes,Human Body
3432247,ANCHOR_01,52:06:26:03:01:DA,-81,MFG_4C000215FDA50693A4E24FB1AFCFC6EB0764782500010002D8,3.0,Yes,Human Body
3434257,ANCHOR_01,52:06:26:03:01:DA,-95,MFG_4C000215FDA50693A4E24FB1AFCFC6EB0764782500010002D8,3.0,Yes,Human Body
3435247,ANCHOR_01,52:06:26:03:01:DA,-96,MFG_4C000215FDA50693A4E24FB1AFCFC6EB0764782500010002D8,3.0,Yes,Human Body
3436267,ANCHOR_01,52:06:26:03:01:DA,-83,MFG_4C000215FDA50693A4E24FB1AFCFC6EB0764782500010002D8,3.0,Yes,Human Body
3437257,ANCHOR_01,52:06:26:03:01:DA,-84,MFG_4C000215FDA50693A4E24FB1AFCFC6EB0764782500010002D8,3.0,Yes,Human Body
3438277,ANCHOR_01,52:06:26:03:01:DA,-80,MFG_4C000215FDA50693A4E24FB1AFCFC6EB0764782500010002D8,3.0,Yes,Human Body
3440287,ANCHOR_01,52:06:26:03:01:DA,-97,MFG_4C000215FDA50693A4E24FB1AFCFC6EB0764782500010002D8,3.0,Yes,Human Body
3441307,ANCHOR_01,52:06:26:03:01:DA,-83,MFG_4C000215FDA50693A4E24FB1AFCFC6EB0764782500010002D8,3.0,Yes,Human Body
3442297,ANCHOR_01,52:06:26:03:01:DA,-83,MFG_4C000215FDA50693A4E24FB1AFCFC6EB0764782500010002D8,3.0,Yes,Human Body
3443317,ANCHOR_01,52:06:26:03:01:DA,-80,MFG_4C000215FDA50693A4E24FB1AFCFC6EB0764782500010002D8,3.0,Yes,Human Body
3444307,ANCHOR_01,52:06:26:03:01:DA,-81,MFG_4C000215FDA50693A4E24FB1AFCFC6EB0764782500010002D8,3.0,Yes,Human Body
3445327,ANCHOR_01,52:06:26:03:01:DA,-94,MFG_4C000215FDA50693A4E24FB1AFCFC6EB0764782500010002D8,3.0,Yes,Human Body
3446317,ANCHOR_01,52:06:26:03:01:DA,-96,MFG_4C000215FDA50693A4E24FB1AFCFC6EB0764782500010002D8,3.0,Yes,Human Body
3447337,ANCHOR_01,52:06:26:03:01:DA,-83,MFG_4C000215FDA50693A4E24FB1AFCFC6EB0764782500010002D8,3.0,Yes,Human Body
3448327,ANCHOR_01,52:06:26:03:01:DA,-83,MFG_4C000215FDA50693A4E24FB1AFCFC6EB0764782500010002D8,3.0,Yes,Human Body
3449347,ANCHOR_01,52:06:26:03:01:DA,-79,MFG_4C000215FDA50693A4E24FB1AFCFC6EB0764782500010002D8,3.0,Yes,Human Body
3450337,ANCHOR_01,52:06:26:03:01:DA,-80,MFG_4C000215FDA50693A4E24FB1AFCFC6EB0764782500010002D8,3.0,Yes,Human Body
3452347,ANCHOR_01,52:06:26:03:01:DA,-93,MFG_4C000215FDA50693A4E24FB1AFCFC6EB0764782500010002D8,3.0,Yes,Human Body
3453337,ANCHOR_01,52:06:26:03:01:DA,-93,MFG_4C000215FDA50693A4E24FB1AFCFC6EB0764782500010002D8,3.0,Yes,Human Body
3454357,ANCHOR_01,52:06:26:03:01:DA,-83,MFG_4C000215FDA50693A4E24FB1AFCFC6EB0764782500010002D8,3.0,Yes,Human Body
3455347,ANCHOR_01,52:06:26:03:01:DA,-83,MFG_4C000215FDA50693A4E24FB1AFCFC6EB0764782500010002D8,3.0,Yes,Human Body
3456367,ANCHOR_01,52:06:26:03:01:DA,-80,MFG_4C000215FDA50693A4E24FB1AFCFC6EB0764782500010002D8,3.0,Yes,Human Body
3457357,ANCHOR_01,52:06:26:03:01:DA,-79,MFG_4C000215FDA50693A4E24FB1AFCFC6EB0764782500010002D8,3.0,Yes,Human Body
3458377,ANCHOR_01,52:06:26:03:01:DA,-91,MFG_4C000215FDA50693A4E24FB1AFCFC6EB0764782500010002D8,3.0,Yes,Human Body
3459367,ANCHOR_01,52:06:26:03:01:DA,-93,MFG_4C000215FDA50693A4E24FB1AFCFC6EB0764782500010002D8,3.0,Yes,Human Body
3460387,ANCHOR_01,52:06:26:03:01:DA,-83,MFG_4C000215FDA50693A4E24FB1AFCFC6EB0764782500010002D8,3.0,Yes,Human Body
3461377,ANCHOR_01,52:06:26:03:01:DA,-83,MFG_4C000215FDA50693A4E24FB1AFCFC6EB0764782500010002D8,3.0,Yes,Human Body
3462397,ANCHOR_01,52:06:26:03:01:DA,-79,MFG_4C000215FDA50693A4E24FB1AFCFC6EB0764782500010002D8,3.0,Yes,Human Body
3463387,ANCHOR_01,52:06:26:03:01:DA,-79,MFG_4C000215FDA50693A4E24FB1AFCFC6EB0764782500010002D8,3.0,Yes,Human Body
3464407,ANCHOR_01,52:06:26:03:01:DA,-92,MFG_4C000215FDA50693A4E24FB1AFCFC6EB0764782500010002D8,3.0,Yes,Human Body
3465397,ANCHOR_01,52:06:26:03:01:DA,-91,MFG_4C000215FDA50693A4E24FB1AFCFC6EB0764782500010002D8,3.0,Yes,Human Body
3466417,ANCHOR_01,52:06:26:03:01:DA,-82,MFG_4C000215FDA50693A4E24FB1AFCFC6EB0764782500010002D8,3.0,Yes,Human Body
3467407,ANCHOR_01,52:06:26:03:01:DA,-83,MFG_4C000215FDA50693A4E24FB1AFCFC6EB0764782500010002D8,3.0,Yes,Human Body
3468427,ANCHOR_01,52:06:26:03:01:DA,-79,MFG_4C000215FDA50693A4E24FB1AFCFC6EB0764782500010002D8,3.0,Yes,Human Body
3469417,ANCHOR_01,52:06:26:03:01:DA,-79,MFG_4C000215FDA50693A4E24FB1AFCFC6EB0764782500010002D8,3.0,Yes,Human Body
3470437,ANCHOR_01,52:06:26:03:01:DA,-91,MFG_4C000215FDA50693A4E24FB1AFCFC6EB0764782500010002D8,3.0,Yes,Human Body
3471427,ANCHOR_01,52:06:26:03:01:DA,-91,MFG_4C000215FDA50693A4E24FB1AFCFC6EB0764782500010002D8,3.0,Yes,Human Body
3472447,ANCHOR_01,52:06:26:03:01:DA,-83,MFG_4C000215FDA50693A4E24FB1AFCFC6EB0764782500010002D8,3.0,Yes,Human Body
3473437,ANCHOR_01,52:06:26:03:01:DA,-83,MFG_4C000215FDA50693A4E24FB1AFCFC6EB0764782500010002D8,3.0,Yes,Human Body
3474457,ANCHOR_01,52:06:26:03:01:DA,-80,MFG_4C000215FDA50693A4E24FB1AFCFC6EB0764782500010002D8,3.0,Yes,Human Body
3475447,ANCHOR_01,52:06:26:03:01:DA,-78,MFG_4C000215FDA50693A4E24FB1AFCFC6EB0764782500010002D8,3.0,Yes,Human Body
3477457,ANCHOR_01,52:06:26:03:01:DA,-91,MFG_4C000215FDA50693A4E24FB1AFCFC6EB0764782500010002D8,3.0,Yes,Human Body
3478447,ANCHOR_01,52:06:26:03:01:DA,-92,MFG_4C000215FDA50693A4E24FB1AFCFC6EB0764782500010002D8,3.0,Yes,Human Body
3479467,ANCHOR_01,52:06:26:03:01:DA,-82,MFG_4C000215FDA50693A4E24FB1AFCFC6EB0764782500010002D8,3.0,Yes,Human Body
3480487,ANCHOR_01,52:06:26:03:01:DA,-79,MFG_4C000215FDA50693A4E24FB1AFCFC6EB0764782500010002D8,3.0,Yes,Human Body
3481477,ANCHOR_01,52:06:26:03:01:DA,-80,MFG_4C000215FDA50693A4E24FB1AFCFC6EB0764782500010002D8,3.0,Yes,Human Body
3482497,ANCHOR_01,52:06:26:03:01:DA,-91,MFG_4C000215FDA50693A4E24FB1AFCFC6EB0764782500010002D8,3.0,Yes,Human Body
3483487,ANCHOR_01,52:06:26:03:01:DA,-89,MFG_4C000215FDA50693A4E24FB1AFCFC6EB0764782500010002D8,3.0,Yes,Human Body
3484507,ANCHOR_01,52:06:26:03:01:DA,-83,MFG_4C000215FDA50693A4E24FB1AFCFC6EB0764782500010002D8,3.0,Yes,Human Body
3485497,ANCHOR_01,52:06:26:03:01:DA,-82,MFG_4C000215FDA50693A4E24FB1AFCFC6EB0764782500010002D8,3.0,Yes,Human Body
3486517,ANCHOR_01,52:06:26:03:01:DA,-80,MFG_4C000215FDA50693A4E24FB1AFCFC6EB0764782500010002D8,3.0,Yes,Human Body
3487507,ANCHOR_01,52:06:26:03:01:DA,-79,MFG_4C000215FDA50693A4E24FB1AFCFC6EB0764782500010002D8,3.0,Yes,Human Body
3489517,ANCHOR_01,52:06:26:03:01:DA,-91,MFG_4C000215FDA50693A4E24FB1AFCFC6EB0764782500010002D8,3.0,Yes,Human Body
3490507,ANCHOR_01,52:06:26:03:01:DA,-90,MFG_4C000215FDA50693A4E24FB1AFCFC6EB0764782500010002D8,3.0,Yes,Human Body
3491527,ANCHOR_01,52:06:26:03:01:DA,-83,MFG_4C000215FDA50693A4E24FB1AFCFC6EB0764782500010002D8,3.0,Yes,Human Body
3492517,ANCHOR_01,52:06:26:03:01:DA,-83,MFG_4C000215FDA50693A4E24FB1AFCFC6EB0764782500010002D8,3.0,Yes,Human Body
3493537,ANCHOR_01,52:06:26:03:01:DA,-79,MFG_4C000215FDA50693A4E24FB1AFCFC6EB0764782500010002D8,3.0,Yes,Human Body
3495547,ANCHOR_01,52:06:26:03:01:DA,-88,MFG_4C000215FDA50693A4E24FB1AFCFC6EB0764782500010002D8,3.0,Yes,Human Body
3497557,ANCHOR_01,52:06:26:03:01:DA,-82,MFG_4C000215FDA50693A4E24FB1AFCFC6EB0764782500010002D8,3.0,Yes,Human Body
3498547,ANCHOR_01,52:06:26:03:01:DA,-83,MFG_4C000215FDA50693A4E24FB1AFCFC6EB0764782500010002D8,3.0,Yes,Human Body
3499567,ANCHOR_01,52:06:26:03:01:DA,-79,MFG_4C000215FDA50693A4E24FB1AFCFC6EB0764782500010002D8,3.0,Yes,Human Body
3501577,ANCHOR_01,52:06:26:03:01:DA,-90,MFG_4C000215FDA50693A4E24FB1AFCFC6EB0764782500010002D8,3.0,Yes,Human Body
3503587,ANCHOR_01,52:06:26:03:01:DA,-82,MFG_4C000215FDA50693A4E24FB1AFCFC6EB0764782500010002D8,3.0,Yes,Human Body
3504607,ANCHOR_01,52:06:26:03:01:DA,-79,MFG_4C000215FDA50693A4E24FB1AFCFC6EB0764782500010002D8,3.0,Yes,Human Body
3505597,ANCHOR_01,52:06:26:03:01:DA,-80,MFG_4C000215FDA50693A4E24FB1AFCFC6EB0764782500010002D8,3.0,Yes,Human Body
3506587,ANCHOR_01,52:06:26:03:01:DA,-79,MFG_4C000215FDA50693A4E24FB1AFCFC6EB0764782500010002D8,3.0,Yes,Human Body
3507607,ANCHOR_01,52:06:26:03:01:DA,-92,MFG_4C000215FDA50693A4E24FB1AFCFC6EB0764782500010002D8,3.0,Yes,Human Body
3508597,ANCHOR_01,52:06:26:03:01:DA,-91,MFG_4C000215FDA50693A4E24FB1AFCFC6EB0764782500010002D8,3.0,Yes,Human Body
3509617,ANCHOR_01,52:06:26:03:01:DA,-82,MFG_4C000215FDA50693A4E24FB1AFCFC6EB0764782500010002D8,3.0,Yes,Human Body
3510607,ANCHOR_01,52:06:26:03:01:DA,-83,MFG_4C000215FDA50693A4E24FB1AFCFC6EB0764782500010002D8,3.0,Yes,Human Body
3511627,ANCHOR_01,52:06:26:03:01:DA,-79,MFG_4C000215FDA50693A4E24FB1AFCFC6EB0764782500010002D8,3.0,Yes,Human Body
3512617,ANCHOR_01,52:06:26:03:01:DA,-79,MFG_4C000215FDA50693A4E24FB1AFCFC6EB0764782500010002D8,3.0,Yes,Human Body
3513637,ANCHOR_01,52:06:26:03:01:DA,-93,MFG_4C000215FDA50693A4E24FB1AFCFC6EB0764782500010002D8,3.0,Yes,Human Body
3514627,ANCHOR_01,52:06:26:03:01:DA,-91,MFG_4C000215FDA50693A4E24FB1AFCFC6EB0764782500010002D8,3.0,Yes,Human Body
3515647,ANCHOR_01,52:06:26:03:01:DA,-83,MFG_4C000215FDA50693A4E24FB1AFCFC6EB0764782500010002D8,3.0,Yes,Human Body
3516667,ANCHOR_01,52:06:26:03:01:DA,-79,MFG_4C000215FDA50693A4E24FB1AFCFC6EB0764782500010002D8,3.0,Yes,Human Body
3517657,ANCHOR_01,52:06:26:03:01:DA,-81,MFG_4C000215FDA50693A4E24FB1AFCFC6EB0764782500010002D8,3.0,Yes,Human Body
3518677,ANCHOR_01,52:06:26:03:01:DA,-93,MFG_4C000215FDA50693A4E24FB1AFCFC6EB0764782500010002D8,3.0,Yes,Human Body
3519667,ANCHOR_01,52:06:26:03:01:DA,-94,MFG_4C000215FDA50693A4E24FB1AFCFC6EB0764782500010002D8,3.0,Yes,Human Body
3520687,ANCHOR_01,52:06:26:03:01:DA,-82,MFG_4C000215FDA50693A4E24FB1AFCFC6EB0764782500010002D8,3.0,Yes,Human Body
3522697,ANCHOR_01,52:06:26:03:01:DA,-79,MFG_4C000215FDA50693A4E24FB1AFCFC6EB0764782500010002D8,3.0,Yes,Human Body
3524707,ANCHOR_01,52:06:26:03:01:DA,-91,MFG_4C000215FDA50693A4E24FB1AFCFC6EB0764782500010002D8,3.0,Yes,Human Body
3526717,ANCHOR_01,52:06:26:03:01:DA,-83,MFG_4C000215FDA50693A4E24FB1AFCFC6EB0764782500010002D8,3.0,Yes,Human Body
3527737,ANCHOR_01,52:06:26:03:01:DA,-79,MFG_4C000215FDA50693A4E24FB1AFCFC6EB0764782500010002D8,3.0,Yes,Human Body
3528727,ANCHOR_01,52:06:26:03:01:DA,-80,MFG_4C000215FDA50693A4E24FB1AFCFC6EB0764782500010002D8,3.0,Yes,Human Body
3529747,ANCHOR_01,52:06:26:03:01:DA,-93,MFG_4C000215FDA50693A4E24FB1AFCFC6EB0764782500010002D8,3.0,Yes,Human Body
3530737,ANCHOR_01,52:06:26:03:01:DA,-93,MFG_4C000215FDA50693A4E24FB1AFCFC6EB0764782500010002D8,3.0,Yes,Human Body
3532747,ANCHOR_01,52:06:26:03:01:DA,-82,MFG_4C000215FDA50693A4E24FB1AFCFC6EB0764782500010002D8,3.0,Yes,Human Body
3534757,ANCHOR_01,52:06:26:03:01:DA,-80,MFG_4C000215FDA50693A4E24FB1AFCFC6EB0764782500010002D8,3.0,Yes,Human Body
3536767,ANCHOR_01,52:06:26:03:01:DA,-92,MFG_4C000215FDA50693A4E24FB1AFCFC6EB0764782500010002D8,3.0,Yes,Human Body
3537787,ANCHOR_01,52:06:26:03:01:DA,-82,MFG_4C000215FDA50693A4E24FB1AFCFC6EB0764782500010002D8,3.0,Yes,Human Body
3538777,ANCHOR_01,52:06:26:03:01:DA,-83,MFG_4C000215FDA50693A4E24FB1AFCFC6EB0764782500010002D8,3.0,Yes,Human Body
3539797,ANCHOR_01,52:06:26:03:01:DA,-79,MFG_4C000215FDA50693A4E24FB1AFCFC6EB0764782500010002D8,3.0,Yes,Human Body
3540787,ANCHOR_01,52:06:26:03:01:DA,-80,MFG_4C000215FDA50693A4E24FB1AFCFC6EB0764782500010002D8,3.0,Yes,Human Body
3541777,ANCHOR_01,52:06:26:03:01:DA,-80,MFG_4C000215FDA50693A4E24FB1AFCFC6EB0764782500010002D8,3.0,Yes,Human Body
3542797,ANCHOR_01,52:06:26:03:01:DA,-92,MFG_4C000215FDA50693A4E24FB1AFCFC6EB0764782500010002D8,3.0,Yes,Human Body
3543787,ANCHOR_01,52:06:26:03:01:DA,-92,MFG_4C000215FDA50693A4E24FB1AFCFC6EB0764782500010002D8,3.0,Yes,Human Body
3544807,ANCHOR_01,52:06:26:03:01:DA,-82,MFG_4C000215FDA50693A4E24FB1AFCFC6EB0764782500010002D8,3.0,Yes,Human Body
3546817,ANCHOR_01,52:06:26:03:01:DA,-79,MFG_4C000215FDA50693A4E24FB1AFCFC6EB0764782500010002D8,3.0,Yes,Human Body
3548827,ANCHOR_01,52:06:26:03:01:DA,-92,MFG_4C000215FDA50693A4E24FB1AFCFC6EB0764782500010002D8,3.0,Yes,Human Body
3549847,ANCHOR_01,52:06:26:03:01:DA,-82,MFG_4C000215FDA50693A4E24FB1AFCFC6EB0764782500010002D8,3.0,Yes,Human Body
3550837,ANCHOR_01,52:06:26:03:01:DA,-83,MFG_4C000215FDA50693A4E24FB1AFCFC6EB0764782500010002D8,3.0,Yes,Human Body
3552847,ANCHOR_01,52:06:26:03:01:DA,-80,MFG_4C000215FDA50693A4E24FB1AFCFC6EB0764782500010002D8,3.0,Yes,Human Body
3553837,ANCHOR_01,52:06:26:03:01:DA,-79,MFG_4C000215FDA50693A4E24FB1AFCFC6EB0764782500010002D8,3.0,Yes,Human Body
3554857,ANCHOR_01,52:06:26:03:01:DA,-91,MFG_4C000215FDA50693A4E24FB1AFCFC6EB0764782500010002D8,3.0,Yes,Human Body
3555847,ANCHOR_01,52:06:26:03:01:DA,-91,MFG_4C000215FDA50693A4E24FB1AFCFC6EB0764782500010002D8,3.0,Yes,Human Body
3556867,ANCHOR_01,52:06:26:03:01:DA,-83,MFG_4C000215FDA50693A4E24FB1AFCFC6EB0764782500010002D8,3.0,Yes,Human Body
3557857,ANCHOR_01,52:06:26:03:01:DA,-83,MFG_4C000215FDA50693A4E24FB1AFCFC6EB0764782500010002D8,3.0,Yes,Human Body
3558877,ANCHOR_01,52:06:26:03:01:DA,-80,MFG_4C000215FDA50693A4E24FB1AFCFC6EB0764782500010002D8,3.0,Yes,Human Body
3559867,ANCHOR_01,52:06:26:03:01:DA,-80,MFG_4C000215FDA50693A4E24FB1AFCFC6EB0764782500010002D8,3.0,Yes,Human Body
3560887,ANCHOR_01,52:06:26:03:01:DA,-91,MFG_4C000215FDA50693A4E24FB1AFCFC6EB0764782500010002D8,3.0,Yes,Human Body
3561877,ANCHOR_01,52:06:26:03:01:DA,-92,MFG_4C000215FDA50693A4E24FB1AFCFC6EB0764782500010002D8,3.0,Yes,Human Body
3562897,ANCHOR_01,52:06:26:03:01:DA,-82,MFG_4C000215FDA50693A4E24FB1AFCFC6EB0764782500010002D8,3.0,Yes,Human Body
3563887,ANCHOR_01,52:06:26:03:01:DA,-82,MFG_4C000215FDA50693A4E24FB1AFCFC6EB0764782500010002D8,3.0,Yes,Human Body
3564907,ANCHOR_01,52:06:26:03:01:DA,-79,MFG_4C000215FDA50693A4E24FB1AFCFC6EB0764782500010002D8,3.0,Yes,Human Body
3565927,ANCHOR_01,52:06:26:03:01:DA,-92,MFG_4C000215FDA50693A4E24FB1AFCFC6EB0764782500010002D8,3.0,Yes,Human Body
3566917,ANCHOR_01,52:06:26:03:01:DA,-91,MFG_4C000215FDA50693A4E24FB1AFCFC6EB0764782500010002D8,3.0,Yes,Human Body
3567937,ANCHOR_01,52:06:26:03:01:DA,-82,MFG_4C000215FDA50693A4E24FB1AFCFC6EB0764782500010002D8,3.0,Yes,Human Body
3568927,ANCHOR_01,52:06:26:03:01:DA,-83,MFG_4C000215FDA50693A4E24FB1AFCFC6EB0764782500010002D8,3.0,Yes,Human Body
3569947,ANCHOR_01,52:06:26:03:01:DA,-78,MFG_4C000215FDA50693A4E24FB1AFCFC6EB0764782500010002D8,3.0,Yes,Human Body
3570937,ANCHOR_01,52:06:26:03:01:DA,-79,MFG_4C000215FDA50693A4E24FB1AFCFC6EB0764782500010002D8,3.0,Yes,Human Body
3571957,ANCHOR_01,52:06:26:03:01:DA,-92,MFG_4C000215FDA50693A4E24FB1AFCFC6EB0764782500010002D8,3.0,Yes,Human Body
3572947,ANCHOR_01,52:06:26:03:01:DA,-91,MFG_4C000215FDA50693A4E24FB1AFCFC6EB0764782500010002D8,3.0,Yes,Human Body
3573967,ANCHOR_01,52:06:26:03:01:DA,-83,MFG_4C000215FDA50693A4E24FB1AFCFC6EB0764782500010002D8,3.0,Yes,Human Body
3574957,ANCHOR_01,52:06:26:03:01:DA,-82,MFG_4C000215FDA50693A4E24FB1AFCFC6EB0764782500010002D8,3.0,Yes,Human Body
3575947,ANCHOR_01,52:06:26:03:01:DA,-83,MFG_4C000215FDA50693A4E24FB1AFCFC6EB0764782500010002D8,3.0,Yes,Human Body
3576967,ANCHOR_01,52:06:26:03:01:DA,-80,MFG_4C000215FDA50693A4E24FB1AFCFC6EB0764782500010002D8,3.0,Yes,Human Body
3577987,ANCHOR_01,52:06:26:03:01:DA,-90,MFG_4C000215FDA50693A4E24FB1AFCFC6EB0764782500010002D8,3.0,Yes,Human Body
3578977,ANCHOR_01,52:06:26:03:01:DA,-91,MFG_4C000215FDA50693A4E24FB1AFCFC6EB0764782500010002D8,3.0,Yes,Human Body
3580987,ANCHOR_01,52:06:26:03:01:DA,-83,MFG_4C000215FDA50693A4E24FB1AFCFC6EB0764782500010002D8,3.0,Yes,Human Body
3582007,ANCHOR_01,52:06:26:03:01:DA,-80,MFG_4C000215FDA50693A4E24FB1AFCFC6EB0764782500010002D8,3.0,Yes,Human Body
3582997,ANCHOR_01,52:06:26:03:01:DA,-79,MFG_4C000215FDA50693A4E24FB1AFCFC6EB0764782500010002D8,3.0,Yes,Human Body
3585007,ANCHOR_01,52:06:26:03:01:DA,-90,MFG_4C000215FDA50693A4E24FB1AFCFC6EB0764782500010002D8,3.0,Yes,Human Body
3585997,ANCHOR_01,52:06:26:03:01:DA,-93,MFG_4C000215FDA50693A4E24FB1AFCFC6EB0764782500010002D8,3.0,Yes,Human Body
3587017,ANCHOR_01,52:06:26:03:01:DA,-85,MFG_4C000215FDA50693A4E24FB1AFCFC6EB0764782500010002D8,3.0,Yes,Human Body
3588007,ANCHOR_01,52:06:26:03:01:DA,-83,MFG_4C000215FDA50693A4E24FB1AFCFC6EB0764782500010002D8,3.0,Yes,Human Body
3589027,ANCHOR_01,52:06:26:03:01:DA,-78,MFG_4C000215FDA50693A4E24FB1AFCFC6EB0764782500010002D8,3.0,Yes,Human Body
3590017,ANCHOR_01,52:06:26:03:01:DA,-79,MFG_4C000215FDA50693A4E24FB1AFCFC6EB0764782500010002D8,3.0,Yes,Human Body
3591037,ANCHOR_01,52:06:26:03:01:DA,-93,MFG_4C000215FDA50693A4E24FB1AFCFC6EB0764782500010002D8,3.0,Yes,Human Body
3592027,ANCHOR_01,52:06:26:03:01:DA,-93,MFG_4C000215FDA50693A4E24FB1AFCFC6EB0764782500010002D8,3.0,Yes,Human Body
3593047,ANCHOR_01,52:06:26:03:01:DA,-80,MFG_4C000215FDA50693A4E24FB1AFCFC6EB0764782500010002D8,3.0,Yes,Human Body
3594037,ANCHOR_01,52:06:26:03:01:DA,-80,MFG_4C000215FDA50693A4E24FB1AFCFC6EB0764782500010002D8,3.0,Yes,Human Body
3595057,ANCHOR_01,52:06:26:03:01:DA,-78,MFG_4C000215FDA50693A4E24FB1AFCFC6EB0764782500010002D8,3.0,Yes,Human Body
