timestamp,anchor,mac,rssi,name,distance_m,obstacle,obstacle_type,height_m
9005357,ANCHOR_01,52:06:26:03:01:DA,-75,MFG_4C000215FDA50693A4E24FB1AFCFC6EB0764782500010002D8,1.88,Yes,mattress,1.98
9006357,ANCHOR_01,52:06:26:03:01:DA,-71,MFG_4C000215FDA50693A4E24FB1AFCFC6EB0764782500010002D8,1.88,Yes,mattress,1.98
9007367,ANCHOR_01,52:06:26:03:01:DA,-69,MFG_4C000215FDA50693A4E24FB1AFCFC6EB0764782500010002D8,1.88,Yes,mattress,1.98
9008387,ANCHOR_01,52:06:26:03:01:DA,-68,MFG_4C000215FDA50693A4E24FB1AFCFC6EB0764782500010002D8,1.88,Yes,mattress,1.98
9009377,ANCHOR_01,52:06:26:03:01:DA,-69,MFG_4C000215FDA50693A4E24FB1AFCFC6EB0764782500010002D8,1.88,Yes,mattress,1.98
9010397,ANCHOR_01,52:06:26:03:01:DA,-72,MFG_4C000215FDA50693A4E24FB1AFCFC6EB0764782500010002D8,1.88,Yes,mattress,1.98
9012407,ANCHOR_01,52:06:26:03:01:DA,-68,MFG_4C000215FDA50693A4E24FB1AFCFC6EB0764782500010002D8,1.88,Yes,mattress,1.98
9013407,ANCHOR_01,52:06:26:03:01:DA,-69,MFG_4C000215FDA50693A4E24FB1AFCFC6EB0764782500010002D8,1.88,Yes,mattress,1.98
9014417,ANCHOR_01,52:06:26:03:01:DA,-69,MFG_4C000215FDA50693A4E24FB1AFCFC6EB0764782500010002D8,1.88,Yes,mattress,1.98
9015437,ANCHOR_01,52:06:26:03:01:DA,-71,MFG_4C000215FDA50693A4E24FB1AFCFC6EB0764782500010002D8,1.88,Yes,mattress,1.98
9016417,ANCHOR_01,52:06:26:03:01:DA,-72,MFG_4C000215FDA50693A4E24FB1AFCFC6EB0764782500010002D8,1.88,Yes,mattress,1.98
9017447,ANCHOR_01,52:06:26:03:01:DA,-68,MFG_4C000215FDA50693A4E24FB1AFCFC6EB0764782500010002D8,1.88,Yes,mattress,1.98
9018427,ANCHOR_01,52:06:26:03:01:DA,-67,MFG_4C000215FDA50693A4E24FB1AFCFC6EB0764782500010002D8,1.88,Yes,mattress,1.98
9019457,ANCHOR_01,52:06:26:03:01:DA,-69,MFG_4C000215FDA50693A4E24FB1AFCFC6EB0764782500010002D8,1.88,Yes,mattress,1.98
9020447,ANCHOR_01,52:06:26:03:01:DA,-69,MFG_4C000215FDA50693A4E24FB1AFCFC6EB0764782500010002D8,1.88,Yes,mattress,1.98
9021457,ANCHOR_01,52:06:26:03:01:DA,-72,MFG_4C000215FDA50693A4E24FB1AFCFC6EB0764782500010002D8,1.88,Yes,mattress,1.98
9022457,ANCHOR_01,52:06:26:03:01:DA,-72,MFG_4C000215FDA50693A4E24FB1AFCFC6EB0764782500010002D8,1.88,Yes,mattress,1.98
9024467,ANCHOR_01,52:06:26:03:01:DA,-68,MFG_4C000215FDA50693A4E24FB1AFCFC6EB0764782500010002D8,1.88,Yes,mattress,1.98
9025447,ANCHOR_01,52:06:26:03:01:DA,-67,MFG_4C000215FDA50693A4E24FB1AFCFC6EB0764782500010002D8,1.88,Yes,mattress,1.98
9026477,ANCHOR_01,52:06:26:03:01:DA,-69,MFG_4C000215FDA50693A4E24FB1AFCFC6EB0764782500010002D8,1.88,Yes,mattress,1.98
9028487,ANCHOR_01,52:06:26:03:01:DA,-72,MFG_4C000215FDA50693A4E24FB1AFCFC6EB0764782500010002D8,1.88,Yes,mattress,1.98
9030497,ANCHOR_01,52:06:26:03:01:DA,-69,MFG_4C000215FDA50693A4E24FB1AFCFC6EB0764782500010002D8,1.88,Yes,mattress,1.98
9031487,ANCHOR_01,52:06:26:03:01:DA,-69,MFG_4C000215FDA50693A4E24FB1AFCFC6EB0764782500010002D8,1.88,Yes,mattress,1.98
9032507,ANCHOR_01,52:06:26:03:01:DA,-69,MFG_4C000215FDA50693A4E24FB1AFCFC6EB0764782500010002D8,1.88,Yes,mattress,1.98
9033507,ANCHOR_01,52:06:26:03:01:DA,-71,MFG_4C000215FDA50693A4E24FB1AFCFC6EB0764782500010002D8,1.88,Yes,mattress,1.98
9034517,ANCHOR_01,52:06:26:03:01:DA,-73,MFG_4C000215FDA50693A4E24FB1AFCFC6EB0764782500010002D8,1.88,Yes,mattress,1.98
9035517,ANCHOR_01,52:06:26:03:01:DA,-69,MFG_4C000215FDA50693A4E24FB1AFCFC6EB0764782500010002D8,1.88,Yes,mattress,1.98
9036527,ANCHOR_01,52:06:26:03:01:DA,-68,MFG_4C000215FDA50693A4E24FB1AFCFC6EB0764782500010002D8,1.88,Yes,mattress,1.98
9037547,ANCHOR_01,52:06:26:03:01:DA,-69,MFG_4C000215FDA50693A4E24FB1AFCFC6EB0764782500010002D8,1.88,Yes,mattress,1.98
9038527,ANCHOR_01,52:06:26:03:01:DA,-69,MFG_4C000215FDA50693A4E24FB1AFCFC6EB0764782500010002D8,1.88,Yes,mattress,1.98
9039557,ANCHOR_01,52:06:26:03:01:DA,-72,MFG_4C000215FDA50693A4E24FB1AFCFC6EB0764782500010002D8,1.88,Yes,mattress,1.98
9040547,ANCHOR_01,52:06:26:03:01:DA,-72,MFG_4C000215FDA50693A4E24FB1AFCFC6EB0764782500010002D8,1.88,Yes,mattress,1.98
9044557,ANCHOR_01,52:06:26:03:01:DA,-69,MFG_4C000215FDA50693A4E24FB1AFCFC6EB0764782500010002D8,1.88,Yes,mattress,1.98
9045577,ANCHOR_01,52:06:26:03:01:DA,-71,MFG_4C000215FDA50693A4E24FB1AFCFC6EB0764782500010002D8,1.88,Yes,mattress,1.98
9046577,ANCHOR_01,52:06:26:03:01:DA,-72,MFG_4C000215FDA50693A4E24FB1AFCFC6EB0764782500010002D8,1.88,Yes,mattress,1.98
9047597,ANCHOR_01,52:06:26:03:01:DA,-67,MFG_4C000215FDA50693A4E24FB1AFCFC6EB0764782500010002D8,1.88,Yes,mattress,1.98
9048587,ANCHOR_01,52:06:26:03:01:DA,-69,MFG_4C000215FDA50693A4E24FB1AFCFC6EB0764782500010002D8,1.88,Yes,mattress,1.98
9049597,ANCHOR_01,52:06:26:03:01:DA,-69,MFG_4C000215FDA50693A4E24FB1AFCFC6EB0764782500010002D8,1.88,Yes,mattress,1.98
9050597,ANCHOR_01,52:06:26:03:01:DA,-69,MFG_4C000215FDA50693A4E24FB1AFCFC6EB0764782500010002D8,1.88,Yes,mattress,1.98
9051607,ANCHOR_01,52:06:26:03:01:DA,-72,MFG_4C000215FDA50693A4E24FB1AFCFC6EB0764782500010002D8,1.88,Yes,mattress,1.98
9053617,ANCHOR_01,52:06:26:03:01:DA,-67,MFG_4C000215FDA50693A4E24FB1AFCFC6EB0764782500010002D8,1.88,Yes,mattress,1.98
9054637,ANCHOR_01,52:06:26:03:01:DA,-69,MFG_4C000215FDA50693A4E24FB1AFCFC6EB0764782500010002D8,1.88,Yes,mattress,1.98
9055637,ANCHOR_01,52:06:26:03:01:DA,-69,MFG_4C000215FDA50693A4E24FB1AFCFC6EB0764782500010002D8,1.88,Yes,mattress,1.98
9057647,ANCHOR_01,52:06:26:03:01:DA,-72,MFG_4C000215FDA50693A4E24FB1AFCFC6EB0764782500010002D8,1.88,Yes,mattress,1.98
9058627,ANCHOR_01,52:06:26:03:01:DA,-69,MFG_4C000215FDA50693A4E24FB1AFCFC6EB0764782500010002D8,1.88,Yes,mattress,1.98
9059657,ANCHOR_01,52:06:26:03:01:DA,-68,MFG_4C000215FDA50693A4E24FB1AFCFC6EB0764782500010002D8,1.88,Yes,mattress,1.98
9060637,ANCHOR_01,52:06:26:03:01:DA,-69,MFG_4C000215FDA50693A4E24FB1AFCFC6EB0764782500010002D8,1.88,Yes,mattress,1.98
9061657,ANCHOR_01,52:06:26:03:01:DA,-70,MFG_4C000215FDA50693A4E24FB1AFCFC6EB0764782500010002D8,1.88,Yes,mattress,1.98
9062657,ANCHOR_01,52:06:26:03:01:DA,-70,MFG_4C000215FDA50693A4E24FB1AFCFC6EB0764782500010002D8,1.88,Yes,mattress,1.98
9063647,ANCHOR_01,52:06:26:03:01:DA,-70,MFG_4C000215FDA50693A4E24FB1AFCFC6EB0764782500010002D8,1.88,Yes,mattress,1.98
9064667,ANCHOR_01,52:06:26:03:01:DA,-70,MFG_4C000215FDA50693A4E24FB1AFCFC6EB0764782500010002D8,1.88,Yes,mattress,1.98
9066677,ANCHOR_01,52:06:26:03:01:DA,-68,MFG_4C000215FDA50693A4E24FB1AFCFC6EB0764782500010002D8,1.88,Yes,mattress,1.98
9068677,ANCHOR_01,52:06:26:03:01:DA,-70,MFG_4C000215FDA50693A4E24FB1AFCFC6EB0764782500010002D8,1.88,Yes,mattress,1.98
9069707,ANCHOR_01,52:06:26:03:01:DA,-70,MFG_4C000215FDA50693A4E24FB1AFCFC6EB0764782500010002D8,1.88,Yes,mattress,1.98
9070697,ANCHOR_01,52:06:26:03:01:DA,-70,MFG_4C000215FDA50693A4E24FB1AFCFC6EB0764782500010002D8,1.88,Yes,mattress,1.98
9071697,ANCHOR_01,52:06:26:03:01:DA,-67,MFG_4C000215FDA50693A4E24FB1AFCFC6EB0764782500010002D8,1.88,Yes,mattress,1.98
9072707,ANCHOR_01,52:06:26:03:01:DA,-67,MFG_4C000215FDA50693A4E24FB1AFCFC6EB0764782500010002D8,1.88,Yes,mattress,1.98
9073727,ANCHOR_01,52:06:26:03:01:DA,-69,MFG_4C000215FDA50693A4E24FB1AFCFC6EB0764782500010002D8,1.88,Yes,mattress,1.98
9074707,ANCHOR_01,52:06:26:03:01:DA,-70,MFG_4C000215FDA50693A4E24FB1AFCFC6EB0764782500010002D8,1.88,Yes,mattress,1.98
9075737,ANCHOR_01,52:06:26:03:01:DA,-70,MFG_4C000215FDA50693A4E24FB1AFCFC6EB0764782500010002D8,1.88,Yes,mattress,1.98
9076717,ANCHOR_01,52:06:26:03:01:DA,-70,MFG_4C000215FDA50693A4E24FB1AFCFC6EB0764782500010002D8,1.88,Yes,mattress,1.98
9078727,ANCHOR_01,52:06:26:03:01:DA,-67,MFG_4C000215FDA50693A4E24FB1AFCFC6EB0764782500010002D8,1.88,Yes,mattress,1.98
9080747,ANCHOR_01,52:06:26:03:01:DA,-70,MFG_4C000215FDA50693A4E24FB1AFCFC6EB0764782500010002D8,1.88,Yes,mattress,1.98
9082757,ANCHOR_01,52:06:26:03:01:DA,-70,MFG_4C000215FDA50693A4E24FB1AFCFC6EB0764782500010002D8,1.88,Yes,mattress,1.98
9083777,ANCHOR_01,52:06:26:03:01:DA,-69,MFG_4C000215FDA50693A4E24FB1AFCFC6EB0764782500010002D8,1.88,Yes,mattress,1.98
9084757,ANCHOR_01,52:06:26:03:01:DA,-69,MFG_4C000215FDA50693A4E24FB1AFCFC6EB0764782500010002D8,1.88,Yes,mattress,1.98
9085787,ANCHOR_01,52:06:26:03:01:DA,-69,MFG_4C000215FDA50693A4E24FB1AFCFC6EB0764782500010002D8,1.88,Yes,mattress,1.98
9086767,ANCHOR_01,52:06:26:03:01:DA,-69,MFG_4C000215FDA50693A4E24FB1AFCFC6EB0764782500010002D8,1.88,Yes,mattress,1.98
9087797,ANCHOR_01,52:06:26:03:01:DA,-70,MFG_4C000215FDA50693A4E24FB1AFCFC6EB0764782500010002D8,1.88,Yes,mattress,1.98
9088777,ANCHOR_01,52:06:26:03:01:DA,-70,MFG_4C000215FDA50693A4E24FB1AFCFC6EB0764782500010002D8,1.88,Yes,mattress,1.98
9090797,ANCHOR_01,52:06:26:03:01:DA,-69,MFG_4C000215FDA50693A4E24FB1AFCFC6EB0764782500010002D8,1.88,Yes,mattress,1.98
9092797,ANCHOR_01,52:06:26:03:01:DA,-70,MFG_4C000215FDA50693A4E24FB1AFCFC6EB0764782500010002D8,1.88,Yes,mattress,1.98
9093797,ANCHOR_01,52:06:26:03:01:DA,-70,MFG_4C000215FDA50693A4E24FB1AFCFC6EB0764782500010002D8,1.88,Yes,mattress,1.98
9094817,ANCHOR_01,52:06:26:03:01:DA,-71,MFG_4C000215FDA50693A4E24FB1AFCFC6EB0764782500010002D8,1.88,Yes,mattress,1.98
9095807,ANCHOR_01,52:06:26:03:01:DA,-70,MFG_4C000215FDA50693A4E24FB1AFCFC6EB0764782500010002D8,1.88,Yes,mattress,1.98
9096807,ANCHOR_01,52:06:26:03:01:DA,-68,MFG_4C000215FDA50693A4E24FB1AFCFC6EB0764782500010002D8,1.88,Yes,mattress,1.98
9097817,ANCHOR_01,52:06:26:03:01:DA,-69,MFG_4C000215FDA50693A4E24FB1AFCFC6EB0764782500010002D8,1.88,Yes,mattress,1.98
9098837,ANCHOR_01,52:06:26:03:01:DA,-69,MFG_4C000215FDA50693A4E24FB1AFCFC6EB0764782500010002D8,1.88,Yes,mattress,1.98
9099827,ANCHOR_01,52:06:26:03:01:DA,-70,MFG_4C000215FDA50693A4E24FB1AFCFC6EB0764782500010002D8,1.88,Yes,mattress,1.98
9100847,ANCHOR_01,52:06:26:03:01:DA,-70,MFG_4C000215FDA50693A4E24FB1AFCFC6EB0764782500010002D8,1.88,Yes,mattress,1.98
9102857,ANCHOR_01,52:06:26:03:01:DA,-69,MFG_4C000215FDA50693A4E24FB1AFCFC6EB0764782500010002D8,1.88,Yes,mattress,1.98
9103877,ANCHOR_01,52:06:26:03:01:DA,-69,MFG_4C000215FDA50693A4E24FB1AFCFC6EB0764782500010002D8,1.88,Yes,mattress,1.98
9104867,ANCHOR_01,52:06:26:03:01:DA,-70,MFG_4C000215FDA50693A4E24FB1AFCFC6EB0764782500010002D8,1.88,Yes,mattress,1.98
9105887,ANCHOR_01,52:06:26:03:01:DA,-69,MFG_4C000215FDA50693A4E24FB1AFCFC6EB0764782500010002D8,1.88,Yes,mattress,1.98
9106877,ANCHOR_01,52:06:26:03:01:DA,-68,MFG_4C000215FDA50693A4E24FB1AFCFC6EB0764782500010002D8,1.88,Yes,mattress,1.98
9107877,ANCHOR_01,52:06:26:03:01:DA,-69,MFG_4C000215FDA50693A4E24FB1AFCFC6EB0764782500010002D8,1.88,Yes,mattress,1.98
9108887,ANCHOR_01,52:06:26:03:01:DA,-68,MFG_4C000215FDA50693A4E24FB1AFCFC6EB0764782500010002D8,1.88,Yes,mattress,1.98
9109887,ANCHOR_01,52:06:26:03:01:DA,-69,MFG_4C000215FDA50693A4E24FB1AFCFC6EB0764782500010002D8,1.88,Yes,mattress,1.98
9110897,ANCHOR_01,52:06:26:03:01:DA,-70,MFG_4C000215FDA50693A4E24FB1AFCFC6EB0764782500010002D8,1.88,Yes,mattress,1.98
9111917,ANCHOR_01,52:06:26:03:01:DA,-70,MFG_4C000215FDA50693A4E24FB1AFCFC6EB0764782500010002D8,1.88,Yes,mattress,1.98
9113917,ANCHOR_01,52:06:26:03:01:DA,-67,MFG_4C000215FDA50693A4E24FB1AFCFC6EB0764782500010002D8,1.88,Yes,mattress,1.98
9114947,ANCHOR_01,52:06:26:03:01:DA,-69,MFG_4C000215FDA50693A4E24FB1AFCFC6EB0764782500010002D8,1.88,Yes,mattress,1.98
9115927,ANCHOR_01,52:06:26:03:01:DA,-70,MFG_4C000215FDA50693A4E24FB1AFCFC6EB0764782500010002D8,1.88,Yes,mattress,1.98
9116947,ANCHOR_01,52:06:26:03:01:DA,-70,MFG_4C000215FDA50693A4E24FB1AFCFC6EB0764782500010002D8,1.88,Yes,mattress,1.98
9117947,ANCHOR_01,52:06:26:03:01:DA,-69,MFG_4C000215FDA50693A4E24FB1AFCFC6EB0764782500010002D8,1.88,Yes,mattress,1.98
9118947,ANCHOR_01,52:06:26:03:01:DA,-67,MFG_4C000215FDA50693A4E24FB1AFCFC6EB0764782500010002D8,1.88,Yes,mattress,1.98
9119957,ANCHOR_01,52:06:26:03:01:DA,-68,MFG_4C000215FDA50693A4E24FB1AFCFC6EB0764782500010002D8,1.88,Yes,mattress,1.98
9120957,ANCHOR_01,52:06:26:03:01:DA,-70,MFG_4C000215FDA50693A4E24FB1AFCFC6EB0764782500010002D8,1.88,Yes,mattress,1.98
9121967,ANCHOR_01,52:06:26:03:01:DA,-70,MFG_4C000215FDA50693A4E24FB1AFCFC6EB0764782500010002D8,1.88,Yes,mattress,1.98
9122967,ANCHOR_01,52:06:26:03:01:DA,-70,MFG_4C000215FDA50693A4E24FB1AFCFC6EB0764782500010002D8,1.88,Yes,mattress,1.98
9123977,ANCHOR_01,52:06:26:03:01:DA,-70,MFG_4C000215FDA50693A4E24FB1AFCFC6EB0764782500010002D8,1.88,Yes,mattress,1.98
9124997,ANCHOR_01,52:06:26:03:01:DA,-69,MFG_4C000215FDA50693A4E24FB1AFCFC6EB0764782500010002D8,1.88,Yes,mattress,1.98
9125987,ANCHOR_01,52:06:26:03:01:DA,-67,MFG_4C000215FDA50693A4E24FB1AFCFC6EB0764782500010002D8,1.88,Yes,mattress,1.98
9127007,ANCHOR_01,52:06:26:03:01:DA,-69,MFG_4C000215FDA50693A4E24FB1AFCFC6EB0764782500010002D8,1.88,Yes,mattress,1.98
9127997,ANCHOR_01,52:06:26:03:01:DA,-70,MFG_4C000215FDA50693A4E24FB1AFCFC6EB0764782500010002D8,1.88,Yes,mattress,1.98
9129017,ANCHOR_01,52:06:26:03:01:DA,-70,MFG_4C000215FDA50693A4E24FB1AFCFC6EB0764782500010002D8,1.88,Yes,mattress,1.98
9129997,ANCHOR_01,52:06:26:03:01:DA,-70,MFG_4C000215FDA50693A4E24FB1AFCFC6EB0764782500010002D8,1.88,Yes,mattress,1.98
9131027,ANCHOR_01,52:06:26:03:01:DA,-69,MFG_4C000215FDA50693A4E24FB1AFCFC6EB0764782500010002D8,1.88,Yes,mattress,1.98
9132017,ANCHOR_01,52:06:26:03:01:DA,-69,MFG_4C000215FDA50693A4E24FB1AFCFC6EB0764782500010002D8,1.88,Yes,mattress,1.98
9133017,ANCHOR_01,52:06:26:03:01:DA,-69,MFG_4C000215FDA50693A4E24FB1AFCFC6EB0764782500010002D8,1.88,Yes,mattress,1.98
9134017,ANCHOR_01,52:06:26:03:01:DA,-69,MFG_4C000215FDA50693A4E24FB1AFCFC6EB0764782500010002D8,1.88,Yes,mattress,1.98
9135047,ANCHOR_01,52:06:26:03:01:DA,-70,MFG_4C000215FDA50693A4E24FB1AFCFC6EB0764782500010002D8,1.88,Yes,mattress,1.98
9136037,ANCHOR_01,52:06:26:03:01:DA,-70,MFG_4C000215FDA50693A4E24FB1AFCFC6EB0764782500010002D8,1.88,Yes,mattress,1.98
9137057,ANCHOR_01,52:06:26:03:01:DA,-68,MFG_4C000215FDA50693A4E24FB1AFCFC6EB0764782500010002D8,1.88,Yes,mattress,1.98
9138047,ANCHOR_01,52:06:26:03:01:DA,-68,MFG_4C000215FDA50693A4E24FB1AFCFC6EB0764782500010002D8,1.88,Yes,mattress,1.98
9139057,ANCHOR_01,52:06:26:03:01:DA,-69,MFG_4C000215FDA50693A4E24FB1AFCFC6EB0764782500010002D8,1.88,Yes,mattress,1.98
9140087,ANCHOR_01,52:06:26:03:01:DA,-70,MFG_4C000215FDA50693A4E24FB1AFCFC6EB0764782500010002D8,1.88,Yes,mattress,1.98
9141067,ANCHOR_01,52:06:26:03:01:DA,-70,MFG_4C000215FDA50693A4E24FB1AFCFC6EB0764782500010002D8,1.88,Yes,mattress,1.98
9142067,ANCHOR_01,52:06:26:03:01:DA,-69,MFG_4C000215FDA50693A4E24FB1AFCFC6EB0764782500010002D8,1.88,Yes,mattress,1.98
9143087,ANCHOR_01,52:06:26:03:01:DA,-68,MFG_4C000215FDA50693A4E24FB1AFCFC6EB0764782500010002D8,1.88,Yes,mattress,1.98
9144077,ANCHOR_01,52:06:26:03:01:DA,-67,MFG_4C000215FDA50693A4E24FB1AFCFC6EB0764782500010002D8,1.88,Yes,mattress,1.98
9145097,ANCHOR_01,52:06:26:03:01:DA,-70,MFG_4C000215FDA50693A4E24FB1AFCFC6EB0764782500010002D8,1.88,Yes,mattress,1.98
9146077,ANCHOR_01,52:06:26:03:01:DA,-69,MFG_4C000215FDA50693A4E24FB1AFCFC6EB0764782500010002D8,1.88,Yes,mattress,1.98
9147107,ANCHOR_01,52:06:26:03:01:DA,-69,MFG_4C000215FDA50693A4E24FB1AFCFC6EB0764782500010002D8,1.88,Yes,mattress,1.98
9148087,ANCHOR_01,52:06:26:03:01:DA,-70,MFG_4C000215FDA50693A4E24FB1AFCFC6EB0764782500010002D8,1.88,Yes,mattress,1.98
9149117,ANCHOR_01,52:06:26:03:01:DA,-69,MFG_4C000215FDA50693A4E24FB1AFCFC6EB0764782500010002D8,1.88,Yes,mattress,1.98
9150107,ANCHOR_01,52:06:26:03:01:DA,-69,MFG_4C000215FDA50693A4E24FB1AFCFC6EB0764782500010002D8,1.88,Yes,mattress,1.98
9151117,ANCHOR_01,52:06:26:03:01:DA,-70,MFG_4C000215FDA50693A4E24FB1AFCFC6EB0764782500010002D8,1.88,Yes,mattress,1.98
9152117,ANCHOR_01,52:06:26:03:01:DA,-70,MFG_4C000215FDA50693A4E24FB1AFCFC6EB0764782500010002D8,1.88,Yes,mattress,1.98
9153137,ANCHOR_01,52:06:26:03:01:DA,-70,MFG_4C000215FDA50693A4E24FB1AFCFC6EB0764782500010002D8,1.88,Yes,mattress,1.98
9154127,ANCHOR_01,52:06:26:03:01:DA,-70,MFG_4C000215FDA50693A4E24FB1AFCFC6EB0764782500010002D8,1.88,Yes,mattress,1.98
9155147,ANCHOR_01,52:06:26:03:01:DA,-69,MFG_4C000215FDA50693A4E24FB1AFCFC6EB0764782500010002D8,1.88,Yes,mattress,1.98
9156137,ANCHOR_01,52:06:26:03:01:DA,-67,MFG_4C000215FDA50693A4E24FB1AFCFC6EB0764782500010002D8,1.88,Yes,mattress,1.98
9157157,ANCHOR_01,52:06:26:03:01:DA,-70,MFG_4C000215FDA50693A4E24FB1AFCFC6EB0764782500010002D8,1.88,Yes,mattress,1.98
9158137,ANCHOR_01,52:06:26:03:01:DA,-70,MFG_4C000215FDA50693A4E24FB1AFCFC6EB0764782500010002D8,1.88,Yes,mattress,1.98
9159147,ANCHOR_01,52:06:26:03:01:DA,-70,MFG_4C000215FDA50693A4E24FB1AFCFC6EB0764782500010002D8,1.88,Yes,mattress,1.98
9160157,ANCHOR_01,52:06:26:03:01:DA,-70,MFG_4C000215FDA50693A4E24FB1AFCFC6EB0764782500010002D8,1.88,Yes,mattress,1.98
9161167,ANCHOR_01,52:06:26:03:01:DA,-69,MFG_4C000215FDA50693A4E24FB1AFCFC6EB0764782500010002D8,1.88,Yes,mattress,1.98
9162157,ANCHOR_01,52:06:26:03:01:DA,-69,MFG_4C000215FDA50693A4E24FB1AFCFC6EB0764782500010002D8,1.88,Yes,mattress,1.98
9163187,ANCHOR_01,52:06:26:03:01:DA,-70,MFG_4C000215FDA50693A4E24FB1AFCFC6EB0764782500010002D8,1.88,Yes,mattress,1.98
9164177,ANCHOR_01,52:06:26:03:01:DA,-69,MFG_4C000215FDA50693A4E24FB1AFCFC6EB0764782500010002D8,1.88,Yes,mattress,1.98
9165197,ANCHOR_01,52:06:26:03:01:DA,-70,MFG_4C000215FDA50693A4E24FB1AFCFC6EB0764782500010002D8,1.88,Yes,mattress,1.98
9166187,ANCHOR_01,52:06:26:03:01:DA,-70,MFG_4C000215FDA50693A4E24FB1AFCFC6EB0764782500010002D8,1.88,Yes,mattress,1.98
9168177,ANCHOR_01,52:06:26:03:01:DA,-67,MFG_4C000215FDA50693A4E24FB1AFCFC6EB0764782500010002D8,1.88,Yes,mattress,1.98
9169177,ANCHOR_01,52:06:26:03:01:DA,-69,MFG_4C000215FDA50693A4E24FB1AFCFC6EB0764782500010002D8,1.88,Yes,mattress,1.98
9170187,ANCHOR_01,52:06:26:03:01:DA,-70,MFG_4C000215FDA50693A4E24FB1AFCFC6EB0764782500010002D8,1.88,Yes,mattress,1.98
9171197,ANCHOR_01,52:06:26:03:01:DA,-70,MFG_4C000215FDA50693A4E24FB1AFCFC6EB0764782500010002D8,1.88,Yes,mattress,1.98
9172217,ANCHOR_01,52:06:26:03:01:DA,-70,MFG_4C000215FDA50693A4E24FB1AFCFC6EB0764782500010002D8,1.88,Yes,mattress,1.98
9174227,ANCHOR_01,52:06:26:03:01:DA,-67,MFG_4C000215FDA50693A4E24FB1AFCFC6EB0764782500010002D8,1.88,Yes,mattress,1.98
9175217,ANCHOR_01,52:06:26:03:01:DA,-69,MFG_4C000215FDA50693A4E24FB1AFCFC6EB0764782500010002D8,1.88,Yes,mattress,1.98
9176217,ANCHOR_01,52:06:26:03:01:DA,-70,MFG_4C000215FDA50693A4E24FB1AFCFC6EB0764782500010002D8,1.88,Yes,mattress,1.98
9177227,ANCHOR_01,52:06:26:03:01:DA,-70,MFG_4C000215FDA50693A4E24FB1AFCFC6EB0764782500010002D8,1.88,Yes,mattress,1.98
9178247,ANCHOR_01,52:06:26:03:01:DA,-69,MFG_4C000215FDA50693A4E24FB1AFCFC6EB0764782500010002D8,1.88,Yes,mattress,1.98
9179237,ANCHOR_01,52:06:26:03:01:DA,-70,MFG_4C000215FDA50693A4E24FB1AFCFC6EB0764782500010002D8,1.88,Yes,mattress,1.98
9180227,ANCHOR_01,52:06:26:03:01:DA,-69,MFG_4C000215FDA50693A4E24FB1AFCFC6EB0764782500010002D8,1.88,Yes,mattress,1.98
9181237,ANCHOR_01,52:06:26:03:01:DA,-68,MFG_4C000215FDA50693A4E24FB1AFCFC6EB0764782500010002D8,1.88,Yes,mattress,1.98
9182267,ANCHOR_01,52:06:26:03:01:DA,-69,MFG_4C000215FDA50693A4E24FB1AFCFC6EB0764782500010002D8,1.88,Yes,mattress,1.98
9185267,ANCHOR_01,52:06:26:03:01:DA,-70,MFG_4C000215FDA50693A4E24FB1AFCFC6EB0764782500010002D8,1.88,Yes,mattress,1.98
9187277,ANCHOR_01,52:06:26:03:01:DA,-69,MFG_4C000215FDA50693A4E24FB1AFCFC6EB0764782500010002D8,1.88,Yes,mattress,1.98
9188267,ANCHOR_01,52:06:26:03:01:DA,-69,MFG_4C000215FDA50693A4E24FB1AFCFC6EB0764782500010002D8,1.88,Yes,mattress,1.98
9189287,ANCHOR_01,52:06:26:03:01:DA,-70,MFG_4C000215FDA50693A4E24FB1AFCFC6EB0764782500010002D8,1.88,Yes,mattress,1.98
9190277,ANCHOR_01,52:06:26:03:01:DA,-70,MFG_4C000215FDA50693A4E24FB1AFCFC6EB0764782500010002D8,1.88,Yes,mattress,1.98
9191277,ANCHOR_01,52:06:26:03:01:DA,-70,MFG_4C000215FDA50693A4E24FB1AFCFC6EB0764782500010002D8,1.88,Yes,mattress,1.98
9192287,ANCHOR_01,52:06:26:03:01:DA,-70,MFG_4C000215FDA50693A4E24FB1AFCFC6EB0764782500010002D8,1.88,Yes,mattress,1.98
9193307,ANCHOR_01,52:06:26:03:01:DA,-67,MFG_4C000215FDA50693A4E24FB1AFCFC6EB0764782500010002D8,1.88,Yes,mattress,1.98
9194297,ANCHOR_01,52:06:26:03:01:DA,-69,MFG_4C000215FDA50693A4E24FB1AFCFC6EB0764782500010002D8,1.88,Yes,mattress,1.98
9195287,ANCHOR_01,52:06:26:03:01:DA,-70,MFG_4C000215FDA50693A4E24FB1AFCFC6EB0764782500010002D8,1.88,Yes,mattress,1.98
9196297,ANCHOR_01,52:06:26:03:01:DA,-69,MFG_4C000215FDA50693A4E24FB1AFCFC6EB0764782500010002D8,1.88,Yes,mattress,1.98
9197327,ANCHOR_01,52:06:26:03:01:DA,-70,MFG_4C000215FDA50693A4E24FB1AFCFC6EB0764782500010002D8,1.88,Yes,mattress,1.98
9198317,ANCHOR_01,52:06:26:03:01:DA,-70,MFG_4C000215FDA50693A4E24FB1AFCFC6EB0764782500010002D8,1.88,Yes,mattress,1.98
9199337,ANCHOR_01,52:06:26:03:01:DA,-69,MFG_4C000215FDA50693A4E24FB1AFCFC6EB0764782500010002D8,1.88,Yes,mattress,1.98
9200327,ANCHOR_01,52:06:26:03:01:DA,-69,MFG_4C000215FDA50693A4E24FB1AFCFC6EB0764782500010002D8,1.88,Yes,mattress,1.98
9201327,ANCHOR_01,52:06:26:03:01:DA,-70,MFG_4C000215FDA50693A4E24FB1AFCFC6EB0764782500010002D8,1.88,Yes,mattress,1.98
9202327,ANCHOR_01,52:06:26:03:01:DA,-69,MFG_4C000215FDA50693A4E24FB1AFCFC6EB0764782500010002D8,1.88,Yes,mattress,1.98
9203357,ANCHOR_01,52:06:26:03:01:DA,-70,MFG_4C000215FDA50693A4E24FB1AFCFC6EB0764782500010002D8,1.88,Yes,mattress,1.98
9204347,ANCHOR_01,52:06:26:03:01:DA,-70,MFG_4C000215FDA50693A4E24FB1AFCFC6EB0764782500010002D8,1.88,Yes,mattress,1.98
9205367,ANCHOR_01,52:06:26:03:01:DA,-68,MFG_4C000215FDA50693A4E24FB1AFCFC6EB0764782500010002D8,1.88,Yes,mattress,1.98
9206357,ANCHOR_01,52:06:26:03:01:DA,-69,MFG_4C000215FDA50693A4E24FB1AFCFC6EB0764782500010002D8,1.88,Yes,mattress,1.98
9207377,ANCHOR_01,52:06:26:03:01:DA,-70,MFG_4C000215FDA50693A4E24FB1AFCFC6EB0764782500010002D8,1.88,Yes,mattress,1.98
9208357,ANCHOR_01,52:06:26:03:01:DA,-70,MFG_4C000215FDA50693A4E24FB1AFCFC6EB0764782500010002D8,1.88,Yes,mattress,1.98
9209387,ANCHOR_01,52:06:26:03:01:DA,-70,MFG_4C000215FDA50693A4E24FB1AFCFC6EB0764782500010002D8,1.88,Yes,mattress,1.98
9210377,ANCHOR_01,52:06:26:03:01:DA,-70,MFG_4C000215FDA50693A4E24FB1AFCFC6EB0764782500010002D8,1.88,Yes,mattress,1.98
9211397,ANCHOR_01,52:06:26:03:01:DA,-69,MFG_4C000215FDA50693A4E24FB1AFCFC6EB0764782500010002D8,1.88,Yes,mattress,1.98
9212387,ANCHOR_01,52:06:26:03:01:DA,-69,MFG_4C000215FDA50693A4E24FB1AFCFC6EB0764782500010002D8,1.88,Yes,mattress,1.98
9213407,ANCHOR_01,52:06:26:03:01:DA,-70,MFG_4C000215FDA50693A4E24FB1AFCFC6EB0764782500010002D8,1.88,Yes,mattress,1.98
9214397,ANCHOR_01,52:06:26:03:01:DA,-70,MFG_4C000215FDA50693A4E24FB1AFCFC6EB0764782500010002D8,1.88,Yes,mattress,1.98
9215407,ANCHOR_01,52:06:26:03:01:DA,-70,MFG_4C000215FDA50693A4E24FB1AFCFC6EB0764782500010002D8,1.88,Yes,mattress,1.98
9216407,ANCHOR_01,52:06:26:03:01:DA,-70,MFG_4C000215FDA50693A4E24FB1AFCFC6EB0764782500010002D8,1.88,Yes,mattress,1.98
9217427,ANCHOR_01,52:06:26:03:01:DA,-69,MFG_4C000215FDA50693A4E24FB1AFCFC6EB0764782500010002D8,1.88,Yes,mattress,1.98
9219437,ANCHOR_01,52:06:26:03:01:DA,-69,MFG_4C000215FDA50693A4E24FB1AFCFC6EB0764782500010002D8,1.88,Yes,mattress,1.98
9220457,ANCHOR_01,52:06:26:03:01:DA,-70,MFG_4C000215FDA50693A4E24FB1AFCFC6EB0764782500010002D8,1.88,Yes,mattress,1.98
9221447,ANCHOR_01,52:06:26:03:01:DA,-70,MFG_4C000215FDA50693A4E24FB1AFCFC6EB0764782500010002D8,1.88,Yes,mattress,1.98
9222467,ANCHOR_01,52:06:26:03:01:DA,-69,MFG_4C000215FDA50693A4E24FB1AFCFC6EB0764782500010002D8,1.88,Yes,mattress,1.98
9223457,ANCHOR_01,52:06:26:03:01:DA,-69,MFG_4C000215FDA50693A4E24FB1AFCFC6EB0764782500010002D8,1.88,Yes,mattress,1.98
9224477,ANCHOR_01,52:06:26:03:01:DA,-70,MFG_4C000215FDA50693A4E24FB1AFCFC6EB0764782500010002D8,1.88,Yes,mattress,1.98
9225467,ANCHOR_01,52:06:26:03:01:DA,-70,MFG_4C000215FDA50693A4E24FB1AFCFC6EB0764782500010002D8,1.88,Yes,mattress,1.98
9226477,ANCHOR_01,52:06:26:03:01:DA,-70,MFG_4C000215FDA50693A4E24FB1AFCFC6EB0764782500010002D8,1.88,Yes,mattress,1.98
9227477,ANCHOR_01,52:06:26:03:01:DA,-70,MFG_4C000215FDA50693A4E24FB1AFCFC6EB0764782500010002D8,1.88,Yes,mattress,1.98
9228497,ANCHOR_01,52:06:26:03:01:DA,-67,MFG_4C000215FDA50693A4E24FB1AFCFC6EB0764782500010002D8,1.88,Yes,mattress,1.98
9229487,ANCHOR_01,52:06:26:03:01:DA,-68,MFG_4C000215FDA50693A4E24FB1AFCFC6EB0764782500010002D8,1.88,Yes,mattress,1.98
9230487,ANCHOR_01,52:06:26:03:01:DA,-70,MFG_4C000215FDA50693A4E24FB1AFCFC6EB0764782500010002D8,1.88,Yes,mattress,1.98
9231487,ANCHOR_01,52:06:26:03:01:DA,-70,MFG_4C000215FDA50693A4E24FB1AFCFC6EB0764782500010002D8,1.88,Yes,mattress,1.98
9232517,ANCHOR_01,52:06:26:03:01:DA,-70,MFG_4C000215FDA50693A4E24FB1AFCFC6EB0764782500010002D8,1.88,Yes,mattress,1.98
9233497,ANCHOR_01,52:06:26:03:01:DA,-70,MFG_4C000215FDA50693A4E24FB1AFCFC6EB0764782500010002D8,1.88,Yes,mattress,1.98
9234527,ANCHOR_01,52:06:26:03:01:DA,-69,MFG_4C000215FDA50693A4E24FB1AFCFC6EB0764782500010002D8,1.88,Yes,mattress,1.98
9235507,ANCHOR_01,52:06:26:03:01:DA,-69,MFG_4C000215FDA50693A4E24FB1AFCFC6EB0764782500010002D8,1.88,Yes,mattress,1.98
9236537,ANCHOR_01,52:06:26:03:01:DA,-70,MFG_4C000215FDA50693A4E24FB1AFCFC6EB0764782500010002D8,1.88,Yes,mattress,1.98
9237527,ANCHOR_01,52:06:26:03:01:DA,-69,MFG_4C000215FDA50693A4E24FB1AFCFC6EB0764782500010002D8,1.88,Yes,mattress,1.98
9238547,ANCHOR_01,52:06:26:03:01:DA,-70,MFG_4C000215FDA50693A4E24FB1AFCFC6EB0764782500010002D8,1.88,Yes,mattress,1.98
9239537,ANCHOR_01,52:06:26:03:01:DA,-70,MFG_4C000215FDA50693A4E24FB1AFCFC6EB0764782500010002D8,1.88,Yes,mattress,1.98
9240537,ANCHOR_01,52:06:26:03:01:DA,-69,MFG_4C000215FDA50693A4E24FB1AFCFC6EB0764782500010002D8,1.88,Yes,mattress,1.98
9241547,ANCHOR_01,52:06:26:03:01:DA,-67,MFG_4C000215FDA50693A4E24FB1AFCFC6EB0764782500010002D8,1.88,Yes,mattress,1.98
9242567,ANCHOR_01,52:06:26:03:01:DA,-70,MFG_4C000215FDA50693A4E24FB1AFCFC6EB0764782500010002D8,1.88,Yes,mattress,1.98
9244557,ANCHOR_01,52:06:26:03:01:DA,-70,MFG_4C000215FDA50693A4E24FB1AFCFC6EB0764782500010002D8,1.88,Yes,mattress,1.98
9246567,ANCHOR_01,52:06:26:03:01:DA,-69,MFG_4C000215FDA50693A4E24FB1AFCFC6EB0764782500010002D8,1.88,Yes,mattress,1.98
9248597,ANCHOR_01,52:06:26:03:01:DA,-70,MFG_4C000215FDA50693A4E24FB1AFCFC6EB0764782500010002D8,1.88,Yes,mattress,1.98
9249587,ANCHOR_01,52:06:26:03:01:DA,-70,MFG_4C000215FDA50693A4E24FB1AFCFC6EB0764782500010002D8,1.88,Yes,mattress,1.98
9250607,ANCHOR_01,52:06:26:03:01:DA,-70,MFG_4C000215FDA50693A4E24FB1AFCFC6EB0764782500010002D8,1.88,Yes,mattress,1.98
9251587,ANCHOR_01,52:06:26:03:01:DA,-70,MFG_4C000215FDA50693A4E24FB1AFCFC6EB0764782500010002D8,1.88,Yes,mattress,1.98
9253597,ANCHOR_01,52:06:26:03:01:DA,-69,MFG_4C000215FDA50693A4E24FB1AFCFC6EB0764782500010002D8,1.88,Yes,mattress,1.98
9255617,ANCHOR_01,52:06:26:03:01:DA,-70,MFG_4C000215FDA50693A4E24FB1AFCFC6EB0764782500010002D8,1.88,Yes,mattress,1.98
9257627,ANCHOR_01,52:06:26:03:01:DA,-70,MFG_4C000215FDA50693A4E24FB1AFCFC6EB0764782500010002D8,1.88,Yes,mattress,1.98
9258617,ANCHOR_01,52:06:26:03:01:DA,-70,MFG_4C000215FDA50693A4E24FB1AFCFC6EB0764782500010002D8,1.88,Yes,mattress,1.98
9259637,ANCHOR_01,52:06:26:03:01:DA,-67,MFG_4C000215FDA50693A4E24FB1AFCFC6EB0764782500010002D8,1.88,Yes,mattress,1.98
9260617,ANCHOR_01,52:06:26:03:01:DA,-69,MFG_4C000215FDA50693A4E24FB1AFCFC6EB0764782500010002D8,1.88,Yes,mattress,1.98
9261627,ANCHOR_01,52:06:26:03:01:DA,-70,MFG_4C000215FDA50693A4E24FB1AFCFC6EB0764782500010002D8,1.88,Yes,mattress,1.98
9262637,ANCHOR_01,52:06:26:03:01:DA,-70,MFG_4C000215FDA50693A4E24FB1AFCFC6EB0764782500010002D8,1.88,Yes,mattress,1.98
9263637,ANCHOR_01,52:06:26:03:01:DA,-70,MFG_4C000215FDA50693A4E24FB1AFCFC6EB0764782500010002D8,1.88,Yes,mattress,1.98
9264647,ANCHOR_01,52:06:26:03:01:DA,-70,MFG_4C000215FDA50693A4E24FB1AFCFC6EB0764782500010002D8,1.88,Yes,mattress,1.98
9265647,ANCHOR_01,52:06:26:03:01:DA,-69,MFG_4C000215FDA50693A4E24FB1AFCFC6EB0764782500010002D8,1.88,Yes,mattress,1.98
9266657,ANCHOR_01,52:06:26:03:01:DA,-69,MFG_4C000215FDA50693A4E24FB1AFCFC6EB0764782500010002D8,1.88,Yes,mattress,1.98
9268667,ANCHOR_01,52:06:26:03:01:DA,-70,MFG_4C000215FDA50693A4E24FB1AFCFC6EB0764782500010002D8,1.88,Yes,mattress,1.98
9269667,ANCHOR_01,52:06:26:03:01:DA,-70,MFG_4C000215FDA50693A4E24FB1AFCFC6EB0764782500010002D8,1.88,Yes,mattress,1.98
9270677,ANCHOR_01,52:06:26:03:01:DA,-70,MFG_4C000215FDA50693A4E24FB1AFCFC6EB0764782500010002D8,1.88,Yes,mattress,1.98
9272677,ANCHOR_01,52:06:26:03:01:DA,-68,MFG_4C000215FDA50693A4E24FB1AFCFC6EB0764782500010002D8,1.88,Yes,mattress,1.98
9273707,ANCHOR_01,52:06:26:03:01:DA,-69,MFG_4C000215FDA50693A4E24FB1AFCFC6EB0764782500010002D8,1.88,Yes,mattress,1.98
9274687,ANCHOR_01,52:06:26:03:01:DA,-70,MFG_4C000215FDA50693A4E24FB1AFCFC6EB0764782500010002D8,1.88,Yes,mattress,1.98
9275717,ANCHOR_01,52:06:26:03:01:DA,-70,MFG_4C000215FDA50693A4E24FB1AFCFC6EB0764782500010002D8,1.88,Yes,mattress,1.98
9276707,ANCHOR_01,52:06:26:03:01:DA,-70,MFG_4C000215FDA50693A4E24FB1AFCFC6EB0764782500010002D8,1.88,Yes,mattress,1.98
9277727,ANCHOR_01,52:06:26:03:01:DA,-69,MFG_4C000215FDA50693A4E24FB1AFCFC6EB0764782500010002D8,1.88,Yes,mattress,1.98
9278717,ANCHOR_01,52:06:26:03:01:DA,-68,MFG_4C000215FDA50693A4E24FB1AFCFC6EB0764782500010002D8,1.88,Yes,mattress,1.98
9279727,ANCHOR_01,52:06:26:03:01:DA,-70,MFG_4C000215FDA50693A4E24FB1AFCFC6EB0764782500010002D8,1.88,Yes,mattress,1.98
9280727,ANCHOR_01,52:06:26:03:01:DA,-69,MFG_4C000215FDA50693A4E24FB1AFCFC6EB0764782500010002D8,1.88,Yes,mattress,1.98
9281737,ANCHOR_01,52:06:26:03:01:DA,-70,MFG_4C000215FDA50693A4E24FB1AFCFC6EB0764782500010002D8,1.88,Yes,mattress,1.98
9282767,ANCHOR_01,52:06:26:03:01:DA,-67,MFG_4C000215FDA50693A4E24FB1AFCFC6EB0764782500010002D8,1.88,Yes,mattress,1.98
9283757,ANCHOR_01,52:06:26:03:01:DA,-69,MFG_4C000215FDA50693A4E24FB1AFCFC6EB0764782500010002D8,1.88,Yes,mattress,1.98
9284777,ANCHOR_01,52:06:26:03:01:DA,-70,MFG_4C000215FDA50693A4E24FB1AFCFC6EB0764782500010002D8,1.88,Yes,mattress,1.98
9286787,ANCHOR_01,52:06:26:03:01:DA,-70,MFG_4C000215FDA50693A4E24FB1AFCFC6EB0764782500010002D8,1.88,Yes,mattress,1.98
9287777,ANCHOR_01,52:06:26:03:01:DA,-70,MFG_4C000215FDA50693A4E24FB1AFCFC6EB0764782500010002D8,1.88,Yes,mattress,1.98
9289787,ANCHOR_01,52:06:26:03:01:DA,-69,MFG_4C000215FDA50693A4E24FB1AFCFC6EB0764782500010002D8,1.88,Yes,mattress,1.98
9290797,ANCHOR_01,52:06:26:03:01:DA,-69,MFG_4C000215FDA50693A4E24FB1AFCFC6EB0764782500010002D8,1.88,Yes,mattress,1.98
9291787,ANCHOR_01,52:06:26:03:01:DA,-70,MFG_4C000215FDA50693A4E24FB1AFCFC6EB0764782500010002D8,1.88,Yes,mattress,1.98
9292817,ANCHOR_01,52:06:26:03:01:DA,-70,MFG_4C000215FDA50693A4E24FB1AFCFC6EB0764782500010002D8,1.88,Yes,mattress,1.98
9293807,ANCHOR_01,52:06:26:03:01:DA,-71,MFG_4C000215FDA50693A4E24FB1AFCFC6EB0764782500010002D8,1.88,Yes,mattress,1.98
9294827,ANCHOR_01,52:06:26:03:01:DA,-69,MFG_4C000215FDA50693A4E24FB1AFCFC6EB0764782500010002D8,1.88,Yes,mattress,1.98
9295817,ANCHOR_01,52:06:26:03:01:DA,-69,MFG_4C000215FDA50693A4E24FB1AFCFC6EB0764782500010002D8,1.88,Yes,mattress,1.98
9296837,ANCHOR_01,52:06:26:03:01:DA,-69,MFG_4C000215FDA50693A4E24FB1AFCFC6EB0764782500010002D8,1.88,Yes,mattress,1.98
9297817,ANCHOR_01,52:06:26:03:01:DA,-69,MFG_4C000215FDA50693A4E24FB1AFCFC6EB0764782500010002D8,1.88,Yes,mattress,1.98
9298847,ANCHOR_01,52:06:26:03:01:DA,-70,MFG_4C000215FDA50693A4E24FB1AFCFC6EB0764782500010002D8,1.88,Yes,mattress,1.98
9299837,ANCHOR_01,52:06:26:03:01:DA,-70,MFG_4C000215FDA50693A4E24FB1AFCFC6EB0764782500010002D8,1.88,Yes,mattress,1.98
9300847,ANCHOR_01,52:06:26:03:01:DA,-68,MFG_4C000215FDA50693A4E24FB1AFCFC6EB0764782500010002D8,1.88,Yes,mattress,1.98
9301847,ANCHOR_01,52:06:26:03:01:DA,-69,MFG_4C000215FDA50693A4E24FB1AFCFC6EB0764782500010002D8,1.88,Yes,mattress,1.98
9302867,ANCHOR_01,52:06:26:03:01:DA,-70,MFG_4C000215FDA50693A4E24FB1AFCFC6EB0764782500010002D8,1.88,Yes,mattress,1.98
9303887,ANCHOR_01,52:06:26:03:01:DA,-70,MFG_4C000215FDA50693A4E24FB1AFCFC6EB0764782500010002D8,1.88,Yes,mattress,1.98
9304867,ANCHOR_01,52:06:26:03:01:DA,-70,MFG_4C000215FDA50693A4E24FB1AFCFC6EB0764782500010002D8,1.88,Yes,mattress,1.98
9306887,ANCHOR_01,52:06:26:03:01:DA,-69,MFG_4C000215FDA50693A4E24FB1AFCFC6EB0764782500010002D8,1.88,Yes,mattress,1.98
9307877,ANCHOR_01,52:06:26:03:01:DA,-69,MFG_4C000215FDA50693A4E24FB1AFCFC6EB0764782500010002D8,1.88,Yes,mattress,1.98
9308887,ANCHOR_01,52:06:26:03:01:DA,-69,MFG_4C000215FDA50693A4E24FB1AFCFC6EB0764782500010002D8,1.88,Yes,mattress,1.98
9309887,ANCHOR_01,52:06:26:03:01:DA,-70,MFG_4C000215FDA50693A4E24FB1AFCFC6EB0764782500010002D8,1.88,Yes,mattress,1.98
9310907,ANCHOR_01,52:06:26:03:01:DA,-70,MFG_4C000215FDA50693A4E24FB1AFCFC6EB0764782500010002D8,1.88,Yes,mattress,1.98
9312917,ANCHOR_01,52:06:26:03:01:DA,-67,MFG_4C000215FDA50693A4E24FB1AFCFC6EB0764782500010002D8,1.88,Yes,mattress,1.98
9313917,ANCHOR_01,52:06:26:03:01:DA,-70,MFG_4C000215FDA50693A4E24FB1AFCFC6EB0764782500010002D8,1.88,Yes,mattress,1.98
9314917,ANCHOR_01,52:06:26:03:01:DA,-70,MFG_4C000215FDA50693A4E24FB1AFCFC6EB0764782500010002D8,1.88,Yes,mattress,1.98
9315937,ANCHOR_01,52:06:26:03:01:DA,-70,MFG_4C000215FDA50693A4E24FB1AFCFC6EB0764782500010002D8,1.88,Yes,mattress,1.98
9316937,ANCHOR_01,52:06:26:03:01:DA,-70,MFG_4C000215FDA50693A4E24FB1AFCFC6EB0764782500010002D8,1.88,Yes,mattress,1.98
9317947,ANCHOR_01,52:06:26:03:01:DA,-68,MFG_4C000215FDA50693A4E24FB1AFCFC6EB0764782500010002D8,1.88,Yes,mattress,1.98
9318947,ANCHOR_01,52:06:26:03:01:DA,-69,MFG_4C000215FDA50693A4E24FB1AFCFC6EB0764782500010002D8,1.88,Yes,mattress,1.98
9319967,ANCHOR_01,52:06:26:03:01:DA,-69,MFG_4C000215FDA50693A4E24FB1AFCFC6EB0764782500010002D8,1.88,Yes,mattress,1.98
9320957,ANCHOR_01,52:06:26:03:01:DA,-70,MFG_4C000215FDA50693A4E24FB1AFCFC6EB0764782500010002D8,1.88,Yes,mattress,1.98
9321977,ANCHOR_01,52:06:26:03:01:DA,-70,MFG_4C000215FDA50693A4E24FB1AFCFC6EB0764782500010002D8,1.88,Yes,mattress,1.98
9322967,ANCHOR_01,52:06:26:03:01:DA,-71,MFG_4C000215FDA50693A4E24FB1AFCFC6EB0764782500010002D8,1.88,Yes,mattress,1.98
9323987,ANCHOR_01,52:06:26:03:01:DA,-69,MFG_4C000215FDA50693A4E24FB1AFCFC6EB0764782500010002D8,1.88,Yes,mattress,1.98
9324977,ANCHOR_01,52:06:26:03:01:DA,-68,MFG_4C000215FDA50693A4E24FB1AFCFC6EB0764782500010002D8,1.88,Yes,mattress,1.98
9325997,ANCHOR_01,52:06:26:03:01:DA,-69,MFG_4C000215FDA50693A4E24FB1AFCFC6EB0764782500010002D8,1.88,Yes,mattress,1.98
9326987,ANCHOR_01,52:06:26:03:01:DA,-70,MFG_4C000215FDA50693A4E24FB1AFCFC6EB0764782500010002D8,1.88,Yes,mattress,1.98
9328007,ANCHOR_01,52:06:26:03:01:DA,-70,MFG_4C000215FDA50693A4E24FB1AFCFC6EB0764782500010002D8,1.88,Yes,mattress,1.98
9328987,ANCHOR_01,52:06:26:03:01:DA,-70,MFG_4C000215FDA50693A4E24FB1AFCFC6EB0764782500010002D8,1.88,Yes,mattress,1.98
9329997,ANCHOR_01,52:06:26:03:01:DA,-69,MFG_4C000215FDA50693A4E24FB1AFCFC6EB0764782500010002D8,1.88,Yes,mattress,1.98
9330997,ANCHOR_01,52:06:26:03:01:DA,-68,MFG_4C000215FDA50693A4E24FB1AFCFC6EB0764782500010002D8,1.88,Yes,mattress,1.98
9332017,ANCHOR_01,52:06:26:03:01:DA,-70,MFG_4C000215FDA50693A4E24FB1AFCFC6EB0764782500010002D8,1.88,Yes,mattress,1.98
9333017,ANCHOR_01,52:06:26:03:01:DA,-70,MFG_4C000215FDA50693A4E24FB1AFCFC6EB0764782500010002D8,1.88,Yes,mattress,1.98
9334007,ANCHOR_01,52:06:26:03:01:DA,-69,MFG_4C000215FDA50693A4E24FB1AFCFC6EB0764782500010002D8,1.88,Yes,mattress,1.98
9335027,ANCHOR_01,52:06:26:03:01:DA,-70,MFG_4C000215FDA50693A4E24FB1AFCFC6EB0764782500010002D8,1.88,Yes,mattress,1.98
9336007,ANCHOR_01,52:06:26:03:01:DA,-70,MFG_4C000215FDA50693A4E24FB1AFCFC6EB0764782500010002D8,1.88,Yes,mattress,1.98
9337037,ANCHOR_01,52:06:26:03:01:DA,-67,MFG_4C000215FDA50693A4E24FB1AFCFC6EB0764782500010002D8,1.88,Yes,mattress,1.98
9338027,ANCHOR_01,52:06:26:03:01:DA,-67,MFG_4C000215FDA50693A4E24FB1AFCFC6EB0764782500010002D8,1.88,Yes,mattress,1.98
9339027,ANCHOR_01,52:06:26:03:01:DA,-69,MFG_4C000215FDA50693A4E24FB1AFCFC6EB0764782500010002D8,1.88,Yes,mattress,1.98
9340037,ANCHOR_01,52:06:26:03:01:DA,-69,MFG_4C000215FDA50693A4E24FB1AFCFC6EB0764782500010002D8,1.88,Yes,mattress,1.98
9341057,ANCHOR_01,52:06:26:03:01:DA,-70,MFG_4C000215FDA50693A4E24FB1AFCFC6EB0764782500010002D8,1.88,Yes,mattress,1.98
9342047,ANCHOR_01,52:06:26:03:01:DA,-70,MFG_4C000215FDA50693A4E24FB1AFCFC6EB0764782500010002D8,1.88,Yes,mattress,1.98
9343047,ANCHOR_01,52:06:26:03:01:DA,-67,MFG_4C000215FDA50693A4E24FB1AFCFC6EB0764782500010002D8,1.88,Yes,mattress,1.98
9344057,ANCHOR_01,52:06:26:03:01:DA,-67,MFG_4C000215FDA50693A4E24FB1AFCFC6EB0764782500010002D8,1.88,Yes,mattress,1.98
9345077,ANCHOR_01,52:06:26:03:01:DA,-69,MFG_4C000215FDA50693A4E24FB1AFCFC6EB0764782500010002D8,1.88,Yes,mattress,1.98
9346057,ANCHOR_01,52:06:26:03:01:DA,-69,MFG_4C000215FDA50693A4E24FB1AFCFC6EB0764782500010002D8,1.88,Yes,mattress,1.98
9347087,ANCHOR_01,52:06:26:03:01:DA,-70,MFG_4C000215FDA50693A4E24FB1AFCFC6EB0764782500010002D8,1.88,Yes,mattress,1.98
9348057,ANCHOR_01,52:06:26:03:01:DA,-70,MFG_4C000215FDA50693A4E24FB1AFCFC6EB0764782500010002D8,1.88,Yes,mattress,1.98
9349067,ANCHOR_01,52:06:26:03:01:DA,-70,MFG_4C000215FDA50693A4E24FB1AFCFC6EB0764782500010002D8,1.88,Yes,mattress,1.98
9350067,ANCHOR_01,52:06:26:03:01:DA,-67,MFG_4C000215FDA50693A4E24FB1AFCFC6EB0764782500010002D8,1.88,Yes,mattress,1.98
9351077,ANCHOR_01,52:06:26:03:01:DA,-67,MFG_4C000215FDA50693A4E24FB1AFCFC6EB0764782500010002D8,1.88,Yes,mattress,1.98
9352097,ANCHOR_01,52:06:26:03:01:DA,-69,MFG_4C000215FDA50693A4E24FB1AFCFC6EB0764782500010002D8,1.88,Yes,mattress,1.98
9353077,ANCHOR_01,52:06:26:03:01:DA,-69,MFG_4C000215FDA50693A4E24FB1AFCFC6EB0764782500010002D8,1.88,Yes,mattress,1.98
9354107,ANCHOR_01,52:06:26:03:01:DA,-70,MFG_4C000215FDA50693A4E24FB1AFCFC6EB0764782500010002D8,1.88,Yes,mattress,1.98
9355087,ANCHOR_01,52:06:26:03:01:DA,-70,MFG_4C000215FDA50693A4E24FB1AFCFC6EB0764782500010002D8,1.88,Yes,mattress,1.98
9356117,ANCHOR_01,52:06:26:03:01:DA,-67,MFG_4C000215FDA50693A4E24FB1AFCFC6EB0764782500010002D8,1.88,Yes,mattress,1.98
9357097,ANCHOR_01,52:06:26:03:01:DA,-67,MFG_4C000215FDA50693A4E24FB1AFCFC6EB0764782500010002D8,1.88,Yes,mattress,1.98
9358097,ANCHOR_01,52:06:26:03:01:DA,-70,MFG_4C000215FDA50693A4E24FB1AFCFC6EB0764782500010002D8,1.88,Yes,mattress,1.98
9359117,ANCHOR_01,52:06:26:03:01:DA,-69,MFG_4C000215FDA50693A4E24FB1AFCFC6EB0764782500010002D8,1.88,Yes,mattress,1.98
9360137,ANCHOR_01,52:06:26:03:01:DA,-70,MFG_4C000215FDA50693A4E24FB1AFCFC6EB0764782500010002D8,1.88,Yes,mattress,1.98
9361127,ANCHOR_01,52:06:26:03:01:DA,-70,MFG_4C000215FDA50693A4E24FB1AFCFC6EB0764782500010002D8,1.88,Yes,mattress,1.98
9363137,ANCHOR_01,52:06:26:03:01:DA,-68,MFG_4C000215FDA50693A4E24FB1AFCFC6EB0764782500010002D8,1.88,Yes,mattress,1.98
9364157,ANCHOR_01,52:06:26:03:01:DA,-69,MFG_4C000215FDA50693A4E24FB1AFCFC6EB0764782500010002D8,1.88,Yes,mattress,1.98
9365137,ANCHOR_01,52:06:26:03:01:DA,-70,MFG_4C000215FDA50693A4E24FB1AFCFC6EB0764782500010002D8,1.88,Yes,mattress,1.98
9366157,ANCHOR_01,52:06:26:03:01:DA,-70,MFG_4C000215FDA50693A4E24FB1AFCFC6EB0764782500010002D8,1.88,Yes,mattress,1.98
9367157,ANCHOR_01,52:06:26:03:01:DA,-70,MFG_4C000215FDA50693A4E24FB1AFCFC6EB0764782500010002D8,1.88,Yes,mattress,1.98
9368177,ANCHOR_01,52:06:26:03:01:DA,-68,MFG_4C000215FDA50693A4E24FB1AFCFC6EB0764782500010002D8,1.88,Yes,mattress,1.98
9370157,ANCHOR_01,52:06:26:03:01:DA,-67,MFG_4C000215FDA50693A4E24FB1AFCFC6EB0764782500010002D8,1.88,Yes,mattress,1.98
9371167,ANCHOR_01,52:06:26:03:01:DA,-70,MFG_4C000215FDA50693A4E24FB1AFCFC6EB0764782500010002D8,1.88,Yes,mattress,1.98
9372187,ANCHOR_01,52:06:26:03:01:DA,-70,MFG_4C000215FDA50693A4E24FB1AFCFC6EB0764782500010002D8,1.88,Yes,mattress,1.98
9373187,ANCHOR_01,52:06:26:03:01:DA,-70,MFG_4C000215FDA50693A4E24FB1AFCFC6EB0764782500010002D8,1.88,Yes,mattress,1.98
9375197,ANCHOR_01,52:06:26:03:01:DA,-68,MFG_4C000215FDA50693A4E24FB1AFCFC6EB0764782500010002D8,1.88,Yes,mattress,1.98
9376187,ANCHOR_01,52:06:26:03:01:DA,-69,MFG_4C000215FDA50693A4E24FB1AFCFC6EB0764782500010002D8,1.88,Yes,mattress,1.98
9377207,ANCHOR_01,52:06:26:03:01:DA,-69,MFG_4C000215FDA50693A4E24FB1AFCFC6EB0764782500010002D8,1.88,Yes,mattress,1.98
9378197,ANCHOR_01,52:06:26:03:01:DA,-69,MFG_4C000215FDA50693A4E24FB1AFCFC6EB0764782500010002D8,1.88,Yes,mattress,1.98
9379217,ANCHOR_01,52:06:26:03:01:DA,-70,MFG_4C000215FDA50693A4E24FB1AFCFC6EB0764782500010002D8,1.88,Yes,mattress,1.98
9380207,ANCHOR_01,52:06:26:03:01:DA,-70,MFG_4C000215FDA50693A4E24FB1AFCFC6EB0764782500010002D8,1.88,Yes,mattress,1.98
9381207,ANCHOR_01,52:06:26:03:01:DA,-69,MFG_4C000215FDA50693A4E24FB1AFCFC6EB0764782500010002D8,1.88,Yes,mattress,1.98
9382207,ANCHOR_01,52:06:26:03:01:DA,-69,MFG_4C000215FDA50693A4E24FB1AFCFC6EB0764782500010002D8,1.88,Yes,mattress,1.98
9383237,ANCHOR_01,52:06:26:03:01:DA,-70,MFG_4C000215FDA50693A4E24FB1AFCFC6EB0764782500010002D8,1.88,Yes,mattress,1.98
9384227,ANCHOR_01,52:06:26:03:01:DA,-70,MFG_4C000215FDA50693A4E24FB1AFCFC6EB0764782500010002D8,1.88,Yes,mattress,1.98
9385217,ANCHOR_01,52:06:26:03:01:DA,-69,MFG_4C000215FDA50693A4E24FB1AFCFC6EB0764782500010002D8,1.88,Yes,mattress,1.98
9386227,ANCHOR_01,52:06:26:03:01:DA,-70,MFG_4C000215FDA50693A4E24FB1AFCFC6EB0764782500010002D8,1.88,Yes,mattress,1.98
9388237,ANCHOR_01,52:06:26:03:01:DA,-68,MFG_4C000215FDA50693A4E24FB1AFCFC6EB0764782500010002D8,1.88,Yes,mattress,1.98
9389267,ANCHOR_01,52:06:26:03:01:DA,-69,MFG_4C000215FDA50693A4E24FB1AFCFC6EB0764782500010002D8,1.88,Yes,mattress,1.98
9390257,ANCHOR_01,52:06:26:03:01:DA,-70,MFG_4C000215FDA50693A4E24FB1AFCFC6EB0764782500010002D8,1.88,Yes,mattress,1.98
9391277,ANCHOR_01,52:06:26:03:01:DA,-70,MFG_4C000215FDA50693A4E24FB1AFCFC6EB0764782500010002D8,1.88,Yes,mattress,1.98
9393277,ANCHOR_01,52:06:26:03:01:DA,-67,MFG_4C000215FDA50693A4E24FB1AFCFC6EB0764782500010002D8,1.88,Yes,mattress,1.98
9395287,ANCHOR_01,52:06:26:03:01:DA,-70,MFG_4C000215FDA50693A4E24FB1AFCFC6EB0764782500010002D8,1.88,Yes,mattress,1.98
9396317,ANCHOR_01,52:06:26:03:01:DA,-70,MFG_4C000215FDA50693A4E24FB1AFCFC6EB0764782500010002D8,1.88,Yes,mattress,1.98
9397307,ANCHOR_01,52:06:26:03:01:DA,-70,MFG_4C000215FDA50693A4E24FB1AFCFC6EB0764782500010002D8,1.88,Yes,mattress,1.98
9398297,ANCHOR_01,52:06:26:03:01:DA,-70,MFG_4C000215FDA50693A4E24FB1AFCFC6EB0764782500010002D8,1.88,Yes,mattress,1.98
9399317,ANCHOR_01,52:06:26:03:01:DA,-68,MFG_4C000215FDA50693A4E24FB1AFCFC6EB0764782500010002D8,1.88,Yes,mattress,1.98
9400337,ANCHOR_01,52:06:26:03:01:DA,-69,MFG_4C000215FDA50693A4E24FB1AFCFC6EB0764782500010002D8,1.88,Yes,mattress,1.98
9401327,ANCHOR_01,52:06:26:03:01:DA,-69,MFG_4C000215FDA50693A4E24FB1AFCFC6EB0764782500010002D8,1.88,Yes,mattress,1.98
9402337,ANCHOR_01,52:06:26:03:01:DA,-70,MFG_4C000215FDA50693A4E24FB1AFCFC6EB0764782500010002D8,1.88,Yes,mattress,1.98
9403337,ANCHOR_01,52:06:26:03:01:DA,-70,MFG_4C000215FDA50693A4E24FB1AFCFC6EB0764782500010002D8,1.88,Yes,mattress,1.98
9404357,ANCHOR_01,52:06:26:03:01:DA,-68,MFG_4C000215FDA50693A4E24FB1AFCFC6EB0764782500010002D8,1.88,Yes,mattress,1.98
9405337,ANCHOR_01,52:06:26:03:01:DA,-69,MFG_4C000215FDA50693A4E24FB1AFCFC6EB0764782500010002D8,1.88,Yes,mattress,1.98
9406347,ANCHOR_01,52:06:26:03:01:DA,-70,MFG_4C000215FDA50693A4E24FB1AFCFC6EB0764782500010002D8,1.88,Yes,mattress,1.98
9407357,ANCHOR_01,52:06:26:03:01:DA,-70,MFG_4C000215FDA50693A4E24FB1AFCFC6EB0764782500010002D8,1.88,Yes,mattress,1.98
9408377,ANCHOR_01,52:06:26:03:01:DA,-70,MFG_4C000215FDA50693A4E24FB1AFCFC6EB0764782500010002D8,1.88,Yes,mattress,1.98
9409367,ANCHOR_01,52:06:26:03:01:DA,-70,MFG_4C000215FDA50693A4E24FB1AFCFC6EB0764782500010002D8,1.88,Yes,mattress,1.98
9410387,ANCHOR_01,52:06:26:03:01:DA,-69,MFG_4C000215FDA50693A4E24FB1AFCFC6EB0764782500010002D8,1.88,Yes,mattress,1.98
9411377,ANCHOR_01,52:06:26:03:01:DA,-68,MFG_4C000215FDA50693A4E24FB1AFCFC6EB0764782500010002D8,1.88,Yes,mattress,1.98
9412397,ANCHOR_01,52:06:26:03:01:DA,-69,MFG_4C000215FDA50693A4E24FB1AFCFC6EB0764782500010002D8,1.88,Yes,mattress,1.98
9413387,ANCHOR_01,52:06:26:03:01:DA,-70,MFG_4C000215FDA50693A4E24FB1AFCFC6EB0764782500010002D8,1.88,Yes,mattress,1.98
9414387,ANCHOR_01,52:06:26:03:01:DA,-70,MFG_4C000215FDA50693A4E24FB1AFCFC6EB0764782500010002D8,1.88,Yes,mattress,1.98
9415397,ANCHOR_01,52:06:26:03:01:DA,-70,MFG_4C000215FDA50693A4E24FB1AFCFC6EB0764782500010002D8,1.88,Yes,mattress,1.98
9416417,ANCHOR_01,52:06:26:03:01:DA,-68,MFG_4C000215FDA50693A4E24FB1AFCFC6EB0764782500010002D8,1.88,Yes,mattress,1.98
9417407,ANCHOR_01,52:06:26:03:01:DA,-67,MFG_4C000215FDA50693A4E24FB1AFCFC6EB0764782500010002D8,1.88,Yes,mattress,1.98
9418427,ANCHOR_01,52:06:26:03:01:DA,-69,MFG_4C000215FDA50693A4E24FB1AFCFC6EB0764782500010002D8,1.88,Yes,mattress,1.98
9419417,ANCHOR_01,52:06:26:03:01:DA,-70,MFG_4C000215FDA50693A4E24FB1AFCFC6EB0764782500010002D8,1.88,Yes,mattress,1.98
9420437,ANCHOR_01,52:06:26:03:01:DA,-69,MFG_4C000215FDA50693A4E24FB1AFCFC6EB0764782500010002D8,1.88,Yes,mattress,1.98
9421417,ANCHOR_01,52:06:26:03:01:DA,-70,MFG_4C000215FDA50693A4E24FB1AFCFC6EB0764782500010002D8,1.88,Yes,mattress,1.98
9422447,ANCHOR_01,52:06:26:03:01:DA,-69,MFG_4C000215FDA50693A4E24FB1AFCFC6EB0764782500010002D8,1.88,Yes,mattress,1.98
9423437,ANCHOR_01,52:06:26:03:01:DA,-68,MFG_4C000215FDA50693A4E24FB1AFCFC6EB0764782500010002D8,1.88,Yes,mattress,1.98
9424457,ANCHOR_01,52:06:26:03:01:DA,-69,MFG_4C000215FDA50693A4E24FB1AFCFC6EB0764782500010002D8,1.88,Yes,mattress,1.98
9425447,ANCHOR_01,52:06:26:03:01:DA,-69,MFG_4C000215FDA50693A4E24FB1AFCFC6EB0764782500010002D8,1.88,Yes,mattress,1.98
9426447,ANCHOR_01,52:06:26:03:01:DA,-70,MFG_4C000215FDA50693A4E24FB1AFCFC6EB0764782500010002D8,1.88,Yes,mattress,1.98
9427457,ANCHOR_01,52:06:26:03:01:DA,-70,MFG_4C000215FDA50693A4E24FB1AFCFC6EB0764782500010002D8,1.88,Yes,mattress,1.98
9428477,ANCHOR_01,52:06:26:03:01:DA,-69,MFG_4C000215FDA50693A4E24FB1AFCFC6EB0764782500010002D8,1.88,Yes,mattress,1.98
9429467,ANCHOR_01,52:06:26:03:01:DA,-69,MFG_4C000215FDA50693A4E24FB1AFCFC6EB0764782500010002D8,1.88,Yes,mattress,1.98
9430467,ANCHOR_01,52:06:26:03:01:DA,-70,MFG_4C000215FDA50693A4E24FB1AFCFC6EB0764782500010002D8,1.88,Yes,mattress,1.98
9431477,ANCHOR_01,52:06:26:03:01:DA,-70,MFG_4C000215FDA50693A4E24FB1AFCFC6EB0764782500010002D8,1.88,Yes,mattress,1.98
9433487,ANCHOR_01,52:06:26:03:01:DA,-71,MFG_4C000215FDA50693A4E24FB1AFCFC6EB0764782500010002D8,1.88,Yes,mattress,1.98
9434477,ANCHOR_01,52:06:26:03:01:DA,-70,MFG_4C000215FDA50693A4E24FB1AFCFC6EB0764782500010002D8,1.88,Yes,mattress,1.98
9435497,ANCHOR_01,52:06:26:03:01:DA,-67,MFG_4C000215FDA50693A4E24FB1AFCFC6EB0764782500010002D8,1.88,Yes,mattress,1.98
9436487,ANCHOR_01,52:06:26:03:01:DA,-69,MFG_4C000215FDA50693A4E24FB1AFCFC6EB0764782500010002D8,1.88,Yes,mattress,1.98
9437487,ANCHOR_01,52:06:26:03:01:DA,-70,MFG_4C000215FDA50693A4E24FB1AFCFC6EB0764782500010002D8,1.88,Yes,mattress,1.98
9438497,ANCHOR_01,52:06:26:03:01:DA,-69,MFG_4C000215FDA50693A4E24FB1AFCFC6EB0764782500010002D8,1.88,Yes,mattress,1.98
9439507,ANCHOR_01,52:06:26:03:01:DA,-70,MFG_4C000215FDA50693A4E24FB1AFCFC6EB0764782500010002D8,1.88,Yes,mattress,1.98
9440507,ANCHOR_01,52:06:26:03:01:DA,-70,MFG_4C000215FDA50693A4E24FB1AFCFC6EB0764782500010002D8,1.88,Yes,mattress,1.98
9441527,ANCHOR_01,52:06:26:03:01:DA,-68,MFG_4C000215FDA50693A4E24FB1AFCFC6EB0764782500010002D8,1.88,Yes,mattress,1.98
9442507,ANCHOR_01,52:06:26:03:01:DA,-69,MFG_4C000215FDA50693A4E24FB1AFCFC6EB0764782500010002D8,1.88,Yes,mattress,1.98
9443517,ANCHOR_01,52:06:26:03:01:DA,-70,MFG_4C000215FDA50693A4E24FB1AFCFC6EB0764782500010002D8,1.88,Yes,mattress,1.98
9444527,ANCHOR_01,52:06:26:03:01:DA,-70,MFG_4C000215FDA50693A4E24FB1AFCFC6EB0764782500010002D8,1.88,Yes,mattress,1.98
9445527,ANCHOR_01,52:06:26:03:01:DA,-70,MFG_4C000215FDA50693A4E24FB1AFCFC6EB0764782500010002D8,1.88,Yes,mattress,1.98
9446537,ANCHOR_01,52:06:26:03:01:DA,-70,MFG_4C000215FDA50693A4E24FB1AFCFC6EB0764782500010002D8,1.88,Yes,mattress,1.98
9447557,ANCHOR_01,52:06:26:03:01:DA,-69,MFG_4C000215FDA50693A4E24FB1AFCFC6EB0764782500010002D8,1.88,Yes,mattress,1.98
9448547,ANCHOR_01,52:06:26:03:01:DA,-68,MFG_4C000215FDA50693A4E24FB1AFCFC6EB0764782500010002D8,1.88,Yes,mattress,1.98
9450547,ANCHOR_01,52:06:26:03:01:DA,-70,MFG_4C000215FDA50693A4E24FB1AFCFC6EB0764782500010002D8,1.88,Yes,mattress,1.98
9451547,ANCHOR_01,52:06:26:03:01:DA,-70,MFG_4C000215FDA50693A4E24FB1AFCFC6EB0764782500010002D8,1.88,Yes,mattress,1.98
9452557,ANCHOR_01,52:06:26:03:01:DA,-70,MFG_4C000215FDA50693A4E24FB1AFCFC6EB0764782500010002D8,1.88,Yes,mattress,1.98
9453547,ANCHOR_01,52:06:26:03:01:DA,-70,MFG_4C000215FDA50693A4E24FB1AFCFC6EB0764782500010002D8,1.88,Yes,mattress,1.98
9455567,ANCHOR_01,52:06:26:03:01:DA,-69,MFG_4C000215FDA50693A4E24FB1AFCFC6EB0764782500010002D8,1.88,Yes,mattress,1.98
9457577,ANCHOR_01,52:06:26:03:01:DA,-70,MFG_4C000215FDA50693A4E24FB1AFCFC6EB0764782500010002D8,1.88,Yes,mattress,1.98
9458597,ANCHOR_01,52:06:26:03:01:DA,-70,MFG_4C000215FDA50693A4E24FB1AFCFC6EB0764782500010002D8,1.88,Yes,mattress,1.98
9459587,ANCHOR_01,52:06:26:03:01:DA,-69,MFG_4C000215FDA50693A4E24FB1AFCFC6EB0764782500010002D8,1.88,Yes,mattress,1.98
9460607,ANCHOR_01,52:06:26:03:01:DA,-69,MFG_4C000215FDA50693A4E24FB1AFCFC6EB0764782500010002D8,1.88,Yes,mattress,1.98
9461597,ANCHOR_01,52:06:26:03:01:DA,-67,MFG_4C000215FDA50693A4E24FB1AFCFC6EB0764782500010002D8,1.88,Yes,mattress,1.98
9462617,ANCHOR_01,52:06:26:03:01:DA,-69,MFG_4C000215FDA50693A4E24FB1AFCFC6EB0764782500010002D8,1.88,Yes,mattress,1.98
9463607,ANCHOR_01,52:06:26:03:01:DA,-71,MFG_4C000215FDA50693A4E24FB1AFCFC6EB0764782500010002D8,1.88,Yes,mattress,1.98
9464617,ANCHOR_01,52:06:26:03:01:DA,-69,MFG_4C000215FDA50693A4E24FB1AFCFC6EB0764782500010002D8,1.88,Yes,mattress,1.98
9465647,ANCHOR_01,52:06:26:03:01:DA,-68,MFG_4C000215FDA50693A4E24FB1AFCFC6EB0764782500010002D8,1.88,Yes,mattress,1.98
9466637,ANCHOR_01,52:06:26:03:01:DA,-67,MFG_4C000215FDA50693A4E24FB1AFCFC6EB0764782500010002D8,1.88,Yes,mattress,1.98
9467627,ANCHOR_01,52:06:26:03:01:DA,-67,MFG_4C000215FDA50693A4E24FB1AFCFC6EB0764782500010002D8,1.88,Yes,mattress,1.98
9468647,ANCHOR_01,52:06:26:03:01:DA,-70,MFG_4C000215FDA50693A4E24FB1AFCFC6EB0764782500010002D8,1.88,Yes,mattress,1.98
9469667,ANCHOR_01,52:06:26:03:01:DA,-71,MFG_4C000215FDA50693A4E24FB1AFCFC6EB0764782500010002D8,1.88,Yes,mattress,1.98
9470657,ANCHOR_01,52:06:26:03:01:DA,-69,MFG_4C000215FDA50693A4E24FB1AFCFC6EB0764782500010002D8,1.88,Yes,mattress,1.98
9471677,ANCHOR_01,52:06:26:03:01:DA,-68,MFG_4C000215FDA50693A4E24FB1AFCFC6EB0764782500010002D8,1.88,Yes,mattress,1.98
9472657,ANCHOR_01,52:06:26:03:01:DA,-67,MFG_4C000215FDA50693A4E24FB1AFCFC6EB0764782500010002D8,1.88,Yes,mattress,1.98
9473687,ANCHOR_01,52:06:26:03:01:DA,-71,MFG_4C000215FDA50693A4E24FB1AFCFC6EB0764782500010002D8,1.88,Yes,mattress,1.98
9474677,ANCHOR_01,52:06:26:03:01:DA,-72,MFG_4C000215FDA50693A4E24FB1AFCFC6EB0764782500010002D8,1.88,Yes,mattress,1.98
9475697,ANCHOR_01,52:06:26:03:01:DA,-69,MFG_4C000215FDA50693A4E24FB1AFCFC6EB0764782500010002D8,1.88,Yes,mattress,1.98
9477697,ANCHOR_01,52:06:26:03:01:DA,-69,MFG_4C000215FDA50693A4E24FB1AFCFC6EB0764782500010002D8,1.88,Yes,mattress,1.98
9479707,ANCHOR_01,52:06:26:03:01:DA,-71,MFG_4C000215FDA50693A4E24FB1AFCFC6EB0764782500010002D8,1.88,Yes,mattress,1.98
9481727,ANCHOR_01,52:06:26:03:01:DA,-69,MFG_4C000215FDA50693A4E24FB1AFCFC6EB0764782500010002D8,1.88,Yes,mattress,1.98
9482747,ANCHOR_01,52:06:26:03:01:DA,-68,MFG_4C000215FDA50693A4E24FB1AFCFC6EB0764782500010002D8,1.88,Yes,mattress,1.98
9483737,ANCHOR_01,52:06:26:03:01:DA,-69,MFG_4C000215FDA50693A4E24FB1AFCFC6EB0764782500010002D8,1.88,Yes,mattress,1.98
9484757,ANCHOR_01,52:06:26:03:01:DA,-72,MFG_4C000215FDA50693A4E24FB1AFCFC6EB0764782500010002D8,1.88,Yes,mattress,1.98
9485747,ANCHOR_01,52:06:26:03:01:DA,-72,MFG_4C000215FDA50693A4E24FB1AFCFC6EB0764782500010002D8,1.88,Yes,mattress,1.98
9486767,ANCHOR_01,52:06:26:03:01:DA,-68,MFG_4C000215FDA50693A4E24FB1AFCFC6EB0764782500010002D8,1.88,Yes,mattress,1.98
9487757,ANCHOR_01,52:06:26:03:01:DA,-69,MFG_4C000215FDA50693A4E24FB1AFCFC6EB0764782500010002D8,1.88,Yes,mattress,1.98
9488757,ANCHOR_01,52:06:26:03:01:DA,-67,MFG_4C000215FDA50693A4E24FB1AFCFC6EB0764782500010002D8,1.88,Yes,mattress,1.98
9489767,ANCHOR_01,52:06:26:03:01:DA,-69,MFG_4C000215FDA50693A4E24FB1AFCFC6EB0764782500010002D8,1.88,Yes,mattress,1.98
9490787,ANCHOR_01,52:06:26:03:01:DA,-71,MFG_4C000215FDA50693A4E24FB1AFCFC6EB0764782500010002D8,1.88,Yes,mattress,1.98
9491777,ANCHOR_01,52:06:26:03:01:DA,-71,MFG_4C000215FDA50693A4E24FB1AFCFC6EB0764782500010002D8,1.88,Yes,mattress,1.98
9492777,ANCHOR_01,52:06:26:03:01:DA,-69,MFG_4C000215FDA50693A4E24FB1AFCFC6EB0764782500010002D8,1.88,Yes,mattress,1.98
9494797,ANCHOR_01,52:06:26:03:01:DA,-67,MFG_4C000215FDA50693A4E24FB1AFCFC6EB0764782500010002D8,1.88,Yes,mattress,1.98
9495797,ANCHOR_01,52:06:26:03:01:DA,-67,MFG_4C000215FDA50693A4E24FB1AFCFC6EB0764782500010002D8,1.88,Yes,mattress,1.98
9496817,ANCHOR_01,52:06:26:03:01:DA,-71,MFG_4C000215FDA50693A4E24FB1AFCFC6EB0764782500010002D8,1.88,Yes,mattress,1.98
9497807,ANCHOR_01,52:06:26:03:01:DA,-70,MFG_4C000215FDA50693A4E24FB1AFCFC6EB0764782500010002D8,1.88,Yes,mattress,1.98
9498807,ANCHOR_01,52:06:26:03:01:DA,-70,MFG_4C000215FDA50693A4E24FB1AFCFC6EB0764782500010002D8,1.88,Yes,mattress,1.98
9500817,ANCHOR_01,52:06:26:03:01:DA,-69,MFG_4C000215FDA50693A4E24FB1AFCFC6EB0764782500010002D8,1.88,Yes,mattress,1.98
9501827,ANCHOR_01,52:06:26:03:01:DA,-69,MFG_4C000215FDA50693A4E24FB1AFCFC6EB0764782500010002D8,1.88,Yes,mattress,1.98
9502847,ANCHOR_01,52:06:26:03:01:DA,-70,MFG_4C000215FDA50693A4E24FB1AFCFC6EB0764782500010002D8,1.88,Yes,mattress,1.98
9503837,ANCHOR_01,52:06:26:03:01:DA,-70,MFG_4C000215FDA50693A4E24FB1AFCFC6EB0764782500010002D8,1.88,Yes,mattress,1.98
9505847,ANCHOR_01,52:06:26:03:01:DA,-71,MFG_4C000215FDA50693A4E24FB1AFCFC6EB0764782500010002D8,1.88,Yes,mattress,1.98
9506857,ANCHOR_01,52:06:26:03:01:DA,-67,MFG_4C000215FDA50693A4E24FB1AFCFC6EB0764782500010002D8,1.88,Yes,mattress,1.98
9507857,ANCHOR_01,52:06:26:03:01:DA,-69,MFG_4C000215FDA50693A4E24FB1AFCFC6EB0764782500010002D8,1.88,Yes,mattress,1.98
9509867,ANCHOR_01,52:06:26:03:01:DA,-71,MFG_4C000215FDA50693A4E24FB1AFCFC6EB0764782500010002D8,1.88,Yes,mattress,1.98
9510887,ANCHOR_01,52:06:26:03:01:DA,-70,MFG_4C000215FDA50693A4E24FB1AFCFC6EB0764782500010002D8,1.88,Yes,mattress,1.98
9511877,ANCHOR_01,52:06:26:03:01:DA,-70,MFG_4C000215FDA50693A4E24FB1AFCFC6EB0764782500010002D8,1.88,Yes,mattress,1.98
9512897,ANCHOR_01,52:06:26:03:01:DA,-68,MFG_4C000215FDA50693A4E24FB1AFCFC6EB0764782500010002D8,1.88,Yes,mattress,1.98
9513887,ANCHOR_01,52:06:26:03:01:DA,-68,MFG_4C000215FDA50693A4E24FB1AFCFC6EB0764782500010002D8,1.88,Yes,mattress,1.98
9514907,ANCHOR_01,52:06:26:03:01:DA,-70,MFG_4C000215FDA50693A4E24FB1AFCFC6EB0764782500010002D8,1.88,Yes,mattress,1.98
9516907,ANCHOR_01,52:06:26:03:01:DA,-69,MFG_4C000215FDA50693A4E24FB1AFCFC6EB0764782500010002D8,1.88,Yes,mattress,1.98
9518917,ANCHOR_01,52:06:26:03:01:DA,-68,MFG_4C000215FDA50693A4E24FB1AFCFC6EB0764782500010002D8,1.88,Yes,mattress,1.98
9519927,ANCHOR_01,52:06:26:03:01:DA,-71,MFG_4C000215FDA50693A4E24FB1AFCFC6EB0764782500010002D8,1.88,Yes,mattress,1.98
9520937,ANCHOR_01,52:06:26:03:01:DA,-71,MFG_4C000215FDA50693A4E24FB1AFCFC6EB0764782500010002D8,1.88,Yes,mattress,1.98
9521957,ANCHOR_01,52:06:26:03:01:DA,-68,MFG_4C000215FDA50693A4E24FB1AFCFC6EB0764782500010002D8,1.88,Yes,mattress,1.98
9522947,ANCHOR_01,52:06:26:03:01:DA,-69,MFG_4C000215FDA50693A4E24FB1AFCFC6EB0764782500010002D8,1.88,Yes,mattress,1.98
9523967,ANCHOR_01,52:06:26:03:01:DA,-68,MFG_4C000215FDA50693A4E24FB1AFCFC6EB0764782500010002D8,1.88,Yes,mattress,1.98
9524947,ANCHOR_01,52:06:26:03:01:DA,-67,MFG_4C000215FDA50693A4E24FB1AFCFC6EB0764782500010002D8,1.88,Yes,mattress,1.98
9525977,ANCHOR_01,52:06:26:03:01:DA,-71,MFG_4C000215FDA50693A4E24FB1AFCFC6EB0764782500010002D8,1.88,Yes,mattress,1.98
9526967,ANCHOR_01,52:06:26:03:01:DA,-72,MFG_4C000215FDA50693A4E24FB1AFCFC6EB0764782500010002D8,1.88,Yes,mattress,1.98
9527977,ANCHOR_01,52:06:26:03:01:DA,-69,MFG_4C000215FDA50693A4E24FB1AFCFC6EB0764782500010002D8,1.88,Yes,mattress,1.98
9528977,ANCHOR_01,52:06:26:03:01:DA,-69,MFG_4C000215FDA50693A4E24FB1AFCFC6EB0764782500010002D8,1.88,Yes,mattress,1.98
9529997,ANCHOR_01,52:06:26:03:01:DA,-67,MFG_4C000215FDA50693A4E24FB1AFCFC6EB0764782500010002D8,1.88,Yes,mattress,1.98
9530987,ANCHOR_01,52:06:26:03:01:DA,-68,MFG_4C000215FDA50693A4E24FB1AFCFC6EB0764782500010002D8,1.88,Yes,mattress,1.98
9531997,ANCHOR_01,52:06:26:03:01:DA,-71,MFG_4C000215FDA50693A4E24FB1AFCFC6EB0764782500010002D8,1.88,Yes,mattress,1.98
9532987,ANCHOR_01,52:06:26:03:01:DA,-71,MFG_4C000215FDA50693A4E24FB1AFCFC6EB0764782500010002D8,1.88,Yes,mattress,1.98
9535007,ANCHOR_01,52:06:26:03:01:DA,-69,MFG_4C000215FDA50693A4E24FB1AFCFC6EB0764782500010002D8,1.88,Yes,mattress,1.98
9536017,ANCHOR_01,52:06:26:03:01:DA,-68,MFG_4C000215FDA50693A4E24FB1AFCFC6EB0764782500010002D8,1.88,Yes,mattress,1.98
9537017,ANCHOR_01,52:06:26:03:01:DA,-68,MFG_4C000215FDA50693A4E24FB1AFCFC6EB0764782500010002D8,1.88,Yes,mattress,1.98
9538037,ANCHOR_01,52:06:26:03:01:DA,-71,MFG_4C000215FDA50693A4E24FB1AFCFC6EB0764782500010002D8,1.88,Yes,mattress,1.98
9539027,ANCHOR_01,52:06:26:03:01:DA,-70,MFG_4C000215FDA50693A4E24FB1AFCFC6EB0764782500010002D8,1.88,Yes,mattress,1.98
9540047,ANCHOR_01,52:06:26:03:01:DA,-69,MFG_4C000215FDA50693A4E24FB1AFCFC6EB0764782500010002D8,1.88,Yes,mattress,1.98
9541027,ANCHOR_01,52:06:26:03:01:DA,-69,MFG_4C000215FDA50693A4E24FB1AFCFC6EB0764782500010002D8,1.88,Yes,mattress,1.98
9542057,ANCHOR_01,52:06:26:03:01:DA,-68,MFG_4C000215FDA50693A4E24FB1AFCFC6EB0764782500010002D8,1.88,Yes,mattress,1.98
9543047,ANCHOR_01,52:06:26:03:01:DA,-68,MFG_4C000215FDA50693A4E24FB1AFCFC6EB0764782500010002D8,1.88,Yes,mattress,1.98
9544047,ANCHOR_01,52:06:26:03:01:DA,-71,MFG_4C000215FDA50693A4E24FB1AFCFC6EB0764782500010002D8,1.88,Yes,mattress,1.98
9545057,ANCHOR_01,52:06:26:03:01:DA,-71,MFG_4C000215FDA50693A4E24FB1AFCFC6EB0764782500010002D8,1.88,Yes,mattress,1.98
9546067,ANCHOR_01,52:06:26:03:01:DA,-70,MFG_4C000215FDA50693A4E24FB1AFCFC6EB0764782500010002D8,1.88,Yes,mattress,1.98
9547067,ANCHOR_01,52:06:26:03:01:DA,-70,MFG_4C000215FDA50693A4E24FB1AFCFC6EB0764782500010002D8,1.88,Yes,mattress,1.98
9549067,ANCHOR_01,52:06:26:03:01:DA,-68,MFG_4C000215FDA50693A4E24FB1AFCFC6EB0764782500010002D8,1.88,Yes,mattress,1.98
9550097,ANCHOR_01,52:06:26:03:01:DA,-71,MFG_4C000215FDA50693A4E24FB1AFCFC6EB0764782500010002D8,1.88,Yes,mattress,1.98
9551077,ANCHOR_01,52:06:26:03:01:DA,-70,MFG_4C000215FDA50693A4E24FB1AFCFC6EB0764782500010002D8,1.88,Yes,mattress,1.98
9552107,ANCHOR_01,52:06:26:03:01:DA,-69,MFG_4C000215FDA50693A4E24FB1AFCFC6EB0764782500010002D8,1.88,Yes,mattress,1.98
9553087,ANCHOR_01,52:06:26:03:01:DA,-69,MFG_4C000215FDA50693A4E24FB1AFCFC6EB0764782500010002D8,1.88,Yes,mattress,1.98
9554087,ANCHOR_01,52:06:26:03:01:DA,-70,MFG_4C000215FDA50693A4E24FB1AFCFC6EB0764782500010002D8,1.88,Yes,mattress,1.98
9555107,ANCHOR_01,52:06:26:03:01:DA,-69,MFG_4C000215FDA50693A4E24FB1AFCFC6EB0764782500010002D8,1.88,Yes,mattress,1.98
9556117,ANCHOR_01,52:06:26:03:01:DA,-70,MFG_4C000215FDA50693A4E24FB1AFCFC6EB0764782500010002D8,1.88,Yes,mattress,1.98
9557117,ANCHOR_01,52:06:26:03:01:DA,-70,MFG_4C000215FDA50693A4E24FB1AFCFC6EB0764782500010002D8,1.88,Yes,mattress,1.98
9558117,ANCHOR_01,52:06:26:03:01:DA,-69,MFG_4C000215FDA50693A4E24FB1AFCFC6EB0764782500010002D8,1.88,Yes,mattress,1.98
9559117,ANCHOR_01,52:06:26:03:01:DA,-69,MFG_4C000215FDA50693A4E24FB1AFCFC6EB0764782500010002D8,1.88,Yes,mattress,1.98
9560147,ANCHOR_01,52:06:26:03:01:DA,-69,MFG_4C000215FDA50693A4E24FB1AFCFC6EB0764782500010002D8,1.88,Yes,mattress,1.98
9561137,ANCHOR_01,52:06:26:03:01:DA,-69,MFG_4C000215FDA50693A4E24FB1AFCFC6EB0764782500010002D8,1.88,Yes,mattress,1.98
9562157,ANCHOR_01,52:06:26:03:01:DA,-71,MFG_4C000215FDA50693A4E24FB1AFCFC6EB0764782500010002D8,1.88,Yes,mattress,1.98
9564167,ANCHOR_01,52:06:26:03:01:DA,-70,MFG_4C000215FDA50693A4E24FB1AFCFC6EB0764782500010002D8,1.88,Yes,mattress,1.98
9565187,ANCHOR_01,52:06:26:03:01:DA,-67,MFG_4C000215FDA50693A4E24FB1AFCFC6EB0764782500010002D8,1.88,Yes,mattress,1.98
9566167,ANCHOR_01,52:06:26:03:01:DA,-69,MFG_4C000215FDA50693A4E24FB1AFCFC6EB0764782500010002D8,1.88,Yes,mattress,1.98
9567197,ANCHOR_01,52:06:26:03:01:DA,-71,MFG_4C000215FDA50693A4E24FB1AFCFC6EB0764782500010002D8,1.88,Yes,mattress,1.98
9568187,ANCHOR_01,52:06:26:03:01:DA,-72,MFG_4C000215FDA50693A4E24FB1AFCFC6EB0764782500010002D8,1.88,Yes,mattress,1.98
9569207,ANCHOR_01,52:06:26:03:01:DA,-69,MFG_4C000215FDA50693A4E24FB1AFCFC6EB0764782500010002D8,1.88,Yes,mattress,1.98
9571217,ANCHOR_01,52:06:26:03:01:DA,-68,MFG_4C000215FDA50693A4E24FB1AFCFC6EB0764782500010002D8,1.88,Yes,mattress,1.98
9572237,ANCHOR_01,52:06:26:03:01:DA,-71,MFG_4C000215FDA50693A4E24FB1AFCFC6EB0764782500010002D8,1.88,Yes,mattress,1.98
9573217,ANCHOR_01,52:06:26:03:01:DA,-72,MFG_4C000215FDA50693A4E24FB1AFCFC6EB0764782500010002D8,1.88,Yes,mattress,1.98
9574227,ANCHOR_01,52:06:26:03:01:DA,-69,MFG_4C000215FDA50693A4E24FB1AFCFC6EB0764782500010002D8,1.88,Yes,mattress,1.98
9575237,ANCHOR_01,52:06:26:03:01:DA,-68,MFG_4C000215FDA50693A4E24FB1AFCFC6EB0764782500010002D8,1.88,Yes,mattress,1.98
9576257,ANCHOR_01,52:06:26:03:01:DA,-69,MFG_4C000215FDA50693A4E24FB1AFCFC6EB0764782500010002D8,1.88,Yes,mattress,1.98
9577247,ANCHOR_01,52:06:26:03:01:DA,-67,MFG_4C000215FDA50693A4E24FB1AFCFC6EB0764782500010002D8,1.88,Yes,mattress,1.98
9578267,ANCHOR_01,52:06:26:03:01:DA,-71,MFG_4C000215FDA50693A4E24FB1AFCFC6EB0764782500010002D8,1.88,Yes,mattress,1.98
9579287,ANCHOR_01,52:06:26:03:01:DA,-70,MFG_4C000215FDA50693A4E24FB1AFCFC6EB0764782500010002D8,1.88,Yes,mattress,1.98
9580267,ANCHOR_01,52:06:26:03:01:DA,-69,MFG_4C000215FDA50693A4E24FB1AFCFC6EB0764782500010002D8,1.88,Yes,mattress,1.98
9583277,ANCHOR_01,52:06:26:03:01:DA,-68,MFG_4C000215FDA50693A4E24FB1AFCFC6EB0764782500010002D8,1.88,Yes,mattress,1.98
9584287,ANCHOR_01,52:06:26:03:01:DA,-72,MFG_4C000215FDA50693A4E24FB1AFCFC6EB0764782500010002D8,1.88,Yes,mattress,1.98
9585287,ANCHOR_01,52:06:26:03:01:DA,-71,MFG_4C000215FDA50693A4E24FB1AFCFC6EB0764782500010002D8,1.88,Yes,mattress,1.98
9586307,ANCHOR_01,52:06:26:03:01:DA,-68,MFG_4C000215FDA50693A4E24FB1AFCFC6EB0764782500010002D8,1.88,Yes,mattress,1.98
9587297,ANCHOR_01,52:06:26:03:01:DA,-70,MFG_4C000215FDA50693A4E24FB1AFCFC6EB0764782500010002D8,1.88,Yes,mattress,1.98
9588317,ANCHOR_01,52:06:26:03:01:DA,-69,MFG_4C000215FDA50693A4E24FB1AFCFC6EB0764782500010002D8,1.88,Yes,mattress,1.98
9589307,ANCHOR_01,52:06:26:03:01:DA,-67,MFG_4C000215FDA50693A4E24FB1AFCFC6EB0764782500010002D8,1.88,Yes,mattress,1.98
9590317,ANCHOR_01,52:06:26:03:01:DA,-71,MFG_4C000215FDA50693A4E24FB1AFCFC6EB0764782500010002D8,1.88,Yes,mattress,1.98
9591317,ANCHOR_01,52:06:26:03:01:DA,-71,MFG_4C000215FDA50693A4E24FB1AFCFC6EB0764782500010002D8,1.88,Yes,mattress,1.98
9592307,ANCHOR_01,52:06:26:03:01:DA,-70,MFG_4C000215FDA50693A4E24FB1AFCFC6EB0764782500010002D8,1.88,Yes,mattress,1.98
9593327,ANCHOR_01,52:06:26:03:01:DA,-69,MFG_4C000215FDA50693A4E24FB1AFCFC6EB0764782500010002D8,1.88,Yes,mattress,1.98
9595337,ANCHOR_01,52:06:26:03:01:DA,-68,MFG_4C000215FDA50693A4E24FB1AFCFC6EB0764782500010002D8,1.88,Yes,mattress,1.98
9596357,ANCHOR_01,52:06:26:03:01:DA,-71,MFG_4C000215FDA50693A4E24FB1AFCFC6EB0764782500010002D8,1.88,Yes,mattress,1.98
9597337,ANCHOR_01,52:06:26:03:01:DA,-71,MFG_4C000215FDA50693A4E24FB1AFCFC6EB0764782500010002D8,1.88,Yes,mattress,1.98
9598357,ANCHOR_01,52:06:26:03:01:DA,-71,MFG_4C000215FDA50693A4E24FB1AFCFC6EB0764782500010002D8,1.88,Yes,mattress,1.98
9599357,ANCHOR_01,52:06:26:03:01:DA,-69,MFG_4C000215FDA50693A4E24FB1AFCFC6EB0764782500010002D8,1.88,Yes,mattress,1.98
9600357,ANCHOR_01,52:06:26:03:01:DA,-67,MFG_4C000215FDA50693A4E24FB1AFCFC6EB0764782500010002D8,1.88,Yes,mattress,1.98
9601357,ANCHOR_01,52:06:26:03:01:DA,-67,MFG_4C000215FDA50693A4E24FB1AFCFC6EB0764782500010002D8,1.88,Yes,mattress,1.98
9602387,ANCHOR_01,52:06:26:03:01:DA,-70,MFG_4C000215FDA50693A4E24FB1AFCFC6EB0764782500010002D8,1.88,Yes,mattress,1.98
9603377,ANCHOR_01,52:06:26:03:01:DA,-70,MFG_4C000215FDA50693A4E24FB1AFCFC6EB0764782500010002D8,1.88,Yes,mattress,1.98
9604397,ANCHOR_01,52:06:26:03:01:DA,-70,MFG_4C000215FDA50693A4E24FB1AFCFC6EB0764782500010002D8,1.88,Yes,mattress,1.98
9605377,ANCHOR_01,52:06:26:03:01:DA,-70,MFG_4C000215FDA50693A4E24FB1AFCFC6EB0764782500010002D8,1.88,Yes,mattress,1.98
9606407,ANCHOR_01,52:06:26:03:01:DA,-69,MFG_4C000215FDA50693A4E24FB1AFCFC6EB0764782500010002D8,1.88,Yes,mattress,1.98
9607397,ANCHOR_01,52:06:26:03:01:DA,-68,MFG_4C000215FDA50693A4E24FB1AFCFC6EB0764782500010002D8,1.88,Yes,mattress,1.98
9608397,ANCHOR_01,52:06:26:03:01:DA,-71,MFG_4C000215FDA50693A4E24FB1AFCFC6EB0764782500010002D8,1.88,Yes,mattress,1.98
9609407,ANCHOR_01,52:06:26:03:01:DA,-70,MFG_4C000215FDA50693A4E24FB1AFCFC6EB0764782500010002D8,1.88,Yes,mattress,1.98
9610417,ANCHOR_01,52:06:26:03:01:DA,-69,MFG_4C000215FDA50693A4E24FB1AFCFC6EB0764782500010002D8,1.88,Yes,mattress,1.98
9611417,ANCHOR_01,52:06:26:03:01:DA,-69,MFG_4C000215FDA50693A4E24FB1AFCFC6EB0764782500010002D8,1.88,Yes,mattress,1.98
9612407,ANCHOR_01,52:06:26:03:01:DA,-70,MFG_4C000215FDA50693A4E24FB1AFCFC6EB0764782500010002D8,1.88,Yes,mattress,1.98
9613427,ANCHOR_01,52:06:26:03:01:DA,-68,MFG_4C000215FDA50693A4E24FB1AFCFC6EB0764782500010002D8,1.88,Yes,mattress,1.98
9614417,ANCHOR_01,52:06:26:03:01:DA,-67,MFG_4C000215FDA50693A4E24FB1AFCFC6EB0764782500010002D8,1.88,Yes,mattress,1.98
9615437,ANCHOR_01,52:06:26:03:01:DA,-71,MFG_4C000215FDA50693A4E24FB1AFCFC6EB0764782500010002D8,1.88,Yes,mattress,1.98
9616427,ANCHOR_01,52:06:26:03:01:DA,-70,MFG_4C000215FDA50693A4E24FB1AFCFC6EB0764782500010002D8,1.88,Yes,mattress,1.98
9617447,ANCHOR_01,52:06:26:03:01:DA,-70,MFG_4C000215FDA50693A4E24FB1AFCFC6EB0764782500010002D8,1.88,Yes,mattress,1.98
9618437,ANCHOR_01,52:06:26:03:01:DA,-69,MFG_4C000215FDA50693A4E24FB1AFCFC6EB0764782500010002D8,1.88,Yes,mattress,1.98
9619437,ANCHOR_01,52:06:26:03:01:DA,-69,MFG_4C000215FDA50693A4E24FB1AFCFC6EB0764782500010002D8,1.88,Yes,mattress,1.98
9620447,ANCHOR_01,52:06:26:03:01:DA,-69,MFG_4C000215FDA50693A4E24FB1AFCFC6EB0764782500010002D8,1.88,Yes,mattress,1.98
9621467,ANCHOR_01,52:06:26:03:01:DA,-71,MFG_4C000215FDA50693A4E24FB1AFCFC6EB0764782500010002D8,1.88,Yes,mattress,1.98
9623477,ANCHOR_01,52:06:26:03:01:DA,-70,MFG_4C000215FDA50693A4E24FB1AFCFC6EB0764782500010002D8,1.88,Yes,mattress,1.98
9624477,ANCHOR_01,52:06:26:03:01:DA,-67,MFG_4C000215FDA50693A4E24FB1AFCFC6EB0764782500010002D8,1.88,Yes,mattress,1.98
9625487,ANCHOR_01,52:06:26:03:01:DA,-68,MFG_4C000215FDA50693A4E24FB1AFCFC6EB0764782500010002D8,1.88,Yes,mattress,1.98
9626487,ANCHOR_01,52:06:26:03:01:DA,-69,MFG_4C000215FDA50693A4E24FB1AFCFC6EB0764782500010002D8,1.88,Yes,mattress,1.98
9627497,ANCHOR_01,52:06:26:03:01:DA,-71,MFG_4C000215FDA50693A4E24FB1AFCFC6EB0764782500010002D8,1.88,Yes,mattress,1.98
9628517,ANCHOR_01,52:06:26:03:01:DA,-70,MFG_4C000215FDA50693A4E24FB1AFCFC6EB0764782500010002D8,1.88,Yes,mattress,1.98
9629507,ANCHOR_01,52:06:26:03:01:DA,-70,MFG_4C000215FDA50693A4E24FB1AFCFC6EB0764782500010002D8,1.88,Yes,mattress,1.98
9630527,ANCHOR_01,52:06:26:03:01:DA,-68,MFG_4C000215FDA50693A4E24FB1AFCFC6EB0764782500010002D8,1.88,Yes,mattress,1.98
9631517,ANCHOR_01,52:06:26:03:01:DA,-69,MFG_4C000215FDA50693A4E24FB1AFCFC6EB0764782500010002D8,1.88,Yes,mattress,1.98
9632537,ANCHOR_01,52:06:26:03:01:DA,-70,MFG_4C000215FDA50693A4E24FB1AFCFC6EB0764782500010002D8,1.88,Yes,mattress,1.98
9634547,ANCHOR_01,52:06:26:03:01:DA,-71,MFG_4C000215FDA50693A4E24FB1AFCFC6EB0764782500010002D8,1.88,Yes,mattress,1.98
9636547,ANCHOR_01,52:06:26:03:01:DA,-69,MFG_4C000215FDA50693A4E24FB1AFCFC6EB0764782500010002D8,1.88,Yes,mattress,1.98
9637547,ANCHOR_01,52:06:26:03:01:DA,-69,MFG_4C000215FDA50693A4E24FB1AFCFC6EB0764782500010002D8,1.88,Yes,mattress,1.98
9638557,ANCHOR_01,52:06:26:03:01:DA,-70,MFG_4C000215FDA50693A4E24FB1AFCFC6EB0764782500010002D8,1.88,Yes,mattress,1.98
9640577,ANCHOR_01,52:06:26:03:01:DA,-69,MFG_4C000215FDA50693A4E24FB1AFCFC6EB0764782500010002D8,1.88,Yes,mattress,1.98
9641567,ANCHOR_01,52:06:26:03:01:DA,-70,MFG_4C000215FDA50693A4E24FB1AFCFC6EB0764782500010002D8,1.88,Yes,mattress,1.98
9642587,ANCHOR_01,52:06:26:03:01:DA,-68,MFG_4C000215FDA50693A4E24FB1AFCFC6EB0764782500010002D8,1.88,Yes,mattress,1.98
9643577,ANCHOR_01,52:06:26:03:01:DA,-69,MFG_4C000215FDA50693A4E24FB1AFCFC6EB0764782500010002D8,1.88,Yes,mattress,1.98
9644597,ANCHOR_01,52:06:26:03:01:DA,-70,MFG_4C000215FDA50693A4E24FB1AFCFC6EB0764782500010002D8,1.88,Yes,mattress,1.98
9645587,ANCHOR_01,52:06:26:03:01:DA,-73,MFG_4C000215FDA50693A4E24FB1AFCFC6EB0764782500010002D8,1.88,Yes,mattress,1.98
9646607,ANCHOR_01,52:06:26:03:01:DA,-72,MFG_4C000215FDA50693A4E24FB1AFCFC6EB0764782500010002D8,1.88,Yes,mattress,1.98
9647597,ANCHOR_01,52:06:26:03:01:DA,-74,MFG_4C000215FDA50693A4E24FB1AFCFC6EB0764782500010002D8,1.88,Yes,mattress,1.98
9648597,ANCHOR_01,52:06:26:03:01:DA,-68,MFG_4C000215FDA50693A4E24FB1AFCFC6EB0764782500010002D8,1.88,Yes,mattress,1.98
9649607,ANCHOR_01,52:06:26:03:01:DA,-68,MFG_4C000215FDA50693A4E24FB1AFCFC6EB0764782500010002D8,1.88,Yes,mattress,1.98
9650627,ANCHOR_01,52:06:26:03:01:DA,-71,MFG_4C000215FDA50693A4E24FB1AFCFC6EB0764782500010002D8,1.88,Yes,mattress,1.98
9651617,ANCHOR_01,52:06:26:03:01:DA,-73,MFG_4C000215FDA50693A4E24FB1AFCFC6EB0764782500010002D8,1.88,Yes,mattress,1.98
9652637,ANCHOR_01,52:06:26:03:01:DA,-72,MFG_4C000215FDA50693A4E24FB1AFCFC6EB0764782500010002D8,1.88,Yes,mattress,1.98
9653617,ANCHOR_01,52:06:26:03:01:DA,-72,MFG_4C000215FDA50693A4E24FB1AFCFC6EB0764782500010002D8,1.88,Yes,mattress,1.98
9654647,ANCHOR_01,52:06:26:03:01:DA,-68,MFG_4C000215FDA50693A4E24FB1AFCFC6EB0764782500010002D8,1.88,Yes,mattress,1.98
9655637,ANCHOR_01,52:06:26:03:01:DA,-67,MFG_4C000215FDA50693A4E24FB1AFCFC6EB0764782500010002D8,1.88,Yes,mattress,1.98
9656657,ANCHOR_01,52:06:26:03:01:DA,-70,MFG_4C000215FDA50693A4E24FB1AFCFC6EB0764782500010002D8,1.88,Yes,mattress,1.98
9657647,ANCHOR_01,52:06:26:03:01:DA,-71,MFG_4C000215FDA50693A4E24FB1AFCFC6EB0764782500010002D8,1.88,Yes,mattress,1.98
9658647,ANCHOR_01,52:06:26:03:01:DA,-72,MFG_4C000215FDA50693A4E24FB1AFCFC6EB0764782500010002D8,1.88,Yes,mattress,1.98
9659657,ANCHOR_01,52:06:26:03:01:DA,-71,MFG_4C000215FDA50693A4E24FB1AFCFC6EB0764782500010002D8,1.88,Yes,mattress,1.98
9660677,ANCHOR_01,52:06:26:03:01:DA,-67,MFG_4C000215FDA50693A4E24FB1AFCFC6EB0764782500010002D8,1.88,Yes,mattress,1.98
9661667,ANCHOR_01,52:06:26:03:01:DA,-64,MFG_4C000215FDA50693A4E24FB1AFCFC6EB0764782500010002D8,1.88,Yes,mattress,1.98
9662687,ANCHOR_01,52:06:26:03:01:DA,-68,MFG_4C000215FDA50693A4E24FB1AFCFC6EB0764782500010002D8,1.88,Yes,mattress,1.98
9663667,ANCHOR_01,52:06:26:03:01:DA,-68,MFG_4C000215FDA50693A4E24FB1AFCFC6EB0764782500010002D8,1.88,Yes,mattress,1.98
9664697,ANCHOR_01,52:06:26:03:01:DA,-70,MFG_4C000215FDA50693A4E24FB1AFCFC6EB0764782500010002D8,1.88,Yes,mattress,1.98
9665687,ANCHOR_01,52:06:26:03:01:DA,-71,MFG_4C000215FDA50693A4E24FB1AFCFC6EB0764782500010002D8,1.88,Yes,mattress,1.98
9667697,ANCHOR_01,52:06:26:03:01:DA,-67,MFG_4C000215FDA50693A4E24FB1AFCFC6EB0764782500010002D8,1.88,Yes,mattress,1.98
9668717,ANCHOR_01,52:06:26:03:01:DA,-68,MFG_4C000215FDA50693A4E24FB1AFCFC6EB0764782500010002D8,1.88,Yes,mattress,1.98
9669707,ANCHOR_01,52:06:26:03:01:DA,-67,MFG_4C000215FDA50693A4E24FB1AFCFC6EB0764782500010002D8,1.88,Yes,mattress,1.98
9670727,ANCHOR_01,52:06:26:03:01:DA,-71,MFG_4C000215FDA50693A4E24FB1AFCFC6EB0764782500010002D8,1.88,Yes,mattress,1.98
9671707,ANCHOR_01,52:06:26:03:01:DA,-69,MFG_4C000215FDA50693A4E24FB1AFCFC6EB0764782500010002D8,1.88,Yes,mattress,1.98
9672737,ANCHOR_01,52:06:26:03:01:DA,-68,MFG_4C000215FDA50693A4E24FB1AFCFC6EB0764782500010002D8,1.88,Yes,mattress,1.98
9673727,ANCHOR_01,52:06:26:03:01:DA,-68,MFG_4C000215FDA50693A4E24FB1AFCFC6EB0764782500010002D8,1.88,Yes,mattress,1.98
9674747,ANCHOR_01,52:06:26:03:01:DA,-67,MFG_4C000215FDA50693A4E24FB1AFCFC6EB0764782500010002D8,1.88,Yes,mattress,1.98
9675727,ANCHOR_01,52:06:26:03:01:DA,-69,MFG_4C000215FDA50693A4E24FB1AFCFC6EB0764782500010002D8,1.88,Yes,mattress,1.98
9676757,ANCHOR_01,52:06:26:03:01:DA,-70,MFG_4C000215FDA50693A4E24FB1AFCFC6EB0764782500010002D8,1.88,Yes,mattress,1.98
9677747,ANCHOR_01,52:06:26:03:01:DA,-72,MFG_4C000215FDA50693A4E24FB1AFCFC6EB0764782500010002D8,1.88,Yes,mattress,1.98
9679747,ANCHOR_01,52:06:26:03:01:DA,-65,MFG_4C000215FDA50693A4E24FB1AFCFC6EB0764782500010002D8,1.88,Yes,mattress,1.98
9680757,ANCHOR_01,52:06:26:03:01:DA,-68,MFG_4C000215FDA50693A4E24FB1AFCFC6EB0764782500010002D8,1.88,Yes,mattress,1.98
9681767,ANCHOR_01,52:06:26:03:01:DA,-68,MFG_4C000215FDA50693A4E24FB1AFCFC6EB0764782500010002D8,1.88,Yes,mattress,1.98
9682787,ANCHOR_01,52:06:26:03:01:DA,-71,MFG_4C000215FDA50693A4E24FB1AFCFC6EB0764782500010002D8,1.88,Yes,mattress,1.98
9683777,ANCHOR_01,52:06:26:03:01:DA,-74,MFG_4C000215FDA50693A4E24FB1AFCFC6EB0764782500010002D8,1.88,Yes,mattress,1.98
9685787,ANCHOR_01,52:06:26:03:01:DA,-67,MFG_4C000215FDA50693A4E24FB1AFCFC6EB0764782500010002D8,1.88,Yes,mattress,1.98
9686777,ANCHOR_01,52:06:26:03:01:DA,-66,MFG_4C000215FDA50693A4E24FB1AFCFC6EB0764782500010002D8,1.88,Yes,mattress,1.98
9688787,ANCHOR_01,52:06:26:03:01:DA,-68,MFG_4C000215FDA50693A4E24FB1AFCFC6EB0764782500010002D8,1.88,Yes,mattress,1.98
9689807,ANCHOR_01,52:06:26:03:01:DA,-69,MFG_4C000215FDA50693A4E24FB1AFCFC6EB0764782500010002D8,1.88,Yes,mattress,1.98
9690797,ANCHOR_01,52:06:26:03:01:DA,-68,MFG_4C000215FDA50693A4E24FB1AFCFC6EB0764782500010002D8,1.88,Yes,mattress,1.98
9691817,ANCHOR_01,52:06:26:03:01:DA,-67,MFG_4C000215FDA50693A4E24FB1AFCFC6EB0764782500010002D8,1.88,Yes,mattress,1.98
9692797,ANCHOR_01,52:06:26:03:01:DA,-68,MFG_4C000215FDA50693A4E24FB1AFCFC6EB0764782500010002D8,1.88,Yes,mattress,1.98
9693827,ANCHOR_01,52:06:26:03:01:DA,-69,MFG_4C000215FDA50693A4E24FB1AFCFC6EB0764782500010002D8,1.88,Yes,mattress,1.98
9694817,ANCHOR_01,52:06:26:03:01:DA,-69,MFG_4C000215FDA50693A4E24FB1AFCFC6EB0764782500010002D8,1.88,Yes,mattress,1.98
9695817,ANCHOR_01,52:06:26:03:01:DA,-69,MFG_4C000215FDA50693A4E24FB1AFCFC6EB0764782500010002D8,1.88,Yes,mattress,1.98
9697847,ANCHOR_01,52:06:26:03:01:DA,-67,MFG_4C000215FDA50693A4E24FB1AFCFC6EB0764782500010002D8,1.88,Yes,mattress,1.98
9698827,ANCHOR_01,52:06:26:03:01:DA,-67,MFG_4C000215FDA50693A4E24FB1AFCFC6EB0764782500010002D8,1.88,Yes,mattress,1.98
9699857,ANCHOR_01,52:06:26:03:01:DA,-68,MFG_4C000215FDA50693A4E24FB1AFCFC6EB0764782500010002D8,1.88,Yes,mattress,1.98
9700847,ANCHOR_01,52:06:26:03:01:DA,-69,MFG_4C000215FDA50693A4E24FB1AFCFC6EB0764782500010002D8,1.88,Yes,mattress,1.98
9701857,ANCHOR_01,52:06:26:03:01:DA,-73,MFG_4C000215FDA50693A4E24FB1AFCFC6EB0764782500010002D8,1.88,Yes,mattress,1.98
9702857,ANCHOR_01,52:06:26:03:01:DA,-73,MFG_4C000215FDA50693A4E24FB1AFCFC6EB0764782500010002D8,1.88,Yes,mattress,1.98
9703867,ANCHOR_01,52:06:26:03:01:DA,-66,MFG_4C000215FDA50693A4E24FB1AFCFC6EB0764782500010002D8,1.88,Yes,mattress,1.98
9704867,ANCHOR_01,52:06:26:03:01:DA,-67,MFG_4C000215FDA50693A4E24FB1AFCFC6EB0764782500010002D8,1.88,Yes,mattress,1.98
9705887,ANCHOR_01,52:06:26:03:01:DA,-71,MFG_4C000215FDA50693A4E24FB1AFCFC6EB0764782500010002D8,1.88,Yes,mattress,1.98
9706877,ANCHOR_01,52:06:26:03:01:DA,-70,MFG_4C000215FDA50693A4E24FB1AFCFC6EB0764782500010002D8,1.88,Yes,mattress,1.98
9707897,ANCHOR_01,52:06:26:03:01:DA,-71,MFG_4C000215FDA50693A4E24FB1AFCFC6EB0764782500010002D8,1.88,Yes,mattress,1.98
9708877,ANCHOR_01,52:06:26:03:01:DA,-71,MFG_4C000215FDA50693A4E24FB1AFCFC6EB0764782500010002D8,1.88,Yes,mattress,1.98
9710897,ANCHOR_01,52:06:26:03:01:DA,-68,MFG_4C000215FDA50693A4E24FB1AFCFC6EB0764782500010002D8,1.88,Yes,mattress,1.98
9711877,ANCHOR_01,52:06:26:03:01:DA,-67,MFG_4C000215FDA50693A4E24FB1AFCFC6EB0764782500010002D8,1.88,Yes,mattress,1.98
9712907,ANCHOR_01,52:06:26:03:01:DA,-70,MFG_4C000215FDA50693A4E24FB1AFCFC6EB0764782500010002D8,1.88,Yes,mattress,1.98
9713897,ANCHOR_01,52:06:26:03:01:DA,-70,MFG_4C000215FDA50693A4E24FB1AFCFC6EB0764782500010002D8,1.88,Yes,mattress,1.98
9714917,ANCHOR_01,52:06:26:03:01:DA,-72,MFG_4C000215FDA50693A4E24FB1AFCFC6EB0764782500010002D8,1.88,Yes,mattress,1.98
9716917,ANCHOR_01,52:06:26:03:01:DA,-67,MFG_4C000215FDA50693A4E24FB1AFCFC6EB0764782500010002D8,1.88,Yes,mattress,1.98
9717947,ANCHOR_01,52:06:26:03:01:DA,-71,MFG_4C000215FDA50693A4E24FB1AFCFC6EB0764782500010002D8,1.88,Yes,mattress,1.98
9718937,ANCHOR_01,52:06:26:03:01:DA,-71,MFG_4C000215FDA50693A4E24FB1AFCFC6EB0764782500010002D8,1.88,Yes,mattress,1.98
9719927,ANCHOR_01,52:06:26:03:01:DA,-71,MFG_4C000215FDA50693A4E24FB1AFCFC6EB0764782500010002D8,1.88,Yes,mattress,1.98
9720947,ANCHOR_01,52:06:26:03:01:DA,-71,MFG_4C000215FDA50693A4E24FB1AFCFC6EB0764782500010002D8,1.88,Yes,mattress,1.98
9722947,ANCHOR_01,52:06:26:03:01:DA,-67,MFG_4C000215FDA50693A4E24FB1AFCFC6EB0764782500010002D8,1.88,Yes,mattress,1.98
9723947,ANCHOR_01,52:06:26:03:01:DA,-67,MFG_4C000215FDA50693A4E24FB1AFCFC6EB0764782500010002D8,1.88,Yes,mattress,1.98
9724967,ANCHOR_01,52:06:26:03:01:DA,-70,MFG_4C000215FDA50693A4E24FB1AFCFC6EB0764782500010002D8,1.88,Yes,mattress,1.98
9726977,ANCHOR_01,52:06:26:03:01:DA,-73,MFG_4C000215FDA50693A4E24FB1AFCFC6EB0764782500010002D8,1.88,Yes,mattress,1.98
9728987,ANCHOR_01,52:06:26:03:01:DA,-67,MFG_4C000215FDA50693A4E24FB1AFCFC6EB0764782500010002D8,1.88,Yes,mattress,1.98
9729987,ANCHOR_01,52:06:26:03:01:DA,-69,MFG_4C000215FDA50693A4E24FB1AFCFC6EB0764782500010002D8,1.88,Yes,mattress,1.98
9730987,ANCHOR_01,52:06:26:03:01:DA,-70,MFG_4C000215FDA50693A4E24FB1AFCFC6EB0764782500010002D8,1.88,Yes,mattress,1.98
9733007,ANCHOR_01,52:06:26:03:01:DA,-71,MFG_4C000215FDA50693A4E24FB1AFCFC6EB0764782500010002D8,1.88,Yes,mattress,1.98
9734997,ANCHOR_01,52:06:26:03:01:DA,-66,MFG_4C000215FDA50693A4E24FB1AFCFC6EB0764782500010002D8,1.88,Yes,mattress,1.98
9736007,ANCHOR_01,52:06:26:03:01:DA,-66,MFG_4C000215FDA50693A4E24FB1AFCFC6EB0764782500010002D8,1.88,Yes,mattress,1.98
9737007,ANCHOR_01,52:06:26:03:01:DA,-69,MFG_4C000215FDA50693A4E24FB1AFCFC6EB0764782500010002D8,1.88,Yes,mattress,1.98
9738007,ANCHOR_01,52:06:26:03:01:DA,-68,MFG_4C000215FDA50693A4E24FB1AFCFC6EB0764782500010002D8,1.88,Yes,mattress,1.98
9739037,ANCHOR_01,52:06:26:03:01:DA,-71,MFG_4C000215FDA50693A4E24FB1AFCFC6EB0764782500010002D8,1.88,Yes,mattress,1.98
9740017,ANCHOR_01,52:06:26:03:01:DA,-71,MFG_4C000215FDA50693A4E24FB1AFCFC6EB0764782500010002D8,1.88,Yes,mattress,1.98
9741017,ANCHOR_01,52:06:26:03:01:DA,-71,MFG_4C000215FDA50693A4E24FB1AFCFC6EB0764782500010002D8,1.88,Yes,mattress,1.98
9742037,ANCHOR_01,52:06:26:03:01:DA,-66,MFG_4C000215FDA50693A4E24FB1AFCFC6EB0764782500010002D8,1.88,Yes,mattress,1.98
9743027,ANCHOR_01,52:06:26:03:01:DA,-67,MFG_4C000215FDA50693A4E24FB1AFCFC6EB0764782500010002D8,1.88,Yes,mattress,1.98
9744027,ANCHOR_01,52:06:26:03:01:DA,-69,MFG_4C000215FDA50693A4E24FB1AFCFC6EB0764782500010002D8,1.88,Yes,mattress,1.98
9745037,ANCHOR_01,52:06:26:03:01:DA,-69,MFG_4C000215FDA50693A4E24FB1AFCFC6EB0764782500010002D8,1.88,Yes,mattress,1.98
9746057,ANCHOR_01,52:06:26:03:01:DA,-72,MFG_4C000215FDA50693A4E24FB1AFCFC6EB0764782500010002D8,1.88,Yes,mattress,1.98
9747037,ANCHOR_01,52:06:26:03:01:DA,-71,MFG_4C000215FDA50693A4E24FB1AFCFC6EB0764782500010002D8,1.88,Yes,mattress,1.98
9748067,ANCHOR_01,52:06:26:03:01:DA,-66,MFG_4C000215FDA50693A4E24FB1AFCFC6EB0764782500010002D8,1.88,Yes,mattress,1.98
9749057,ANCHOR_01,52:06:26:03:01:DA,-66,MFG_4C000215FDA50693A4E24FB1AFCFC6EB0764782500010002D8,1.88,Yes,mattress,1.98
9750067,ANCHOR_01,52:06:26:03:01:DA,-69,MFG_4C000215FDA50693A4E24FB1AFCFC6EB0764782500010002D8,1.88,Yes,mattress,1.98
9751057,ANCHOR_01,52:06:26:03:01:DA,-70,MFG_4C000215FDA50693A4E24FB1AFCFC6EB0764782500010002D8,1.88,Yes,mattress,1.98
9752067,ANCHOR_01,52:06:26:03:01:DA,-72,MFG_4C000215FDA50693A4E24FB1AFCFC6EB0764782500010002D8,1.88,Yes,mattress,1.98
9753077,ANCHOR_01,52:06:26:03:01:DA,-72,MFG_4C000215FDA50693A4E24FB1AFCFC6EB0764782500010002D8,1.88,Yes,mattress,1.98
9754077,ANCHOR_01,52:06:26:03:01:DA,-66,MFG_4C000215FDA50693A4E24FB1AFCFC6EB0764782500010002D8,1.88,Yes,mattress,1.98
9755087,ANCHOR_01,52:06:26:03:01:DA,-67,MFG_4C000215FDA50693A4E24FB1AFCFC6EB0764782500010002D8,1.88,Yes,mattress,1.98
9756097,ANCHOR_01,52:06:26:03:01:DA,-70,MFG_4C000215FDA50693A4E24FB1AFCFC6EB0764782500010002D8,1.88,Yes,mattress,1.98
9757117,ANCHOR_01,52:06:26:03:01:DA,-72,MFG_4C000215FDA50693A4E24FB1AFCFC6EB0764782500010002D8,1.88,Yes,mattress,1.98
9758107,ANCHOR_01,52:06:26:03:01:DA,-71,MFG_4C000215FDA50693A4E24FB1AFCFC6EB0764782500010002D8,1.88,Yes,mattress,1.98
9759107,ANCHOR_01,52:06:26:03:01:DA,-73,MFG_4C000215FDA50693A4E24FB1AFCFC6EB0764782500010002D8,1.88,Yes,mattress,1.98
9760127,ANCHOR_01,52:06:26:03:01:DA,-66,MFG_4C000215FDA50693A4E24FB1AFCFC6EB0764782500010002D8,1.88,Yes,mattress,1.98
9761117,ANCHOR_01,52:06:26:03:01:DA,-66,MFG_4C000215FDA50693A4E24FB1AFCFC6EB0764782500010002D8,1.88,Yes,mattress,1.98
9762137,ANCHOR_01,52:06:26:03:01:DA,-69,MFG_4C000215FDA50693A4E24FB1AFCFC6EB0764782500010002D8,1.88,Yes,mattress,1.98
9763117,ANCHOR_01,52:06:26:03:01:DA,-70,MFG_4C000215FDA50693A4E24FB1AFCFC6EB0764782500010002D8,1.88,Yes,mattress,1.98
9764147,ANCHOR_01,52:06:26:03:01:DA,-73,MFG_4C000215FDA50693A4E24FB1AFCFC6EB0764782500010002D8,1.88,Yes,mattress,1.98
9766147,ANCHOR_01,52:06:26:03:01:DA,-66,MFG_4C000215FDA50693A4E24FB1AFCFC6EB0764782500010002D8,1.88,Yes,mattress,1.98
9767147,ANCHOR_01,52:06:26:03:01:DA,-66,MFG_4C000215FDA50693A4E24FB1AFCFC6EB0764782500010002D8,1.88,Yes,mattress,1.98
9768147,ANCHOR_01,52:06:26:03:01:DA,-69,MFG_4C000215FDA50693A4E24FB1AFCFC6EB0764782500010002D8,1.88,Yes,mattress,1.98
9769157,ANCHOR_01,52:06:26:03:01:DA,-70,MFG_4C000215FDA50693A4E24FB1AFCFC6EB0764782500010002D8,1.88,Yes,mattress,1.98
9770177,ANCHOR_01,52:06:26:03:01:DA,-72,MFG_4C000215FDA50693A4E24FB1AFCFC6EB0764782500010002D8,1.88,Yes,mattress,1.98
9771167,ANCHOR_01,52:06:26:03:01:DA,-72,MFG_4C000215FDA50693A4E24FB1AFCFC6EB0764782500010002D8,1.88,Yes,mattress,1.98
9772187,ANCHOR_01,52:06:26:03:01:DA,-66,MFG_4C000215FDA50693A4E24FB1AFCFC6EB0764782500010002D8,1.88,Yes,mattress,1.98
9773167,ANCHOR_01,52:06:26:03:01:DA,-66,MFG_4C000215FDA50693A4E24FB1AFCFC6EB0764782500010002D8,1.88,Yes,mattress,1.98
9774187,ANCHOR_01,52:06:26:03:01:DA,-70,MFG_4C000215FDA50693A4E24FB1AFCFC6EB0764782500010002D8,1.88,Yes,mattress,1.98
9775187,ANCHOR_01,52:06:26:03:01:DA,-70,MFG_4C000215FDA50693A4E24FB1AFCFC6EB0764782500010002D8,1.88,Yes,mattress,1.98
9777197,ANCHOR_01,52:06:26:03:01:DA,-71,MFG_4C000215FDA50693A4E24FB1AFCFC6EB0764782500010002D8,1.88,Yes,mattress,1.98
9778217,ANCHOR_01,52:06:26:03:01:DA,-66,MFG_4C000215FDA50693A4E24FB1AFCFC6EB0764782500010002D8,1.88,Yes,mattress,1.98
9779197,ANCHOR_01,52:06:26:03:01:DA,-67,MFG_4C000215FDA50693A4E24FB1AFCFC6EB0764782500010002D8,1.88,Yes,mattress,1.98
9780227,ANCHOR_01,52:06:26:03:01:DA,-70,MFG_4C000215FDA50693A4E24FB1AFCFC6EB0764782500010002D8,1.88,Yes,mattress,1.98
9781207,ANCHOR_01,52:06:26:03:01:DA,-70,MFG_4C000215FDA50693A4E24FB1AFCFC6EB0764782500010002D8,1.88,Yes,mattress,1.98
9782217,ANCHOR_01,52:06:26:03:01:DA,-72,MFG_4C000215FDA50693A4E24FB1AFCFC6EB0764782500010002D8,1.88,Yes,mattress,1.98
9783217,ANCHOR_01,52:06:26:03:01:DA,-72,MFG_4C000215FDA50693A4E24FB1AFCFC6EB0764782500010002D8,1.88,Yes,mattress,1.98
9784247,ANCHOR_01,52:06:26:03:01:DA,-66,MFG_4C000215FDA50693A4E24FB1AFCFC6EB0764782500010002D8,1.88,Yes,mattress,1.98
9785237,ANCHOR_01,52:06:26:03:01:DA,-66,MFG_4C000215FDA50693A4E24FB1AFCFC6EB0764782500010002D8,1.88,Yes,mattress,1.98
9787247,ANCHOR_01,52:06:26:03:01:DA,-71,MFG_4C000215FDA50693A4E24FB1AFCFC6EB0764782500010002D8,1.88,Yes,mattress,1.98
9788247,ANCHOR_01,52:06:26:03:01:DA,-73,MFG_4C000215FDA50693A4E24FB1AFCFC6EB0764782500010002D8,1.88,Yes,mattress,1.98
9789257,ANCHOR_01,52:06:26:03:01:DA,-72,MFG_4C000215FDA50693A4E24FB1AFCFC6EB0764782500010002D8,1.88,Yes,mattress,1.98
9790267,ANCHOR_01,52:06:26:03:01:DA,-66,MFG_4C000215FDA50693A4E24FB1AFCFC6EB0764782500010002D8,1.88,Yes,mattress,1.98
9791267,ANCHOR_01,52:06:26:03:01:DA,-67,MFG_4C000215FDA50693A4E24FB1AFCFC6EB0764782500010002D8,1.88,Yes,mattress,1.98
9792267,ANCHOR_01,52:06:26:03:01:DA,-70,MFG_4C000215FDA50693A4E24FB1AFCFC6EB0764782500010002D8,1.88,Yes,mattress,1.98
9793277,ANCHOR_01,52:06:26:03:01:DA,-70,MFG_4C000215FDA50693A4E24FB1AFCFC6EB0764782500010002D8,1.88,Yes,mattress,1.98
9795277,ANCHOR_01,52:06:26:03:01:DA,-73,MFG_4C000215FDA50693A4E24FB1AFCFC6EB0764782500010002D8,1.88,Yes,mattress,1.98
9796277,ANCHOR_01,52:06:26:03:01:DA,-72,MFG_4C000215FDA50693A4E24FB1AFCFC6EB0764782500010002D8,1.88,Yes,mattress,1.98
9797287,ANCHOR_01,52:06:26:03:01:DA,-66,MFG_4C000215FDA50693A4E24FB1AFCFC6EB0764782500010002D8,1.88,Yes,mattress,1.98
9798317,ANCHOR_01,52:06:26:03:01:DA,-70,MFG_4C000215FDA50693A4E24FB1AFCFC6EB0764782500010002D8,1.88,Yes,mattress,1.98
9799307,ANCHOR_01,52:06:26:03:01:DA,-70,MFG_4C000215FDA50693A4E24FB1AFCFC6EB0764782500010002D8,1.88,Yes,mattress,1.98
9800327,ANCHOR_01,52:06:26:03:01:DA,-72,MFG_4C000215FDA50693A4E24FB1AFCFC6EB0764782500010002D8,1.88,Yes,mattress,1.98
9801317,ANCHOR_01,52:06:26:03:01:DA,-73,MFG_4C000215FDA50693A4E24FB1AFCFC6EB0764782500010002D8,1.88,Yes,mattress,1.98
9802337,ANCHOR_01,52:06:26:03:01:DA,-67,MFG_4C000215FDA50693A4E24FB1AFCFC6EB0764782500010002D8,1.88,Yes,mattress,1.98
9803327,ANCHOR_01,52:06:26:03:01:DA,-67,MFG_4C000215FDA50693A4E24FB1AFCFC6EB0764782500010002D8,1.88,Yes,mattress,1.98
9804347,ANCHOR_01,52:06:26:03:01:DA,-70,MFG_4C000215FDA50693A4E24FB1AFCFC6EB0764782500010002D8,1.88,Yes,mattress,1.98
9805337,ANCHOR_01,52:06:26:03:01:DA,-70,MFG_4C000215FDA50693A4E24FB1AFCFC6EB0764782500010002D8,1.88,Yes,mattress,1.98
9806337,ANCHOR_01,52:06:26:03:01:DA,-72,MFG_4C000215FDA50693A4E24FB1AFCFC6EB0764782500010002D8,1.88,Yes,mattress,1.98
9807347,ANCHOR_01,52:06:26:03:01:DA,-72,MFG_4C000215FDA50693A4E24FB1AFCFC6EB0764782500010002D8,1.88,Yes,mattress,1.98
9808347,ANCHOR_01,52:06:26:03:01:DA,-66,MFG_4C000215FDA50693A4E24FB1AFCFC6EB0764782500010002D8,1.88,Yes,mattress,1.98
9809357,ANCHOR_01,52:06:26:03:01:DA,-66,MFG_4C000215FDA50693A4E24FB1AFCFC6EB0764782500010002D8,1.88,Yes,mattress,1.98
9810377,ANCHOR_01,52:06:26:03:01:DA,-70,MFG_4C000215FDA50693A4E24FB1AFCFC6EB0764782500010002D8,1.88,Yes,mattress,1.98
9812377,ANCHOR_01,52:06:26:03:01:DA,-72,MFG_4C000215FDA50693A4E24FB1AFCFC6EB0764782500010002D8,1.88,Yes,mattress,1.98
9813377,ANCHOR_01,52:06:26:03:01:DA,-72,MFG_4C000215FDA50693A4E24FB1AFCFC6EB0764782500010002D8,1.88,Yes,mattress,1.98
9814397,ANCHOR_01,52:06:26:03:01:DA,-66,MFG_4C000215FDA50693A4E24FB1AFCFC6EB0764782500010002D8,1.88,Yes,mattress,1.98
9815387,ANCHOR_01,52:06:26:03:01:DA,-66,MFG_4C000215FDA50693A4E24FB1AFCFC6EB0764782500010002D8,1.88,Yes,mattress,1.98
9816407,ANCHOR_01,52:06:26:03:01:DA,-71,MFG_4C000215FDA50693A4E24FB1AFCFC6EB0764782500010002D8,1.88,Yes,mattress,1.98
9818417,ANCHOR_01,52:06:26:03:01:DA,-72,MFG_4C000215FDA50693A4E24FB1AFCFC6EB0764782500010002D8,1.88,Yes,mattress,1.98
9819407,ANCHOR_01,52:06:26:03:01:DA,-72,MFG_4C000215FDA50693A4E24FB1AFCFC6EB0764782500010002D8,1.88,Yes,mattress,1.98
9820417,ANCHOR_01,52:06:26:03:01:DA,-67,MFG_4C000215FDA50693A4E24FB1AFCFC6EB0764782500010002D8,1.88,Yes,mattress,1.98
9821417,ANCHOR_01,52:06:26:03:01:DA,-66,MFG_4C000215FDA50693A4E24FB1AFCFC6EB0764782500010002D8,1.88,Yes,mattress,1.98
9822427,ANCHOR_01,52:06:26:03:01:DA,-71,MFG_4C000215FDA50693A4E24FB1AFCFC6EB0764782500010002D8,1.88,Yes,mattress,1.98
9823427,ANCHOR_01,52:06:26:03:01:DA,-70,MFG_4C000215FDA50693A4E24FB1AFCFC6EB0764782500010002D8,1.88,Yes,mattress,1.98
9824437,ANCHOR_01,52:06:26:03:01:DA,-72,MFG_4C000215FDA50693A4E24FB1AFCFC6EB0764782500010002D8,1.88,Yes,mattress,1.98
9825437,ANCHOR_01,52:06:26:03:01:DA,-71,MFG_4C000215FDA50693A4E24FB1AFCFC6EB0764782500010002D8,1.88,Yes,mattress,1.98
9826457,ANCHOR_01,52:06:26:03:01:DA,-67,MFG_4C000215FDA50693A4E24FB1AFCFC6EB0764782500010002D8,1.88,Yes,mattress,1.98
9827437,ANCHOR_01,52:06:26:03:01:DA,-66,MFG_4C000215FDA50693A4E24FB1AFCFC6EB0764782500010002D8,1.88,Yes,mattress,1.98
9828467,ANCHOR_01,52:06:26:03:01:DA,-70,MFG_4C000215FDA50693A4E24FB1AFCFC6EB0764782500010002D8,1.88,Yes,mattress,1.98
9830477,ANCHOR_01,52:06:26:03:01:DA,-72,MFG_4C000215FDA50693A4E24FB1AFCFC6EB0764782500010002D8,1.88,Yes,mattress,1.98
9832487,ANCHOR_01,52:06:26:03:01:DA,-67,MFG_4C000215FDA50693A4E24FB1AFCFC6EB0764782500010002D8,1.88,Yes,mattress,1.98
9833477,ANCHOR_01,52:06:26:03:01:DA,-66,MFG_4C000215FDA50693A4E24FB1AFCFC6EB0764782500010002D8,1.88,Yes,mattress,1.98
9834497,ANCHOR_01,52:06:26:03:01:DA,-70,MFG_4C000215FDA50693A4E24FB1AFCFC6EB0764782500010002D8,1.88,Yes,mattress,1.98
9835487,ANCHOR_01,52:06:26:03:01:DA,-71,MFG_4C000215FDA50693A4E24FB1AFCFC6EB0764782500010002D8,1.88,Yes,mattress,1.98
9836507,ANCHOR_01,52:06:26:03:01:DA,-73,MFG_4C000215FDA50693A4E24FB1AFCFC6EB0764782500010002D8,1.88,Yes,mattress,1.98
9837497,ANCHOR_01,52:06:26:03:01:DA,-72,MFG_4C000215FDA50693A4E24FB1AFCFC6EB0764782500010002D8,1.88,Yes,mattress,1.98
9838507,ANCHOR_01,52:06:26:03:01:DA,-66,MFG_4C000215FDA50693A4E24FB1AFCFC6EB0764782500010002D8,1.88,Yes,mattress,1.98
9839507,ANCHOR_01,52:06:26:03:01:DA,-66,MFG_4C000215FDA50693A4E24FB1AFCFC6EB0764782500010002D8,1.88,Yes,mattress,1.98
9840527,ANCHOR_01,52:06:26:03:01:DA,-70,MFG_4C000215FDA50693A4E24FB1AFCFC6EB0764782500010002D8,1.88,Yes,mattress,1.98
9841517,ANCHOR_01,52:06:26:03:01:DA,-71,MFG_4C000215FDA50693A4E24FB1AFCFC6EB0764782500010002D8,1.88,Yes,mattress,1.98
9842517,ANCHOR_01,52:06:26:03:01:DA,-72,MFG_4C000215FDA50693A4E24FB1AFCFC6EB0764782500010002D8,1.88,Yes,mattress,1.98
9844547,ANCHOR_01,52:06:26:03:01:DA,-66,MFG_4C000215FDA50693A4E24FB1AFCFC6EB0764782500010002D8,1.88,Yes,mattress,1.98
9845537,ANCHOR_01,52:06:26:03:01:DA,-66,MFG_4C000215FDA50693A4E24FB1AFCFC6EB0764782500010002D8,1.88,Yes,mattress,1.98
9846557,ANCHOR_01,52:06:26:03:01:DA,-71,MFG_4C000215FDA50693A4E24FB1AFCFC6EB0764782500010002D8,1.88,Yes,mattress,1.98
9847547,ANCHOR_01,52:06:26:03:01:DA,-70,MFG_4C000215FDA50693A4E24FB1AFCFC6EB0764782500010002D8,1.88,Yes,mattress,1.98
9848557,ANCHOR_01,52:06:26:03:01:DA,-72,MFG_4C000215FDA50693A4E24FB1AFCFC6EB0764782500010002D8,1.88,Yes,mattress,1.98
9849547,ANCHOR_01,52:06:26:03:01:DA,-73,MFG_4C000215FDA50693A4E24FB1AFCFC6EB0764782500010002D8,1.88,Yes,mattress,1.98
9850577,ANCHOR_01,52:06:26:03:01:DA,-66,MFG_4C000215FDA50693A4E24FB1AFCFC6EB0764782500010002D8,1.88,Yes,mattress,1.98
9851567,ANCHOR_01,52:06:26:03:01:DA,-66,MFG_4C000215FDA50693A4E24FB1AFCFC6EB0764782500010002D8,1.88,Yes,mattress,1.98
9852587,ANCHOR_01,52:06:26:03:01:DA,-70,MFG_4C000215FDA50693A4E24FB1AFCFC6EB0764782500010002D8,1.88,Yes,mattress,1.98
9854597,ANCHOR_01,52:06:26:03:01:DA,-73,MFG_4C000215FDA50693A4E24FB1AFCFC6EB0764782500010002D8,1.88,Yes,mattress,1.98
9855617,ANCHOR_01,52:06:26:03:01:DA,-67,MFG_4C000215FDA50693A4E24FB1AFCFC6EB0764782500010002D8,1.88,Yes,mattress,1.98
9856607,ANCHOR_01,52:06:26:03:01:DA,-66,MFG_4C000215FDA50693A4E24FB1AFCFC6EB0764782500010002D8,1.88,Yes,mattress,1.98
9857597,ANCHOR_01,52:06:26:03:01:DA,-66,MFG_4C000215FDA50693A4E24FB1AFCFC6EB0764782500010002D8,1.88,Yes,mattress,1.98
9858617,ANCHOR_01,52:06:26:03:01:DA,-70,MFG_4C000215FDA50693A4E24FB1AFCFC6EB0764782500010002D8,1.88,Yes,mattress,1.98
9859607,ANCHOR_01,52:06:26:03:01:DA,-70,MFG_4C000215FDA50693A4E24FB1AFCFC6EB0764782500010002D8,1.88,Yes,mattress,1.98
9860627,ANCHOR_01,52:06:26:03:01:DA,-72,MFG_4C000215FDA50693A4E24FB1AFCFC6EB0764782500010002D8,1.88,Yes,mattress,1.98
9862637,ANCHOR_01,52:06:26:03:01:DA,-67,MFG_4C000215FDA50693A4E24FB1AFCFC6EB0764782500010002D8,1.88,Yes,mattress,1.98
9864647,ANCHOR_01,52:06:26:03:01:DA,-70,MFG_4C000215FDA50693A4E24FB1AFCFC6EB0764782500010002D8,1.88,Yes,mattress,1.98
9865637,ANCHOR_01,52:06:26:03:01:DA,-70,MFG_4C000215FDA50693A4E24FB1AFCFC6EB0764782500010002D8,1.88,Yes,mattress,1.98
9866637,ANCHOR_01,52:06:26:03:01:DA,-72,MFG_4C000215FDA50693A4E24FB1AFCFC6EB0764782500010002D8,1.88,Yes,mattress,1.98
9868667,ANCHOR_01,52:06:26:03:01:DA,-66,MFG_4C000215FDA50693A4E24FB1AFCFC6EB0764782500010002D8,1.88,Yes,mattress,1.98
9869647,ANCHOR_01,52:06:26:03:01:DA,-66,MFG_4C000215FDA50693A4E24FB1AFCFC6EB0764782500010002D8,1.88,Yes,mattress,1.98
9870677,ANCHOR_01,52:06:26:03:01:DA,-70,MFG_4C000215FDA50693A4E24FB1AFCFC6EB0764782500010002D8,1.88,Yes,mattress,1.98
9871667,ANCHOR_01,52:06:26:03:01:DA,-71,MFG_4C000215FDA50693A4E24FB1AFCFC6EB0764782500010002D8,1.88,Yes,mattress,1.98
9872687,ANCHOR_01,52:06:26:03:01:DA,-72,MFG_4C000215FDA50693A4E24FB1AFCFC6EB0764782500010002D8,1.88,Yes,mattress,1.98
9873677,ANCHOR_01,52:06:26:03:01:DA,-72,MFG_4C000215FDA50693A4E24FB1AFCFC6EB0764782500010002D8,1.88,Yes,mattress,1.98
9874677,ANCHOR_01,52:06:26:03:01:DA,-66,MFG_4C000215FDA50693A4E24FB1AFCFC6EB0764782500010002D8,1.88,Yes,mattress,1.98
9875687,ANCHOR_01,52:06:26:03:01:DA,-66,MFG_4C000215FDA50693A4E24FB1AFCFC6EB0764782500010002D8,1.88,Yes,mattress,1.98
9876707,ANCHOR_01,52:06:26:03:01:DA,-70,MFG_4C000215FDA50693A4E24FB1AFCFC6EB0764782500010002D8,1.88,Yes,mattress,1.98
9877687,ANCHOR_01,52:06:26:03:01:DA,-71,MFG_4C000215FDA50693A4E24FB1AFCFC6EB0764782500010002D8,1.88,Yes,mattress,1.98
9878717,ANCHOR_01,52:06:26:03:01:DA,-72,MFG_4C000215FDA50693A4E24FB1AFCFC6EB0764782500010002D8,1.88,Yes,mattress,1.98
9879707,ANCHOR_01,52:06:26:03:01:DA,-73,MFG_4C000215FDA50693A4E24FB1AFCFC6EB0764782500010002D8,1.88,Yes,mattress,1.98
9880707,ANCHOR_01,52:06:26:03:01:DA,-66,MFG_4C000215FDA50693A4E24FB1AFCFC6EB0764782500010002D8,1.88,Yes,mattress,1.98
9881717,ANCHOR_01,52:06:26:03:01:DA,-66,MFG_4C000215FDA50693A4E24FB1AFCFC6EB0764782500010002D8,1.88,Yes,mattress,1.98
9882737,ANCHOR_01,52:06:26:03:01:DA,-70,MFG_4C000215FDA50693A4E24FB1AFCFC6EB0764782500010002D8,1.88,Yes,mattress,1.98
9883727,ANCHOR_01,52:06:26:03:01:DA,-71,MFG_4C000215FDA50693A4E24FB1AFCFC6EB0764782500010002D8,1.88,Yes,mattress,1.98
9884747,ANCHOR_01,52:06:26:03:01:DA,-72,MFG_4C000215FDA50693A4E24FB1AFCFC6EB0764782500010002D8,1.88,Yes,mattress,1.98
9885737,ANCHOR_01,52:06:26:03:01:DA,-72,MFG_4C000215FDA50693A4E24FB1AFCFC6EB0764782500010002D8,1.88,Yes,mattress,1.98
9886757,ANCHOR_01,52:06:26:03:01:DA,-67,MFG_4C000215FDA50693A4E24FB1AFCFC6EB0764782500010002D8,1.88,Yes,mattress,1.98
9887747,ANCHOR_01,52:06:26:03:01:DA,-66,MFG_4C000215FDA50693A4E24FB1AFCFC6EB0764782500010002D8,1.88,Yes,mattress,1.98
9889757,ANCHOR_01,52:06:26:03:01:DA,-70,MFG_4C000215FDA50693A4E24FB1AFCFC6EB0764782500010002D8,1.88,Yes,mattress,1.98
9890777,ANCHOR_01,52:06:26:03:01:DA,-71,MFG_4C000215FDA50693A4E24FB1AFCFC6EB0764782500010002D8,1.88,Yes,mattress,1.98
9891767,ANCHOR_01,52:06:26:03:01:DA,-72,MFG_4C000215FDA50693A4E24FB1AFCFC6EB0764782500010002D8,1.88,Yes,mattress,1.98
9893777,ANCHOR_01,52:06:26:03:01:DA,-66,MFG_4C000215FDA50693A4E24FB1AFCFC6EB0764782500010002D8,1.88,Yes,mattress,1.98
9894767,ANCHOR_01,52:06:26:03:01:DA,-68,MFG_4C000215FDA50693A4E24FB1AFCFC6EB0764782500010002D8,1.88,Yes,mattress,1.98
9895767,ANCHOR_01,52:06:26:03:01:DA,-69,MFG_4C000215FDA50693A4E24FB1AFCFC6EB0764782500010002D8,1.88,Yes,mattress,1.98
9896777,ANCHOR_01,52:06:26:03:01:DA,-70,MFG_4C000215FDA50693A4E24FB1AFCFC6EB0764782500010002D8,1.88,Yes,mattress,1.98
9897777,ANCHOR_01,52:06:26:03:01:DA,-72,MFG_4C000215FDA50693A4E24FB1AFCFC6EB0764782500010002D8,1.88,Yes,mattress,1.98
9898777,ANCHOR_01,52:06:26:03:01:DA,-72,MFG_4C000215FDA50693A4E24FB1AFCFC6EB0764782500010002D8,1.88,Yes,mattress,1.98
9899807,ANCHOR_01,52:06:26:03:01:DA,-67,MFG_4C000215FDA50693A4E24FB1AFCFC6EB0764782500010002D8,1.88,Yes,mattress,1.98
9900797,ANCHOR_01,52:06:26:03:01:DA,-67,MFG_4C000215FDA50693A4E24FB1AFCFC6EB0764782500010002D8,1.88,Yes,mattress,1.98
9901817,ANCHOR_01,52:06:26:03:01:DA,-70,MFG_4C000215FDA50693A4E24FB1AFCFC6EB0764782500010002D8,1.88,Yes,mattress,1.98
9902807,ANCHOR_01,52:06:26:03:01:DA,-69,MFG_4C000215FDA50693A4E24FB1AFCFC6EB0764782500010002D8,1.88,Yes,mattress,1.98
9903827,ANCHOR_01,52:06:26:03:01:DA,-73,MFG_4C000215FDA50693A4E24FB1AFCFC6EB0764782500010002D8,1.88,Yes,mattress,1.98
9904817,ANCHOR_01,52:06:26:03:01:DA,-73,MFG_4C000215FDA50693A4E24FB1AFCFC6EB0764782500010002D8,1.88,Yes,mattress,1.98
9905827,ANCHOR_01,52:06:26:03:01:DA,-67,MFG_4C000215FDA50693A4E24FB1AFCFC6EB0764782500010002D8,1.88,Yes,mattress,1.98
9906817,ANCHOR_01,52:06:26:03:01:DA,-67,MFG_4C000215FDA50693A4E24FB1AFCFC6EB0764782500010002D8,1.88,Yes,mattress,1.98
9907837,ANCHOR_01,52:06:26:03:01:DA,-69,MFG_4C000215FDA50693A4E24FB1AFCFC6EB0764782500010002D8,1.88,Yes,mattress,1.98
9908837,ANCHOR_01,52:06:26:03:01:DA,-69,MFG_4C000215FDA50693A4E24FB1AFCFC6EB0764782500010002D8,1.88,Yes,mattress,1.98
9909857,ANCHOR_01,52:06:26:03:01:DA,-73,MFG_4C000215FDA50693A4E24FB1AFCFC6EB0764782500010002D8,1.88,Yes,mattress,1.98
9910847,ANCHOR_01,52:06:26:03:01:DA,-73,MFG_4C000215FDA50693A4E24FB1AFCFC6EB0764782500010002D8,1.88,Yes,mattress,1.98
9912847,ANCHOR_01,52:06:26:03:01:DA,-66,MFG_4C000215FDA50693A4E24FB1AFCFC6EB0764782500010002D8,1.88,Yes,mattress,1.98
9913877,ANCHOR_01,52:06:26:03:01:DA,-69,MFG_4C000215FDA50693A4E24FB1AFCFC6EB0764782500010002D8,1.88,Yes,mattress,1.98
9914857,ANCHOR_01,52:06:26:03:01:DA,-69,MFG_4C000215FDA50693A4E24FB1AFCFC6EB0764782500010002D8,1.88,Yes,mattress,1.98
9916877,ANCHOR_01,52:06:26:03:01:DA,-73,MFG_4C000215FDA50693A4E24FB1AFCFC6EB0764782500010002D8,1.88,Yes,mattress,1.98
9918887,ANCHOR_01,52:06:26:03:01:DA,-66,MFG_4C000215FDA50693A4E24FB1AFCFC6EB0764782500010002D8,1.88,Yes,mattress,1.98
9920897,ANCHOR_01,52:06:26:03:01:DA,-70,MFG_4C000215FDA50693A4E24FB1AFCFC6EB0764782500010002D8,1.88,Yes,mattress,1.98
9921917,ANCHOR_01,52:06:26:03:01:DA,-73,MFG_4C000215FDA50693A4E24FB1AFCFC6EB0764782500010002D8,1.88,Yes,mattress,1.98
9922897,ANCHOR_01,52:06:26:03:01:DA,-73,MFG_4C000215FDA50693A4E24FB1AFCFC6EB0764782500010002D8,1.88,Yes,mattress,1.98
9923897,ANCHOR_01,52:06:26:03:01:DA,-73,MFG_4C000215FDA50693A4E24FB1AFCFC6EB0764782500010002D8,1.88,Yes,mattress,1.98
9924917,ANCHOR_01,52:06:26:03:01:DA,-67,MFG_4C000215FDA50693A4E24FB1AFCFC6EB0764782500010002D8,1.88,Yes,mattress,1.98
9925897,ANCHOR_01,52:06:26:03:01:DA,-67,MFG_4C000215FDA50693A4E24FB1AFCFC6EB0764782500010002D8,1.88,Yes,mattress,1.98
9926927,ANCHOR_01,52:06:26:03:01:DA,-69,MFG_4C000215FDA50693A4E24FB1AFCFC6EB0764782500010002D8,1.88,Yes,mattress,1.98
9927917,ANCHOR_01,52:06:26:03:01:DA,-70,MFG_4C000215FDA50693A4E24FB1AFCFC6EB0764782500010002D8,1.88,Yes,mattress,1.98
9928937,ANCHOR_01,52:06:26:03:01:DA,-73,MFG_4C000215FDA50693A4E24FB1AFCFC6EB0764782500010002D8,1.88,Yes,mattress,1.98
9929917,ANCHOR_01,52:06:26:03:01:DA,-73,MFG_4C000215FDA50693A4E24FB1AFCFC6EB0764782500010002D8,1.88,Yes,mattress,1.98
9930947,ANCHOR_01,52:06:26:03:01:DA,-67,MFG_4C000215FDA50693A4E24FB1AFCFC6EB0764782500010002D8,1.88,Yes,mattress,1.98
9931937,ANCHOR_01,52:06:26:03:01:DA,-67,MFG_4C000215FDA50693A4E24FB1AFCFC6EB0764782500010002D8,1.88,Yes,mattress,1.98
9933937,ANCHOR_01,52:06:26:03:01:DA,-69,MFG_4C000215FDA50693A4E24FB1AFCFC6EB0764782500010002D8,1.88,Yes,mattress,1.98
9934967,ANCHOR_01,52:06:26:03:01:DA,-74,MFG_4C000215FDA50693A4E24FB1AFCFC6EB0764782500010002D8,1.88,Yes,mattress,1.98
9935957,ANCHOR_01,52:06:26:03:01:DA,-74,MFG_4C000215FDA50693A4E24FB1AFCFC6EB0764782500010002D8,1.88,Yes,mattress,1.98
9936957,ANCHOR_01,52:06:26:03:01:DA,-67,MFG_4C000215FDA50693A4E24FB1AFCFC6EB0764782500010002D8,1.88,Yes,mattress,1.98
9937967,ANCHOR_01,52:06:26:03:01:DA,-67,MFG_4C000215FDA50693A4E24FB1AFCFC6EB0764782500010002D8,1.88,Yes,mattress,1.98
9938987,ANCHOR_01,52:06:26:03:01:DA,-70,MFG_4C000215FDA50693A4E24FB1AFCFC6EB0764782500010002D8,1.88,Yes,mattress,1.98
9939967,ANCHOR_01,52:06:26:03:01:DA,-70,MFG_4C000215FDA50693A4E24FB1AFCFC6EB0764782500010002D8,1.88,Yes,mattress,1.98
9940997,ANCHOR_01,52:06:26:03:01:DA,-73,MFG_4C000215FDA50693A4E24FB1AFCFC6EB0764782500010002D8,1.88,Yes,mattress,1.98
9941987,ANCHOR_01,52:06:26:03:01:DA,-73,MFG_4C000215FDA50693A4E24FB1AFCFC6EB0764782500010002D8,1.88,Yes,mattress,1.98
9943007,ANCHOR_01,52:06:26:03:01:DA,-67,MFG_4C000215FDA50693A4E24FB1AFCFC6EB0764782500010002D8,1.88,Yes,mattress,1.98
9943997,ANCHOR_01,52:06:26:03:01:DA,-67,MFG_4C000215FDA50693A4E24FB1AFCFC6EB0764782500010002D8,1.88,Yes,mattress,1.98
9945017,ANCHOR_01,52:06:26:03:01:DA,-70,MFG_4C000215FDA50693A4E24FB1AFCFC6EB0764782500010002D8,1.88,Yes,mattress,1.98
9946007,ANCHOR_01,52:06:26:03:01:DA,-69,MFG_4C000215FDA50693A4E24FB1AFCFC6EB0764782500010002D8,1.88,Yes,mattress,1.98
9947027,ANCHOR_01,52:06:26:03:01:DA,-74,MFG_4C000215FDA50693A4E24FB1AFCFC6EB0764782500010002D8,1.88,Yes,mattress,1.98
9948017,ANCHOR_01,52:06:26:03:01:DA,-73,MFG_4C000215FDA50693A4E24FB1AFCFC6EB0764782500010002D8,1.88,Yes,mattress,1.98
9949017,ANCHOR_01,52:06:26:03:01:DA,-67,MFG_4C000215FDA50693A4E24FB1AFCFC6EB0764782500010002D8,1.88,Yes,mattress,1.98
9950027,ANCHOR_01,52:06:26:03:01:DA,-67,MFG_4C000215FDA50693A4E24FB1AFCFC6EB0764782500010002D8,1.88,Yes,mattress,1.98
9951047,ANCHOR_01,52:06:26:03:01:DA,-70,MFG_4C000215FDA50693A4E24FB1AFCFC6EB0764782500010002D8,1.88,Yes,mattress,1.98
9953027,ANCHOR_01,52:06:26:03:01:DA,-70,MFG_4C000215FDA50693A4E24FB1AFCFC6EB0764782500010002D8,1.88,Yes,mattress,1.98
9954037,ANCHOR_01,52:06:26:03:01:DA,-74,MFG_4C000215FDA50693A4E24FB1AFCFC6EB0764782500010002D8,1.88,Yes,mattress,1.98
9956057,ANCHOR_01,52:06:26:03:01:DA,-67,MFG_4C000215FDA50693A4E24FB1AFCFC6EB0764782500010002D8,1.88,Yes,mattress,1.98
9957047,ANCHOR_01,52:06:26:03:01:DA,-67,MFG_4C000215FDA50693A4E24FB1AFCFC6EB0764782500010002D8,1.88,Yes,mattress,1.98
9958067,ANCHOR_01,52:06:26:03:01:DA,-69,MFG_4C000215FDA50693A4E24FB1AFCFC6EB0764782500010002D8,1.88,Yes,mattress,1.98
9959057,ANCHOR_01,52:06:26:03:01:DA,-70,MFG_4C000215FDA50693A4E24FB1AFCFC6EB0764782500010002D8,1.88,Yes,mattress,1.98
9960077,ANCHOR_01,52:06:26:03:01:DA,-73,MFG_4C000215FDA50693A4E24FB1AFCFC6EB0764782500010002D8,1.88,Yes,mattress,1.98
9961097,ANCHOR_01,52:06:26:03:01:DA,-67,MFG_4C000215FDA50693A4E24FB1AFCFC6EB0764782500010002D8,1.88,Yes,mattress,1.98
9962077,ANCHOR_01,52:06:26:03:01:DA,-67,MFG_4C000215FDA50693A4E24FB1AFCFC6EB0764782500010002D8,1.88,Yes,mattress,1.98
9963107,ANCHOR_01,52:06:26:03:01:DA,-70,MFG_4C000215FDA50693A4E24FB1AFCFC6EB0764782500010002D8,1.88,Yes,mattress,1.98
9964097,ANCHOR_01,52:06:26:03:01:DA,-70,MFG_4C000215FDA50693A4E24FB1AFCFC6EB0764782500010002D8,1.88,Yes,mattress,1.98
9965097,ANCHOR_01,52:06:26:03:01:DA,-74,MFG_4C000215FDA50693A4E24FB1AFCFC6EB0764782500010002D8,1.88,Yes,mattress,1.98
9966107,ANCHOR_01,52:06:26:03:01:DA,-73,MFG_4C000215FDA50693A4E24FB1AFCFC6EB0764782500010002D8,1.88,Yes,mattress,1.98
9968117,ANCHOR_01,52:06:26:03:01:DA,-67,MFG_4C000215FDA50693A4E24FB1AFCFC6EB0764782500010002D8,1.88,Yes,mattress,1.98
9969137,ANCHOR_01,52:06:26:03:01:DA,-70,MFG_4C000215FDA50693A4E24FB1AFCFC6EB0764782500010002D8,1.88,Yes,mattress,1.98
9970127,ANCHOR_01,52:06:26:03:01:DA,-70,MFG_4C000215FDA50693A4E24FB1AFCFC6EB0764782500010002D8,1.88,Yes,mattress,1.98
9971147,ANCHOR_01,52:06:26:03:01:DA,-73,MFG_4C000215FDA50693A4E24FB1AFCFC6EB0764782500010002D8,1.88,Yes,mattress,1.98
9973147,ANCHOR_01,52:06:26:03:01:DA,-67,MFG_4C000215FDA50693A4E24FB1AFCFC6EB0764782500010002D8,1.88,Yes,mattress,1.98
9974167,ANCHOR_01,52:06:26:03:01:DA,-69,MFG_4C000215FDA50693A4E24FB1AFCFC6EB0764782500010002D8,1.88,Yes,mattress,1.98
9975157,ANCHOR_01,52:06:26:03:01:DA,-70,MFG_4C000215FDA50693A4E24FB1AFCFC6EB0764782500010002D8,1.88,Yes,mattress,1.98
9976177,ANCHOR_01,52:06:26:03:01:DA,-73,MFG_4C000215FDA50693A4E24FB1AFCFC6EB0764782500010002D8,1.88,Yes,mattress,1.98
9977177,ANCHOR_01,52:06:26:03:01:DA,-73,MFG_4C000215FDA50693A4E24FB1AFCFC6EB0764782500010002D8,1.88,Yes,mattress,1.98
9978197,ANCHOR_01,52:06:26:03:01:DA,-67,MFG_4C000215FDA50693A4E24FB1AFCFC6EB0764782500010002D8,1.88,Yes,mattress,1.98
9979177,ANCHOR_01,52:06:26:03:01:DA,-67,MFG_4C000215FDA50693A4E24FB1AFCFC6EB0764782500010002D8,1.88,Yes,mattress,1.98
9980207,ANCHOR_01,52:06:26:03:01:DA,-70,MFG_4C000215FDA50693A4E24FB1AFCFC6EB0764782500010002D8,1.88,Yes,mattress,1.98
9981197,ANCHOR_01,52:06:26:03:01:DA,-69,MFG_4C000215FDA50693A4E24FB1AFCFC6EB0764782500010002D8,1.88,Yes,mattress,1.98
9982217,ANCHOR_01,52:06:26:03:01:DA,-73,MFG_4C000215FDA50693A4E24FB1AFCFC6EB0764782500010002D8,1.88,Yes,mattress,1.98
9983197,ANCHOR_01,52:06:26:03:01:DA,-73,MFG_4C000215FDA50693A4E24FB1AFCFC6EB0764782500010002D8,1.88,Yes,mattress,1.98
9984227,ANCHOR_01,52:06:26:03:01:DA,-67,MFG_4C000215FDA50693A4E24FB1AFCFC6EB0764782500010002D8,1.88,Yes,mattress,1.98
9985217,ANCHOR_01,52:06:26:03:01:DA,-67,MFG_4C000215FDA50693A4E24FB1AFCFC6EB0764782500010002D8,1.88,Yes,mattress,1.98
9986237,ANCHOR_01,52:06:26:03:01:DA,-69,MFG_4C000215FDA50693A4E24FB1AFCFC6EB0764782500010002D8,1.88,Yes,mattress,1.98
9987227,ANCHOR_01,52:06:26:03:01:DA,-70,MFG_4C000215FDA50693A4E24FB1AFCFC6EB0764782500010002D8,1.88,Yes,mattress,1.98
9988227,ANCHOR_01,52:06:26:03:01:DA,-73,MFG_4C000215FDA50693A4E24FB1AFCFC6EB0764782500010002D8,1.88,Yes,mattress,1.98
9989237,ANCHOR_01,52:06:26:03:01:DA,-73,MFG_4C000215FDA50693A4E24FB1AFCFC6EB0764782500010002D8,1.88,Yes,mattress,1.98
9990237,ANCHOR_01,52:06:26:03:01:DA,-67,MFG_4C000215FDA50693A4E24FB1AFCFC6EB0764782500010002D8,1.88,Yes,mattress,1.98
9991247,ANCHOR_01,52:06:26:03:01:DA,-67,MFG_4C000215FDA50693A4E24FB1AFCFC6EB0764782500010002D8,1.88,Yes,mattress,1.98
9992267,ANCHOR_01,52:06:26:03:01:DA,-69,MFG_4C000215FDA50693A4E24FB1AFCFC6EB0764782500010002D8,1.88,Yes,mattress,1.98
9994267,ANCHOR_01,52:06:26:03:01:DA,-73,MFG_4C000215FDA50693A4E24FB1AFCFC6EB0764782500010002D8,1.88,Yes,mattress,1.98
9996277,ANCHOR_01,52:06:26:03:01:DA,-67,MFG_4C000215FDA50693A4E24FB1AFCFC6EB0764782500010002D8,1.88,Yes,mattress,1.98
9998297,ANCHOR_01,52:06:26:03:01:DA,-69,MFG_4C000215FDA50693A4E24FB1AFCFC6EB0764782500010002D8,1.88,Yes,mattress,1.98
9999307,ANCHOR_01,52:06:26:03:01:DA,-73,MFG_4C000215FDA50693A4E24FB1AFCFC6EB0764782500010002D8,1.88,Yes,mattress,1.98
10000307,ANCHOR_01,52:06:26:03:01:DA,-73,MFG_4C000215FDA50693A4E24FB1AFCFC6EB0764782500010002D8,1.88,Yes,mattress,1.98
10001307,ANCHOR_01,52:06:26:03:01:DA,-67,MFG_4C000215FDA50693A4E24FB1AFCFC6EB0764782500010002D8,1.88,Yes,mattress,1.98
10002317,ANCHOR_01,52:06:26:03:01:DA,-67,MFG_4C000215FDA50693A4E24FB1AFCFC6EB0764782500010002D8,1.88,Yes,mattress,1.98
10003337,ANCHOR_01,52:06:26:03:01:DA,-70,MFG_4C000215FDA50693A4E24FB1AFCFC6EB0764782500010002D8,1.88,Yes,mattress,1.98
10005337,ANCHOR_01,52:06:26:03:01:DA,-73,MFG_4C000215FDA50693A4E24FB1AFCFC6EB0764782500010002D8,1.88,Yes,mattress,1.98
10006367,ANCHOR_01,52:06:26:03:01:DA,-67,MFG_4C000215FDA50693A4E24FB1AFCFC6EB0764782500010002D8,1.88,Yes,mattress,1.98
10007357,ANCHOR_01,52:06:26:03:01:DA,-67,MFG_4C000215FDA50693A4E24FB1AFCFC6EB0764782500010002D8,1.88,Yes,mattress,1.98
10008367,ANCHOR_01,52:06:26:03:01:DA,-70,MFG_4C000215FDA50693A4E24FB1AFCFC6EB0764782500010002D8,1.88,Yes,mattress,1.98
10009357,ANCHOR_01,52:06:26:03:01:DA,-69,MFG_4C000215FDA50693A4E24FB1AFCFC6EB0764782500010002D8,1.88,Yes,mattress,1.98
10010387,ANCHOR_01,52:06:26:03:01:DA,-73,MFG_4C000215FDA50693A4E24FB1AFCFC6EB0764782500010002D8,1.88,Yes,mattress,1.98
10011377,ANCHOR_01,52:06:26:03:01:DA,-72,MFG_4C000215FDA50693A4E24FB1AFCFC6EB0764782500010002D8,1.88,Yes,mattress,1.98
10012397,ANCHOR_01,52:06:26:03:01:DA,-67,MFG_4C000215FDA50693A4E24FB1AFCFC6EB0764782500010002D8,1.88,Yes,mattress,1.98
10013387,ANCHOR_01,52:06:26:03:01:DA,-67,MFG_4C000215FDA50693A4E24FB1AFCFC6EB0764782500010002D8,1.88,Yes,mattress,1.98
10014397,ANCHOR_01,52:06:26:03:01:DA,-70,MFG_4C000215FDA50693A4E24FB1AFCFC6EB0764782500010002D8,1.88,Yes,mattress,1.98
10015397,ANCHOR_01,52:06:26:03:01:DA,-70,MFG_4C000215FDA50693A4E24FB1AFCFC6EB0764782500010002D8,1.88,Yes,mattress,1.98
10016417,ANCHOR_01,52:06:26:03:01:DA,-73,MFG_4C000215FDA50693A4E24FB1AFCFC6EB0764782500010002D8,1.88,Yes,mattress,1.98
10017407,ANCHOR_01,52:06:26:03:01:DA,-74,MFG_4C000215FDA50693A4E24FB1AFCFC6EB0764782500010002D8,1.88,Yes,mattress,1.98
10018427,ANCHOR_01,52:06:26:03:01:DA,-65,MFG_4C000215FDA50693A4E24FB1AFCFC6EB0764782500010002D8,1.88,Yes,mattress,1.98
10019417,ANCHOR_01,52:06:26:03:01:DA,-67,MFG_4C000215FDA50693A4E24FB1AFCFC6EB0764782500010002D8,1.88,Yes,mattress,1.98
10020437,ANCHOR_01,52:06:26:03:01:DA,-70,MFG_4C000215FDA50693A4E24FB1AFCFC6EB0764782500010002D8,1.88,Yes,mattress,1.98
10021427,ANCHOR_01,52:06:26:03:01:DA,-70,MFG_4C000215FDA50693A4E24FB1AFCFC6EB0764782500010002D8,1.88,Yes,mattress,1.98
10022447,ANCHOR_01,52:06:26:03:01:DA,-73,MFG_4C000215FDA50693A4E24FB1AFCFC6EB0764782500010002D8,1.88,Yes,mattress,1.98
10023437,ANCHOR_01,52:06:26:03:01:DA,-73,MFG_4C000215FDA50693A4E24FB1AFCFC6EB0764782500010002D8,1.88,Yes,mattress,1.98
10024457,ANCHOR_01,52:06:26:03:01:DA,-67,MFG_4C000215FDA50693A4E24FB1AFCFC6EB0764782500010002D8,1.88,Yes,mattress,1.98
10026467,ANCHOR_01,52:06:26:03:01:DA,-69,MFG_4C000215FDA50693A4E24FB1AFCFC6EB0764782500010002D8,1.88,Yes,mattress,1.98
10027457,ANCHOR_01,52:06:26:03:01:DA,-70,MFG_4C000215FDA50693A4E24FB1AFCFC6EB0764782500010002D8,1.88,Yes,mattress,1.98
10028467,ANCHOR_01,52:06:26:03:01:DA,-73,MFG_4C000215FDA50693A4E24FB1AFCFC6EB0764782500010002D8,1.88,Yes,mattress,1.98
10030487,ANCHOR_01,52:06:26:03:01:DA,-67,MFG_4C000215FDA50693A4E24FB1AFCFC6EB0764782500010002D8,1.88,Yes,mattress,1.98
10031477,ANCHOR_01,52:06:26:03:01:DA,-67,MFG_4C000215FDA50693A4E24FB1AFCFC6EB0764782500010002D8,1.88,Yes,mattress,1.98
10032497,ANCHOR_01,52:06:26:03:01:DA,-70,MFG_4C000215FDA50693A4E24FB1AFCFC6EB0764782500010002D8,1.88,Yes,mattress,1.98
10033497,ANCHOR_01,52:06:26:03:01:DA,-72,MFG_4C000215FDA50693A4E24FB1AFCFC6EB0764782500010002D8,1.88,Yes,mattress,1.98
10034507,ANCHOR_01,52:06:26:03:01:DA,-72,MFG_4C000215FDA50693A4E24FB1AFCFC6EB0764782500010002D8,1.88,Yes,mattress,1.98
10035527,ANCHOR_01,52:06:26:03:01:DA,-67,MFG_4C000215FDA50693A4E24FB1AFCFC6EB0764782500010002D8,1.88,Yes,mattress,1.98
10036517,ANCHOR_01,52:06:26:03:01:DA,-67,MFG_4C000215FDA50693A4E24FB1AFCFC6EB0764782500010002D8,1.88,Yes,mattress,1.98
10037527,ANCHOR_01,52:06:26:03:01:DA,-69,MFG_4C000215FDA50693A4E24FB1AFCFC6EB0764782500010002D8,1.88,Yes,mattress,1.98
10038527,ANCHOR_01,52:06:26:03:01:DA,-69,MFG_4C000215FDA50693A4E24FB1AFCFC6EB0764782500010002D8,1.88,Yes,mattress,1.98
10039547,ANCHOR_01,52:06:26:03:01:DA,-72,MFG_4C000215FDA50693A4E24FB1AFCFC6EB0764782500010002D8,1.88,Yes,mattress,1.98
10040537,ANCHOR_01,52:06:26:03:01:DA,-72,MFG_4C000215FDA50693A4E24FB1AFCFC6EB0764782500010002D8,1.88,Yes,mattress,1.98
10041537,ANCHOR_01,52:06:26:03:01:DA,-67,MFG_4C000215FDA50693A4E24FB1AFCFC6EB0764782500010002D8,1.88,Yes,mattress,1.98
10042537,ANCHOR_01,52:06:26:03:01:DA,-67,MFG_4C000215FDA50693A4E24FB1AFCFC6EB0764782500010002D8,1.88,Yes,mattress,1.98
10044557,ANCHOR_01,52:06:26:03:01:DA,-69,MFG_4C000215FDA50693A4E24FB1AFCFC6EB0764782500010002D8,1.88,Yes,mattress,1.98
10046567,ANCHOR_01,52:06:26:03:01:DA,-72,MFG_4C000215FDA50693A4E24FB1AFCFC6EB0764782500010002D8,1.88,Yes,mattress,1.98
10048577,ANCHOR_01,52:06:26:03:01:DA,-67,MFG_4C000215FDA50693A4E24FB1AFCFC6EB0764782500010002D8,1.88,Yes,mattress,1.98
10049597,ANCHOR_01,52:06:26:03:01:DA,-71,MFG_4C000215FDA50693A4E24FB1AFCFC6EB0764782500010002D8,1.88,Yes,mattress,1.98
10050587,ANCHOR_01,52:06:26:03:01:DA,-71,MFG_4C000215FDA50693A4E24FB1AFCFC6EB0764782500010002D8,1.88,Yes,mattress,1.98
10051577,ANCHOR_01,52:06:26:03:01:DA,-72,MFG_4C000215FDA50693A4E24FB1AFCFC6EB0764782500010002D8,1.88,Yes,mattress,1.98
10052587,ANCHOR_01,52:06:26:03:01:DA,-74,MFG_4C000215FDA50693A4E24FB1AFCFC6EB0764782500010002D8,1.88,Yes,mattress,1.98
10054587,ANCHOR_01,52:06:26:03:01:DA,-67,MFG_4C000215FDA50693A4E24FB1AFCFC6EB0764782500010002D8,1.88,Yes,mattress,1.98
10055597,ANCHOR_01,52:06:26:03:01:DA,-67,MFG_4C000215FDA50693A4E24FB1AFCFC6EB0764782500010002D8,1.88,Yes,mattress,1.98
10056617,ANCHOR_01,52:06:26:03:01:DA,-70,MFG_4C000215FDA50693A4E24FB1AFCFC6EB0764782500010002D8,1.88,Yes,mattress,1.98
10057607,ANCHOR_01,52:06:26:03:01:DA,-70,MFG_4C000215FDA50693A4E24FB1AFCFC6EB0764782500010002D8,1.88,Yes,mattress,1.98
10058617,ANCHOR_01,52:06:26:03:01:DA,-72,MFG_4C000215FDA50693A4E24FB1AFCFC6EB0764782500010002D8,1.88,Yes,mattress,1.98
10059607,ANCHOR_01,52:06:26:03:01:DA,-73,MFG_4C000215FDA50693A4E24FB1AFCFC6EB0764782500010002D8,1.88,Yes,mattress,1.98
10060637,ANCHOR_01,52:06:26:03:01:DA,-67,MFG_4C000215FDA50693A4E24FB1AFCFC6EB0764782500010002D8,1.88,Yes,mattress,1.98
10061627,ANCHOR_01,52:06:26:03:01:DA,-67,MFG_4C000215FDA50693A4E24FB1AFCFC6EB0764782500010002D8,1.88,Yes,mattress,1.98
10062647,ANCHOR_01,52:06:26:03:01:DA,-69,MFG_4C000215FDA50693A4E24FB1AFCFC6EB0764782500010002D8,1.88,Yes,mattress,1.98
10063637,ANCHOR_01,52:06:26:03:01:DA,-70,MFG_4C000215FDA50693A4E24FB1AFCFC6EB0764782500010002D8,1.88,Yes,mattress,1.98
10064657,ANCHOR_01,52:06:26:03:01:DA,-72,MFG_4C000215FDA50693A4E24FB1AFCFC6EB0764782500010002D8,1.88,Yes,mattress,1.98
10066667,ANCHOR_01,52:06:26:03:01:DA,-66,MFG_4C000215FDA50693A4E24FB1AFCFC6EB0764782500010002D8,1.88,Yes,mattress,1.98
10068657,ANCHOR_01,52:06:26:03:01:DA,-71,MFG_4C000215FDA50693A4E24FB1AFCFC6EB0764782500010002D8,1.88,Yes,mattress,1.98
10070687,ANCHOR_01,52:06:26:03:01:DA,-73,MFG_4C000215FDA50693A4E24FB1AFCFC6EB0764782500010002D8,1.88,Yes,mattress,1.98
10072677,ANCHOR_01,52:06:26:03:01:DA,-66,MFG_4C000215FDA50693A4E24FB1AFCFC6EB0764782500010002D8,1.88,Yes,mattress,1.98
10073687,ANCHOR_01,52:06:26:03:01:DA,-66,MFG_4C000215FDA50693A4E24FB1AFCFC6EB0764782500010002D8,1.88,Yes,mattress,1.98
10074707,ANCHOR_01,52:06:26:03:01:DA,-70,MFG_4C000215FDA50693A4E24FB1AFCFC6EB0764782500010002D8,1.88,Yes,mattress,1.98
10075697,ANCHOR_01,52:06:26:03:01:DA,-71,MFG_4C000215FDA50693A4E24FB1AFCFC6EB0764782500010002D8,1.88,Yes,mattress,1.98
10076717,ANCHOR_01,52:06:26:03:01:DA,-73,MFG_4C000215FDA50693A4E24FB1AFCFC6EB0764782500010002D8,1.88,Yes,mattress,1.98
10077737,ANCHOR_01,52:06:26:03:01:DA,-65,MFG_4C000215FDA50693A4E24FB1AFCFC6EB0764782500010002D8,1.88,Yes,mattress,1.98
10078717,ANCHOR_01,52:06:26:03:01:DA,-66,MFG_4C000215FDA50693A4E24FB1AFCFC6EB0764782500010002D8,1.88,Yes,mattress,1.98
10079747,ANCHOR_01,52:06:26:03:01:DA,-71,MFG_4C000215FDA50693A4E24FB1AFCFC6EB0764782500010002D8,1.88,Yes,mattress,1.98
10080737,ANCHOR_01,52:06:26:03:01:DA,-71,MFG_4C000215FDA50693A4E24FB1AFCFC6EB0764782500010002D8,1.88,Yes,mattress,1.98
10081757,ANCHOR_01,52:06:26:03:01:DA,-72,MFG_4C000215FDA50693A4E24FB1AFCFC6EB0764782500010002D8,1.88,Yes,mattress,1.98
10082747,ANCHOR_01,52:06:26:03:01:DA,-73,MFG_4C000215FDA50693A4E24FB1AFCFC6EB0764782500010002D8,1.88,Yes,mattress,1.98
10083767,ANCHOR_01,52:06:26:03:01:DA,-67,MFG_4C000215FDA50693A4E24FB1AFCFC6EB0764782500010002D8,1.88,Yes,mattress,1.98
10084757,ANCHOR_01,52:06:26:03:01:DA,-66,MFG_4C000215FDA50693A4E24FB1AFCFC6EB0764782500010002D8,1.88,Yes,mattress,1.98
10085777,ANCHOR_01,52:06:26:03:01:DA,-71,MFG_4C000215FDA50693A4E24FB1AFCFC6EB0764782500010002D8,1.88,Yes,mattress,1.98
10086767,ANCHOR_01,52:06:26:03:01:DA,-71,MFG_4C000215FDA50693A4E24FB1AFCFC6EB0764782500010002D8,1.88,Yes,mattress,1.98
10087787,ANCHOR_01,52:06:26:03:01:DA,-71,MFG_4C000215FDA50693A4E24FB1AFCFC6EB0764782500010002D8,1.88,Yes,mattress,1.98
10088777,ANCHOR_01,52:06:26:03:01:DA,-71,MFG_4C000215FDA50693A4E24FB1AFCFC6EB0764782500010002D8,1.88,Yes,mattress,1.98
10089797,ANCHOR_01,52:06:26:03:01:DA,-66,MFG_4C000215FDA50693A4E24FB1AFCFC6EB0764782500010002D8,1.88,Yes,mattress,1.98
10090787,ANCHOR_01,52:06:26:03:01:DA,-66,MFG_4C000215FDA50693A4E24FB1AFCFC6EB0764782500010002D8,1.88,Yes,mattress,1.98
10092797,ANCHOR_01,52:06:26:03:01:DA,-72,MFG_4C000215FDA50693A4E24FB1AFCFC6EB0764782500010002D8,1.88,Yes,mattress,1.98
10093797,ANCHOR_01,52:06:26:03:01:DA,-73,MFG_4C000215FDA50693A4E24FB1AFCFC6EB0764782500010002D8,1.88,Yes,mattress,1.98
10094807,ANCHOR_01,52:06:26:03:01:DA,-72,MFG_4C000215FDA50693A4E24FB1AFCFC6EB0764782500010002D8,1.88,Yes,mattress,1.98
10096807,ANCHOR_01,52:06:26:03:01:DA,-66,MFG_4C000215FDA50693A4E24FB1AFCFC6EB0764782500010002D8,1.88,Yes,mattress,1.98
10097807,ANCHOR_01,52:06:26:03:01:DA,-66,MFG_4C000215FDA50693A4E24FB1AFCFC6EB0764782500010002D8,1.88,Yes,mattress,1.98
10098827,ANCHOR_01,52:06:26:03:01:DA,-71,MFG_4C000215FDA50693A4E24FB1AFCFC6EB0764782500010002D8,1.88,Yes,mattress,1.98
10099847,ANCHOR_01,52:06:26:03:01:DA,-73,MFG_4C000215FDA50693A4E24FB1AFCFC6EB0764782500010002D8,1.88,Yes,mattress,1.98
10100837,ANCHOR_01,52:06:26:03:01:DA,-73,MFG_4C000215FDA50693A4E24FB1AFCFC6EB0764782500010002D8,1.88,Yes,mattress,1.98
10101847,ANCHOR_01,52:06:26:03:01:DA,-66,MFG_4C000215FDA50693A4E24FB1AFCFC6EB0764782500010002D8,1.88,Yes,mattress,1.98
10102847,ANCHOR_01,52:06:26:03:01:DA,-66,MFG_4C000215FDA50693A4E24FB1AFCFC6EB0764782500010002D8,1.88,Yes,mattress,1.98
10103867,ANCHOR_01,52:06:26:03:01:DA,-73,MFG_4C000215FDA50693A4E24FB1AFCFC6EB0764782500010002D8,1.88,Yes,mattress,1.98
10104857,ANCHOR_01,52:06:26:03:01:DA,-73,MFG_4C000215FDA50693A4E24FB1AFCFC6EB0764782500010002D8,1.88,Yes,mattress,1.98
10105877,ANCHOR_01,52:06:26:03:01:DA,-73,MFG_4C000215FDA50693A4E24FB1AFCFC6EB0764782500010002D8,1.88,Yes,mattress,1.98
10106867,ANCHOR_01,52:06:26:03:01:DA,-73,MFG_4C000215FDA50693A4E24FB1AFCFC6EB0764782500010002D8,1.88,Yes,mattress,1.98
10107887,ANCHOR_01,52:06:26:03:01:DA,-66,MFG_4C000215FDA50693A4E24FB1AFCFC6EB0764782500010002D8,1.88,Yes,mattress,1.98
10108877,ANCHOR_01,52:06:26:03:01:DA,-67,MFG_4C000215FDA50693A4E24FB1AFCFC6EB0764782500010002D8,1.88,Yes,mattress,1.98
10109887,ANCHOR_01,52:06:26:03:01:DA,-72,MFG_4C000215FDA50693A4E24FB1AFCFC6EB0764782500010002D8,1.88,Yes,mattress,1.98
10110887,ANCHOR_01,52:06:26:03:01:DA,-72,MFG_4C000215FDA50693A4E24FB1AFCFC6EB0764782500010002D8,1.88,Yes,mattress,1.98
10111897,ANCHOR_01,52:06:26:03:01:DA,-72,MFG_4C000215FDA50693A4E24FB1AFCFC6EB0764782500010002D8,1.88,Yes,mattress,1.98
10112897,ANCHOR_01,52:06:26:03:01:DA,-73,MFG_4C000215FDA50693A4E24FB1AFCFC6EB0764782500010002D8,1.88,Yes,mattress,1.98
10113917,ANCHOR_01,52:06:26:03:01:DA,-66,MFG_4C000215FDA50693A4E24FB1AFCFC6EB0764782500010002D8,1.88,Yes,mattress,1.98
10114907,ANCHOR_01,52:06:26:03:01:DA,-67,MFG_4C000215FDA50693A4E24FB1AFCFC6EB0764782500010002D8,1.88,Yes,mattress,1.98
10115907,ANCHOR_01,52:06:26:03:01:DA,-70,MFG_4C000215FDA50693A4E24FB1AFCFC6EB0764782500010002D8,1.88,Yes,mattress,1.98
10116917,ANCHOR_01,52:06:26:03:01:DA,-71,MFG_4C000215FDA50693A4E24FB1AFCFC6EB0764782500010002D8,1.88,Yes,mattress,1.98
10118927,ANCHOR_01,52:06:26:03:01:DA,-73,MFG_4C000215FDA50693A4E24FB1AFCFC6EB0764782500010002D8,1.88,Yes,mattress,1.98
10119937,ANCHOR_01,52:06:26:03:01:DA,-66,MFG_4C000215FDA50693A4E24FB1AFCFC6EB0764782500010002D8,1.88,Yes,mattress,1.98
10120937,ANCHOR_01,52:06:26:03:01:DA,-66,MFG_4C000215FDA50693A4E24FB1AFCFC6EB0764782500010002D8,1.88,Yes,mattress,1.98
10121937,ANCHOR_01,52:06:26:03:01:DA,-70,MFG_4C000215FDA50693A4E24FB1AFCFC6EB0764782500010002D8,1.88,Yes,mattress,1.98
10122947,ANCHOR_01,52:06:26:03:01:DA,-70,MFG_4C000215FDA50693A4E24FB1AFCFC6EB0764782500010002D8,1.88,Yes,mattress,1.98
10123967,ANCHOR_01,52:06:26:03:01:DA,-73,MFG_4C000215FDA50693A4E24FB1AFCFC6EB0764782500010002D8,1.88,Yes,mattress,1.98
10124957,ANCHOR_01,52:06:26:03:01:DA,-72,MFG_4C000215FDA50693A4E24FB1AFCFC6EB0764782500010002D8,1.88,Yes,mattress,1.98
10125977,ANCHOR_01,52:06:26:03:01:DA,-66,MFG_4C000215FDA50693A4E24FB1AFCFC6EB0764782500010002D8,1.88,Yes,mattress,1.98
10126957,ANCHOR_01,52:06:26:03:01:DA,-67,MFG_4C000215FDA50693A4E24FB1AFCFC6EB0764782500010002D8,1.88,Yes,mattress,1.98
10127987,ANCHOR_01,52:06:26:03:01:DA,-71,MFG_4C000215FDA50693A4E24FB1AFCFC6EB0764782500010002D8,1.88,Yes,mattress,1.98
10128977,ANCHOR_01,52:06:26:03:01:DA,-71,MFG_4C000215FDA50693A4E24FB1AFCFC6EB0764782500010002D8,1.88,Yes,mattress,1.98
10129977,ANCHOR_01,52:06:26:03:01:DA,-73,MFG_4C000215FDA50693A4E24FB1AFCFC6EB0764782500010002D8,1.88,Yes,mattress,1.98
10130987,ANCHOR_01,52:06:26:03:01:DA,-73,MFG_4C000215FDA50693A4E24FB1AFCFC6EB0764782500010002D8,1.88,Yes,mattress,1.98
10131987,ANCHOR_01,52:06:26:03:01:DA,-67,MFG_4C000215FDA50693A4E24FB1AFCFC6EB0764782500010002D8,1.88,Yes,mattress,1.98
10132997,ANCHOR_01,52:06:26:03:01:DA,-67,MFG_4C000215FDA50693A4E24FB1AFCFC6EB0764782500010002D8,1.88,Yes,mattress,1.98
10135007,ANCHOR_01,52:06:26:03:01:DA,-70,MFG_4C000215FDA50693A4E24FB1AFCFC6EB0764782500010002D8,1.88,Yes,mattress,1.98
10137017,ANCHOR_01,52:06:26:03:01:DA,-74,MFG_4C000215FDA50693A4E24FB1AFCFC6EB0764782500010002D8,1.88,Yes,mattress,1.98
10138037,ANCHOR_01,52:06:26:03:01:DA,-67,MFG_4C000215FDA50693A4E24FB1AFCFC6EB0764782500010002D8,1.88,Yes,mattress,1.98
10139027,ANCHOR_01,52:06:26:03:01:DA,-67,MFG_4C000215FDA50693A4E24FB1AFCFC6EB0764782500010002D8,1.88,Yes,mattress,1.98
10140017,ANCHOR_01,52:06:26:03:01:DA,-67,MFG_4C000215FDA50693A4E24FB1AFCFC6EB0764782500010002D8,1.88,Yes,mattress,1.98
10141037,ANCHOR_01,52:06:26:03:01:DA,-70,MFG_4C000215FDA50693A4E24FB1AFCFC6EB0764782500010002D8,1.88,Yes,mattress,1.98
10143037,ANCHOR_01,52:06:26:03:01:DA,-73,MFG_4C000215FDA50693A4E24FB1AFCFC6EB0764782500010002D8,1.88,Yes,mattress,1.98
10144037,ANCHOR_01,52:06:26:03:01:DA,-72,MFG_4C000215FDA50693A4E24FB1AFCFC6EB0764782500010002D8,1.88,Yes,mattress,1.98
10145057,ANCHOR_01,52:06:26:03:01:DA,-68,MFG_4C000215FDA50693A4E24FB1AFCFC6EB0764782500010002D8,1.88,Yes,mattress,1.98
10147057,ANCHOR_01,52:06:26:03:01:DA,-70,MFG_4C000215FDA50693A4E24FB1AFCFC6EB0764782500010002D8,1.88,Yes,mattress,1.98
10149077,ANCHOR_01,52:06:26:03:01:DA,-72,MFG_4C000215FDA50693A4E24FB1AFCFC6EB0764782500010002D8,1.88,Yes,mattress,1.98
10151087,ANCHOR_01,52:06:26:03:01:DA,-67,MFG_4C000215FDA50693A4E24FB1AFCFC6EB0764782500010002D8,1.88,Yes,mattress,1.98
10152087,ANCHOR_01,52:06:26:03:01:DA,-70,MFG_4C000215FDA50693A4E24FB1AFCFC6EB0764782500010002D8,1.88,Yes,mattress,1.98
10153097,ANCHOR_01,52:06:26:03:01:DA,-69,MFG_4C000215FDA50693A4E24FB1AFCFC6EB0764782500010002D8,1.88,Yes,mattress,1.98
10154117,ANCHOR_01,52:06:26:03:01:DA,-73,MFG_4C000215FDA50693A4E24FB1AFCFC6EB0764782500010002D8,1.88,Yes,mattress,1.98
10155107,ANCHOR_01,52:06:26:03:01:DA,-73,MFG_4C000215FDA50693A4E24FB1AFCFC6EB0764782500010002D8,1.88,Yes,mattress,1.98
10156107,ANCHOR_01,52:06:26:03:01:DA,-67,MFG_4C000215FDA50693A4E24FB1AFCFC6EB0764782500010002D8,1.88,Yes,mattress,1.98
10157107,ANCHOR_01,52:06:26:03:01:DA,-67,MFG_4C000215FDA50693A4E24FB1AFCFC6EB0764782500010002D8,1.88,Yes,mattress,1.98
10158137,ANCHOR_01,52:06:26:03:01:DA,-69,MFG_4C000215FDA50693A4E24FB1AFCFC6EB0764782500010002D8,1.88,Yes,mattress,1.98
10159117,ANCHOR_01,52:06:26:03:01:DA,-69,MFG_4C000215FDA50693A4E24FB1AFCFC6EB0764782500010002D8,1.88,Yes,mattress,1.98
10160147,ANCHOR_01,52:06:26:03:01:DA,-72,MFG_4C000215FDA50693A4E24FB1AFCFC6EB0764782500010002D8,1.88,Yes,mattress,1.98
10161137,ANCHOR_01,52:06:26:03:01:DA,-72,MFG_4C000215FDA50693A4E24FB1AFCFC6EB0764782500010002D8,1.88,Yes,mattress,1.98
10162147,ANCHOR_01,52:06:26:03:01:DA,-67,MFG_4C000215FDA50693A4E24FB1AFCFC6EB0764782500010002D8,1.88,Yes,mattress,1.98
10163147,ANCHOR_01,52:06:26:03:01:DA,-67,MFG_4C000215FDA50693A4E24FB1AFCFC6EB0764782500010002D8,1.88,Yes,mattress,1.98
10164147,ANCHOR_01,52:06:26:03:01:DA,-69,MFG_4C000215FDA50693A4E24FB1AFCFC6EB0764782500010002D8,1.88,Yes,mattress,1.98
10165157,ANCHOR_01,52:06:26:03:01:DA,-69,MFG_4C000215FDA50693A4E24FB1AFCFC6EB0764782500010002D8,1.88,Yes,mattress,1.98
10166177,ANCHOR_01,52:06:26:03:01:DA,-71,MFG_4C000215FDA50693A4E24FB1AFCFC6EB0764782500010002D8,1.88,Yes,mattress,1.98
10167167,ANCHOR_01,52:06:26:03:01:DA,-70,MFG_4C000215FDA50693A4E24FB1AFCFC6EB0764782500010002D8,1.88,Yes,mattress,1.98
10168177,ANCHOR_01,52:06:26:03:01:DA,-67,MFG_4C000215FDA50693A4E24FB1AFCFC6EB0764782500010002D8,1.88,Yes,mattress,1.98
10169167,ANCHOR_01,52:06:26:03:01:DA,-67,MFG_4C000215FDA50693A4E24FB1AFCFC6EB0764782500010002D8,1.88,Yes,mattress,1.98
10170177,ANCHOR_01,52:06:26:03:01:DA,-69,MFG_4C000215FDA50693A4E24FB1AFCFC6EB0764782500010002D8,1.88,Yes,mattress,1.98
10172197,ANCHOR_01,52:06:26:03:01:DA,-74,MFG_4C000215FDA50693A4E24FB1AFCFC6EB0764782500010002D8,1.88,Yes,mattress,1.98
10174207,ANCHOR_01,52:06:26:03:01:DA,-65,MFG_4C000215FDA50693A4E24FB1AFCFC6EB0764782500010002D8,1.88,Yes,mattress,1.98
10175237,ANCHOR_01,52:06:26:03:01:DA,-68,MFG_4C000215FDA50693A4E24FB1AFCFC6EB0764782500010002D8,1.88,Yes,mattress,1.98
10176227,ANCHOR_01,52:06:26:03:01:DA,-67,MFG_4C000215FDA50693A4E24FB1AFCFC6EB0764782500010002D8,1.88,Yes,mattress,1.98
10177247,ANCHOR_01,52:06:26:03:01:DA,-68,MFG_4C000215FDA50693A4E24FB1AFCFC6EB0764782500010002D8,1.88,Yes,mattress,1.98
10178237,ANCHOR_01,52:06:26:03:01:DA,-73,MFG_4C000215FDA50693A4E24FB1AFCFC6EB0764782500010002D8,1.88,Yes,mattress,1.98
10179227,ANCHOR_01,52:06:26:03:01:DA,-71,MFG_4C000215FDA50693A4E24FB1AFCFC6EB0764782500010002D8,1.88,Yes,mattress,1.98
10180247,ANCHOR_01,52:06:26:03:01:DA,-66,MFG_4C000215FDA50693A4E24FB1AFCFC6EB0764782500010002D8,1.88,Yes,mattress,1.98
10181227,ANCHOR_01,52:06:26:03:01:DA,-66,MFG_4C000215FDA50693A4E24FB1AFCFC6EB0764782500010002D8,1.88,Yes,mattress,1.98
10182257,ANCHOR_01,52:06:26:03:01:DA,-69,MFG_4C000215FDA50693A4E24FB1AFCFC6EB0764782500010002D8,1.88,Yes,mattress,1.98
10183237,ANCHOR_01,52:06:26:03:01:DA,-70,MFG_4C000215FDA50693A4E24FB1AFCFC6EB0764782500010002D8,1.88,Yes,mattress,1.98
10184247,ANCHOR_01,52:06:26:03:01:DA,-73,MFG_4C000215FDA50693A4E24FB1AFCFC6EB0764782500010002D8,1.88,Yes,mattress,1.98
10185257,ANCHOR_01,52:06:26:03:01:DA,-74,MFG_4C000215FDA50693A4E24FB1AFCFC6EB0764782500010002D8,1.88,Yes,mattress,1.98
10186277,ANCHOR_01,52:06:26:03:01:DA,-67,MFG_4C000215FDA50693A4E24FB1AFCFC6EB0764782500010002D8,1.88,Yes,mattress,1.98
10187257,ANCHOR_01,52:06:26:03:01:DA,-66,MFG_4C000215FDA50693A4E24FB1AFCFC6EB0764782500010002D8,1.88,Yes,mattress,1.98
10188287,ANCHOR_01,52:06:26:03:01:DA,-68,MFG_4C000215FDA50693A4E24FB1AFCFC6EB0764782500010002D8,1.88,Yes,mattress,1.98
