timestamp,anchor,mac,rssi,name,distance_m,obstacle,obstacle_type,height_m,motion
2281797,ANCHOR_01,52:06:26:03:01:DA,-69,MFG_4C000215FDA50693A4E24FB1AFCFC6EB0764782500010002D8,3.36,Yes,laptop,0.96,stationary
2282817,ANCHOR_01,52:06:26:03:01:DA,-60,MFG_4C000215FDA50693A4E24FB1AFCFC6EB0764782500010002D8,3.36,Yes,laptop,0.96,stationary
2283807,ANCHOR_01,52:06:26:03:01:DA,-67,MFG_4C000215FDA50693A4E24FB1AFCFC6EB0764782500010002D8,3.36,Yes,laptop,0.96,stationary
2284827,ANCHOR_01,52:06:26:03:01:DA,-63,MFG_4C000215FDA50693A4E24FB1AFCFC6EB0764782500010002D8,3.36,Yes,laptop,0.96,stationary
2285847,ANCHOR_01,52:06:26:03:01:DA,-76,MFG_4C000215FDA50693A4E24FB1AFCFC6EB0764782500010002D8,3.36,Yes,laptop,0.96,stationary
2286837,ANCHOR_01,52:06:26:03:01:DA,-74,MFG_4C000215FDA50693A4E24FB1AFCFC6EB0764782500010002D8,3.36,Yes,laptop,0.96,stationary
2288847,ANCHOR_01,52:06:26:03:01:DA,-60,MFG_4C000215FDA50693A4E24FB1AFCFC6EB0764782500010002D8,3.36,Yes,laptop,0.96,stationary
2289837,ANCHOR_01,52:06:26:03:01:DA,-60,MFG_4C000215FDA50693A4E24FB1AFCFC6EB0764782500010002D8,3.36,Yes,laptop,0.96,stationary
2290857,ANCHOR_01,52:06:26:03:01:DA,-61,MFG_4C000215FDA50693A4E24FB1AFCFC6EB0764782500010002D8,3.36,Yes,laptop,0.96,stationary
2291847,ANCHOR_01,52:06:26:03:01:DA,-61,MFG_4C000215FDA50693A4E24FB1AFCFC6EB0764782500010002D8,3.36,Yes,laptop,0.96,stationary
2292867,ANCHOR_01,52:06:26:03:01:DA,-77,MFG_4C000215FDA50693A4E24FB1AFCFC6EB0764782500010002D8,3.36,Yes,laptop,0.96,stationary
2293857,ANCHOR_01,52:06:26:03:01:DA,-76,MFG_4C000215FDA50693A4E24FB1AFCFC6EB0764782500010002D8,3.36,Yes,laptop,0.96,stationary
2294877,ANCHOR_01,52:06:26:03:01:DA,-59,MFG_4C000215FDA50693A4E24FB1AFCFC6EB0764782500010002D8,3.36,Yes,laptop,0.96,stationary
2295867,ANCHOR_01,52:06:26:03:01:DA,-59,MFG_4C000215FDA50693A4E24FB1AFCFC6EB0764782500010002D8,3.36,Yes,laptop,0.96,stationary
2296887,ANCHOR_01,52:06:26:03:01:DA,-61,MFG_4C000215FDA50693A4E24FB1AFCFC6EB0764782500010002D8,3.36,Yes,laptop,0.96,stationary
2297887,ANCHOR_01,52:06:26:03:01:DA,-76,MFG_4C000215FDA50693A4E24FB1AFCFC6EB0764782500010002D8,3.36,Yes,laptop,0.96,stationary
2298897,ANCHOR_01,52:06:26:03:01:DA,-76,MFG_4C000215FDA50693A4E24FB1AFCFC6EB0764782500010002D8,3.36,Yes,laptop,0.96,stationary
2299917,ANCHOR_01,52:06:26:03:01:DA,-59,MFG_4C000215FDA50693A4E24FB1AFCFC6EB0764782500010002D8,3.36,Yes,laptop,0.96,stationary
2300907,ANCHOR_01,52:06:26:03:01:DA,-60,MFG_4C000215FDA50693A4E24FB1AFCFC6EB0764782500010002D8,3.36,Yes,laptop,0.96,stationary
2301927,ANCHOR_01,52:06:26:03:01:DA,-61,MFG_4C000215FDA50693A4E24FB1AFCFC6EB0764782500010002D8,3.36,Yes,laptop,0.96,stationary
2302907,ANCHOR_01,52:06:26:03:01:DA,-62,MFG_4C000215FDA50693A4E24FB1AFCFC6EB0764782500010002D8,3.36,Yes,laptop,0.96,stationary
2304927,ANCHOR_01,52:06:26:03:01:DA,-79,MFG_4C000215FDA50693A4E24FB1AFCFC6EB0764782500010002D8,3.36,Yes,laptop,0.96,stationary
2306937,ANCHOR_01,52:06:26:03:01:DA,-59,MFG_4C000215FDA50693A4E24FB1AFCFC6EB0764782500010002D8,3.36,Yes,laptop,0.96,stationary
2307957,ANCHOR_01,52:06:26:03:01:DA,-61,MFG_4C000215FDA50693A4E24FB1AFCFC6EB0764782500010002D8,3.36,Yes,laptop,0.96,stationary
2308947,ANCHOR_01,52:06:26:03:01:DA,-61,MFG_4C000215FDA50693A4E24FB1AFCFC6EB0764782500010002D8,3.36,Yes,laptop,0.96,stationary
2309957,ANCHOR_01,52:06:26:03:01:DA,-77,MFG_4C000215FDA50693A4E24FB1AFCFC6EB0764782500010002D8,3.36,Yes,laptop,0.96,stationary
2310957,ANCHOR_01,52:06:26:03:01:DA,-77,MFG_4C000215FDA50693A4E24FB1AFCFC6EB0764782500010002D8,3.36,Yes,laptop,0.96,stationary
2311957,ANCHOR_01,52:06:26:03:01:DA,-59,MFG_4C000215FDA50693A4E24FB1AFCFC6EB0764782500010002D8,3.36,Yes,laptop,0.96,stationary
2312967,ANCHOR_01,52:06:26:03:01:DA,-59,MFG_4C000215FDA50693A4E24FB1AFCFC6EB0764782500010002D8,3.36,Yes,laptop,0.96,stationary
2313977,ANCHOR_01,52:06:26:03:01:DA,-62,MFG_4C000215FDA50693A4E24FB1AFCFC6EB0764782500010002D8,3.36,Yes,laptop,0.96,stationary
2314977,ANCHOR_01,52:06:26:03:01:DA,-62,MFG_4C000215FDA50693A4E24FB1AFCFC6EB0764782500010002D8,3.36,Yes,laptop,0.96,stationary
2315987,ANCHOR_01,52:06:26:03:01:DA,-77,MFG_4C000215FDA50693A4E24FB1AFCFC6EB0764782500010002D8,3.36,Yes,laptop,0.96,stationary
2316987,ANCHOR_01,52:06:26:03:01:DA,-76,MFG_4C000215FDA50693A4E24FB1AFCFC6EB0764782500010002D8,3.36,Yes,laptop,0.96,stationary
2317997,ANCHOR_01,52:06:26:03:01:DA,-60,MFG_4C000215FDA50693A4E24FB1AFCFC6EB0764782500010002D8,3.36,Yes,laptop,0.96,stationary
2318997,ANCHOR_01,52:06:26:03:01:DA,-60,MFG_4C000215FDA50693A4E24FB1AFCFC6EB0764782500010002D8,3.36,Yes,laptop,0.96,stationary
2320017,ANCHOR_01,52:06:26:03:01:DA,-62,MFG_4C000215FDA50693A4E24FB1AFCFC6EB0764782500010002D8,3.36,Yes,laptop,0.96,stationary
2321007,ANCHOR_01,52:06:26:03:01:DA,-62,MFG_4C000215FDA50693A4E24FB1AFCFC6EB0764782500010002D8,3.36,Yes,laptop,0.96,stationary
2322027,ANCHOR_01,52:06:26:03:01:DA,-77,MFG_4C000215FDA50693A4E24FB1AFCFC6EB0764782500010002D8,3.36,Yes,laptop,0.96,stationary
2323017,ANCHOR_01,52:06:26:03:01:DA,-76,MFG_4C000215FDA50693A4E24FB1AFCFC6EB0764782500010002D8,3.36,Yes,laptop,0.96,stationary
2324027,ANCHOR_01,52:06:26:03:01:DA,-60,MFG_4C000215FDA50693A4E24FB1AFCFC6EB0764782500010002D8,3.36,Yes,laptop,0.96,stationary
2325027,ANCHOR_01,52:06:26:03:01:DA,-60,MFG_4C000215FDA50693A4E24FB1AFCFC6EB0764782500010002D8,3.36,Yes,laptop,0.96,stationary
2326037,ANCHOR_01,52:06:26:03:01:DA,-61,MFG_4C000215FDA50693A4E24FB1AFCFC6EB0764782500010002D8,3.36,Yes,laptop,0.96,stationary
2327037,ANCHOR_01,52:06:26:03:01:DA,-61,MFG_4C000215FDA50693A4E24FB1AFCFC6EB0764782500010002D8,3.36,Yes,laptop,0.96,stationary
2328057,ANCHOR_01,52:06:26:03:01:DA,-76,MFG_4C000215FDA50693A4E24FB1AFCFC6EB0764782500010002D8,3.36,Yes,laptop,0.96,stationary
2329047,ANCHOR_01,52:06:26:03:01:DA,-77,MFG_4C000215FDA50693A4E24FB1AFCFC6EB0764782500010002D8,3.36,Yes,laptop,0.96,stationary
2330067,ANCHOR_01,52:06:26:03:01:DA,-59,MFG_4C000215FDA50693A4E24FB1AFCFC6EB0764782500010002D8,3.36,Yes,laptop,0.96,stationary
2331057,ANCHOR_01,52:06:26:03:01:DA,-59,MFG_4C000215FDA50693A4E24FB1AFCFC6EB0764782500010002D8,3.36,Yes,laptop,0.96,stationary
2332077,ANCHOR_01,52:06:26:03:01:DA,-62,MFG_4C000215FDA50693A4E24FB1AFCFC6EB0764782500010002D8,3.36,Yes,laptop,0.96,stationary
2333067,ANCHOR_01,52:06:26:03:01:DA,-61,MFG_4C000215FDA50693A4E24FB1AFCFC6EB0764782500010002D8,3.36,Yes,laptop,0.96,stationary
2334087,ANCHOR_01,52:06:26:03:01:DA,-77,MFG_4C000215FDA50693A4E24FB1AFCFC6EB0764782500010002D8,3.36,Yes,laptop,0.96,stationary
2335077,ANCHOR_01,52:06:26:03:01:DA,-77,MFG_4C000215FDA50693A4E24FB1AFCFC6EB0764782500010002D8,3.36,Yes,laptop,0.96,stationary
2336087,ANCHOR_01,52:06:26:03:01:DA,-60,MFG_4C000215FDA50693A4E24FB1AFCFC6EB0764782500010002D8,3.36,Yes,laptop,0.96,stationary
2338107,ANCHOR_01,52:06:26:03:01:DA,-61,MFG_4C000215FDA50693A4E24FB1AFCFC6EB0764782500010002D8,3.36,Yes,laptop,0.96,stationary
2339107,ANCHOR_01,52:06:26:03:01:DA,-77,MFG_4C000215FDA50693A4E24FB1AFCFC6EB0764782500010002D8,3.36,Yes,laptop,0.96,stationary
2340117,ANCHOR_01,52:06:26:03:01:DA,-77,MFG_4C000215FDA50693A4E24FB1AFCFC6EB0764782500010002D8,3.36,Yes,laptop,0.96,stationary
2341137,ANCHOR_01,52:06:26:03:01:DA,-60,MFG_4C000215FDA50693A4E24FB1AFCFC6EB0764782500010002D8,3.36,Yes,laptop,0.96,stationary
2342117,ANCHOR_01,52:06:26:03:01:DA,-59,MFG_4C000215FDA50693A4E24FB1AFCFC6EB0764782500010002D8,3.36,Yes,laptop,0.96,stationary
2343147,ANCHOR_01,52:06:26:03:01:DA,-61,MFG_4C000215FDA50693A4E24FB1AFCFC6EB0764782500010002D8,3.36,Yes,laptop,0.96,stationary
2344137,ANCHOR_01,52:06:26:03:01:DA,-62,MFG_4C000215FDA50693A4E24FB1AFCFC6EB0764782500010002D8,3.36,Yes,laptop,0.96,stationary
2345127,ANCHOR_01,52:06:26:03:01:DA,-61,MFG_4C000215FDA50693A4E24FB1AFCFC6EB0764782500010002D8,3.36,Yes,laptop,0.96,stationary
2346147,ANCHOR_01,52:06:26:03:01:DA,-77,MFG_4C000215FDA50693A4E24FB1AFCFC6EB0764782500010002D8,3.36,Yes,laptop,0.96,stationary
2347137,ANCHOR_01,52:06:26:03:01:DA,-78,MFG_4C000215FDA50693A4E24FB1AFCFC6EB0764782500010002D8,3.36,Yes,laptop,0.96,stationary
2348157,ANCHOR_01,52:06:26:03:01:DA,-59,MFG_4C000215FDA50693A4E24FB1AFCFC6EB0764782500010002D8,3.36,Yes,laptop,0.96,stationary
2349147,ANCHOR_01,52:06:26:03:01:DA,-60,MFG_4C000215FDA50693A4E24FB1AFCFC6EB0764782500010002D8,3.36,Yes,laptop,0.96,stationary
2350157,ANCHOR_01,52:06:26:03:01:DA,-61,MFG_4C000215FDA50693A4E24FB1AFCFC6EB0764782500010002D8,3.36,Yes,laptop,0.96,stationary
2351157,ANCHOR_01,52:06:26:03:01:DA,-62,MFG_4C000215FDA50693A4E24FB1AFCFC6EB0764782500010002D8,3.36,Yes,laptop,0.96,stationary
2353167,ANCHOR_01,52:06:26:03:01:DA,-78,MFG_4C000215FDA50693A4E24FB1AFCFC6EB0764782500010002D8,3.36,Yes,laptop,0.96,stationary
2354187,ANCHOR_01,52:06:26:03:01:DA,-60,MFG_4C000215FDA50693A4E24FB1AFCFC6EB0764782500010002D8,3.36,Yes,laptop,0.96,stationary
2355177,ANCHOR_01,52:06:26:03:01:DA,-59,MFG_4C000215FDA50693A4E24FB1AFCFC6EB0764782500010002D8,3.36,Yes,laptop,0.96,stationary
2356167,ANCHOR_01,52:06:26:03:01:DA,-59,MFG_4C000215FDA50693A4E24FB1AFCFC6EB0764782500010002D8,3.36,Yes,laptop,0.96,stationary
2357187,ANCHOR_01,52:06:26:03:01:DA,-62,MFG_4C000215FDA50693A4E24FB1AFCFC6EB0764782500010002D8,3.36,Yes,laptop,0.96,stationary
2359187,ANCHOR_01,52:06:26:03:01:DA,-77,MFG_4C000215FDA50693A4E24FB1AFCFC6EB0764782500010002D8,3.36,Yes,laptop,0.96,stationary
2361207,ANCHOR_01,52:06:26:03:01:DA,-60,MFG_4C000215FDA50693A4E24FB1AFCFC6EB0764782500010002D8,3.36,Yes,laptop,0.96,stationary
2362227,ANCHOR_01,52:06:26:03:01:DA,-61,MFG_4C000215FDA50693A4E24FB1AFCFC6EB0764782500010002D8,3.36,Yes,laptop,0.96,stationary
2363217,ANCHOR_01,52:06:26:03:01:DA,-61,MFG_4C000215FDA50693A4E24FB1AFCFC6EB0764782500010002D8,3.36,Yes,laptop,0.96,stationary
2364227,ANCHOR_01,52:06:26:03:01:DA,-77,MFG_4C000215FDA50693A4E24FB1AFCFC6EB0764782500010002D8,3.36,Yes,laptop,0.96,stationary
2365227,ANCHOR_01,52:06:26:03:01:DA,-77,MFG_4C000215FDA50693A4E24FB1AFCFC6EB0764782500010002D8,3.36,Yes,laptop,0.96,stationary
2366237,ANCHOR_01,52:06:26:03:01:DA,-60,MFG_4C000215FDA50693A4E24FB1AFCFC6EB0764782500010002D8,3.36,Yes,laptop,0.96,stationary
2367227,ANCHOR_01,52:06:26:03:01:DA,-59,MFG_4C000215FDA50693A4E24FB1AFCFC6EB0764782500010002D8,3.36,Yes,laptop,0.96,stationary
2368257,ANCHOR_01,52:06:26:03:01:DA,-62,MFG_4C000215FDA50693A4E24FB1AFCFC6EB0764782500010002D8,3.36,Yes,laptop,0.96,stationary
2369237,ANCHOR_01,52:06:26:03:01:DA,-61,MFG_4C000215FDA50693A4E24FB1AFCFC6EB0764782500010002D8,3.36,Yes,laptop,0.96,stationary
2370267,ANCHOR_01,52:06:26:03:01:DA,-77,MFG_4C000215FDA50693A4E24FB1AFCFC6EB0764782500010002D8,3.36,Yes,laptop,0.96,stationary
2371257,ANCHOR_01,52:06:26:03:01:DA,-77,MFG_4C000215FDA50693A4E24FB1AFCFC6EB0764782500010002D8,3.36,Yes,laptop,0.96,stationary
2372257,ANCHOR_01,52:06:26:03:01:DA,-59,MFG_4C000215FDA50693A4E24FB1AFCFC6EB0764782500010002D8,3.36,Yes,laptop,0.96,stationary
2373267,ANCHOR_01,52:06:26:03:01:DA,-60,MFG_4C000215FDA50693A4E24FB1AFCFC6EB0764782500010002D8,3.36,Yes,laptop,0.96,stationary
2375277,ANCHOR_01,52:06:26:03:01:DA,-61,MFG_4C000215FDA50693A4E24FB1AFCFC6EB0764782500010002D8,3.36,Yes,laptop,0.96,stationary
2376267,ANCHOR_01,52:06:26:03:01:DA,-61,MFG_4C000215FDA50693A4E24FB1AFCFC6EB0764782500010002D8,3.36,Yes,laptop,0.96,stationary
2377287,ANCHOR_01,52:06:26:03:01:DA,-77,MFG_4C000215FDA50693A4E24FB1AFCFC6EB0764782500010002D8,3.36,Yes,laptop,0.96,stationary
2379297,ANCHOR_01,52:06:26:03:01:DA,-59,MFG_4C000215FDA50693A4E24FB1AFCFC6EB0764782500010002D8,3.36,Yes,laptop,0.96,stationary
2380287,ANCHOR_01,52:06:26:03:01:DA,-59,MFG_4C000215FDA50693A4E24FB1AFCFC6EB0764782500010002D8,3.36,Yes,laptop,0.96,stationary
2381297,ANCHOR_01,52:06:26:03:01:DA,-61,MFG_4C000215FDA50693A4E24FB1AFCFC6EB0764782500010002D8,3.36,Yes,laptop,0.96,stationary
2382297,ANCHOR_01,52:06:26:03:01:DA,-61,MFG_4C000215FDA50693A4E24FB1AFCFC6EB0764782500010002D8,3.36,Yes,laptop,0.96,stationary
2383317,ANCHOR_01,52:06:26:03:01:DA,-77,MFG_4C000215FDA50693A4E24FB1AFCFC6EB0764782500010002D8,3.36,Yes,laptop,0.96,stationary
2384307,ANCHOR_01,52:06:26:03:01:DA,-76,MFG_4C000215FDA50693A4E24FB1AFCFC6EB0764782500010002D8,3.36,Yes,laptop,0.96,stationary
2385327,ANCHOR_01,52:06:26:03:01:DA,-60,MFG_4C000215FDA50693A4E24FB1AFCFC6EB0764782500010002D8,3.36,Yes,laptop,0.96,stationary
2386317,ANCHOR_01,52:06:26:03:01:DA,-60,MFG_4C000215FDA50693A4E24FB1AFCFC6EB0764782500010002D8,3.36,Yes,laptop,0.96,stationary
2387327,ANCHOR_01,52:06:26:03:01:DA,-61,MFG_4C000215FDA50693A4E24FB1AFCFC6EB0764782500010002D8,3.36,Yes,laptop,0.96,stationary
2388357,ANCHOR_01,52:06:26:03:01:DA,-76,MFG_4C000215FDA50693A4E24FB1AFCFC6EB0764782500010002D8,3.36,Yes,laptop,0.96,stationary
2389347,ANCHOR_01,52:06:26:03:01:DA,-76,MFG_4C000215FDA50693A4E24FB1AFCFC6EB0764782500010002D8,3.36,Yes,laptop,0.96,stationary
2390367,ANCHOR_01,52:06:26:03:01:DA,-60,MFG_4C000215FDA50693A4E24FB1AFCFC6EB0764782500010002D8,3.36,Yes,laptop,0.96,stationary
2391357,ANCHOR_01,52:06:26:03:01:DA,-60,MFG_4C000215FDA50693A4E24FB1AFCFC6EB0764782500010002D8,3.36,Yes,laptop,0.96,stationary
2393367,ANCHOR_01,52:06:26:03:01:DA,-61,MFG_4C000215FDA50693A4E24FB1AFCFC6EB0764782500010002D8,3.36,Yes,laptop,0.96,stationary
2394377,ANCHOR_01,52:06:26:03:01:DA,-78,MFG_4C000215FDA50693A4E24FB1AFCFC6EB0764782500010002D8,3.36,Yes,laptop,0.96,stationary
2395377,ANCHOR_01,52:06:26:03:01:DA,-77,MFG_4C000215FDA50693A4E24FB1AFCFC6EB0764782500010002D8,3.36,Yes,laptop,0.96,stationary
2396387,ANCHOR_01,52:06:26:03:01:DA,-61,MFG_4C000215FDA50693A4E24FB1AFCFC6EB0764782500010002D8,3.36,Yes,laptop,0.96,stationary
2397387,ANCHOR_01,52:06:26:03:01:DA,-60,MFG_4C000215FDA50693A4E24FB1AFCFC6EB0764782500010002D8,3.36,Yes,laptop,0.96,stationary
2398407,ANCHOR_01,52:06:26:03:01:DA,-62,MFG_4C000215FDA50693A4E24FB1AFCFC6EB0764782500010002D8,3.36,Yes,laptop,0.96,stationary
2399397,ANCHOR_01,52:06:26:03:01:DA,-62,MFG_4C000215FDA50693A4E24FB1AFCFC6EB0764782500010002D8,3.36,Yes,laptop,0.96,stationary
2400397,ANCHOR_01,52:06:26:03:01:DA,-78,MFG_4C000215FDA50693A4E24FB1AFCFC6EB0764782500010002D8,3.36,Yes,laptop,0.96,stationary
2401407,ANCHOR_01,52:06:26:03:01:DA,-77,MFG_4C000215FDA50693A4E24FB1AFCFC6EB0764782500010002D8,3.36,Yes,laptop,0.96,stationary
2402427,ANCHOR_01,52:06:26:03:01:DA,-59,MFG_4C000215FDA50693A4E24FB1AFCFC6EB0764782500010002D8,3.36,Yes,laptop,0.96,stationary
2403417,ANCHOR_01,52:06:26:03:01:DA,-60,MFG_4C000215FDA50693A4E24FB1AFCFC6EB0764782500010002D8,3.36,Yes,laptop,0.96,stationary
2404437,ANCHOR_01,52:06:26:03:01:DA,-61,MFG_4C000215FDA50693A4E24FB1AFCFC6EB0764782500010002D8,3.36,Yes,laptop,0.96,stationary
2406447,ANCHOR_01,52:06:26:03:01:DA,-78,MFG_4C000215FDA50693A4E24FB1AFCFC6EB0764782500010002D8,3.36,Yes,laptop,0.96,stationary
2407437,ANCHOR_01,52:06:26:03:01:DA,-81,MFG_4C000215FDA50693A4E24FB1AFCFC6EB0764782500010002D8,3.36,Yes,laptop,0.96,stationary
2408457,ANCHOR_01,52:06:26:03:01:DA,-60,MFG_4C000215FDA50693A4E24FB1AFCFC6EB0764782500010002D8,3.36,Yes,laptop,0.96,stationary
2409447,ANCHOR_01,52:06:26:03:01:DA,-59,MFG_4C000215FDA50693A4E24FB1AFCFC6EB0764782500010002D8,3.36,Yes,laptop,0.96,stationary
2410457,ANCHOR_01,52:06:26:03:01:DA,-61,MFG_4C000215FDA50693A4E24FB1AFCFC6EB0764782500010002D8,3.36,Yes,laptop,0.96,stationary
2411457,ANCHOR_01,52:06:26:03:01:DA,-61,MFG_4C000215FDA50693A4E24FB1AFCFC6EB0764782500010002D8,3.36,Yes,laptop,0.96,stationary
2412477,ANCHOR_01,52:06:26:03:01:DA,-76,MFG_4C000215FDA50693A4E24FB1AFCFC6EB0764782500010002D8,3.36,Yes,laptop,0.96,stationary
2413467,ANCHOR_01,52:06:26:03:01:DA,-75,MFG_4C000215FDA50693A4E24FB1AFCFC6EB0764782500010002D8,3.36,Yes,laptop,0.96,stationary
2414477,ANCHOR_01,52:06:26:03:01:DA,-59,MFG_4C000215FDA50693A4E24FB1AFCFC6EB0764782500010002D8,3.36,Yes,laptop,0.96,stationary
2415477,ANCHOR_01,52:06:26:03:01:DA,-59,MFG_4C000215FDA50693A4E24FB1AFCFC6EB0764782500010002D8,3.36,Yes,laptop,0.96,stationary
2416467,ANCHOR_01,52:06:26:03:01:DA,-58,MFG_4C000215FDA50693A4E24FB1AFCFC6EB0764782500010002D8,3.36,Yes,laptop,0.96,stationary
2417487,ANCHOR_01,52:06:26:03:01:DA,-61,MFG_4C000215FDA50693A4E24FB1AFCFC6EB0764782500010002D8,3.36,Yes,laptop,0.96,stationary
2418477,ANCHOR_01,52:06:26:03:01:DA,-61,MFG_4C000215FDA50693A4E24FB1AFCFC6EB0764782500010002D8,3.36,Yes,laptop,0.96,stationary
2419497,ANCHOR_01,52:06:26:03:01:DA,-75,MFG_4C000215FDA50693A4E24FB1AFCFC6EB0764782500010002D8,3.36,Yes,laptop,0.96,stationary
2421507,ANCHOR_01,52:06:26:03:01:DA,-58,MFG_4C000215FDA50693A4E24FB1AFCFC6EB0764782500010002D8,3.36,Yes,laptop,0.96,stationary
2423517,ANCHOR_01,52:06:26:03:01:DA,-61,MFG_4C000215FDA50693A4E24FB1AFCFC6EB0764782500010002D8,3.36,Yes,laptop,0.96,stationary
2425527,ANCHOR_01,52:06:26:03:01:DA,-76,MFG_4C000215FDA50693A4E24FB1AFCFC6EB0764782500010002D8,3.36,Yes,laptop,0.96,stationary
2427537,ANCHOR_01,52:06:26:03:01:DA,-59,MFG_4C000215FDA50693A4E24FB1AFCFC6EB0764782500010002D8,3.36,Yes,laptop,0.96,stationary
2428527,ANCHOR_01,52:06:26:03:01:DA,-58,MFG_4C000215FDA50693A4E24FB1AFCFC6EB0764782500010002D8,3.36,Yes,laptop,0.96,stationary
2429547,ANCHOR_01,52:06:26:03:01:DA,-61,MFG_4C000215FDA50693A4E24FB1AFCFC6EB0764782500010002D8,3.36,Yes,laptop,0.96,stationary
2430537,ANCHOR_01,52:06:26:03:01:DA,-61,MFG_4C000215FDA50693A4E24FB1AFCFC6EB0764782500010002D8,3.36,Yes,laptop,0.96,stationary
2431557,ANCHOR_01,52:06:26:03:01:DA,-77,MFG_4C000215FDA50693A4E24FB1AFCFC6EB0764782500010002D8,3.36,Yes,laptop,0.96,stationary
2432547,ANCHOR_01,52:06:26:03:01:DA,-75,MFG_4C000215FDA50693A4E24FB1AFCFC6EB0764782500010002D8,3.36,Yes,laptop,0.96,stationary
2433557,ANCHOR_01,52:06:26:03:01:DA,-59,MFG_4C000215FDA50693A4E24FB1AFCFC6EB0764782500010002D8,3.36,Yes,laptop,0.96,stationary
2435577,ANCHOR_01,52:06:26:03:01:DA,-61,MFG_4C000215FDA50693A4E24FB1AFCFC6EB0764782500010002D8,3.36,Yes,laptop,0.96,stationary
2437587,ANCHOR_01,52:06:26:03:01:DA,-76,MFG_4C000215FDA50693A4E24FB1AFCFC6EB0764782500010002D8,3.36,Yes,laptop,0.96,stationary
2438577,ANCHOR_01,52:06:26:03:01:DA,-76,MFG_4C000215FDA50693A4E24FB1AFCFC6EB0764782500010002D8,3.36,Yes,laptop,0.96,stationary
2439597,ANCHOR_01,52:06:26:03:01:DA,-59,MFG_4C000215FDA50693A4E24FB1AFCFC6EB0764782500010002D8,3.36,Yes,laptop,0.96,stationary
2440587,ANCHOR_01,52:06:26:03:01:DA,-58,MFG_4C000215FDA50693A4E24FB1AFCFC6EB0764782500010002D8,3.36,Yes,laptop,0.96,stationary
2441587,ANCHOR_01,52:06:26:03:01:DA,-61,MFG_4C000215FDA50693A4E24FB1AFCFC6EB0764782500010002D8,3.36,Yes,laptop,0.96,stationary
2442597,ANCHOR_01,52:06:26:03:01:DA,-61,MFG_4C000215FDA50693A4E24FB1AFCFC6EB0764782500010002D8,3.36,Yes,laptop,0.96,stationary
2443617,ANCHOR_01,52:06:26:03:01:DA,-77,MFG_4C000215FDA50693A4E24FB1AFCFC6EB0764782500010002D8,3.36,Yes,laptop,0.96,stationary
2444607,ANCHOR_01,52:06:26:03:01:DA,-76,MFG_4C000215FDA50693A4E24FB1AFCFC6EB0764782500010002D8,3.36,Yes,laptop,0.96,stationary
2445627,ANCHOR_01,52:06:26:03:01:DA,-59,MFG_4C000215FDA50693A4E24FB1AFCFC6EB0764782500010002D8,3.36,Yes,laptop,0.96,stationary
2446617,ANCHOR_01,52:06:26:03:01:DA,-59,MFG_4C000215FDA50693A4E24FB1AFCFC6EB0764782500010002D8,3.36,Yes,laptop,0.96,stationary
2447637,ANCHOR_01,52:06:26:03:01:DA,-61,MFG_4C000215FDA50693A4E24FB1AFCFC6EB0764782500010002D8,3.36,Yes,laptop,0.96,stationary
2448627,ANCHOR_01,52:06:26:03:01:DA,-61,MFG_4C000215FDA50693A4E24FB1AFCFC6EB0764782500010002D8,3.36,Yes,laptop,0.96,stationary
2449647,ANCHOR_01,52:06:26:03:01:DA,-77,MFG_4C000215FDA50693A4E24FB1AFCFC6EB0764782500010002D8,3.36,Yes,laptop,0.96,stationary
2450637,ANCHOR_01,52:06:26:03:01:DA,-77,MFG_4C000215FDA50693A4E24FB1AFCFC6EB0764782500010002D8,3.36,Yes,laptop,0.96,stationary
2451657,ANCHOR_01,52:06:26:03:01:DA,-59,MFG_4C000215FDA50693A4E24FB1AFCFC6EB0764782500010002D8,3.36,Yes,laptop,0.96,stationary
2452647,ANCHOR_01,52:06:26:03:01:DA,-59,MFG_4C000215FDA50693A4E24FB1AFCFC6EB0764782500010002D8,3.36,Yes,laptop,0.96,stationary
2453667,ANCHOR_01,52:06:26:03:01:DA,-61,MFG_4C000215FDA50693A4E24FB1AFCFC6EB0764782500010002D8,3.36,Yes,laptop,0.96,stationary
2454657,ANCHOR_01,52:06:26:03:01:DA,-61,MFG_4C000215FDA50693A4E24FB1AFCFC6EB0764782500010002D8,3.36,Yes,laptop,0.96,stationary
2455677,ANCHOR_01,52:06:26:03:01:DA,-76,MFG_4C000215FDA50693A4E24FB1AFCFC6EB0764782500010002D8,3.36,Yes,laptop,0.96,stationary
2456667,ANCHOR_01,52:06:26:03:01:DA,-76,MFG_4C000215FDA50693A4E24FB1AFCFC6EB0764782500010002D8,3.36,Yes,laptop,0.96,stationary
2458677,ANCHOR_01,52:06:26:03:01:DA,-58,MFG_4C000215FDA50693A4E24FB1AFCFC6EB0764782500010002D8,3.36,Yes,laptop,0.96,stationary
2459667,ANCHOR_01,52:06:26:03:01:DA,-59,MFG_4C000215FDA50693A4E24FB1AFCFC6EB0764782500010002D8,3.36,Yes,laptop,0.96,stationary
2460677,ANCHOR_01,52:06:26:03:01:DA,-61,MFG_4C000215FDA50693A4E24FB1AFCFC6EB0764782500010002D8,3.36,Yes,laptop,0.96,stationary
2462697,ANCHOR_01,52:06:26:03:01:DA,-77,MFG_4C000215FDA50693A4E24FB1AFCFC6EB0764782500010002D8,3.36,Yes,laptop,0.96,stationary
2463687,ANCHOR_01,52:06:26:03:01:DA,-77,MFG_4C000215FDA50693A4E24FB1AFCFC6EB0764782500010002D8,3.36,Yes,laptop,0.96,stationary
2464707,ANCHOR_01,52:06:26:03:01:DA,-59,MFG_4C000215FDA50693A4E24FB1AFCFC6EB0764782500010002D8,3.36,Yes,laptop,0.96,stationary
2465727,ANCHOR_01,52:06:26:03:01:DA,-61,MFG_4C000215FDA50693A4E24FB1AFCFC6EB0764782500010002D8,3.36,Yes,laptop,0.96,stationary
2466707,ANCHOR_01,52:06:26:03:01:DA,-60,MFG_4C000215FDA50693A4E24FB1AFCFC6EB0764782500010002D8,3.36,Yes,laptop,0.96,stationary
2467707,ANCHOR_01,52:06:26:03:01:DA,-61,MFG_4C000215FDA50693A4E24FB1AFCFC6EB0764782500010002D8,3.36,Yes,laptop,0.96,stationary
2468727,ANCHOR_01,52:06:26:03:01:DA,-75,MFG_4C000215FDA50693A4E24FB1AFCFC6EB0764782500010002D8,3.36,Yes,laptop,0.96,stationary
2469717,ANCHOR_01,52:06:26:03:01:DA,-76,MFG_4C000215FDA50693A4E24FB1AFCFC6EB0764782500010002D8,3.36,Yes,laptop,0.96,stationary
2470737,ANCHOR_01,52:06:26:03:01:DA,-59,MFG_4C000215FDA50693A4E24FB1AFCFC6EB0764782500010002D8,3.36,Yes,laptop,0.96,stationary
2471727,ANCHOR_01,52:06:26:03:01:DA,-59,MFG_4C000215FDA50693A4E24FB1AFCFC6EB0764782500010002D8,3.36,Yes,laptop,0.96,stationary
2472747,ANCHOR_01,52:06:26:03:01:DA,-61,MFG_4C000215FDA50693A4E24FB1AFCFC6EB0764782500010002D8,3.36,Yes,laptop,0.96,stationary
2473737,ANCHOR_01,52:06:26:03:01:DA,-61,MFG_4C000215FDA50693A4E24FB1AFCFC6EB0764782500010002D8,3.36,Yes,laptop,0.96,stationary
2474757,ANCHOR_01,52:06:26:03:01:DA,-76,MFG_4C000215FDA50693A4E24FB1AFCFC6EB0764782500010002D8,3.36,Yes,laptop,0.96,stationary
2475747,ANCHOR_01,52:06:26:03:01:DA,-76,MFG_4C000215FDA50693A4E24FB1AFCFC6EB0764782500010002D8,3.36,Yes,laptop,0.96,stationary
2476757,ANCHOR_01,52:06:26:03:01:DA,-59,MFG_4C000215FDA50693A4E24FB1AFCFC6EB0764782500010002D8,3.36,Yes,laptop,0.96,stationary
2477757,ANCHOR_01,52:06:26:03:01:DA,-59,MFG_4C000215FDA50693A4E24FB1AFCFC6EB0764782500010002D8,3.36,Yes,laptop,0.96,stationary
2478777,ANCHOR_01,52:06:26:03:01:DA,-61,MFG_4C000215FDA50693A4E24FB1AFCFC6EB0764782500010002D8,3.36,Yes,laptop,0.96,stationary
2479767,ANCHOR_01,52:06:26:03:01:DA,-61,MFG_4C000215FDA50693A4E24FB1AFCFC6EB0764782500010002D8,3.36,Yes,laptop,0.96,stationary
2480787,ANCHOR_01,52:06:26:03:01:DA,-77,MFG_4C000215FDA50693A4E24FB1AFCFC6EB0764782500010002D8,3.36,Yes,laptop,0.96,stationary
2481767,ANCHOR_01,52:06:26:03:01:DA,-76,MFG_4C000215FDA50693A4E24FB1AFCFC6EB0764782500010002D8,3.36,Yes,laptop,0.96,stationary
2483777,ANCHOR_01,52:06:26:03:01:DA,-60,MFG_4C000215FDA50693A4E24FB1AFCFC6EB0764782500010002D8,3.36,Yes,laptop,0.96,stationary
2485797,ANCHOR_01,52:06:26:03:01:DA,-61,MFG_4C000215FDA50693A4E24FB1AFCFC6EB0764782500010002D8,3.36,Yes,laptop,0.96,stationary
2487797,ANCHOR_01,52:06:26:03:01:DA,-76,MFG_4C000215FDA50693A4E24FB1AFCFC6EB0764782500010002D8,3.36,Yes,laptop,0.96,stationary
2488797,ANCHOR_01,52:06:26:03:01:DA,-77,MFG_4C000215FDA50693A4E24FB1AFCFC6EB0764782500010002D8,3.36,Yes,laptop,0.96,stationary
2489817,ANCHOR_01,52:06:26:03:01:DA,-58,MFG_4C000215FDA50693A4E24FB1AFCFC6EB0764782500010002D8,3.36,Yes,laptop,0.96,stationary
2490817,ANCHOR_01,52:06:26:03:01:DA,-61,MFG_4C000215FDA50693A4E24FB1AFCFC6EB0764782500010002D8,3.36,Yes,laptop,0.96,stationary
2491817,ANCHOR_01,52:06:26:03:01:DA,-61,MFG_4C000215FDA50693A4E24FB1AFCFC6EB0764782500010002D8,3.36,Yes,laptop,0.96,stationary
2492817,ANCHOR_01,52:06:26:03:01:DA,-61,MFG_4C000215FDA50693A4E24FB1AFCFC6EB0764782500010002D8,3.36,Yes,laptop,0.96,stationary
2493827,ANCHOR_01,52:06:26:03:01:DA,-76,MFG_4C000215FDA50693A4E24FB1AFCFC6EB0764782500010002D8,3.36,Yes,laptop,0.96,stationary
2494827,ANCHOR_01,52:06:26:03:01:DA,-76,MFG_4C000215FDA50693A4E24FB1AFCFC6EB0764782500010002D8,3.36,Yes,laptop,0.96,stationary
2495847,ANCHOR_01,52:06:26:03:01:DA,-58,MFG_4C000215FDA50693A4E24FB1AFCFC6EB0764782500010002D8,3.36,Yes,laptop,0.96,stationary
2496837,ANCHOR_01,52:06:26:03:01:DA,-58,MFG_4C000215FDA50693A4E24FB1AFCFC6EB0764782500010002D8,3.36,Yes,laptop,0.96,stationary
2497857,ANCHOR_01,52:06:26:03:01:DA,-61,MFG_4C000215FDA50693A4E24FB1AFCFC6EB0764782500010002D8,3.36,Yes,laptop,0.96,stationary
2498847,ANCHOR_01,52:06:26:03:01:DA,-61,MFG_4C000215FDA50693A4E24FB1AFCFC6EB0764782500010002D8,3.36,Yes,laptop,0.96,stationary
2500857,ANCHOR_01,52:06:26:03:01:DA,-77,MFG_4C000215FDA50693A4E24FB1AFCFC6EB0764782500010002D8,3.36,Yes,laptop,0.96,stationary
2502867,ANCHOR_01,52:06:26:03:01:DA,-59,MFG_4C000215FDA50693A4E24FB1AFCFC6EB0764782500010002D8,3.36,Yes,laptop,0.96,stationary
2503847,ANCHOR_01,52:06:26:03:01:DA,-59,MFG_4C000215FDA50693A4E24FB1AFCFC6EB0764782500010002D8,3.36,Yes,laptop,0.96,stationary
2504877,ANCHOR_01,52:06:26:03:01:DA,-61,MFG_4C000215FDA50693A4E24FB1AFCFC6EB0764782500010002D8,3.36,Yes,laptop,0.96,stationary
2505867,ANCHOR_01,52:06:26:03:01:DA,-61,MFG_4C000215FDA50693A4E24FB1AFCFC6EB0764782500010002D8,3.36,Yes,laptop,0.96,stationary
2506877,ANCHOR_01,52:06:26:03:01:DA,-76,MFG_4C000215FDA50693A4E24FB1AFCFC6EB0764782500010002D8,3.36,Yes,laptop,0.96,stationary
2507877,ANCHOR_01,52:06:26:03:01:DA,-76,MFG_4C000215FDA50693A4E24FB1AFCFC6EB0764782500010002D8,3.36,Yes,laptop,0.96,stationary
2508897,ANCHOR_01,52:06:26:03:01:DA,-58,MFG_4C000215FDA50693A4E24FB1AFCFC6EB0764782500010002D8,3.36,Yes,laptop,0.96,stationary
2509887,ANCHOR_01,52:06:26:03:01:DA,-58,MFG_4C000215FDA50693A4E24FB1AFCFC6EB0764782500010002D8,3.36,Yes,laptop,0.96,stationary
2510907,ANCHOR_01,52:06:26:03:01:DA,-61,MFG_4C000215FDA50693A4E24FB1AFCFC6EB0764782500010002D8,3.36,Yes,laptop,0.96,stationary
2511897,ANCHOR_01,52:06:26:03:01:DA,-61,MFG_4C000215FDA50693A4E24FB1AFCFC6EB0764782500010002D8,3.36,Yes,laptop,0.96,stationary
2512897,ANCHOR_01,52:06:26:03:01:DA,-76,MFG_4C000215FDA50693A4E24FB1AFCFC6EB0764782500010002D8,3.36,Yes,laptop,0.96,stationary
2513897,ANCHOR_01,52:06:26:03:01:DA,-76,MFG_4C000215FDA50693A4E24FB1AFCFC6EB0764782500010002D8,3.36,Yes,laptop,0.96,stationary
2515917,ANCHOR_01,52:06:26:03:01:DA,-58,MFG_4C000215FDA50693A4E24FB1AFCFC6EB0764782500010002D8,3.36,Yes,laptop,0.96,stationary
2516937,ANCHOR_01,52:06:26:03:01:DA,-61,MFG_4C000215FDA50693A4E24FB1AFCFC6EB0764782500010002D8,3.36,Yes,laptop,0.96,stationary
2517917,ANCHOR_01,52:06:26:03:01:DA,-61,MFG_4C000215FDA50693A4E24FB1AFCFC6EB0764782500010002D8,3.36,Yes,laptop,0.96,stationary
2518947,ANCHOR_01,52:06:26:03:01:DA,-76,MFG_4C000215FDA50693A4E24FB1AFCFC6EB0764782500010002D8,3.36,Yes,laptop,0.96,stationary
2519937,ANCHOR_01,52:06:26:03:01:DA,-77,MFG_4C000215FDA50693A4E24FB1AFCFC6EB0764782500010002D8,3.36,Yes,laptop,0.96,stationary
2520957,ANCHOR_01,52:06:26:03:01:DA,-59,MFG_4C000215FDA50693A4E24FB1AFCFC6EB0764782500010002D8,3.36,Yes,laptop,0.96,stationary
2521947,ANCHOR_01,52:06:26:03:01:DA,-58,MFG_4C000215FDA50693A4E24FB1AFCFC6EB0764782500010002D8,3.36,Yes,laptop,0.96,stationary
2522967,ANCHOR_01,52:06:26:03:01:DA,-61,MFG_4C000215FDA50693A4E24FB1AFCFC6EB0764782500010002D8,3.36,Yes,laptop,0.96,stationary
2523957,ANCHOR_01,52:06:26:03:01:DA,-61,MFG_4C000215FDA50693A4E24FB1AFCFC6EB0764782500010002D8,3.36,Yes,laptop,0.96,stationary
2524957,ANCHOR_01,52:06:26:03:01:DA,-76,MFG_4C000215FDA50693A4E24FB1AFCFC6EB0764782500010002D8,3.36,Yes,laptop,0.96,stationary
2525967,ANCHOR_01,52:06:26:03:01:DA,-76,MFG_4C000215FDA50693A4E24FB1AFCFC6EB0764782500010002D8,3.36,Yes,laptop,0.96,stationary
2527977,ANCHOR_01,52:06:26:03:01:DA,-58,MFG_4C000215FDA50693A4E24FB1AFCFC6EB0764782500010002D8,3.36,Yes,laptop,0.96,stationary
2528967,ANCHOR_01,52:06:26:03:01:DA,-59,MFG_4C000215FDA50693A4E24FB1AFCFC6EB0764782500010002D8,3.36,Yes,laptop,0.96,stationary
2529977,ANCHOR_01,52:06:26:03:01:DA,-61,MFG_4C000215FDA50693A4E24FB1AFCFC6EB0764782500010002D8,3.36,Yes,laptop,0.96,stationary
2531007,ANCHOR_01,52:06:26:03:01:DA,-76,MFG_4C000215FDA50693A4E24FB1AFCFC6EB0764782500010002D8,3.36,Yes,laptop,0.96,stationary
2531997,ANCHOR_01,52:06:26:03:01:DA,-76,MFG_4C000215FDA50693A4E24FB1AFCFC6EB0764782500010002D8,3.36,Yes,laptop,0.96,stationary
2533017,ANCHOR_01,52:06:26:03:01:DA,-58,MFG_4C000215FDA50693A4E24FB1AFCFC6EB0764782500010002D8,3.36,Yes,laptop,0.96,stationary
2534007,ANCHOR_01,52:06:26:03:01:DA,-59,MFG_4C000215FDA50693A4E24FB1AFCFC6EB0764782500010002D8,3.36,Yes,laptop,0.96,stationary
2535027,ANCHOR_01,52:06:26:03:01:DA,-61,MFG_4C000215FDA50693A4E24FB1AFCFC6EB0764782500010002D8,3.36,Yes,laptop,0.96,stationary
2536017,ANCHOR_01,52:06:26:03:01:DA,-61,MFG_4C000215FDA50693A4E24FB1AFCFC6EB0764782500010002D8,3.36,Yes,laptop,0.96,stationary
2537027,ANCHOR_01,52:06:26:03:01:DA,-76,MFG_4C000215FDA50693A4E24FB1AFCFC6EB0764782500010002D8,3.36,Yes,laptop,0.96,stationary
2538027,ANCHOR_01,52:06:26:03:01:DA,-76,MFG_4C000215FDA50693A4E24FB1AFCFC6EB0764782500010002D8,3.36,Yes,laptop,0.96,stationary
2539047,ANCHOR_01,52:06:26:03:01:DA,-59,MFG_4C000215FDA50693A4E24FB1AFCFC6EB0764782500010002D8,3.36,Yes,laptop,0.96,stationary
2540037,ANCHOR_01,52:06:26:03:01:DA,-59,MFG_4C000215FDA50693A4E24FB1AFCFC6EB0764782500010002D8,3.36,Yes,laptop,0.96,stationary
2541057,ANCHOR_01,52:06:26:03:01:DA,-61,MFG_4C000215FDA50693A4E24FB1AFCFC6EB0764782500010002D8,3.36,Yes,laptop,0.96,stationary
2542047,ANCHOR_01,52:06:26:03:01:DA,-61,MFG_4C000215FDA50693A4E24FB1AFCFC6EB0764782500010002D8,3.36,Yes,laptop,0.96,stationary
2543067,ANCHOR_01,52:06:26:03:01:DA,-76,MFG_4C000215FDA50693A4E24FB1AFCFC6EB0764782500010002D8,3.36,Yes,laptop,0.96,stationary
2544057,ANCHOR_01,52:06:26:03:01:DA,-76,MFG_4C000215FDA50693A4E24FB1AFCFC6EB0764782500010002D8,3.36,Yes,laptop,0.96,stationary
2546057,ANCHOR_01,52:06:26:03:01:DA,-58,MFG_4C000215FDA50693A4E24FB1AFCFC6EB0764782500010002D8,3.36,Yes,laptop,0.96,stationary
2547067,ANCHOR_01,52:06:26:03:01:DA,-61,MFG_4C000215FDA50693A4E24FB1AFCFC6EB0764782500010002D8,3.36,Yes,laptop,0.96,stationary
2548077,ANCHOR_01,52:06:26:03:01:DA,-61,MFG_4C000215FDA50693A4E24FB1AFCFC6EB0764782500010002D8,3.36,Yes,laptop,0.96,stationary
2549087,ANCHOR_01,52:06:26:03:01:DA,-78,MFG_4C000215FDA50693A4E24FB1AFCFC6EB0764782500010002D8,3.36,Yes,laptop,0.96,stationary
2550087,ANCHOR_01,52:06:26:03:01:DA,-76,MFG_4C000215FDA50693A4E24FB1AFCFC6EB0764782500010002D8,3.36,Yes,laptop,0.96,stationary
2551107,ANCHOR_01,52:06:26:03:01:DA,-59,MFG_4C000215FDA50693A4E24FB1AFCFC6EB0764782500010002D8,3.36,Yes,laptop,0.96,stationary
2552097,ANCHOR_01,52:06:26:03:01:DA,-59,MFG_4C000215FDA50693A4E24FB1AFCFC6EB0764782500010002D8,3.36,Yes,laptop,0.96,stationary
2553107,ANCHOR_01,52:06:26:03:01:DA,-61,MFG_4C000215FDA50693A4E24FB1AFCFC6EB0764782500010002D8,3.36,Yes,laptop,0.96,stationary
2554107,ANCHOR_01,52:06:26:03:01:DA,-61,MFG_4C000215FDA50693A4E24FB1AFCFC6EB0764782500010002D8,3.36,Yes,laptop,0.96,stationary
2555127,ANCHOR_01,52:06:26:03:01:DA,-76,MFG_4C000215FDA50693A4E24FB1AFCFC6EB0764782500010002D8,3.36,Yes,laptop,0.96,stationary
2556117,ANCHOR_01,52:06:26:03:01:DA,-75,MFG_4C000215FDA50693A4E24FB1AFCFC6EB0764782500010002D8,3.36,Yes,laptop,0.96,stationary
2557137,ANCHOR_01,52:06:26:03:01:DA,-59,MFG_4C000215FDA50693A4E24FB1AFCFC6EB0764782500010002D8,3.36,Yes,laptop,0.96,stationary
2558127,ANCHOR_01,52:06:26:03:01:DA,-59,MFG_4C000215FDA50693A4E24FB1AFCFC6EB0764782500010002D8,3.36,Yes,laptop,0.96,stationary
2559147,ANCHOR_01,52:06:26:03:01:DA,-61,MFG_4C000215FDA50693A4E24FB1AFCFC6EB0764782500010002D8,3.36,Yes,laptop,0.96,stationary
2560137,ANCHOR_01,52:06:26:03:01:DA,-61,MFG_4C000215FDA50693A4E24FB1AFCFC6EB0764782500010002D8,3.36,Yes,laptop,0.96,stationary
2561147,ANCHOR_01,52:06:26:03:01:DA,-76,MFG_4C000215FDA50693A4E24FB1AFCFC6EB0764782500010002D8,3.36,Yes,laptop,0.96,stationary
2562147,ANCHOR_01,52:06:26:03:01:DA,-76,MFG_4C000215FDA50693A4E24FB1AFCFC6EB0764782500010002D8,3.36,Yes,laptop,0.96,stationary
2563147,ANCHOR_01,52:06:26:03:01:DA,-59,MFG_4C000215FDA50693A4E24FB1AFCFC6EB0764782500010002D8,3.36,Yes,laptop,0.96,stationary
2564157,ANCHOR_01,52:06:26:03:01:DA,-59,MFG_4C000215FDA50693A4E24FB1AFCFC6EB0764782500010002D8,3.36,Yes,laptop,0.96,stationary
2566167,ANCHOR_01,52:06:26:03:01:DA,-61,MFG_4C000215FDA50693A4E24FB1AFCFC6EB0764782500010002D8,3.36,Yes,laptop,0.96,stationary
2567177,ANCHOR_01,52:06:26:03:01:DA,-77,MFG_4C000215FDA50693A4E24FB1AFCFC6EB0764782500010002D8,3.36,Yes,laptop,0.96,stationary
2568177,ANCHOR_01,52:06:26:03:01:DA,-76,MFG_4C000215FDA50693A4E24FB1AFCFC6EB0764782500010002D8,3.36,Yes,laptop,0.96,stationary
2570187,ANCHOR_01,52:06:26:03:01:DA,-60,MFG_4C000215FDA50693A4E24FB1AFCFC6EB0764782500010002D8,3.36,Yes,laptop,0.96,stationary
2571177,ANCHOR_01,52:06:26:03:01:DA,-59,MFG_4C000215FDA50693A4E24FB1AFCFC6EB0764782500010002D8,3.36,Yes,laptop,0.96,stationary
2572197,ANCHOR_01,52:06:26:03:01:DA,-61,MFG_4C000215FDA50693A4E24FB1AFCFC6EB0764782500010002D8,3.36,Yes,laptop,0.96,stationary
2573187,ANCHOR_01,52:06:26:03:01:DA,-61,MFG_4C000215FDA50693A4E24FB1AFCFC6EB0764782500010002D8,3.36,Yes,laptop,0.96,stationary
2574207,ANCHOR_01,52:06:26:03:01:DA,-76,MFG_4C000215FDA50693A4E24FB1AFCFC6EB0764782500010002D8,3.36,Yes,laptop,0.96,stationary
2576217,ANCHOR_01,52:06:26:03:01:DA,-59,MFG_4C000215FDA50693A4E24FB1AFCFC6EB0764782500010002D8,3.36,Yes,laptop,0.96,stationary
2577207,ANCHOR_01,52:06:26:03:01:DA,-59,MFG_4C000215FDA50693A4E24FB1AFCFC6EB0764782500010002D8,3.36,Yes,laptop,0.96,stationary
2578227,ANCHOR_01,52:06:26:03:01:DA,-61,MFG_4C000215FDA50693A4E24FB1AFCFC6EB0764782500010002D8,3.36,Yes,laptop,0.96,stationary
2579217,ANCHOR_01,52:06:26:03:01:DA,-61,MFG_4C000215FDA50693A4E24FB1AFCFC6EB0764782500010002D8,3.36,Yes,laptop,0.96,stationary
2580237,ANCHOR_01,52:06:26:03:01:DA,-77,MFG_4C000215FDA50693A4E24FB1AFCFC6EB0764782500010002D8,3.36,Yes,laptop,0.96,stationary
2581227,ANCHOR_01,52:06:26:03:01:DA,-76,MFG_4C000215FDA50693A4E24FB1AFCFC6EB0764782500010002D8,3.36,Yes,laptop,0.96,stationary
2582247,ANCHOR_01,52:06:26:03:01:DA,-59,MFG_4C000215FDA50693A4E24FB1AFCFC6EB0764782500010002D8,3.36,Yes,laptop,0.96,stationary
2583237,ANCHOR_01,52:06:26:03:01:DA,-59,MFG_4C000215FDA50693A4E24FB1AFCFC6EB0764782500010002D8,3.36,Yes,laptop,0.96,stationary
2584257,ANCHOR_01,52:06:26:03:01:DA,-61,MFG_4C000215FDA50693A4E24FB1AFCFC6EB0764782500010002D8,3.36,Yes,laptop,0.96,stationary
2585247,ANCHOR_01,52:06:26:03:01:DA,-61,MFG_4C000215FDA50693A4E24FB1AFCFC6EB0764782500010002D8,3.36,Yes,laptop,0.96,stationary
2586257,ANCHOR_01,52:06:26:03:01:DA,-76,MFG_4C000215FDA50693A4E24FB1AFCFC6EB0764782500010002D8,3.36,Yes,laptop,0.96,stationary
2588277,ANCHOR_01,52:06:26:03:01:DA,-60,MFG_4C000215FDA50693A4E24FB1AFCFC6EB0764782500010002D8,3.36,Yes,laptop,0.96,stationary
2589277,ANCHOR_01,52:06:26:03:01:DA,-61,MFG_4C000215FDA50693A4E24FB1AFCFC6EB0764782500010002D8,3.36,Yes,laptop,0.96,stationary
2590287,ANCHOR_01,52:06:26:03:01:DA,-61,MFG_4C000215FDA50693A4E24FB1AFCFC6EB0764782500010002D8,3.36,Yes,laptop,0.96,stationary
2591307,ANCHOR_01,52:06:26:03:01:DA,-77,MFG_4C000215FDA50693A4E24FB1AFCFC6EB0764782500010002D8,3.36,Yes,laptop,0.96,stationary
2592297,ANCHOR_01,52:06:26:03:01:DA,-76,MFG_4C000215FDA50693A4E24FB1AFCFC6EB0764782500010002D8,3.36,Yes,laptop,0.96,stationary
2593317,ANCHOR_01,52:06:26:03:01:DA,-59,MFG_4C000215FDA50693A4E24FB1AFCFC6EB0764782500010002D8,3.36,Yes,laptop,0.96,stationary
2594307,ANCHOR_01,52:06:26:03:01:DA,-59,MFG_4C000215FDA50693A4E24FB1AFCFC6EB0764782500010002D8,3.36,Yes,laptop,0.96,stationary
2595327,ANCHOR_01,52:06:26:03:01:DA,-61,MFG_4C000215FDA50693A4E24FB1AFCFC6EB0764782500010002D8,3.36,Yes,laptop,0.96,stationary
2596307,ANCHOR_01,52:06:26:03:01:DA,-61,MFG_4C000215FDA50693A4E24FB1AFCFC6EB0764782500010002D8,3.36,Yes,laptop,0.96,stationary
2597337,ANCHOR_01,52:06:26:03:01:DA,-76,MFG_4C000215FDA50693A4E24FB1AFCFC6EB0764782500010002D8,3.36,Yes,laptop,0.96,stationary
2598327,ANCHOR_01,52:06:26:03:01:DA,-76,MFG_4C000215FDA50693A4E24FB1AFCFC6EB0764782500010002D8,3.36,Yes,laptop,0.96,stationary
2599347,ANCHOR_01,52:06:26:03:01:DA,-59,MFG_4C000215FDA50693A4E24FB1AFCFC6EB0764782500010002D8,3.36,Yes,laptop,0.96,stationary
2600337,ANCHOR_01,52:06:26:03:01:DA,-59,MFG_4C000215FDA50693A4E24FB1AFCFC6EB0764782500010002D8,3.36,Yes,laptop,0.96,stationary
2601357,ANCHOR_01,52:06:26:03:01:DA,-61,MFG_4C000215FDA50693A4E24FB1AFCFC6EB0764782500010002D8,3.36,Yes,laptop,0.96,stationary
2602347,ANCHOR_01,52:06:26:03:01:DA,-61,MFG_4C000215FDA50693A4E24FB1AFCFC6EB0764782500010002D8,3.36,Yes,laptop,0.96,stationary
2603367,ANCHOR_01,52:06:26:03:01:DA,-77,MFG_4C000215FDA50693A4E24FB1AFCFC6EB0764782500010002D8,3.36,Yes,laptop,0.96,stationary
2604357,ANCHOR_01,52:06:26:03:01:DA,-76,MFG_4C000215FDA50693A4E24FB1AFCFC6EB0764782500010002D8,3.36,Yes,laptop,0.96,stationary
2605367,ANCHOR_01,52:06:26:03:01:DA,-59,MFG_4C000215FDA50693A4E24FB1AFCFC6EB0764782500010002D8,3.36,Yes,laptop,0.96,stationary
2606367,ANCHOR_01,52:06:26:03:01:DA,-59,MFG_4C000215FDA50693A4E24FB1AFCFC6EB0764782500010002D8,3.36,Yes,laptop,0.96,stationary
2607387,ANCHOR_01,52:06:26:03:01:DA,-61,MFG_4C000215FDA50693A4E24FB1AFCFC6EB0764782500010002D8,3.36,Yes,laptop,0.96,stationary
2608377,ANCHOR_01,52:06:26:03:01:DA,-61,MFG_4C000215FDA50693A4E24FB1AFCFC6EB0764782500010002D8,3.36,Yes,laptop,0.96,stationary
2609397,ANCHOR_01,52:06:26:03:01:DA,-77,MFG_4C000215FDA50693A4E24FB1AFCFC6EB0764782500010002D8,3.36,Yes,laptop,0.96,stationary
2610387,ANCHOR_01,52:06:26:03:01:DA,-77,MFG_4C000215FDA50693A4E24FB1AFCFC6EB0764782500010002D8,3.36,Yes,laptop,0.96,stationary
2611407,ANCHOR_01,52:06:26:03:01:DA,-59,MFG_4C000215FDA50693A4E24FB1AFCFC6EB0764782500010002D8,3.36,Yes,laptop,0.96,stationary
2612397,ANCHOR_01,52:06:26:03:01:DA,-59,MFG_4C000215FDA50693A4E24FB1AFCFC6EB0764782500010002D8,3.36,Yes,laptop,0.96,stationary
2613417,ANCHOR_01,52:06:26:03:01:DA,-61,MFG_4C000215FDA50693A4E24FB1AFCFC6EB0764782500010002D8,3.36,Yes,laptop,0.96,stationary
2614407,ANCHOR_01,52:06:26:03:01:DA,-61,MFG_4C000215FDA50693A4E24FB1AFCFC6EB0764782500010002D8,3.36,Yes,laptop,0.96,stationary
2615427,ANCHOR_01,52:06:26:03:01:DA,-76,MFG_4C000215FDA50693A4E24FB1AFCFC6EB0764782500010002D8,3.36,Yes,laptop,0.96,stationary
2616417,ANCHOR_01,52:06:26:03:01:DA,-76,MFG_4C000215FDA50693A4E24FB1AFCFC6EB0764782500010002D8,3.36,Yes,laptop,0.96,stationary
2617437,ANCHOR_01,52:06:26:03:01:DA,-60,MFG_4C000215FDA50693A4E24FB1AFCFC6EB0764782500010002D8,3.36,Yes,laptop,0.96,stationary
2618417,ANCHOR_01,52:06:26:03:01:DA,-58,MFG_4C000215FDA50693A4E24FB1AFCFC6EB0764782500010002D8,3.36,Yes,laptop,0.96,stationary
2619447,ANCHOR_01,52:06:26:03:01:DA,-61,MFG_4C000215FDA50693A4E24FB1AFCFC6EB0764782500010002D8,3.36,Yes,laptop,0.96,stationary
2620437,ANCHOR_01,52:06:26:03:01:DA,-61,MFG_4C000215FDA50693A4E24FB1AFCFC6EB0764782500010002D8,3.36,Yes,laptop,0.96,stationary
2621457,ANCHOR_01,52:06:26:03:01:DA,-77,MFG_4C000215FDA50693A4E24FB1AFCFC6EB0764782500010002D8,3.36,Yes,laptop,0.96,stationary
2622447,ANCHOR_01,52:06:26:03:01:DA,-76,MFG_4C000215FDA50693A4E24FB1AFCFC6EB0764782500010002D8,3.36,Yes,laptop,0.96,stationary
2623467,ANCHOR_01,52:06:26:03:01:DA,-59,MFG_4C000215FDA50693A4E24FB1AFCFC6EB0764782500010002D8,3.36,Yes,laptop,0.96,stationary
2624477,ANCHOR_01,52:06:26:03:01:DA,-61,MFG_4C000215FDA50693A4E24FB1AFCFC6EB0764782500010002D8,3.36,Yes,laptop,0.96,stationary
2625477,ANCHOR_01,52:06:26:03:01:DA,-61,MFG_4C000215FDA50693A4E24FB1AFCFC6EB0764782500010002D8,3.36,Yes,laptop,0.96,stationary
2626487,ANCHOR_01,52:06:26:03:01:DA,-77,MFG_4C000215FDA50693A4E24FB1AFCFC6EB0764782500010002D8,3.36,Yes,laptop,0.96,stationary
2627487,ANCHOR_01,52:06:26:03:01:DA,-77,MFG_4C000215FDA50693A4E24FB1AFCFC6EB0764782500010002D8,3.36,Yes,laptop,0.96,stationary
2628507,ANCHOR_01,52:06:26:03:01:DA,-59,MFG_4C000215FDA50693A4E24FB1AFCFC6EB0764782500010002D8,3.36,Yes,laptop,0.96,stationary
2629497,ANCHOR_01,52:06:26:03:01:DA,-59,MFG_4C000215FDA50693A4E24FB1AFCFC6EB0764782500010002D8,3.36,Yes,laptop,0.96,stationary
2630507,ANCHOR_01,52:06:26:03:01:DA,-61,MFG_4C000215FDA50693A4E24FB1AFCFC6EB0764782500010002D8,3.36,Yes,laptop,0.96,stationary
2631537,ANCHOR_01,52:06:26:03:01:DA,-76,MFG_4C000215FDA50693A4E24FB1AFCFC6EB0764782500010002D8,3.36,Yes,laptop,0.96,stationary
2632527,ANCHOR_01,52:06:26:03:01:DA,-76,MFG_4C000215FDA50693A4E24FB1AFCFC6EB0764782500010002D8,3.36,Yes,laptop,0.96,stationary
2633517,ANCHOR_01,52:06:26:03:01:DA,-76,MFG_4C000215FDA50693A4E24FB1AFCFC6EB0764782500010002D8,3.36,Yes,laptop,0.96,stationary
2634517,ANCHOR_01,52:06:26:03:01:DA,-59,MFG_4C000215FDA50693A4E24FB1AFCFC6EB0764782500010002D8,3.36,Yes,laptop,0.96,stationary
2635527,ANCHOR_01,52:06:26:03:01:DA,-59,MFG_4C000215FDA50693A4E24FB1AFCFC6EB0764782500010002D8,3.36,Yes,laptop,0.96,stationary
2636547,ANCHOR_01,52:06:26:03:01:DA,-61,MFG_4C000215FDA50693A4E24FB1AFCFC6EB0764782500010002D8,3.36,Yes,laptop,0.96,stationary
2637537,ANCHOR_01,52:06:26:03:01:DA,-61,MFG_4C000215FDA50693A4E24FB1AFCFC6EB0764782500010002D8,3.36,Yes,laptop,0.96,stationary
2638557,ANCHOR_01,52:06:26:03:01:DA,-76,MFG_4C000215FDA50693A4E24FB1AFCFC6EB0764782500010002D8,3.36,Yes,laptop,0.96,stationary
2639547,ANCHOR_01,52:06:26:03:01:DA,-77,MFG_4C000215FDA50693A4E24FB1AFCFC6EB0764782500010002D8,3.36,Yes,laptop,0.96,stationary
2640547,ANCHOR_01,52:06:26:03:01:DA,-59,MFG_4C000215FDA50693A4E24FB1AFCFC6EB0764782500010002D8,3.36,Yes,laptop,0.96,stationary
2641557,ANCHOR_01,52:06:26:03:01:DA,-58,MFG_4C000215FDA50693A4E24FB1AFCFC6EB0764782500010002D8,3.36,Yes,laptop,0.96,stationary
2642577,ANCHOR_01,52:06:26:03:01:DA,-62,MFG_4C000215FDA50693A4E24FB1AFCFC6EB0764782500010002D8,3.36,Yes,laptop,0.96,stationary
2643567,ANCHOR_01,52:06:26:03:01:DA,-61,MFG_4C000215FDA50693A4E24FB1AFCFC6EB0764782500010002D8,3.36,Yes,laptop,0.96,stationary
2644577,ANCHOR_01,52:06:26:03:01:DA,-77,MFG_4C000215FDA50693A4E24FB1AFCFC6EB0764782500010002D8,3.36,Yes,laptop,0.96,stationary
2645577,ANCHOR_01,52:06:26:03:01:DA,-76,MFG_4C000215FDA50693A4E24FB1AFCFC6EB0764782500010002D8,3.36,Yes,laptop,0.96,stationary
2646597,ANCHOR_01,52:06:26:03:01:DA,-59,MFG_4C000215FDA50693A4E24FB1AFCFC6EB0764782500010002D8,3.36,Yes,laptop,0.96,stationary
2647587,ANCHOR_01,52:06:26:03:01:DA,-59,MFG_4C000215FDA50693A4E24FB1AFCFC6EB0764782500010002D8,3.36,Yes,laptop,0.96,stationary
2648607,ANCHOR_01,52:06:26:03:01:DA,-61,MFG_4C000215FDA50693A4E24FB1AFCFC6EB0764782500010002D8,3.36,Yes,laptop,0.96,stationary
2649587,ANCHOR_01,52:06:26:03:01:DA,-61,MFG_4C000215FDA50693A4E24FB1AFCFC6EB0764782500010002D8,3.36,Yes,laptop,0.96,stationary
2651607,ANCHOR_01,52:06:26:03:01:DA,-77,MFG_4C000215FDA50693A4E24FB1AFCFC6EB0764782500010002D8,3.36,Yes,laptop,0.96,stationary
2652597,ANCHOR_01,52:06:26:03:01:DA,-77,MFG_4C000215FDA50693A4E24FB1AFCFC6EB0764782500010002D8,3.36,Yes,laptop,0.96,stationary
2653617,ANCHOR_01,52:06:26:03:01:DA,-59,MFG_4C000215FDA50693A4E24FB1AFCFC6EB0764782500010002D8,3.36,Yes,laptop,0.96,stationary
2654607,ANCHOR_01,52:06:26:03:01:DA,-59,MFG_4C000215FDA50693A4E24FB1AFCFC6EB0764782500010002D8,3.36,Yes,laptop,0.96,stationary
2655627,ANCHOR_01,52:06:26:03:01:DA,-61,MFG_4C000215FDA50693A4E24FB1AFCFC6EB0764782500010002D8,3.36,Yes,laptop,0.96,stationary
2656647,ANCHOR_01,52:06:26:03:01:DA,-76,MFG_4C000215FDA50693A4E24FB1AFCFC6EB0764782500010002D8,3.36,Yes,laptop,0.96,stationary
2657637,ANCHOR_01,52:06:26:03:01:DA,-77,MFG_4C000215FDA50693A4E24FB1AFCFC6EB0764782500010002D8,3.36,Yes,laptop,0.96,stationary
2658657,ANCHOR_01,52:06:26:03:01:DA,-58,MFG_4C000215FDA50693A4E24FB1AFCFC6EB0764782500010002D8,3.36,Yes,laptop,0.96,stationary
2659647,ANCHOR_01,52:06:26:03:01:DA,-58,MFG_4C000215FDA50693A4E24FB1AFCFC6EB0764782500010002D8,3.36,Yes,laptop,0.96,stationary
2661657,ANCHOR_01,52:06:26:03:01:DA,-61,MFG_4C000215FDA50693A4E24FB1AFCFC6EB0764782500010002D8,3.36,Yes,laptop,0.96,stationary
2664657,ANCHOR_01,52:06:26:03:01:DA,-77,MFG_4C000215FDA50693A4E24FB1AFCFC6EB0764782500010002D8,3.36,Yes,laptop,0.96,stationary
2665677,ANCHOR_01,52:06:26:03:01:DA,-59,MFG_4C000215FDA50693A4E24FB1AFCFC6EB0764782500010002D8,3.36,Yes,laptop,0.96,stationary
2666667,ANCHOR_01,52:06:26:03:01:DA,-59,MFG_4C000215FDA50693A4E24FB1AFCFC6EB0764782500010002D8,3.36,Yes,laptop,0.96,stationary
2667677,ANCHOR_01,52:06:26:03:01:DA,-61,MFG_4C000215FDA50693A4E24FB1AFCFC6EB0764782500010002D8,3.36,Yes,laptop,0.96,stationary
2668677,ANCHOR_01,52:06:26:03:01:DA,-61,MFG_4C000215FDA50693A4E24FB1AFCFC6EB0764782500010002D8,3.36,Yes,laptop,0.96,stationary
2669697,ANCHOR_01,52:06:26:03:01:DA,-76,MFG_4C000215FDA50693A4E24FB1AFCFC6EB0764782500010002D8,3.36,Yes,laptop,0.96,stationary
2670687,ANCHOR_01,52:06:26:03:01:DA,-76,MFG_4C000215FDA50693A4E24FB1AFCFC6EB0764782500010002D8,3.36,Yes,laptop,0.96,stationary
2671687,ANCHOR_01,52:06:26:03:01:DA,-60,MFG_4C000215FDA50693A4E24FB1AFCFC6EB0764782500010002D8,3.36,Yes,laptop,0.96,stationary
2672697,ANCHOR_01,52:06:26:03:01:DA,-59,MFG_4C000215FDA50693A4E24FB1AFCFC6EB0764782500010002D8,3.36,Yes,laptop,0.96,stationary
2673707,ANCHOR_01,52:06:26:03:01:DA,-61,MFG_4C000215FDA50693A4E24FB1AFCFC6EB0764782500010002D8,3.36,Yes,laptop,0.96,stationary
2674707,ANCHOR_01,52:06:26:03:01:DA,-61,MFG_4C000215FDA50693A4E24FB1AFCFC6EB0764782500010002D8,3.36,Yes,laptop,0.96,stationary
2675717,ANCHOR_01,52:06:26:03:01:DA,-76,MFG_4C000215FDA50693A4E24FB1AFCFC6EB0764782500010002D8,3.36,Yes,laptop,0.96,stationary
2676717,ANCHOR_01,52:06:26:03:01:DA,-76,MFG_4C000215FDA50693A4E24FB1AFCFC6EB0764782500010002D8,3.36,Yes,laptop,0.96,stationary
2677727,ANCHOR_01,52:06:26:03:01:DA,-59,MFG_4C000215FDA50693A4E24FB1AFCFC6EB0764782500010002D8,3.36,Yes,laptop,0.96,stationary
2678757,ANCHOR_01,52:06:26:03:01:DA,-61,MFG_4C000215FDA50693A4E24FB1AFCFC6EB0764782500010002D8,3.36,Yes,laptop,0.96,stationary
2679747,ANCHOR_01,52:06:26:03:01:DA,-61,MFG_4C000215FDA50693A4E24FB1AFCFC6EB0764782500010002D8,3.36,Yes,laptop,0.96,stationary
2680767,ANCHOR_01,52:06:26:03:01:DA,-76,MFG_4C000215FDA50693A4E24FB1AFCFC6EB0764782500010002D8,3.36,Yes,laptop,0.96,stationary
2681757,ANCHOR_01,52:06:26:03:01:DA,-76,MFG_4C000215FDA50693A4E24FB1AFCFC6EB0764782500010002D8,3.36,Yes,laptop,0.96,stationary
2682777,ANCHOR_01,52:06:26:03:01:DA,-59,MFG_4C000215FDA50693A4E24FB1AFCFC6EB0764782500010002D8,3.36,Yes,laptop,0.96,stationary
2683767,ANCHOR_01,52:06:26:03:01:DA,-58,MFG_4C000215FDA50693A4E24FB1AFCFC6EB0764782500010002D8,3.36,Yes,laptop,0.96,stationary
2684787,ANCHOR_01,52:06:26:03:01:DA,-61,MFG_4C000215FDA50693A4E24FB1AFCFC6EB0764782500010002D8,3.36,Yes,laptop,0.96,stationary
2685777,ANCHOR_01,52:06:26:03:01:DA,-61,MFG_4C000215FDA50693A4E24FB1AFCFC6EB0764782500010002D8,3.36,Yes,laptop,0.96,stationary
2686797,ANCHOR_01,52:06:26:03:01:DA,-77,MFG_4C000215FDA50693A4E24FB1AFCFC6EB0764782500010002D8,3.36,Yes,laptop,0.96,stationary
2688797,ANCHOR_01,52:06:26:03:01:DA,-59,MFG_4C000215FDA50693A4E24FB1AFCFC6EB0764782500010002D8,3.36,Yes,laptop,0.96,stationary
2689797,ANCHOR_01,52:06:26:03:01:DA,-60,MFG_4C000215FDA50693A4E24FB1AFCFC6EB0764782500010002D8,3.36,Yes,laptop,0.96,stationary
2690807,ANCHOR_01,52:06:26:03:01:DA,-61,MFG_4C000215FDA50693A4E24FB1AFCFC6EB0764782500010002D8,3.36,Yes,laptop,0.96,stationary
2691807,ANCHOR_01,52:06:26:03:01:DA,-61,MFG_4C000215FDA50693A4E24FB1AFCFC6EB0764782500010002D8,3.36,Yes,laptop,0.96,stationary
2692807,ANCHOR_01,52:06:26:03:01:DA,-76,MFG_4C000215FDA50693A4E24FB1AFCFC6EB0764782500010002D8,3.36,Yes,laptop,0.96,stationary
2693817,ANCHOR_01,52:06:26:03:01:DA,-76,MFG_4C000215FDA50693A4E24FB1AFCFC6EB0764782500010002D8,3.36,Yes,laptop,0.96,stationary
2694837,ANCHOR_01,52:06:26:03:01:DA,-58,MFG_4C000215FDA50693A4E24FB1AFCFC6EB0764782500010002D8,3.36,Yes,laptop,0.96,stationary
2695827,ANCHOR_01,52:06:26:03:01:DA,-59,MFG_4C000215FDA50693A4E24FB1AFCFC6EB0764782500010002D8,3.36,Yes,laptop,0.96,stationary
2697827,ANCHOR_01,52:06:26:03:01:DA,-61,MFG_4C000215FDA50693A4E24FB1AFCFC6EB0764782500010002D8,3.36,Yes,laptop,0.96,stationary
2698827,ANCHOR_01,52:06:26:03:01:DA,-61,MFG_4C000215FDA50693A4E24FB1AFCFC6EB0764782500010002D8,3.36,Yes,laptop,0.96,stationary
2699837,ANCHOR_01,52:06:26:03:01:DA,-76,MFG_4C000215FDA50693A4E24FB1AFCFC6EB0764782500010002D8,3.36,Yes,laptop,0.96,stationary
2700837,ANCHOR_01,52:06:26:03:01:DA,-76,MFG_4C000215FDA50693A4E24FB1AFCFC6EB0764782500010002D8,3.36,Yes,laptop,0.96,stationary
2701857,ANCHOR_01,52:06:26:03:01:DA,-58,MFG_4C000215FDA50693A4E24FB1AFCFC6EB0764782500010002D8,3.36,Yes,laptop,0.96,stationary
2702847,ANCHOR_01,52:06:26:03:01:DA,-60,MFG_4C000215FDA50693A4E24FB1AFCFC6EB0764782500010002D8,3.36,Yes,laptop,0.96,stationary
2704847,ANCHOR_01,52:06:26:03:01:DA,-61,MFG_4C000215FDA50693A4E24FB1AFCFC6EB0764782500010002D8,3.36,Yes,laptop,0.96,stationary
2706867,ANCHOR_01,52:06:26:03:01:DA,-77,MFG_4C000215FDA50693A4E24FB1AFCFC6EB0764782500010002D8,3.36,Yes,laptop,0.96,stationary
2707857,ANCHOR_01,52:06:26:03:01:DA,-76,MFG_4C000215FDA50693A4E24FB1AFCFC6EB0764782500010002D8,3.36,Yes,laptop,0.96,stationary
2708877,ANCHOR_01,52:06:26:03:01:DA,-59,MFG_4C000215FDA50693A4E24FB1AFCFC6EB0764782500010002D8,3.36,Yes,laptop,0.96,stationary
2709867,ANCHOR_01,52:06:26:03:01:DA,-58,MFG_4C000215FDA50693A4E24FB1AFCFC6EB0764782500010002D8,3.36,Yes,laptop,0.96,stationary
2710887,ANCHOR_01,52:06:26:03:01:DA,-61,MFG_4C000215FDA50693A4E24FB1AFCFC6EB0764782500010002D8,3.36,Yes,laptop,0.96,stationary
2712897,ANCHOR_01,52:06:26:03:01:DA,-77,MFG_4C000215FDA50693A4E24FB1AFCFC6EB0764782500010002D8,3.36,Yes,laptop,0.96,stationary
2714907,ANCHOR_01,52:06:26:03:01:DA,-58,MFG_4C000215FDA50693A4E24FB1AFCFC6EB0764782500010002D8,3.36,Yes,laptop,0.96,stationary
2715907,ANCHOR_01,52:06:26:03:01:DA,-61,MFG_4C000215FDA50693A4E24FB1AFCFC6EB0764782500010002D8,3.36,Yes,laptop,0.96,stationary
2716917,ANCHOR_01,52:06:26:03:01:DA,-61,MFG_4C000215FDA50693A4E24FB1AFCFC6EB0764782500010002D8,3.36,Yes,laptop,0.96,stationary
2717907,ANCHOR_01,52:06:26:03:01:DA,-61,MFG_4C000215FDA50693A4E24FB1AFCFC6EB0764782500010002D8,3.36,Yes,laptop,0.96,stationary
2718927,ANCHOR_01,52:06:26:03:01:DA,-77,MFG_4C000215FDA50693A4E24FB1AFCFC6EB0764782500010002D8,3.36,Yes,laptop,0.96,stationary
2719917,ANCHOR_01,52:06:26:03:01:DA,-77,MFG_4C000215FDA50693A4E24FB1AFCFC6EB0764782500010002D8,3.36,Yes,laptop,0.96,stationary
2720937,ANCHOR_01,52:06:26:03:01:DA,-59,MFG_4C000215FDA50693A4E24FB1AFCFC6EB0764782500010002D8,3.36,Yes,laptop,0.96,stationary
2721927,ANCHOR_01,52:06:26:03:01:DA,-59,MFG_4C000215FDA50693A4E24FB1AFCFC6EB0764782500010002D8,3.36,Yes,laptop,0.96,stationary
2722947,ANCHOR_01,52:06:26:03:01:DA,-61,MFG_4C000215FDA50693A4E24FB1AFCFC6EB0764782500010002D8,3.36,Yes,laptop,0.96,stationary
2723937,ANCHOR_01,52:06:26:03:01:DA,-61,MFG_4C000215FDA50693A4E24FB1AFCFC6EB0764782500010002D8,3.36,Yes,laptop,0.96,stationary
2724957,ANCHOR_01,52:06:26:03:01:DA,-76,MFG_4C000215FDA50693A4E24FB1AFCFC6EB0764782500010002D8,3.36,Yes,laptop,0.96,stationary
2725947,ANCHOR_01,52:06:26:03:01:DA,-76,MFG_4C000215FDA50693A4E24FB1AFCFC6EB0764782500010002D8,3.36,Yes,laptop,0.96,stationary
2726967,ANCHOR_01,52:06:26:03:01:DA,-58,MFG_4C000215FDA50693A4E24FB1AFCFC6EB0764782500010002D8,3.36,Yes,laptop,0.96,stationary
2728977,ANCHOR_01,52:06:26:03:01:DA,-61,MFG_4C000215FDA50693A4E24FB1AFCFC6EB0764782500010002D8,3.36,Yes,laptop,0.96,stationary
2729977,ANCHOR_01,52:06:26:03:01:DA,-76,MFG_4C000215FDA50693A4E24FB1AFCFC6EB0764782500010002D8,3.36,Yes,laptop,0.96,stationary
2730987,ANCHOR_01,52:06:26:03:01:DA,-77,MFG_4C000215FDA50693A4E24FB1AFCFC6EB0764782500010002D8,3.36,Yes,laptop,0.96,stationary
2732997,ANCHOR_01,52:06:26:03:01:DA,-58,MFG_4C000215FDA50693A4E24FB1AFCFC6EB0764782500010002D8,3.36,Yes,laptop,0.96,stationary
2733987,ANCHOR_01,52:06:26:03:01:DA,-59,MFG_4C000215FDA50693A4E24FB1AFCFC6EB0764782500010002D8,3.36,Yes,laptop,0.96,stationary
2735007,ANCHOR_01,52:06:26:03:01:DA,-61,MFG_4C000215FDA50693A4E24FB1AFCFC6EB0764782500010002D8,3.36,Yes,laptop,0.96,stationary
2735997,ANCHOR_01,52:06:26:03:01:DA,-61,MFG_4C000215FDA50693A4E24FB1AFCFC6EB0764782500010002D8,3.36,Yes,laptop,0.96,stationary
2737007,ANCHOR_01,52:06:26:03:01:DA,-76,MFG_4C000215FDA50693A4E24FB1AFCFC6EB0764782500010002D8,3.36,Yes,laptop,0.96,stationary
2739027,ANCHOR_01,52:06:26:03:01:DA,-59,MFG_4C000215FDA50693A4E24FB1AFCFC6EB0764782500010002D8,3.36,Yes,laptop,0.96,stationary
2740047,ANCHOR_01,52:06:26:03:01:DA,-61,MFG_4C000215FDA50693A4E24FB1AFCFC6EB0764782500010002D8,3.36,Yes,laptop,0.96,stationary
2741037,ANCHOR_01,52:06:26:03:01:DA,-61,MFG_4C000215FDA50693A4E24FB1AFCFC6EB0764782500010002D8,3.36,Yes,laptop,0.96,stationary
2742057,ANCHOR_01,52:06:26:03:01:DA,-76,MFG_4C000215FDA50693A4E24FB1AFCFC6EB0764782500010002D8,3.36,Yes,laptop,0.96,stationary
2743047,ANCHOR_01,52:06:26:03:01:DA,-76,MFG_4C000215FDA50693A4E24FB1AFCFC6EB0764782500010002D8,3.36,Yes,laptop,0.96,stationary
2744067,ANCHOR_01,52:06:26:03:01:DA,-58,MFG_4C000215FDA50693A4E24FB1AFCFC6EB0764782500010002D8,3.36,Yes,laptop,0.96,stationary
2745057,ANCHOR_01,52:06:26:03:01:DA,-59,MFG_4C000215FDA50693A4E24FB1AFCFC6EB0764782500010002D8,3.36,Yes,laptop,0.96,stationary
2747067,ANCHOR_01,52:06:26:03:01:DA,-61,MFG_4C000215FDA50693A4E24FB1AFCFC6EB0764782500010002D8,3.36,Yes,laptop,0.96,stationary
2749077,ANCHOR_01,52:06:26:03:01:DA,-76,MFG_4C000215FDA50693A4E24FB1AFCFC6EB0764782500010002D8,3.36,Yes,laptop,0.96,stationary
2750067,ANCHOR_01,52:06:26:03:01:DA,-77,MFG_4C000215FDA50693A4E24FB1AFCFC6EB0764782500010002D8,3.36,Yes,laptop,0.96,stationary
2751077,ANCHOR_01,52:06:26:03:01:DA,-59,MFG_4C000215FDA50693A4E24FB1AFCFC6EB0764782500010002D8,3.36,Yes,laptop,0.96,stationary
2753087,ANCHOR_01,52:06:26:03:01:DA,-61,MFG_4C000215FDA50693A4E24FB1AFCFC6EB0764782500010002D8,3.36,Yes,laptop,0.96,stationary
2754117,ANCHOR_01,52:06:26:03:01:DA,-76,MFG_4C000215FDA50693A4E24FB1AFCFC6EB0764782500010002D8,3.36,Yes,laptop,0.96,stationary
2755107,ANCHOR_01,52:06:26:03:01:DA,-76,MFG_4C000215FDA50693A4E24FB1AFCFC6EB0764782500010002D8,3.36,Yes,laptop,0.96,stationary
2756127,ANCHOR_01,52:06:26:03:01:DA,-59,MFG_4C000215FDA50693A4E24FB1AFCFC6EB0764782500010002D8,3.36,Yes,laptop,0.96,stationary
2757117,ANCHOR_01,52:06:26:03:01:DA,-58,MFG_4C000215FDA50693A4E24FB1AFCFC6EB0764782500010002D8,3.36,Yes,laptop,0.96,stationary
2758137,ANCHOR_01,52:06:26:03:01:DA,-61,MFG_4C000215FDA50693A4E24FB1AFCFC6EB0764782500010002D8,3.36,Yes,laptop,0.96,stationary
2759127,ANCHOR_01,52:06:26:03:01:DA,-61,MFG_4C000215FDA50693A4E24FB1AFCFC6EB0764782500010002D8,3.36,Yes,laptop,0.96,stationary
2760147,ANCHOR_01,52:06:26:03:01:DA,-76,MFG_4C000215FDA50693A4E24FB1AFCFC6EB0764782500010002D8,3.36,Yes,laptop,0.96,stationary
2761127,ANCHOR_01,52:06:26:03:01:DA,-76,MFG_4C000215FDA50693A4E24FB1AFCFC6EB0764782500010002D8,3.36,Yes,laptop,0.96,stationary
2763147,ANCHOR_01,52:06:26:03:01:DA,-59,MFG_4C000215FDA50693A4E24FB1AFCFC6EB0764782500010002D8,3.36,Yes,laptop,0.96,stationary
2764157,ANCHOR_01,52:06:26:03:01:DA,-61,MFG_4C000215FDA50693A4E24FB1AFCFC6EB0764782500010002D8,3.36,Yes,laptop,0.96,stationary
2765157,ANCHOR_01,52:06:26:03:01:DA,-61,MFG_4C000215FDA50693A4E24FB1AFCFC6EB0764782500010002D8,3.36,Yes,laptop,0.96,stationary
2766167,ANCHOR_01,52:06:26:03:01:DA,-76,MFG_4C000215FDA50693A4E24FB1AFCFC6EB0764782500010002D8,3.36,Yes,laptop,0.96,stationary
2767167,ANCHOR_01,52:06:26:03:01:DA,-77,MFG_4C000215FDA50693A4E24FB1AFCFC6EB0764782500010002D8,3.36,Yes,laptop,0.96,stationary
2768187,ANCHOR_01,52:06:26:03:01:DA,-59,MFG_4C000215FDA50693A4E24FB1AFCFC6EB0764782500010002D8,3.36,Yes,laptop,0.96,stationary
2769177,ANCHOR_01,52:06:26:03:01:DA,-58,MFG_4C000215FDA50693A4E24FB1AFCFC6EB0764782500010002D8,3.36,Yes,laptop,0.96,stationary
2770197,ANCHOR_01,52:06:26:03:01:DA,-61,MFG_4C000215FDA50693A4E24FB1AFCFC6EB0764782500010002D8,3.36,Yes,laptop,0.96,stationary
2771187,ANCHOR_01,52:06:26:03:01:DA,-61,MFG_4C000215FDA50693A4E24FB1AFCFC6EB0764782500010002D8,3.36,Yes,laptop,0.96,stationary
2772197,ANCHOR_01,52:06:26:03:01:DA,-76,MFG_4C000215FDA50693A4E24FB1AFCFC6EB0764782500010002D8,3.36,Yes,laptop,0.96,stationary
2773197,ANCHOR_01,52:06:26:03:01:DA,-77,MFG_4C000215FDA50693A4E24FB1AFCFC6EB0764782500010002D8,3.36,Yes,laptop,0.96,stationary
2774187,ANCHOR_01,52:06:26:03:01:DA,-77,MFG_4C000215FDA50693A4E24FB1AFCFC6EB0764782500010002D8,3.36,Yes,laptop,0.96,stationary
2775207,ANCHOR_01,52:06:26:03:01:DA,-59,MFG_4C000215FDA50693A4E24FB1AFCFC6EB0764782500010002D8,3.36,Yes,laptop,0.96,stationary
2776197,ANCHOR_01,52:06:26:03:01:DA,-58,MFG_4C000215FDA50693A4E24FB1AFCFC6EB0764782500010002D8,3.36,Yes,laptop,0.96,stationary
2777217,ANCHOR_01,52:06:26:03:01:DA,-61,MFG_4C000215FDA50693A4E24FB1AFCFC6EB0764782500010002D8,3.36,Yes,laptop,0.96,stationary
2778207,ANCHOR_01,52:06:26:03:01:DA,-61,MFG_4C000215FDA50693A4E24FB1AFCFC6EB0764782500010002D8,3.36,Yes,laptop,0.96,stationary
2779217,ANCHOR_01,52:06:26:03:01:DA,-77,MFG_4C000215FDA50693A4E24FB1AFCFC6EB0764782500010002D8,3.36,Yes,laptop,0.96,stationary
2780217,ANCHOR_01,52:06:26:03:01:DA,-76,MFG_4C000215FDA50693A4E24FB1AFCFC6EB0764782500010002D8,3.36,Yes,laptop,0.96,stationary
2781217,ANCHOR_01,52:06:26:03:01:DA,-59,MFG_4C000215FDA50693A4E24FB1AFCFC6EB0764782500010002D8,3.36,Yes,laptop,0.96,stationary
2782227,ANCHOR_01,52:06:26:03:01:DA,-58,MFG_4C000215FDA50693A4E24FB1AFCFC6EB0764782500010002D8,3.36,Yes,laptop,0.96,stationary
2783247,ANCHOR_01,52:06:26:03:01:DA,-61,MFG_4C000215FDA50693A4E24FB1AFCFC6EB0764782500010002D8,3.36,Yes,laptop,0.96,stationary
2784227,ANCHOR_01,52:06:26:03:01:DA,-61,MFG_4C000215FDA50693A4E24FB1AFCFC6EB0764782500010002D8,3.36,Yes,laptop,0.96,stationary
2785257,ANCHOR_01,52:06:26:03:01:DA,-77,MFG_4C000215FDA50693A4E24FB1AFCFC6EB0764782500010002D8,3.36,Yes,laptop,0.96,stationary
2786247,ANCHOR_01,52:06:26:03:01:DA,-77,MFG_4C000215FDA50693A4E24FB1AFCFC6EB0764782500010002D8,3.36,Yes,laptop,0.96,stationary
2788257,ANCHOR_01,52:06:26:03:01:DA,-58,MFG_4C000215FDA50693A4E24FB1AFCFC6EB0764782500010002D8,3.36,Yes,laptop,0.96,stationary
2790267,ANCHOR_01,52:06:26:03:01:DA,-61,MFG_4C000215FDA50693A4E24FB1AFCFC6EB0764782500010002D8,3.36,Yes,laptop,0.96,stationary
2791257,ANCHOR_01,52:06:26:03:01:DA,-60,MFG_4C000215FDA50693A4E24FB1AFCFC6EB0764782500010002D8,3.36,Yes,laptop,0.96,stationary
2792277,ANCHOR_01,52:06:26:03:01:DA,-76,MFG_4C000215FDA50693A4E24FB1AFCFC6EB0764782500010002D8,3.36,Yes,laptop,0.96,stationary
2793267,ANCHOR_01,52:06:26:03:01:DA,-76,MFG_4C000215FDA50693A4E24FB1AFCFC6EB0764782500010002D8,3.36,Yes,laptop,0.96,stationary
2794287,ANCHOR_01,52:06:26:03:01:DA,-59,MFG_4C000215FDA50693A4E24FB1AFCFC6EB0764782500010002D8,3.36,Yes,laptop,0.96,stationary
2795277,ANCHOR_01,52:06:26:03:01:DA,-59,MFG_4C000215FDA50693A4E24FB1AFCFC6EB0764782500010002D8,3.36,Yes,laptop,0.96,stationary
2796297,ANCHOR_01,52:06:26:03:01:DA,-60,MFG_4C000215FDA50693A4E24FB1AFCFC6EB0764782500010002D8,3.36,Yes,laptop,0.96,stationary
2797287,ANCHOR_01,52:06:26:03:01:DA,-61,MFG_4C000215FDA50693A4E24FB1AFCFC6EB0764782500010002D8,3.36,Yes,laptop,0.96,stationary
2799297,ANCHOR_01,52:06:26:03:01:DA,-76,MFG_4C000215FDA50693A4E24FB1AFCFC6EB0764782500010002D8,3.36,Yes,laptop,0.96,stationary
2800287,ANCHOR_01,52:06:26:03:01:DA,-76,MFG_4C000215FDA50693A4E24FB1AFCFC6EB0764782500010002D8,3.36,Yes,laptop,0.96,stationary
2801307,ANCHOR_01,52:06:26:03:01:DA,-59,MFG_4C000215FDA50693A4E24FB1AFCFC6EB0764782500010002D8,3.36,Yes,laptop,0.96,stationary
2803307,ANCHOR_01,52:06:26:03:01:DA,-61,MFG_4C000215FDA50693A4E24FB1AFCFC6EB0764782500010002D8,3.36,Yes,laptop,0.96,stationary
2804307,ANCHOR_01,52:06:26:03:01:DA,-61,MFG_4C000215FDA50693A4E24FB1AFCFC6EB0764782500010002D8,3.36,Yes,laptop,0.96,stationary
2805317,ANCHOR_01,52:06:26:03:01:DA,-76,MFG_4C000215FDA50693A4E24FB1AFCFC6EB0764782500010002D8,3.36,Yes,laptop,0.96,stationary
2807327,ANCHOR_01,52:06:26:03:01:DA,-58,MFG_4C000215FDA50693A4E24FB1AFCFC6EB0764782500010002D8,3.36,Yes,laptop,0.96,stationary
2808327,ANCHOR_01,52:06:26:03:01:DA,-59,MFG_4C000215FDA50693A4E24FB1AFCFC6EB0764782500010002D8,3.36,Yes,laptop,0.96,stationary
2809337,ANCHOR_01,52:06:26:03:01:DA,-61,MFG_4C000215FDA50693A4E24FB1AFCFC6EB0764782500010002D8,3.36,Yes,laptop,0.96,stationary
2811357,ANCHOR_01,52:06:26:03:01:DA,-76,MFG_4C000215FDA50693A4E24FB1AFCFC6EB0764782500010002D8,3.36,Yes,laptop,0.96,stationary
2813367,ANCHOR_01,52:06:26:03:01:DA,-59,MFG_4C000215FDA50693A4E24FB1AFCFC6EB0764782500010002D8,3.36,Yes,laptop,0.96,stationary
2814377,ANCHOR_01,52:06:26:03:01:DA,-60,MFG_4C000215FDA50693A4E24FB1AFCFC6EB0764782500010002D8,3.36,Yes,laptop,0.96,stationary
2815377,ANCHOR_01,52:06:26:03:01:DA,-61,MFG_4C000215FDA50693A4E24FB1AFCFC6EB0764782500010002D8,3.36,Yes,laptop,0.96,stationary
2816377,ANCHOR_01,52:06:26:03:01:DA,-76,MFG_4C000215FDA50693A4E24FB1AFCFC6EB0764782500010002D8,3.36,Yes,laptop,0.96,stationary
2817387,ANCHOR_01,52:06:26:03:01:DA,-76,MFG_4C000215FDA50693A4E24FB1AFCFC6EB0764782500010002D8,3.36,Yes,laptop,0.96,stationary
2819397,ANCHOR_01,52:06:26:03:01:DA,-58,MFG_4C000215FDA50693A4E24FB1AFCFC6EB0764782500010002D8,3.36,Yes,laptop,0.96,stationary
2820397,ANCHOR_01,52:06:26:03:01:DA,-61,MFG_4C000215FDA50693A4E24FB1AFCFC6EB0764782500010002D8,3.36,Yes,laptop,0.96,stationary
2821407,ANCHOR_01,52:06:26:03:01:DA,-61,MFG_4C000215FDA50693A4E24FB1AFCFC6EB0764782500010002D8,3.36,Yes,laptop,0.96,stationary
2822427,ANCHOR_01,52:06:26:03:01:DA,-76,MFG_4C000215FDA50693A4E24FB1AFCFC6EB0764782500010002D8,3.36,Yes,laptop,0.96,stationary
2823417,ANCHOR_01,52:06:26:03:01:DA,-77,MFG_4C000215FDA50693A4E24FB1AFCFC6EB0764782500010002D8,3.36,Yes,laptop,0.96,stationary
2824437,ANCHOR_01,52:06:26:03:01:DA,-59,MFG_4C000215FDA50693A4E24FB1AFCFC6EB0764782500010002D8,3.36,Yes,laptop,0.96,stationary
2826447,ANCHOR_01,52:06:26:03:01:DA,-61,MFG_4C000215FDA50693A4E24FB1AFCFC6EB0764782500010002D8,3.36,Yes,laptop,0.96,stationary
2827437,ANCHOR_01,52:06:26:03:01:DA,-60,MFG_4C000215FDA50693A4E24FB1AFCFC6EB0764782500010002D8,3.36,Yes,laptop,0.96,stationary
2828457,ANCHOR_01,52:06:26:03:01:DA,-76,MFG_4C000215FDA50693A4E24FB1AFCFC6EB0764782500010002D8,3.36,Yes,laptop,0.96,stationary
2829447,ANCHOR_01,52:06:26:03:01:DA,-76,MFG_4C000215FDA50693A4E24FB1AFCFC6EB0764782500010002D8,3.36,Yes,laptop,0.96,stationary
2830437,ANCHOR_01,52:06:26:03:01:DA,-76,MFG_4C000215FDA50693A4E24FB1AFCFC6EB0764782500010002D8,3.36,Yes,laptop,0.96,stationary
2831457,ANCHOR_01,52:06:26:03:01:DA,-58,MFG_4C000215FDA50693A4E24FB1AFCFC6EB0764782500010002D8,3.36,Yes,laptop,0.96,stationary
2832447,ANCHOR_01,52:06:26:03:01:DA,-60,MFG_4C000215FDA50693A4E24FB1AFCFC6EB0764782500010002D8,3.36,Yes,laptop,0.96,stationary
2833467,ANCHOR_01,52:06:26:03:01:DA,-61,MFG_4C000215FDA50693A4E24FB1AFCFC6EB0764782500010002D8,3.36,Yes,laptop,0.96,stationary
2834457,ANCHOR_01,52:06:26:03:01:DA,-61,MFG_4C000215FDA50693A4E24FB1AFCFC6EB0764782500010002D8,3.36,Yes,laptop,0.96,stationary
2835457,ANCHOR_01,52:06:26:03:01:DA,-76,MFG_4C000215FDA50693A4E24FB1AFCFC6EB0764782500010002D8,3.36,Yes,laptop,0.96,stationary
2836467,ANCHOR_01,52:06:26:03:01:DA,-76,MFG_4C000215FDA50693A4E24FB1AFCFC6EB0764782500010002D8,3.36,Yes,laptop,0.96,stationary
2838477,ANCHOR_01,52:06:26:03:01:DA,-59,MFG_4C000215FDA50693A4E24FB1AFCFC6EB0764782500010002D8,3.36,Yes,laptop,0.96,stationary
2839467,ANCHOR_01,52:06:26:03:01:DA,-59,MFG_4C000215FDA50693A4E24FB1AFCFC6EB0764782500010002D8,3.36,Yes,laptop,0.96,stationary
2840487,ANCHOR_01,52:06:26:03:01:DA,-61,MFG_4C000215FDA50693A4E24FB1AFCFC6EB0764782500010002D8,3.36,Yes,laptop,0.96,stationary
2841487,ANCHOR_01,52:06:26:03:01:DA,-76,MFG_4C000215FDA50693A4E24FB1AFCFC6EB0764782500010002D8,3.36,Yes,laptop,0.96,stationary
2842497,ANCHOR_01,52:06:26:03:01:DA,-76,MFG_4C000215FDA50693A4E24FB1AFCFC6EB0764782500010002D8,3.36,Yes,laptop,0.96,stationary
2843517,ANCHOR_01,52:06:26:03:01:DA,-58,MFG_4C000215FDA50693A4E24FB1AFCFC6EB0764782500010002D8,3.36,Yes,laptop,0.96,stationary
2844507,ANCHOR_01,52:06:26:03:01:DA,-59,MFG_4C000215FDA50693A4E24FB1AFCFC6EB0764782500010002D8,3.36,Yes,laptop,0.96,stationary
2845527,ANCHOR_01,52:06:26:03:01:DA,-61,MFG_4C000215FDA50693A4E24FB1AFCFC6EB0764782500010002D8,3.36,Yes,laptop,0.96,stationary
2846547,ANCHOR_01,52:06:26:03:01:DA,-76,MFG_4C000215FDA50693A4E24FB1AFCFC6EB0764782500010002D8,3.36,Yes,laptop,0.96,stationary
2847527,ANCHOR_01,52:06:26:03:01:DA,-77,MFG_4C000215FDA50693A4E24FB1AFCFC6EB0764782500010002D8,3.36,Yes,laptop,0.96,stationary
2849547,ANCHOR_01,52:06:26:03:01:DA,-59,MFG_4C000215FDA50693A4E24FB1AFCFC6EB0764782500010002D8,3.36,Yes,laptop,0.96,stationary
2850537,ANCHOR_01,52:06:26:03:01:DA,-59,MFG_4C000215FDA50693A4E24FB1AFCFC6EB0764782500010002D8,3.36,Yes,laptop,0.96,stationary
2851537,ANCHOR_01,52:06:26:03:01:DA,-61,MFG_4C000215FDA50693A4E24FB1AFCFC6EB0764782500010002D8,3.36,Yes,laptop,0.96,stationary
2852547,ANCHOR_01,52:06:26:03:01:DA,-61,MFG_4C000215FDA50693A4E24FB1AFCFC6EB0764782500010002D8,3.36,Yes,laptop,0.96,stationary
2854557,ANCHOR_01,52:06:26:03:01:DA,-77,MFG_4C000215FDA50693A4E24FB1AFCFC6EB0764782500010002D8,3.36,Yes,laptop,0.96,stationary
2856567,ANCHOR_01,52:06:26:03:01:DA,-59,MFG_4C000215FDA50693A4E24FB1AFCFC6EB0764782500010002D8,3.36,Yes,laptop,0.96,stationary
2858577,ANCHOR_01,52:06:26:03:01:DA,-61,MFG_4C000215FDA50693A4E24FB1AFCFC6EB0764782500010002D8,3.36,Yes,laptop,0.96,stationary
2860587,ANCHOR_01,52:06:26:03:01:DA,-83,MFG_4C000215FDA50693A4E24FB1AFCFC6EB0764782500010002D8,3.36,Yes,laptop,0.96,stationary
2862597,ANCHOR_01,52:06:26:03:01:DA,-58,MFG_4C000215FDA50693A4E24FB1AFCFC6EB0764782500010002D8,3.36,Yes,laptop,0.96,stationary
2863587,ANCHOR_01,52:06:26:03:01:DA,-59,MFG_4C000215FDA50693A4E24FB1AFCFC6EB0764782500010002D8,3.36,Yes,laptop,0.96,stationary
2864607,ANCHOR_01,52:06:26:03:01:DA,-61,MFG_4C000215FDA50693A4E24FB1AFCFC6EB0764782500010002D8,3.36,Yes,laptop,0.96,stationary
2866617,ANCHOR_01,52:06:26:03:01:DA,-76,MFG_4C000215FDA50693A4E24FB1AFCFC6EB0764782500010002D8,3.36,Yes,laptop,0.96,stationary
2868627,ANCHOR_01,52:06:26:03:01:DA,-59,MFG_4C000215FDA50693A4E24FB1AFCFC6EB0764782500010002D8,3.36,Yes,laptop,0.96,stationary
2869617,ANCHOR_01,52:06:26:03:01:DA,-59,MFG_4C000215FDA50693A4E24FB1AFCFC6EB0764782500010002D8,3.36,Yes,laptop,0.96,stationary
2870637,ANCHOR_01,52:06:26:03:01:DA,-61,MFG_4C000215FDA50693A4E24FB1AFCFC6EB0764782500010002D8,3.36,Yes,laptop,0.96,stationary
2871657,ANCHOR_01,52:06:26:03:01:DA,-77,MFG_4C000215FDA50693A4E24FB1AFCFC6EB0764782500010002D8,3.36,Yes,laptop,0.96,stationary
2872647,ANCHOR_01,52:06:26:03:01:DA,-76,MFG_4C000215FDA50693A4E24FB1AFCFC6EB0764782500010002D8,3.36,Yes,laptop,0.96,stationary
2873667,ANCHOR_01,52:06:26:03:01:DA,-59,MFG_4C000215FDA50693A4E24FB1AFCFC6EB0764782500010002D8,3.36,Yes,laptop,0.96,stationary
2874657,ANCHOR_01,52:06:26:03:01:DA,-59,MFG_4C000215FDA50693A4E24FB1AFCFC6EB0764782500010002D8,3.36,Yes,laptop,0.96,stationary
2875677,ANCHOR_01,52:06:26:03:01:DA,-61,MFG_4C000215FDA50693A4E24FB1AFCFC6EB0764782500010002D8,3.36,Yes,laptop,0.96,stationary
2876667,ANCHOR_01,52:06:26:03:01:DA,-61,MFG_4C000215FDA50693A4E24FB1AFCFC6EB0764782500010002D8,3.36,Yes,laptop,0.96,stationary
2877687,ANCHOR_01,52:06:26:03:01:DA,-76,MFG_4C000215FDA50693A4E24FB1AFCFC6EB0764782500010002D8,3.36,Yes,laptop,0.96,stationary
2878677,ANCHOR_01,52:06:26:03:01:DA,-76,MFG_4C000215FDA50693A4E24FB1AFCFC6EB0764782500010002D8,3.36,Yes,laptop,0.96,stationary
2879687,ANCHOR_01,52:06:26:03:01:DA,-58,MFG_4C000215FDA50693A4E24FB1AFCFC6EB0764782500010002D8,3.36,Yes,laptop,0.96,stationary
2881697,ANCHOR_01,52:06:26:03:01:DA,-61,MFG_4C000215FDA50693A4E24FB1AFCFC6EB0764782500010002D8,3.36,Yes,laptop,0.96,stationary
2882727,ANCHOR_01,52:06:26:03:01:DA,-76,MFG_4C000215FDA50693A4E24FB1AFCFC6EB0764782500010002D8,3.36,Yes,laptop,0.96,stationary
2883717,ANCHOR_01,52:06:26:03:01:DA,-75,MFG_4C000215FDA50693A4E24FB1AFCFC6EB0764782500010002D8,3.36,Yes,laptop,0.96,stationary
2886717,ANCHOR_01,52:06:26:03:01:DA,-59,MFG_4C000215FDA50693A4E24FB1AFCFC6EB0764782500010002D8,3.36,Yes,laptop,0.96,stationary
2887737,ANCHOR_01,52:06:26:03:01:DA,-60,MFG_4C000215FDA50693A4E24FB1AFCFC6EB0764782500010002D8,3.36,Yes,laptop,0.96,stationary
2888727,ANCHOR_01,52:06:26:03:01:DA,-61,MFG_4C000215FDA50693A4E24FB1AFCFC6EB0764782500010002D8,3.36,Yes,laptop,0.96,stationary
2889727,ANCHOR_01,52:06:26:03:01:DA,-76,MFG_4C000215FDA50693A4E24FB1AFCFC6EB0764782500010002D8,3.36,Yes,laptop,0.96,stationary
2890737,ANCHOR_01,52:06:26:03:01:DA,-76,MFG_4C000215FDA50693A4E24FB1AFCFC6EB0764782500010002D8,3.36,Yes,laptop,0.96,stationary
2891757,ANCHOR_01,52:06:26:03:01:DA,-59,MFG_4C000215FDA50693A4E24FB1AFCFC6EB0764782500010002D8,3.36,Yes,laptop,0.96,stationary
2892747,ANCHOR_01,52:06:26:03:01:DA,-60,MFG_4C000215FDA50693A4E24FB1AFCFC6EB0764782500010002D8,3.36,Yes,laptop,0.96,stationary
2893757,ANCHOR_01,52:06:26:03:01:DA,-61,MFG_4C000215FDA50693A4E24FB1AFCFC6EB0764782500010002D8,3.36,Yes,laptop,0.96,stationary
2894757,ANCHOR_01,52:06:26:03:01:DA,-61,MFG_4C000215FDA50693A4E24FB1AFCFC6EB0764782500010002D8,3.36,Yes,laptop,0.96,stationary
2895767,ANCHOR_01,52:06:26:03:01:DA,-76,MFG_4C000215FDA50693A4E24FB1AFCFC6EB0764782500010002D8,3.36,Yes,laptop,0.96,stationary
2896767,ANCHOR_01,52:06:26:03:01:DA,-76,MFG_4C000215FDA50693A4E24FB1AFCFC6EB0764782500010002D8,3.36,Yes,laptop,0.96,stationary
2897777,ANCHOR_01,52:06:26:03:01:DA,-58,MFG_4C000215FDA50693A4E24FB1AFCFC6EB0764782500010002D8,3.36,Yes,laptop,0.96,stationary
2899797,ANCHOR_01,52:06:26:03:01:DA,-61,MFG_4C000215FDA50693A4E24FB1AFCFC6EB0764782500010002D8,3.36,Yes,laptop,0.96,stationary
2900817,ANCHOR_01,52:06:26:03:01:DA,-77,MFG_4C000215FDA50693A4E24FB1AFCFC6EB0764782500010002D8,3.36,Yes,laptop,0.96,stationary
2901807,ANCHOR_01,52:06:26:03:01:DA,-77,MFG_4C000215FDA50693A4E24FB1AFCFC6EB0764782500010002D8,3.36,Yes,laptop,0.96,stationary
2903817,ANCHOR_01,52:06:26:03:01:DA,-58,MFG_4C000215FDA50693A4E24FB1AFCFC6EB0764782500010002D8,3.36,Yes,laptop,0.96,stationary
2904807,ANCHOR_01,52:06:26:03:01:DA,-58,MFG_4C000215FDA50693A4E24FB1AFCFC6EB0764782500010002D8,3.36,Yes,laptop,0.96,stationary
2905827,ANCHOR_01,52:06:26:03:01:DA,-61,MFG_4C000215FDA50693A4E24FB1AFCFC6EB0764782500010002D8,3.36,Yes,laptop,0.96,stationary
2906817,ANCHOR_01,52:06:26:03:01:DA,-61,MFG_4C000215FDA50693A4E24FB1AFCFC6EB0764782500010002D8,3.36,Yes,laptop,0.96,stationary
2907827,ANCHOR_01,52:06:26:03:01:DA,-77,MFG_4C000215FDA50693A4E24FB1AFCFC6EB0764782500010002D8,3.36,Yes,laptop,0.96,stationary
2908827,ANCHOR_01,52:06:26:03:01:DA,-76,MFG_4C000215FDA50693A4E24FB1AFCFC6EB0764782500010002D8,3.36,Yes,laptop,0.96,stationary
2909837,ANCHOR_01,52:06:26:03:01:DA,-59,MFG_4C000215FDA50693A4E24FB1AFCFC6EB0764782500010002D8,3.36,Yes,laptop,0.96,stationary
2910837,ANCHOR_01,52:06:26:03:01:DA,-59,MFG_4C000215FDA50693A4E24FB1AFCFC6EB0764782500010002D8,3.36,Yes,laptop,0.96,stationary
2911857,ANCHOR_01,52:06:26:03:01:DA,-61,MFG_4C000215FDA50693A4E24FB1AFCFC6EB0764782500010002D8,3.36,Yes,laptop,0.96,stationary
2912847,ANCHOR_01,52:06:26:03:01:DA,-61,MFG_4C000215FDA50693A4E24FB1AFCFC6EB0764782500010002D8,3.36,Yes,laptop,0.96,stationary
2913867,ANCHOR_01,52:06:26:03:01:DA,-77,MFG_4C000215FDA50693A4E24FB1AFCFC6EB0764782500010002D8,3.36,Yes,laptop,0.96,stationary
2915877,ANCHOR_01,52:06:26:03:01:DA,-59,MFG_4C000215FDA50693A4E24FB1AFCFC6EB0764782500010002D8,3.36,Yes,laptop,0.96,stationary
2916897,ANCHOR_01,52:06:26:03:01:DA,-61,MFG_4C000215FDA50693A4E24FB1AFCFC6EB0764782500010002D8,3.36,Yes,laptop,0.96,stationary
2917887,ANCHOR_01,52:06:26:03:01:DA,-61,MFG_4C000215FDA50693A4E24FB1AFCFC6EB0764782500010002D8,3.36,Yes,laptop,0.96,stationary
2918907,ANCHOR_01,52:06:26:03:01:DA,-77,MFG_4C000215FDA50693A4E24FB1AFCFC6EB0764782500010002D8,3.36,Yes,laptop,0.96,stationary
2919897,ANCHOR_01,52:06:26:03:01:DA,-77,MFG_4C000215FDA50693A4E24FB1AFCFC6EB0764782500010002D8,3.36,Yes,laptop,0.96,stationary
2920917,ANCHOR_01,52:06:26:03:01:DA,-58,MFG_4C000215FDA50693A4E24FB1AFCFC6EB0764782500010002D8,3.36,Yes,laptop,0.96,stationary
2921907,ANCHOR_01,52:06:26:03:01:DA,-59,MFG_4C000215FDA50693A4E24FB1AFCFC6EB0764782500010002D8,3.36,Yes,laptop,0.96,stationary
2922907,ANCHOR_01,52:06:26:03:01:DA,-61,MFG_4C000215FDA50693A4E24FB1AFCFC6EB0764782500010002D8,3.36,Yes,laptop,0.96,stationary
2923917,ANCHOR_01,52:06:26:03:01:DA,-61,MFG_4C000215FDA50693A4E24FB1AFCFC6EB0764782500010002D8,3.36,Yes,laptop,0.96,stationary
2924937,ANCHOR_01,52:06:26:03:01:DA,-76,MFG_4C000215FDA50693A4E24FB1AFCFC6EB0764782500010002D8,3.36,Yes,laptop,0.96,stationary
2925927,ANCHOR_01,52:06:26:03:01:DA,-77,MFG_4C000215FDA50693A4E24FB1AFCFC6EB0764782500010002D8,3.36,Yes,laptop,0.96,stationary
2926947,ANCHOR_01,52:06:26:03:01:DA,-59,MFG_4C000215FDA50693A4E24FB1AFCFC6EB0764782500010002D8,3.36,Yes,laptop,0.96,stationary
2927937,ANCHOR_01,52:06:26:03:01:DA,-59,MFG_4C000215FDA50693A4E24FB1AFCFC6EB0764782500010002D8,3.36,Yes,laptop,0.96,stationary
2928957,ANCHOR_01,52:06:26:03:01:DA,-61,MFG_4C000215FDA50693A4E24FB1AFCFC6EB0764782500010002D8,3.36,Yes,laptop,0.96,stationary
2929947,ANCHOR_01,52:06:26:03:01:DA,-61,MFG_4C000215FDA50693A4E24FB1AFCFC6EB0764782500010002D8,3.36,Yes,laptop,0.96,stationary
2930967,ANCHOR_01,52:06:26:03:01:DA,-77,MFG_4C000215FDA50693A4E24FB1AFCFC6EB0764782500010002D8,3.36,Yes,laptop,0.96,stationary
2931957,ANCHOR_01,52:06:26:03:01:DA,-77,MFG_4C000215FDA50693A4E24FB1AFCFC6EB0764782500010002D8,3.36,Yes,laptop,0.96,stationary
2932977,ANCHOR_01,52:06:26:03:01:DA,-59,MFG_4C000215FDA50693A4E24FB1AFCFC6EB0764782500010002D8,3.36,Yes,laptop,0.96,stationary
2933967,ANCHOR_01,52:06:26:03:01:DA,-59,MFG_4C000215FDA50693A4E24FB1AFCFC6EB0764782500010002D8,3.36,Yes,laptop,0.96,stationary
2934987,ANCHOR_01,52:06:26:03:01:DA,-61,MFG_4C000215FDA50693A4E24FB1AFCFC6EB0764782500010002D8,3.36,Yes,laptop,0.96,stationary
2935977,ANCHOR_01,52:06:26:03:01:DA,-61,MFG_4C000215FDA50693A4E24FB1AFCFC6EB0764782500010002D8,3.36,Yes,laptop,0.96,stationary
2936997,ANCHOR_01,52:06:26:03:01:DA,-77,MFG_4C000215FDA50693A4E24FB1AFCFC6EB0764782500010002D8,3.36,Yes,laptop,0.96,stationary
2937987,ANCHOR_01,52:06:26:03:01:DA,-76,MFG_4C000215FDA50693A4E24FB1AFCFC6EB0764782500010002D8,3.36,Yes,laptop,0.96,stationary
2939007,ANCHOR_01,52:06:26:03:01:DA,-59,MFG_4C000215FDA50693A4E24FB1AFCFC6EB0764782500010002D8,3.36,Yes,laptop,0.96,stationary
2939997,ANCHOR_01,52:06:26:03:01:DA,-59,MFG_4C000215FDA50693A4E24FB1AFCFC6EB0764782500010002D8,3.36,Yes,laptop,0.96,stationary
2941017,ANCHOR_01,52:06:26:03:01:DA,-61,MFG_4C000215FDA50693A4E24FB1AFCFC6EB0764782500010002D8,3.36,Yes,laptop,0.96,stationary
2942007,ANCHOR_01,52:06:26:03:01:DA,-61,MFG_4C000215FDA50693A4E24FB1AFCFC6EB0764782500010002D8,3.36,Yes,laptop,0.96,stationary
2943027,ANCHOR_01,52:06:26:03:01:DA,-78,MFG_4C000215FDA50693A4E24FB1AFCFC6EB0764782500010002D8,3.36,Yes,laptop,0.96,stationary
2944017,ANCHOR_01,52:06:26:03:01:DA,-77,MFG_4C000215FDA50693A4E24FB1AFCFC6EB0764782500010002D8,3.36,Yes,laptop,0.96,stationary
2945037,ANCHOR_01,52:06:26:03:01:DA,-58,MFG_4C000215FDA50693A4E24FB1AFCFC6EB0764782500010002D8,3.36,Yes,laptop,0.96,stationary
2946027,ANCHOR_01,52:06:26:03:01:DA,-59,MFG_4C000215FDA50693A4E24FB1AFCFC6EB0764782500010002D8,3.36,Yes,laptop,0.96,stationary
2947027,ANCHOR_01,52:06:26:03:01:DA,-61,MFG_4C000215FDA50693A4E24FB1AFCFC6EB0764782500010002D8,3.36,Yes,laptop,0.96,stationary
2948037,ANCHOR_01,52:06:26:03:01:DA,-60,MFG_4C000215FDA50693A4E24FB1AFCFC6EB0764782500010002D8,3.36,Yes,laptop,0.96,stationary
2949057,ANCHOR_01,52:06:26:03:01:DA,-77,MFG_4C000215FDA50693A4E24FB1AFCFC6EB0764782500010002D8,3.36,Yes,laptop,0.96,stationary
2950047,ANCHOR_01,52:06:26:03:01:DA,-77,MFG_4C000215FDA50693A4E24FB1AFCFC6EB0764782500010002D8,3.36,Yes,laptop,0.96,stationary
2951067,ANCHOR_01,52:06:26:03:01:DA,-58,MFG_4C000215FDA50693A4E24FB1AFCFC6EB0764782500010002D8,3.36,Yes,laptop,0.96,stationary
2952057,ANCHOR_01,52:06:26:03:01:DA,-58,MFG_4C000215FDA50693A4E24FB1AFCFC6EB0764782500010002D8,3.36,Yes,laptop,0.96,stationary
2954067,ANCHOR_01,52:06:26:03:01:DA,-61,MFG_4C000215FDA50693A4E24FB1AFCFC6EB0764782500010002D8,3.36,Yes,laptop,0.96,stationary
2956077,ANCHOR_01,52:06:26:03:01:DA,-77,MFG_4C000215FDA50693A4E24FB1AFCFC6EB0764782500010002D8,3.36,Yes,laptop,0.96,stationary
2958087,ANCHOR_01,52:06:26:03:01:DA,-58,MFG_4C000215FDA50693A4E24FB1AFCFC6EB0764782500010002D8,3.36,Yes,laptop,0.96,stationary
2960097,ANCHOR_01,52:06:26:03:01:DA,-61,MFG_4C000215FDA50693A4E24FB1AFCFC6EB0764782500010002D8,3.36,Yes,laptop,0.96,stationary
2961087,ANCHOR_01,52:06:26:03:01:DA,-61,MFG_4C000215FDA50693A4E24FB1AFCFC6EB0764782500010002D8,3.36,Yes,laptop,0.96,stationary
2962107,ANCHOR_01,52:06:26:03:01:DA,-76,MFG_4C000215FDA50693A4E24FB1AFCFC6EB0764782500010002D8,3.36,Yes,laptop,0.96,stationary
2964107,ANCHOR_01,52:06:26:03:01:DA,-59,MFG_4C000215FDA50693A4E24FB1AFCFC6EB0764782500010002D8,3.36,Yes,laptop,0.96,stationary
2965117,ANCHOR_01,52:06:26:03:01:DA,-61,MFG_4C000215FDA50693A4E24FB1AFCFC6EB0764782500010002D8,3.36,Yes,laptop,0.96,stationary
2966127,ANCHOR_01,52:06:26:03:01:DA,-60,MFG_4C000215FDA50693A4E24FB1AFCFC6EB0764782500010002D8,3.36,Yes,laptop,0.96,stationary
2967147,ANCHOR_01,52:06:26:03:01:DA,-77,MFG_4C000215FDA50693A4E24FB1AFCFC6EB0764782500010002D8,3.36,Yes,laptop,0.96,stationary
2968137,ANCHOR_01,52:06:26:03:01:DA,-77,MFG_4C000215FDA50693A4E24FB1AFCFC6EB0764782500010002D8,3.36,Yes,laptop,0.96,stationary
2969157,ANCHOR_01,52:06:26:03:01:DA,-59,MFG_4C000215FDA50693A4E24FB1AFCFC6EB0764782500010002D8,3.36,Yes,laptop,0.96,stationary
2971167,ANCHOR_01,52:06:26:03:01:DA,-61,MFG_4C000215FDA50693A4E24FB1AFCFC6EB0764782500010002D8,3.36,Yes,laptop,0.96,stationary
2972167,ANCHOR_01,52:06:26:03:01:DA,-76,MFG_4C000215FDA50693A4E24FB1AFCFC6EB0764782500010002D8,3.36,Yes,laptop,0.96,stationary
2973177,ANCHOR_01,52:06:26:03:01:DA,-77,MFG_4C000215FDA50693A4E24FB1AFCFC6EB0764782500010002D8,3.36,Yes,laptop,0.96,stationary
2974197,ANCHOR_01,52:06:26:03:01:DA,-58,MFG_4C000215FDA50693A4E24FB1AFCFC6EB0764782500010002D8,3.36,Yes,laptop,0.96,stationary
2975187,ANCHOR_01,52:06:26:03:01:DA,-58,MFG_4C000215FDA50693A4E24FB1AFCFC6EB0764782500010002D8,3.36,Yes,laptop,0.96,stationary
2976207,ANCHOR_01,52:06:26:03:01:DA,-61,MFG_4C000215FDA50693A4E24FB1AFCFC6EB0764782500010002D8,3.36,Yes,laptop,0.96,stationary
2977227,ANCHOR_01,52:06:26:03:01:DA,-77,MFG_4C000215FDA50693A4E24FB1AFCFC6EB0764782500010002D8,3.36,Yes,laptop,0.96,stationary
2978217,ANCHOR_01,52:06:26:03:01:DA,-77,MFG_4C000215FDA50693A4E24FB1AFCFC6EB0764782500010002D8,3.36,Yes,laptop,0.96,stationary
2979237,ANCHOR_01,52:06:26:03:01:DA,-59,MFG_4C000215FDA50693A4E24FB1AFCFC6EB0764782500010002D8,3.36,Yes,laptop,0.96,stationary
2980227,ANCHOR_01,52:06:26:03:01:DA,-58,MFG_4C000215FDA50693A4E24FB1AFCFC6EB0764782500010002D8,3.36,Yes,laptop,0.96,stationary
2981247,ANCHOR_01,52:06:26:03:01:DA,-60,MFG_4C000215FDA50693A4E24FB1AFCFC6EB0764782500010002D8,3.36,Yes,laptop,0.96,stationary
2982237,ANCHOR_01,52:06:26:03:01:DA,-61,MFG_4C000215FDA50693A4E24FB1AFCFC6EB0764782500010002D8,3.36,Yes,laptop,0.96,stationary
2983257,ANCHOR_01,52:06:26:03:01:DA,-78,MFG_4C000215FDA50693A4E24FB1AFCFC6EB0764782500010002D8,3.36,Yes,laptop,0.96,stationary
2984247,ANCHOR_01,52:06:26:03:01:DA,-77,MFG_4C000215FDA50693A4E24FB1AFCFC6EB0764782500010002D8,3.36,Yes,laptop,0.96,stationary
2985247,ANCHOR_01,52:06:26:03:01:DA,-59,MFG_4C000215FDA50693A4E24FB1AFCFC6EB0764782500010002D8,3.36,Yes,laptop,0.96,stationary
2986257,ANCHOR_01,52:06:26:03:01:DA,-58,MFG_4C000215FDA50693A4E24FB1AFCFC6EB0764782500010002D8,3.36,Yes,laptop,0.96,stationary
2987277,ANCHOR_01,52:06:26:03:01:DA,-61,MFG_4C000215FDA50693A4E24FB1AFCFC6EB0764782500010002D8,3.36,Yes,laptop,0.96,stationary
2989287,ANCHOR_01,52:06:26:03:01:DA,-77,MFG_4C000215FDA50693A4E24FB1AFCFC6EB0764782500010002D8,3.36,Yes,laptop,0.96,stationary
2990307,ANCHOR_01,52:06:26:03:01:DA,-59,MFG_4C000215FDA50693A4E24FB1AFCFC6EB0764782500010002D8,3.36,Yes,laptop,0.96,stationary
2991297,ANCHOR_01,52:06:26:03:01:DA,-59,MFG_4C000215FDA50693A4E24FB1AFCFC6EB0764782500010002D8,3.36,Yes,laptop,0.96,stationary
2992297,ANCHOR_01,52:06:26:03:01:DA,-61,MFG_4C000215FDA50693A4E24FB1AFCFC6EB0764782500010002D8,3.36,Yes,laptop,0.96,stationary
2993307,ANCHOR_01,52:06:26:03:01:DA,-61,MFG_4C000215FDA50693A4E24FB1AFCFC6EB0764782500010002D8,3.36,Yes,laptop,0.96,stationary
2994327,ANCHOR_01,52:06:26:03:01:DA,-77,MFG_4C000215FDA50693A4E24FB1AFCFC6EB0764782500010002D8,3.36,Yes,laptop,0.96,stationary
2995317,ANCHOR_01,52:06:26:03:01:DA,-77,MFG_4C000215FDA50693A4E24FB1AFCFC6EB0764782500010002D8,3.36,Yes,laptop,0.96,stationary
2996337,ANCHOR_01,52:06:26:03:01:DA,-59,MFG_4C000215FDA50693A4E24FB1AFCFC6EB0764782500010002D8,3.36,Yes,laptop,0.96,stationary
2997327,ANCHOR_01,52:06:26:03:01:DA,-58,MFG_4C000215FDA50693A4E24FB1AFCFC6EB0764782500010002D8,3.36,Yes,laptop,0.96,stationary
2998347,ANCHOR_01,52:06:26:03:01:DA,-60,MFG_4C000215FDA50693A4E24FB1AFCFC6EB0764782500010002D8,3.36,Yes,laptop,0.96,stationary
2999337,ANCHOR_01,52:06:26:03:01:DA,-61,MFG_4C000215FDA50693A4E24FB1AFCFC6EB0764782500010002D8,3.36,Yes,laptop,0.96,stationary
3000337,ANCHOR_01,52:06:26:03:01:DA,-77,MFG_4C000215FDA50693A4E24FB1AFCFC6EB0764782500010002D8,3.36,Yes,laptop,0.96,stationary
3001347,ANCHOR_01,52:06:26:03:01:DA,-77,MFG_4C000215FDA50693A4E24FB1AFCFC6EB0764782500010002D8,3.36,Yes,laptop,0.96,stationary
3002347,ANCHOR_01,52:06:26:03:01:DA,-58,MFG_4C000215FDA50693A4E24FB1AFCFC6EB0764782500010002D8,3.36,Yes,laptop,0.96,stationary
3003357,ANCHOR_01,52:06:26:03:01:DA,-58,MFG_4C000215FDA50693A4E24FB1AFCFC6EB0764782500010002D8,3.36,Yes,laptop,0.96,stationary
3004377,ANCHOR_01,52:06:26:03:01:DA,-60,MFG_4C000215FDA50693A4E24FB1AFCFC6EB0764782500010002D8,3.36,Yes,laptop,0.96,stationary
3005367,ANCHOR_01,52:06:26:03:01:DA,-61,MFG_4C000215FDA50693A4E24FB1AFCFC6EB0764782500010002D8,3.36,Yes,laptop,0.96,stationary
3006377,ANCHOR_01,52:06:26:03:01:DA,-77,MFG_4C000215FDA50693A4E24FB1AFCFC6EB0764782500010002D8,3.36,Yes,laptop,0.96,stationary
3007377,ANCHOR_01,52:06:26:03:01:DA,-76,MFG_4C000215FDA50693A4E24FB1AFCFC6EB0764782500010002D8,3.36,Yes,laptop,0.96,stationary
3008397,ANCHOR_01,52:06:26:03:01:DA,-59,MFG_4C000215FDA50693A4E24FB1AFCFC6EB0764782500010002D8,3.36,Yes,laptop,0.96,stationary
3009387,ANCHOR_01,52:06:26:03:01:DA,-59,MFG_4C000215FDA50693A4E24FB1AFCFC6EB0764782500010002D8,3.36,Yes,laptop,0.96,stationary
3010407,ANCHOR_01,52:06:26:03:01:DA,-61,MFG_4C000215FDA50693A4E24FB1AFCFC6EB0764782500010002D8,3.36,Yes,laptop,0.96,stationary
3011387,ANCHOR_01,52:06:26:03:01:DA,-61,MFG_4C000215FDA50693A4E24FB1AFCFC6EB0764782500010002D8,3.36,Yes,laptop,0.96,stationary
3013407,ANCHOR_01,52:06:26:03:01:DA,-77,MFG_4C000215FDA50693A4E24FB1AFCFC6EB0764782500010002D8,3.36,Yes,laptop,0.96,stationary
3015417,ANCHOR_01,52:06:26:03:01:DA,-58,MFG_4C000215FDA50693A4E24FB1AFCFC6EB0764782500010002D8,3.36,Yes,laptop,0.96,stationary
3016437,ANCHOR_01,52:06:26:03:01:DA,-61,MFG_4C000215FDA50693A4E24FB1AFCFC6EB0764782500010002D8,3.36,Yes,laptop,0.96,stationary
3017427,ANCHOR_01,52:06:26:03:01:DA,-61,MFG_4C000215FDA50693A4E24FB1AFCFC6EB0764782500010002D8,3.36,Yes,laptop,0.96,stationary
3018447,ANCHOR_01,52:06:26:03:01:DA,-77,MFG_4C000215FDA50693A4E24FB1AFCFC6EB0764782500010002D8,3.36,Yes,laptop,0.96,stationary
3019437,ANCHOR_01,52:06:26:03:01:DA,-77,MFG_4C000215FDA50693A4E24FB1AFCFC6EB0764782500010002D8,3.36,Yes,laptop,0.96,stationary
3020457,ANCHOR_01,52:06:26:03:01:DA,-58,MFG_4C000215FDA50693A4E24FB1AFCFC6EB0764782500010002D8,3.36,Yes,laptop,0.96,stationary
3021447,ANCHOR_01,52:06:26:03:01:DA,-58,MFG_4C000215FDA50693A4E24FB1AFCFC6EB0764782500010002D8,3.36,Yes,laptop,0.96,stationary
3023447,ANCHOR_01,52:06:26:03:01:DA,-61,MFG_4C000215FDA50693A4E24FB1AFCFC6EB0764782500010002D8,3.36,Yes,laptop,0.96,stationary
3024457,ANCHOR_01,52:06:26:03:01:DA,-77,MFG_4C000215FDA50693A4E24FB1AFCFC6EB0764782500010002D8,3.36,Yes,laptop,0.96,stationary
3025467,ANCHOR_01,52:06:26:03:01:DA,-77,MFG_4C000215FDA50693A4E24FB1AFCFC6EB0764782500010002D8,3.36,Yes,laptop,0.96,stationary
3026487,ANCHOR_01,52:06:26:03:01:DA,-59,MFG_4C000215FDA50693A4E24FB1AFCFC6EB0764782500010002D8,3.36,Yes,laptop,0.96,stationary
3027477,ANCHOR_01,52:06:26:03:01:DA,-60,MFG_4C000215FDA50693A4E24FB1AFCFC6EB0764782500010002D8,3.36,Yes,laptop,0.96,stationary
3028497,ANCHOR_01,52:06:26:03:01:DA,-61,MFG_4C000215FDA50693A4E24FB1AFCFC6EB0764782500010002D8,3.36,Yes,laptop,0.96,stationary
3029487,ANCHOR_01,52:06:26:03:01:DA,-61,MFG_4C000215FDA50693A4E24FB1AFCFC6EB0764782500010002D8,3.36,Yes,laptop,0.96,stationary
3030497,ANCHOR_01,52:06:26:03:01:DA,-76,MFG_4C000215FDA50693A4E24FB1AFCFC6EB0764782500010002D8,3.36,Yes,laptop,0.96,stationary
3032517,ANCHOR_01,52:06:26:03:01:DA,-59,MFG_4C000215FDA50693A4E24FB1AFCFC6EB0764782500010002D8,3.36,Yes,laptop,0.96,stationary
3033537,ANCHOR_01,52:06:26:03:01:DA,-61,MFG_4C000215FDA50693A4E24FB1AFCFC6EB0764782500010002D8,3.36,Yes,laptop,0.96,stationary
3034527,ANCHOR_01,52:06:26:03:01:DA,-60,MFG_4C000215FDA50693A4E24FB1AFCFC6EB0764782500010002D8,3.36,Yes,laptop,0.96,stationary
3035547,ANCHOR_01,52:06:26:03:01:DA,-76,MFG_4C000215FDA50693A4E24FB1AFCFC6EB0764782500010002D8,3.36,Yes,laptop,0.96,stationary
3036537,ANCHOR_01,52:06:26:03:01:DA,-76,MFG_4C000215FDA50693A4E24FB1AFCFC6EB0764782500010002D8,3.36,Yes,laptop,0.96,stationary
3037557,ANCHOR_01,52:06:26:03:01:DA,-59,MFG_4C000215FDA50693A4E24FB1AFCFC6EB0764782500010002D8,3.36,Yes,laptop,0.96,stationary
3038547,ANCHOR_01,52:06:26:03:01:DA,-59,MFG_4C000215FDA50693A4E24FB1AFCFC6EB0764782500010002D8,3.36,Yes,laptop,0.96,stationary
3039567,ANCHOR_01,52:06:26:03:01:DA,-61,MFG_4C000215FDA50693A4E24FB1AFCFC6EB0764782500010002D8,3.36,Yes,laptop,0.96,stationary
3041577,ANCHOR_01,52:06:26:03:01:DA,-77,MFG_4C000215FDA50693A4E24FB1AFCFC6EB0764782500010002D8,3.36,Yes,laptop,0.96,stationary
3043587,ANCHOR_01,52:06:26:03:01:DA,-59,MFG_4C000215FDA50693A4E24FB1AFCFC6EB0764782500010002D8,3.36,Yes,laptop,0.96,stationary
3044607,ANCHOR_01,52:06:26:03:01:DA,-61,MFG_4C000215FDA50693A4E24FB1AFCFC6EB0764782500010002D8,3.36,Yes,laptop,0.96,stationary
3045587,ANCHOR_01,52:06:26:03:01:DA,-61,MFG_4C000215FDA50693A4E24FB1AFCFC6EB0764782500010002D8,3.36,Yes,laptop,0.96,stationary
3046617,ANCHOR_01,52:06:26:03:01:DA,-77,MFG_4C000215FDA50693A4E24FB1AFCFC6EB0764782500010002D8,3.36,Yes,laptop,0.96,stationary
3047597,ANCHOR_01,52:06:26:03:01:DA,-78,MFG_4C000215FDA50693A4E24FB1AFCFC6EB0764782500010002D8,3.36,Yes,laptop,0.96,stationary
3049617,ANCHOR_01,52:06:26:03:01:DA,-59,MFG_4C000215FDA50693A4E24FB1AFCFC6EB0764782500010002D8,3.36,Yes,laptop,0.96,stationary
3050617,ANCHOR_01,52:06:26:03:01:DA,-61,MFG_4C000215FDA50693A4E24FB1AFCFC6EB0764782500010002D8,3.36,Yes,laptop,0.96,stationary
3051627,ANCHOR_01,52:06:26:03:01:DA,-61,MFG_4C000215FDA50693A4E24FB1AFCFC6EB0764782500010002D8,3.36,Yes,laptop,0.96,stationary
3052647,ANCHOR_01,52:06:26:03:01:DA,-76,MFG_4C000215FDA50693A4E24FB1AFCFC6EB0764782500010002D8,3.36,Yes,laptop,0.96,stationary
3053637,ANCHOR_01,52:06:26:03:01:DA,-77,MFG_4C000215FDA50693A4E24FB1AFCFC6EB0764782500010002D8,3.36,Yes,laptop,0.96,stationary
3055647,ANCHOR_01,52:06:26:03:01:DA,-59,MFG_4C000215FDA50693A4E24FB1AFCFC6EB0764782500010002D8,3.36,Yes,laptop,0.96,stationary
3056637,ANCHOR_01,52:06:26:03:01:DA,-59,MFG_4C000215FDA50693A4E24FB1AFCFC6EB0764782500010002D8,3.36,Yes,laptop,0.96,stationary
3057657,ANCHOR_01,52:06:26:03:01:DA,-61,MFG_4C000215FDA50693A4E24FB1AFCFC6EB0764782500010002D8,3.36,Yes,laptop,0.96,stationary
3058657,ANCHOR_01,52:06:26:03:01:DA,-77,MFG_4C000215FDA50693A4E24FB1AFCFC6EB0764782500010002D8,3.36,Yes,laptop,0.96,stationary
3059667,ANCHOR_01,52:06:26:03:01:DA,-76,MFG_4C000215FDA50693A4E24FB1AFCFC6EB0764782500010002D8,3.36,Yes,laptop,0.96,stationary
3060687,ANCHOR_01,52:06:26:03:01:DA,-59,MFG_4C000215FDA50693A4E24FB1AFCFC6EB0764782500010002D8,3.36,Yes,laptop,0.96,stationary
3061677,ANCHOR_01,52:06:26:03:01:DA,-58,MFG_4C000215FDA50693A4E24FB1AFCFC6EB0764782500010002D8,3.36,Yes,laptop,0.96,stationary
3062687,ANCHOR_01,52:06:26:03:01:DA,-61,MFG_4C000215FDA50693A4E24FB1AFCFC6EB0764782500010002D8,3.36,Yes,laptop,0.96,stationary
3063677,ANCHOR_01,52:06:26:03:01:DA,-61,MFG_4C000215FDA50693A4E24FB1AFCFC6EB0764782500010002D8,3.36,Yes,laptop,0.96,stationary
3064707,ANCHOR_01,52:06:26:03:01:DA,-77,MFG_4C000215FDA50693A4E24FB1AFCFC6EB0764782500010002D8,3.36,Yes,laptop,0.96,stationary
3065697,ANCHOR_01,52:06:26:03:01:DA,-77,MFG_4C000215FDA50693A4E24FB1AFCFC6EB0764782500010002D8,3.36,Yes,laptop,0.96,stationary
3067707,ANCHOR_01,52:06:26:03:01:DA,-59,MFG_4C000215FDA50693A4E24FB1AFCFC6EB0764782500010002D8,3.36,Yes,laptop,0.96,stationary
3068727,ANCHOR_01,52:06:26:03:01:DA,-61,MFG_4C000215FDA50693A4E24FB1AFCFC6EB0764782500010002D8,3.36,Yes,laptop,0.96,stationary
3069717,ANCHOR_01,52:06:26:03:01:DA,-61,MFG_4C000215FDA50693A4E24FB1AFCFC6EB0764782500010002D8,3.36,Yes,laptop,0.96,stationary
3070737,ANCHOR_01,52:06:26:03:01:DA,-77,MFG_4C000215FDA50693A4E24FB1AFCFC6EB0764782500010002D8,3.36,Yes,laptop,0.96,stationary
3071727,ANCHOR_01,52:06:26:03:01:DA,-77,MFG_4C000215FDA50693A4E24FB1AFCFC6EB0764782500010002D8,3.36,Yes,laptop,0.96,stationary
3072747,ANCHOR_01,52:06:26:03:01:DA,-59,MFG_4C000215FDA50693A4E24FB1AFCFC6EB0764782500010002D8,3.36,Yes,laptop,0.96,stationary
3073737,ANCHOR_01,52:06:26:03:01:DA,-59,MFG_4C000215FDA50693A4E24FB1AFCFC6EB0764782500010002D8,3.36,Yes,laptop,0.96,stationary
3074727,ANCHOR_01,52:06:26:03:01:DA,-59,MFG_4C000215FDA50693A4E24FB1AFCFC6EB0764782500010002D8,3.36,Yes,laptop,0.96,stationary
3075737,ANCHOR_01,52:06:26:03:01:DA,-61,MFG_4C000215FDA50693A4E24FB1AFCFC6EB0764782500010002D8,3.36,Yes,laptop,0.96,stationary
3076767,ANCHOR_01,52:06:26:03:01:DA,-77,MFG_4C000215FDA50693A4E24FB1AFCFC6EB0764782500010002D8,3.36,Yes,laptop,0.96,stationary
3077757,ANCHOR_01,52:06:26:03:01:DA,-76,MFG_4C000215FDA50693A4E24FB1AFCFC6EB0764782500010002D8,3.36,Yes,laptop,0.96,stationary
3078747,ANCHOR_01,52:06:26:03:01:DA,-78,MFG_4C000215FDA50693A4E24FB1AFCFC6EB0764782500010002D8,3.36,Yes,laptop,0.96,stationary
3079767,ANCHOR_01,52:06:26:03:01:DA,-59,MFG_4C000215FDA50693A4E24FB1AFCFC6EB0764782500010002D8,3.36,Yes,laptop,0.96,stationary
3080757,ANCHOR_01,52:06:26:03:01:DA,-59,MFG_4C000215FDA50693A4E24FB1AFCFC6EB0764782500010002D8,3.36,Yes,laptop,0.96,stationary
3081777,ANCHOR_01,52:06:26:03:01:DA,-61,MFG_4C000215FDA50693A4E24FB1AFCFC6EB0764782500010002D8,3.36,Yes,laptop,0.96,stationary
3082767,ANCHOR_01,52:06:26:03:01:DA,-61,MFG_4C000215FDA50693A4E24FB1AFCFC6EB0764782500010002D8,3.36,Yes,laptop,0.96,stationary
3083787,ANCHOR_01,52:06:26:03:01:DA,-78,MFG_4C000215FDA50693A4E24FB1AFCFC6EB0764782500010002D8,3.36,Yes,laptop,0.96,stationary
3085787,ANCHOR_01,52:06:26:03:01:DA,-58,MFG_4C000215FDA50693A4E24FB1AFCFC6EB0764782500010002D8,3.36,Yes,laptop,0.96,stationary
3086787,ANCHOR_01,52:06:26:03:01:DA,-59,MFG_4C000215FDA50693A4E24FB1AFCFC6EB0764782500010002D8,3.36,Yes,laptop,0.96,stationary
3087807,ANCHOR_01,52:06:26:03:01:DA,-61,MFG_4C000215FDA50693A4E24FB1AFCFC6EB0764782500010002D8,3.36,Yes,laptop,0.96,stationary
3088827,ANCHOR_01,52:06:26:03:01:DA,-77,MFG_4C000215FDA50693A4E24FB1AFCFC6EB0764782500010002D8,3.36,Yes,laptop,0.96,stationary
3089817,ANCHOR_01,52:06:26:03:01:DA,-77,MFG_4C000215FDA50693A4E24FB1AFCFC6EB0764782500010002D8,3.36,Yes,laptop,0.96,stationary
3090817,ANCHOR_01,52:06:26:03:01:DA,-60,MFG_4C000215FDA50693A4E24FB1AFCFC6EB0764782500010002D8,3.36,Yes,laptop,0.96,stationary
3091827,ANCHOR_01,52:06:26:03:01:DA,-59,MFG_4C000215FDA50693A4E24FB1AFCFC6EB0764782500010002D8,3.36,Yes,laptop,0.96,stationary
3092847,ANCHOR_01,52:06:26:03:01:DA,-61,MFG_4C000215FDA50693A4E24FB1AFCFC6EB0764782500010002D8,3.36,Yes,laptop,0.96,stationary
3093837,ANCHOR_01,52:06:26:03:01:DA,-61,MFG_4C000215FDA50693A4E24FB1AFCFC6EB0764782500010002D8,3.36,Yes,laptop,0.96,stationary
3094827,ANCHOR_01,52:06:26:03:01:DA,-60,MFG_4C000215FDA50693A4E24FB1AFCFC6EB0764782500010002D8,3.36,Yes,laptop,0.96,stationary
3095837,ANCHOR_01,52:06:26:03:01:DA,-77,MFG_4C000215FDA50693A4E24FB1AFCFC6EB0764782500010002D8,3.36,Yes,laptop,0.96,stationary
3096837,ANCHOR_01,52:06:26:03:01:DA,-75,MFG_4C000215FDA50693A4E24FB1AFCFC6EB0764782500010002D8,3.36,Yes,laptop,0.96,stationary
3097857,ANCHOR_01,52:06:26:03:01:DA,-58,MFG_4C000215FDA50693A4E24FB1AFCFC6EB0764782500010002D8,3.36,Yes,laptop,0.96,stationary
3098847,ANCHOR_01,52:06:26:03:01:DA,-59,MFG_4C000215FDA50693A4E24FB1AFCFC6EB0764782500010002D8,3.36,Yes,laptop,0.96,stationary
3099857,ANCHOR_01,52:06:26:03:01:DA,-61,MFG_4C000215FDA50693A4E24FB1AFCFC6EB0764782500010002D8,3.36,Yes,laptop,0.96,stationary
3100857,ANCHOR_01,52:06:26:03:01:DA,-61,MFG_4C000215FDA50693A4E24FB1AFCFC6EB0764782500010002D8,3.36,Yes,laptop,0.96,stationary
3101867,ANCHOR_01,52:06:26:03:01:DA,-75,MFG_4C000215FDA50693A4E24FB1AFCFC6EB0764782500010002D8,3.36,Yes,laptop,0.96,stationary
3102877,ANCHOR_01,52:06:26:03:01:DA,-59,MFG_4C000215FDA50693A4E24FB1AFCFC6EB0764782500010002D8,3.36,Yes,laptop,0.96,stationary
3103877,ANCHOR_01,52:06:26:03:01:DA,-59,MFG_4C000215FDA50693A4E24FB1AFCFC6EB0764782500010002D8,3.36,Yes,laptop,0.96,stationary
3104907,ANCHOR_01,52:06:26:03:01:DA,-61,MFG_4C000215FDA50693A4E24FB1AFCFC6EB0764782500010002D8,3.36,Yes,laptop,0.96,stationary
3105897,ANCHOR_01,52:06:26:03:01:DA,-61,MFG_4C000215FDA50693A4E24FB1AFCFC6EB0764782500010002D8,3.36,Yes,laptop,0.96,stationary
3106917,ANCHOR_01,52:06:26:03:01:DA,-76,MFG_4C000215FDA50693A4E24FB1AFCFC6EB0764782500010002D8,3.36,Yes,laptop,0.96,stationary
3107907,ANCHOR_01,52:06:26:03:01:DA,-77,MFG_4C000215FDA50693A4E24FB1AFCFC6EB0764782500010002D8,3.36,Yes,laptop,0.96,stationary
3108927,ANCHOR_01,52:06:26:03:01:DA,-58,MFG_4C000215FDA50693A4E24FB1AFCFC6EB0764782500010002D8,3.36,Yes,laptop,0.96,stationary
3109917,ANCHOR_01,52:06:26:03:01:DA,-59,MFG_4C000215FDA50693A4E24FB1AFCFC6EB0764782500010002D8,3.36,Yes,laptop,0.96,stationary
3110937,ANCHOR_01,52:06:26:03:01:DA,-61,MFG_4C000215FDA50693A4E24FB1AFCFC6EB0764782500010002D8,3.36,Yes,laptop,0.96,stationary
3111927,ANCHOR_01,52:06:26:03:01:DA,-61,MFG_4C000215FDA50693A4E24FB1AFCFC6EB0764782500010002D8,3.36,Yes,laptop,0.96,stationary
3112947,ANCHOR_01,52:06:26:03:01:DA,-76,MFG_4C000215FDA50693A4E24FB1AFCFC6EB0764782500010002D8,3.36,Yes,laptop,0.96,stationary
3113937,ANCHOR_01,52:06:26:03:01:DA,-76,MFG_4C000215FDA50693A4E24FB1AFCFC6EB0764782500010002D8,3.36,Yes,laptop,0.96,stationary
3114957,ANCHOR_01,52:06:26:03:01:DA,-58,MFG_4C000215FDA50693A4E24FB1AFCFC6EB0764782500010002D8,3.36,Yes,laptop,0.96,stationary
3115947,ANCHOR_01,52:06:26:03:01:DA,-58,MFG_4C000215FDA50693A4E24FB1AFCFC6EB0764782500010002D8,3.36,Yes,laptop,0.96,stationary
3116937,ANCHOR_01,52:06:26:03:01:DA,-58,MFG_4C000215FDA50693A4E24FB1AFCFC6EB0764782500010002D8,3.36,Yes,laptop,0.96,stationary
3117957,ANCHOR_01,52:06:26:03:01:DA,-61,MFG_4C000215FDA50693A4E24FB1AFCFC6EB0764782500010002D8,3.36,Yes,laptop,0.96,stationary
3118947,ANCHOR_01,52:06:26:03:01:DA,-61,MFG_4C000215FDA50693A4E24FB1AFCFC6EB0764782500010002D8,3.36,Yes,laptop,0.96,stationary
3119967,ANCHOR_01,52:06:26:03:01:DA,-76,MFG_4C000215FDA50693A4E24FB1AFCFC6EB0764782500010002D8,3.36,Yes,laptop,0.96,stationary
3120957,ANCHOR_01,52:06:26:03:01:DA,-76,MFG_4C000215FDA50693A4E24FB1AFCFC6EB0764782500010002D8,3.36,Yes,laptop,0.96,stationary
3121977,ANCHOR_01,52:06:26:03:01:DA,-59,MFG_4C000215FDA50693A4E24FB1AFCFC6EB0764782500010002D8,3.36,Yes,laptop,0.96,stationary
3122967,ANCHOR_01,52:06:26:03:01:DA,-58,MFG_4C000215FDA50693A4E24FB1AFCFC6EB0764782500010002D8,3.36,Yes,laptop,0.96,stationary
3123957,ANCHOR_01,52:06:26:03:01:DA,-59,MFG_4C000215FDA50693A4E24FB1AFCFC6EB0764782500010002D8,3.36,Yes,laptop,0.96,stationary
3124967,ANCHOR_01,52:06:26:03:01:DA,-61,MFG_4C000215FDA50693A4E24FB1AFCFC6EB0764782500010002D8,3.36,Yes,laptop,0.96,stationary
3125987,ANCHOR_01,52:06:26:03:01:DA,-74,MFG_4C000215FDA50693A4E24FB1AFCFC6EB0764782500010002D8,3.36,Yes,laptop,0.96,stationary
3126987,ANCHOR_01,52:06:26:03:01:DA,-75,MFG_4C000215FDA50693A4E24FB1AFCFC6EB0764782500010002D8,3.36,Yes,laptop,0.96,stationary
3128997,ANCHOR_01,52:06:26:03:01:DA,-106,MFG_4C000215FDA50693A4E24FB1AFCFC6EB0764782500010002D8,3.36,Yes,laptop,0.96,stationary
3129987,ANCHOR_01,52:06:26:03:01:DA,-58,MFG_4C000215FDA50693A4E24FB1AFCFC6EB0764782500010002D8,3.36,Yes,laptop,0.96,stationary
3130997,ANCHOR_01,52:06:26:03:01:DA,-61,MFG_4C000215FDA50693A4E24FB1AFCFC6EB0764782500010002D8,3.36,Yes,laptop,0.96,stationary
3131997,ANCHOR_01,52:06:26:03:01:DA,-61,MFG_4C000215FDA50693A4E24FB1AFCFC6EB0764782500010002D8,3.36,Yes,laptop,0.96,stationary
3133017,ANCHOR_01,52:06:26:03:01:DA,-75,MFG_4C000215FDA50693A4E24FB1AFCFC6EB0764782500010002D8,3.36,Yes,laptop,0.96,stationary
3134007,ANCHOR_01,52:06:26:03:01:DA,-76,MFG_4C000215FDA50693A4E24FB1AFCFC6EB0764782500010002D8,3.36,Yes,laptop,0.96,stationary
3135027,ANCHOR_01,52:06:26:03:01:DA,-58,MFG_4C000215FDA50693A4E24FB1AFCFC6EB0764782500010002D8,3.36,Yes,laptop,0.96,stationary
3136007,ANCHOR_01,52:06:26:03:01:DA,-59,MFG_4C000215FDA50693A4E24FB1AFCFC6EB0764782500010002D8,3.36,Yes,laptop,0.96,stationary
3137007,ANCHOR_01,52:06:26:03:01:DA,-58,MFG_4C000215FDA50693A4E24FB1AFCFC6EB0764782500010002D8,3.36,Yes,laptop,0.96,stationary
3138007,ANCHOR_01,52:06:26:03:01:DA,-61,MFG_4C000215FDA50693A4E24FB1AFCFC6EB0764782500010002D8,3.36,Yes,laptop,0.96,stationary
3139017,ANCHOR_01,52:06:26:03:01:DA,-61,MFG_4C000215FDA50693A4E24FB1AFCFC6EB0764782500010002D8,3.36,Yes,laptop,0.96,stationary
3140037,ANCHOR_01,52:06:26:03:01:DA,-77,MFG_4C000215FDA50693A4E24FB1AFCFC6EB0764782500010002D8,3.36,Yes,laptop,0.96,stationary
3141027,ANCHOR_01,52:06:26:03:01:DA,-76,MFG_4C000215FDA50693A4E24FB1AFCFC6EB0764782500010002D8,3.36,Yes,laptop,0.96,stationary
3142047,ANCHOR_01,52:06:26:03:01:DA,-59,MFG_4C000215FDA50693A4E24FB1AFCFC6EB0764782500010002D8,3.36,Yes,laptop,0.96,stationary
3143037,ANCHOR_01,52:06:26:03:01:DA,-58,MFG_4C000215FDA50693A4E24FB1AFCFC6EB0764782500010002D8,3.36,Yes,laptop,0.96,stationary
3145037,ANCHOR_01,52:06:26:03:01:DA,-61,MFG_4C000215FDA50693A4E24FB1AFCFC6EB0764782500010002D8,3.36,Yes,laptop,0.96,stationary
3146067,ANCHOR_01,52:06:26:03:01:DA,-76,MFG_4C000215FDA50693A4E24FB1AFCFC6EB0764782500010002D8,3.36,Yes,laptop,0.96,stationary
3147057,ANCHOR_01,52:06:26:03:01:DA,-76,MFG_4C000215FDA50693A4E24FB1AFCFC6EB0764782500010002D8,3.36,Yes,laptop,0.96,stationary
3148077,ANCHOR_01,52:06:26:03:01:DA,-59,MFG_4C000215FDA50693A4E24FB1AFCFC6EB0764782500010002D8,3.36,Yes,laptop,0.96,stationary
3149067,ANCHOR_01,52:06:26:03:01:DA,-58,MFG_4C000215FDA50693A4E24FB1AFCFC6EB0764782500010002D8,3.36,Yes,laptop,0.96,stationary
3150087,ANCHOR_01,52:06:26:03:01:DA,-61,MFG_4C000215FDA50693A4E24FB1AFCFC6EB0764782500010002D8,3.36,Yes,laptop,0.96,stationary
3151077,ANCHOR_01,52:06:26:03:01:DA,-61,MFG_4C000215FDA50693A4E24FB1AFCFC6EB0764782500010002D8,3.36,Yes,laptop,0.96,stationary
3152097,ANCHOR_01,52:06:26:03:01:DA,-76,MFG_4C000215FDA50693A4E24FB1AFCFC6EB0764782500010002D8,3.36,Yes,laptop,0.96,stationary
3153087,ANCHOR_01,52:06:26:03:01:DA,-75,MFG_4C000215FDA50693A4E24FB1AFCFC6EB0764782500010002D8,3.36,Yes,laptop,0.96,stationary
3154107,ANCHOR_01,52:06:26:03:01:DA,-59,MFG_4C000215FDA50693A4E24FB1AFCFC6EB0764782500010002D8,3.36,Yes,laptop,0.96,stationary
3155097,ANCHOR_01,52:06:26:03:01:DA,-59,MFG_4C000215FDA50693A4E24FB1AFCFC6EB0764782500010002D8,3.36,Yes,laptop,0.96,stationary
3156117,ANCHOR_01,52:06:26:03:01:DA,-61,MFG_4C000215FDA50693A4E24FB1AFCFC6EB0764782500010002D8,3.36,Yes,laptop,0.96,stationary
3157107,ANCHOR_01,52:06:26:03:01:DA,-61,MFG_4C000215FDA50693A4E24FB1AFCFC6EB0764782500010002D8,3.36,Yes,laptop,0.96,stationary
3158127,ANCHOR_01,52:06:26:03:01:DA,-76,MFG_4C000215FDA50693A4E24FB1AFCFC6EB0764782500010002D8,3.36,Yes,laptop,0.96,stationary
3160137,ANCHOR_01,52:06:26:03:01:DA,-60,MFG_4C000215FDA50693A4E24FB1AFCFC6EB0764782500010002D8,3.36,Yes,laptop,0.96,stationary
3161127,ANCHOR_01,52:06:26:03:01:DA,-59,MFG_4C000215FDA50693A4E24FB1AFCFC6EB0764782500010002D8,3.36,Yes,laptop,0.96,stationary
3162147,ANCHOR_01,52:06:26:03:01:DA,-61,MFG_4C000215FDA50693A4E24FB1AFCFC6EB0764782500010002D8,3.36,Yes,laptop,0.96,stationary
3163137,ANCHOR_01,52:06:26:03:01:DA,-61,MFG_4C000215FDA50693A4E24FB1AFCFC6EB0764782500010002D8,3.36,Yes,laptop,0.96,stationary
3164137,ANCHOR_01,52:06:26:03:01:DA,-76,MFG_4C000215FDA50693A4E24FB1AFCFC6EB0764782500010002D8,3.36,Yes,laptop,0.96,stationary
3165147,ANCHOR_01,52:06:26:03:01:DA,-77,MFG_4C000215FDA50693A4E24FB1AFCFC6EB0764782500010002D8,3.36,Yes,laptop,0.96,stationary
3166167,ANCHOR_01,52:06:26:03:01:DA,-59,MFG_4C000215FDA50693A4E24FB1AFCFC6EB0764782500010002D8,3.36,Yes,laptop,0.96,stationary
3167157,ANCHOR_01,52:06:26:03:01:DA,-59,MFG_4C000215FDA50693A4E24FB1AFCFC6EB0764782500010002D8,3.36,Yes,laptop,0.96,stationary
3168177,ANCHOR_01,52:06:26:03:01:DA,-61,MFG_4C000215FDA50693A4E24FB1AFCFC6EB0764782500010002D8,3.36,Yes,laptop,0.96,stationary
3169157,ANCHOR_01,52:06:26:03:01:DA,-61,MFG_4C000215FDA50693A4E24FB1AFCFC6EB0764782500010002D8,3.36,Yes,laptop,0.96,stationary
3170187,ANCHOR_01,52:06:26:03:01:DA,-76,MFG_4C000215FDA50693A4E24FB1AFCFC6EB0764782500010002D8,3.36,Yes,laptop,0.96,stationary
3171177,ANCHOR_01,52:06:26:03:01:DA,-76,MFG_4C000215FDA50693A4E24FB1AFCFC6EB0764782500010002D8,3.36,Yes,laptop,0.96,stationary
3173187,ANCHOR_01,52:06:26:03:01:DA,-58,MFG_4C000215FDA50693A4E24FB1AFCFC6EB0764782500010002D8,3.36,Yes,laptop,0.96,stationary
3174177,ANCHOR_01,52:06:26:03:01:DA,-58,MFG_4C000215FDA50693A4E24FB1AFCFC6EB0764782500010002D8,3.36,Yes,laptop,0.96,stationary
3175197,ANCHOR_01,52:06:26:03:01:DA,-61,MFG_4C000215FDA50693A4E24FB1AFCFC6EB0764782500010002D8,3.36,Yes,laptop,0.96,stationary
3176187,ANCHOR_01,52:06:26:03:01:DA,-61,MFG_4C000215FDA50693A4E24FB1AFCFC6EB0764782500010002D8,3.36,Yes,laptop,0.96,stationary
3177207,ANCHOR_01,52:06:26:03:01:DA,-76,MFG_4C000215FDA50693A4E24FB1AFCFC6EB0764782500010002D8,3.36,Yes,laptop,0.96,stationary
3178197,ANCHOR_01,52:06:26:03:01:DA,-76,MFG_4C000215FDA50693A4E24FB1AFCFC6EB0764782500010002D8,3.36,Yes,laptop,0.96,stationary
3180197,ANCHOR_01,52:06:26:03:01:DA,-58,MFG_4C000215FDA50693A4E24FB1AFCFC6EB0764782500010002D8,3.36,Yes,laptop,0.96,stationary
3181197,ANCHOR_01,52:06:26:03:01:DA,-59,MFG_4C000215FDA50693A4E24FB1AFCFC6EB0764782500010002D8,3.36,Yes,laptop,0.96,stationary
3182217,ANCHOR_01,52:06:26:03:01:DA,-61,MFG_4C000215FDA50693A4E24FB1AFCFC6EB0764782500010002D8,3.36,Yes,laptop,0.96,stationary
3183207,ANCHOR_01,52:06:26:03:01:DA,-61,MFG_4C000215FDA50693A4E24FB1AFCFC6EB0764782500010002D8,3.36,Yes,laptop,0.96,stationary
3184227,ANCHOR_01,52:06:26:03:01:DA,-76,MFG_4C000215FDA50693A4E24FB1AFCFC6EB0764782500010002D8,3.36,Yes,laptop,0.96,stationary
3185217,ANCHOR_01,52:06:26:03:01:DA,-77,MFG_4C000215FDA50693A4E24FB1AFCFC6EB0764782500010002D8,3.36,Yes,laptop,0.96,stationary
3186237,ANCHOR_01,52:06:26:03:01:DA,-59,MFG_4C000215FDA50693A4E24FB1AFCFC6EB0764782500010002D8,3.36,Yes,laptop,0.96,stationary
3187257,ANCHOR_01,52:06:26:03:01:DA,-61,MFG_4C000215FDA50693A4E24FB1AFCFC6EB0764782500010002D8,3.36,Yes,laptop,0.96,stationary
3188237,ANCHOR_01,52:06:26:03:01:DA,-61,MFG_4C000215FDA50693A4E24FB1AFCFC6EB0764782500010002D8,3.36,Yes,laptop,0.96,stationary
3189237,ANCHOR_01,52:06:26:03:01:DA,-61,MFG_4C000215FDA50693A4E24FB1AFCFC6EB0764782500010002D8,3.36,Yes,laptop,0.96,stationary
3190247,ANCHOR_01,52:06:26:03:01:DA,-76,MFG_4C000215FDA50693A4E24FB1AFCFC6EB0764782500010002D8,3.36,Yes,laptop,0.96,stationary
3191247,ANCHOR_01,52:06:26:03:01:DA,-75,MFG_4C000215FDA50693A4E24FB1AFCFC6EB0764782500010002D8,3.36,Yes,laptop,0.96,stationary
3193257,ANCHOR_01,52:06:26:03:01:DA,-59,MFG_4C000215FDA50693A4E24FB1AFCFC6EB0764782500010002D8,3.36,Yes,laptop,0.96,stationary
3194257,ANCHOR_01,52:06:26:03:01:DA,-61,MFG_4C000215FDA50693A4E24FB1AFCFC6EB0764782500010002D8,3.36,Yes,laptop,0.96,stationary
3195267,ANCHOR_01,52:06:26:03:01:DA,-61,MFG_4C000215FDA50693A4E24FB1AFCFC6EB0764782500010002D8,3.36,Yes,laptop,0.96,stationary
3196277,ANCHOR_01,52:06:26:03:01:DA,-76,MFG_4C000215FDA50693A4E24FB1AFCFC6EB0764782500010002D8,3.36,Yes,laptop,0.96,stationary
3197267,ANCHOR_01,52:06:26:03:01:DA,-76,MFG_4C000215FDA50693A4E24FB1AFCFC6EB0764782500010002D8,3.36,Yes,laptop,0.96,stationary
3198267,ANCHOR_01,52:06:26:03:01:DA,-77,MFG_4C000215FDA50693A4E24FB1AFCFC6EB0764782500010002D8,3.36,Yes,laptop,0.96,stationary
3199287,ANCHOR_01,52:06:26:03:01:DA,-59,MFG_4C000215FDA50693A4E24FB1AFCFC6EB0764782500010002D8,3.36,Yes,laptop,0.96,stationary
3200277,ANCHOR_01,52:06:26:03:01:DA,-59,MFG_4C000215FDA50693A4E24FB1AFCFC6EB0764782500010002D8,3.36,Yes,laptop,0.96,stationary
3201297,ANCHOR_01,52:06:26:03:01:DA,-61,MFG_4C000215FDA50693A4E24FB1AFCFC6EB0764782500010002D8,3.36,Yes,laptop,0.96,stationary
3202277,ANCHOR_01,52:06:26:03:01:DA,-61,MFG_4C000215FDA50693A4E24FB1AFCFC6EB0764782500010002D8,3.36,Yes,laptop,0.96,stationary
3203307,ANCHOR_01,52:06:26:03:01:DA,-76,MFG_4C000215FDA50693A4E24FB1AFCFC6EB0764782500010002D8,3.36,Yes,laptop,0.96,stationary
3204297,ANCHOR_01,52:06:26:03:01:DA,-76,MFG_4C000215FDA50693A4E24FB1AFCFC6EB0764782500010002D8,3.36,Yes,laptop,0.96,stationary
3205317,ANCHOR_01,52:06:26:03:01:DA,-59,MFG_4C000215FDA50693A4E24FB1AFCFC6EB0764782500010002D8,3.36,Yes,laptop,0.96,stationary
3206307,ANCHOR_01,52:06:26:03:01:DA,-59,MFG_4C000215FDA50693A4E24FB1AFCFC6EB0764782500010002D8,3.36,Yes,laptop,0.96,stationary
3207307,ANCHOR_01,52:06:26:03:01:DA,-61,MFG_4C000215FDA50693A4E24FB1AFCFC6EB0764782500010002D8,3.36,Yes,laptop,0.96,stationary
3208317,ANCHOR_01,52:06:26:03:01:DA,-61,MFG_4C000215FDA50693A4E24FB1AFCFC6EB0764782500010002D8,3.36,Yes,laptop,0.96,stationary
3209337,ANCHOR_01,52:06:26:03:01:DA,-77,MFG_4C000215FDA50693A4E24FB1AFCFC6EB0764782500010002D8,3.36,Yes,laptop,0.96,stationary
3210327,ANCHOR_01,52:06:26:03:01:DA,-76,MFG_4C000215FDA50693A4E24FB1AFCFC6EB0764782500010002D8,3.36,Yes,laptop,0.96,stationary
3211347,ANCHOR_01,52:06:26:03:01:DA,-59,MFG_4C000215FDA50693A4E24FB1AFCFC6EB0764782500010002D8,3.36,Yes,laptop,0.96,stationary
3212337,ANCHOR_01,52:06:26:03:01:DA,-58,MFG_4C000215FDA50693A4E24FB1AFCFC6EB0764782500010002D8,3.36,Yes,laptop,0.96,stationary
3213357,ANCHOR_01,52:06:26:03:01:DA,-61,MFG_4C000215FDA50693A4E24FB1AFCFC6EB0764782500010002D8,3.36,Yes,laptop,0.96,stationary
3214347,ANCHOR_01,52:06:26:03:01:DA,-61,MFG_4C000215FDA50693A4E24FB1AFCFC6EB0764782500010002D8,3.36,Yes,laptop,0.96,stationary
3215357,ANCHOR_01,52:06:26:03:01:DA,-76,MFG_4C000215FDA50693A4E24FB1AFCFC6EB0764782500010002D8,3.36,Yes,laptop,0.96,stationary
3217377,ANCHOR_01,52:06:26:03:01:DA,-59,MFG_4C000215FDA50693A4E24FB1AFCFC6EB0764782500010002D8,3.36,Yes,laptop,0.96,stationary
3218397,ANCHOR_01,52:06:26:03:01:DA,-62,MFG_4C000215FDA50693A4E24FB1AFCFC6EB0764782500010002D8,3.36,Yes,laptop,0.96,stationary
3219387,ANCHOR_01,52:06:26:03:01:DA,-61,MFG_4C000215FDA50693A4E24FB1AFCFC6EB0764782500010002D8,3.36,Yes,laptop,0.96,stationary
3220397,ANCHOR_01,52:06:26:03:01:DA,-76,MFG_4C000215FDA50693A4E24FB1AFCFC6EB0764782500010002D8,3.36,Yes,laptop,0.96,stationary
3221397,ANCHOR_01,52:06:26:03:01:DA,-75,MFG_4C000215FDA50693A4E24FB1AFCFC6EB0764782500010002D8,3.36,Yes,laptop,0.96,stationary
3222417,ANCHOR_01,52:06:26:03:01:DA,-59,MFG_4C000215FDA50693A4E24FB1AFCFC6EB0764782500010002D8,3.36,Yes,laptop,0.96,stationary
3223407,ANCHOR_01,52:06:26:03:01:DA,-59,MFG_4C000215FDA50693A4E24FB1AFCFC6EB0764782500010002D8,3.36,Yes,laptop,0.96,stationary
3224427,ANCHOR_01,52:06:26:03:01:DA,-61,MFG_4C000215FDA50693A4E24FB1AFCFC6EB0764782500010002D8,3.36,Yes,laptop,0.96,stationary
3225417,ANCHOR_01,52:06:26:03:01:DA,-61,MFG_4C000215FDA50693A4E24FB1AFCFC6EB0764782500010002D8,3.36,Yes,laptop,0.96,stationary
3226437,ANCHOR_01,52:06:26:03:01:DA,-76,MFG_4C000215FDA50693A4E24FB1AFCFC6EB0764782500010002D8,3.36,Yes,laptop,0.96,stationary
3227427,ANCHOR_01,52:06:26:03:01:DA,-76,MFG_4C000215FDA50693A4E24FB1AFCFC6EB0764782500010002D8,3.36,Yes,laptop,0.96,stationary
3228447,ANCHOR_01,52:06:26:03:01:DA,-59,MFG_4C000215FDA50693A4E24FB1AFCFC6EB0764782500010002D8,3.36,Yes,laptop,0.96,stationary
3229437,ANCHOR_01,52:06:26:03:01:DA,-59,MFG_4C000215FDA50693A4E24FB1AFCFC6EB0764782500010002D8,3.36,Yes,laptop,0.96,stationary
3230447,ANCHOR_01,52:06:26:03:01:DA,-61,MFG_4C000215FDA50693A4E24FB1AFCFC6EB0764782500010002D8,3.36,Yes,laptop,0.96,stationary
3232467,ANCHOR_01,52:06:26:03:01:DA,-76,MFG_4C000215FDA50693A4E24FB1AFCFC6EB0764782500010002D8,3.36,Yes,laptop,0.96,stationary
3233457,ANCHOR_01,52:06:26:03:01:DA,-76,MFG_4C000215FDA50693A4E24FB1AFCFC6EB0764782500010002D8,3.36,Yes,laptop,0.96,stationary
3234477,ANCHOR_01,52:06:26:03:01:DA,-58,MFG_4C000215FDA50693A4E24FB1AFCFC6EB0764782500010002D8,3.36,Yes,laptop,0.96,stationary
3236487,ANCHOR_01,52:06:26:03:01:DA,-61,MFG_4C000215FDA50693A4E24FB1AFCFC6EB0764782500010002D8,3.36,Yes,laptop,0.96,stationary
3238497,ANCHOR_01,52:06:26:03:01:DA,-76,MFG_4C000215FDA50693A4E24FB1AFCFC6EB0764782500010002D8,3.36,Yes,laptop,0.96,stationary
3240497,ANCHOR_01,52:06:26:03:01:DA,-58,MFG_4C000215FDA50693A4E24FB1AFCFC6EB0764782500010002D8,3.36,Yes,laptop,0.96,stationary
3242507,ANCHOR_01,52:06:26:03:01:DA,-61,MFG_4C000215FDA50693A4E24FB1AFCFC6EB0764782500010002D8,3.36,Yes,laptop,0.96,stationary
3244527,ANCHOR_01,52:06:26:03:01:DA,-75,MFG_4C000215FDA50693A4E24FB1AFCFC6EB0764782500010002D8,3.36,Yes,laptop,0.96,stationary
3245517,ANCHOR_01,52:06:26:03:01:DA,-75,MFG_4C000215FDA50693A4E24FB1AFCFC6EB0764782500010002D8,3.36,Yes,laptop,0.96,stationary
3246537,ANCHOR_01,52:06:26:03:01:DA,-59,MFG_4C000215FDA50693A4E24FB1AFCFC6EB0764782500010002D8,3.36,Yes,laptop,0.96,stationary
3247527,ANCHOR_01,52:06:26:03:01:DA,-59,MFG_4C000215FDA50693A4E24FB1AFCFC6EB0764782500010002D8,3.36,Yes,laptop,0.96,stationary
3248547,ANCHOR_01,52:06:26:03:01:DA,-61,MFG_4C000215FDA50693A4E24FB1AFCFC6EB0764782500010002D8,3.36,Yes,laptop,0.96,stationary
3249567,ANCHOR_01,52:06:26:03:01:DA,-77,MFG_4C000215FDA50693A4E24FB1AFCFC6EB0764782500010002D8,3.36,Yes,laptop,0.96,stationary
3250557,ANCHOR_01,52:06:26:03:01:DA,-77,MFG_4C000215FDA50693A4E24FB1AFCFC6EB0764782500010002D8,3.36,Yes,laptop,0.96,stationary
3252557,ANCHOR_01,52:06:26:03:01:DA,-58,MFG_4C000215FDA50693A4E24FB1AFCFC6EB0764782500010002D8,3.36,Yes,laptop,0.96,stationary
3253557,ANCHOR_01,52:06:26:03:01:DA,-59,MFG_4C000215FDA50693A4E24FB1AFCFC6EB0764782500010002D8,3.36,Yes,laptop,0.96,stationary
3254577,ANCHOR_01,52:06:26:03:01:DA,-61,MFG_4C000215FDA50693A4E24FB1AFCFC6EB0764782500010002D8,3.36,Yes,laptop,0.96,stationary
3255577,ANCHOR_01,52:06:26:03:01:DA,-61,MFG_4C000215FDA50693A4E24FB1AFCFC6EB0764782500010002D8,3.36,Yes,laptop,0.96,stationary
3256587,ANCHOR_01,52:06:26:03:01:DA,-76,MFG_4C000215FDA50693A4E24FB1AFCFC6EB0764782500010002D8,3.36,Yes,laptop,0.96,stationary
3257577,ANCHOR_01,52:06:26:03:01:DA,-76,MFG_4C000215FDA50693A4E24FB1AFCFC6EB0764782500010002D8,3.36,Yes,laptop,0.96,stationary
3258597,ANCHOR_01,52:06:26:03:01:DA,-59,MFG_4C000215FDA50693A4E24FB1AFCFC6EB0764782500010002D8,3.36,Yes,laptop,0.96,stationary
3259587,ANCHOR_01,52:06:26:03:01:DA,-58,MFG_4C000215FDA50693A4E24FB1AFCFC6EB0764782500010002D8,3.36,Yes,laptop,0.96,stationary
3260607,ANCHOR_01,52:06:26:03:01:DA,-61,MFG_4C000215FDA50693A4E24FB1AFCFC6EB0764782500010002D8,3.36,Yes,laptop,0.96,stationary
3261597,ANCHOR_01,52:06:26:03:01:DA,-61,MFG_4C000215FDA50693A4E24FB1AFCFC6EB0764782500010002D8,3.36,Yes,laptop,0.96,stationary
3262617,ANCHOR_01,52:06:26:03:01:DA,-76,MFG_4C000215FDA50693A4E24FB1AFCFC6EB0764782500010002D8,3.36,Yes,laptop,0.96,stationary
3263607,ANCHOR_01,52:06:26:03:01:DA,-75,MFG_4C000215FDA50693A4E24FB1AFCFC6EB0764782500010002D8,3.36,Yes,laptop,0.96,stationary
3264627,ANCHOR_01,52:06:26:03:01:DA,-59,MFG_4C000215FDA50693A4E24FB1AFCFC6EB0764782500010002D8,3.36,Yes,laptop,0.96,stationary
3265607,ANCHOR_01,52:06:26:03:01:DA,-58,MFG_4C000215FDA50693A4E24FB1AFCFC6EB0764782500010002D8,3.36,Yes,laptop,0.96,stationary
3267627,ANCHOR_01,52:06:26:03:01:DA,-61,MFG_4C000215FDA50693A4E24FB1AFCFC6EB0764782500010002D8,3.36,Yes,laptop,0.96,stationary
3268647,ANCHOR_01,52:06:26:03:01:DA,-76,MFG_4C000215FDA50693A4E24FB1AFCFC6EB0764782500010002D8,3.36,Yes,laptop,0.96,stationary
3269637,ANCHOR_01,52:06:26:03:01:DA,-76,MFG_4C000215FDA50693A4E24FB1AFCFC6EB0764782500010002D8,3.36,Yes,laptop,0.96,stationary
3270657,ANCHOR_01,52:06:26:03:01:DA,-59,MFG_4C000215FDA50693A4E24FB1AFCFC6EB0764782500010002D8,3.36,Yes,laptop,0.96,stationary
3271647,ANCHOR_01,52:06:26:03:01:DA,-59,MFG_4C000215FDA50693A4E24FB1AFCFC6EB0764782500010002D8,3.36,Yes,laptop,0.96,stationary
3272647,ANCHOR_01,52:06:26:03:01:DA,-61,MFG_4C000215FDA50693A4E24FB1AFCFC6EB0764782500010002D8,3.36,Yes,laptop,0.96,stationary
3273657,ANCHOR_01,52:06:26:03:01:DA,-61,MFG_4C000215FDA50693A4E24FB1AFCFC6EB0764782500010002D8,3.36,Yes,laptop,0.96,stationary
3274677,ANCHOR_01,52:06:26:03:01:DA,-75,MFG_4C000215FDA50693A4E24FB1AFCFC6EB0764782500010002D8,3.36,Yes,laptop,0.96,stationary
3275667,ANCHOR_01,52:06:26:03:01:DA,-76,MFG_4C000215FDA50693A4E24FB1AFCFC6EB0764782500010002D8,3.36,Yes,laptop,0.96,stationary
3276657,ANCHOR_01,52:06:26:03:01:DA,-75,MFG_4C000215FDA50693A4E24FB1AFCFC6EB0764782500010002D8,3.36,Yes,laptop,0.96,stationary
3277657,ANCHOR_01,52:06:26:03:01:DA,-58,MFG_4C000215FDA50693A4E24FB1AFCFC6EB0764782500010002D8,3.36,Yes,laptop,0.96,stationary
3278667,ANCHOR_01,52:06:26:03:01:DA,-59,MFG_4C000215FDA50693A4E24FB1AFCFC6EB0764782500010002D8,3.36,Yes,laptop,0.96,stationary
3279687,ANCHOR_01,52:06:26:03:01:DA,-61,MFG_4C000215FDA50693A4E24FB1AFCFC6EB0764782500010002D8,3.36,Yes,laptop,0.96,stationary
3280677,ANCHOR_01,52:06:26:03:01:DA,-61,MFG_4C000215FDA50693A4E24FB1AFCFC6EB0764782500010002D8,3.36,Yes,laptop,0.96,stationary
3281687,ANCHOR_01,52:06:26:03:01:DA,-76,MFG_4C000215FDA50693A4E24FB1AFCFC6EB0764782500010002D8,3.36,Yes,laptop,0.96,stationary
3282687,ANCHOR_01,52:06:26:03:01:DA,-75,MFG_4C000215FDA50693A4E24FB1AFCFC6EB0764782500010002D8,3.36,Yes,laptop,0.96,stationary
3283707,ANCHOR_01,52:06:26:03:01:DA,-59,MFG_4C000215FDA50693A4E24FB1AFCFC6EB0764782500010002D8,3.36,Yes,laptop,0.96,stationary
3284697,ANCHOR_01,52:06:26:03:01:DA,-59,MFG_4C000215FDA50693A4E24FB1AFCFC6EB0764782500010002D8,3.36,Yes,laptop,0.96,stationary
3286707,ANCHOR_01,52:06:26:03:01:DA,-61,MFG_4C000215FDA50693A4E24FB1AFCFC6EB0764782500010002D8,3.36,Yes,laptop,0.96,stationary
3287727,ANCHOR_01,52:06:26:03:01:DA,-75,MFG_4C000215FDA50693A4E24FB1AFCFC6EB0764782500010002D8,3.36,Yes,laptop,0.96,stationary
3288717,ANCHOR_01,52:06:26:03:01:DA,-76,MFG_4C000215FDA50693A4E24FB1AFCFC6EB0764782500010002D8,3.36,Yes,laptop,0.96,stationary
3289727,ANCHOR_01,52:06:26:03:01:DA,-59,MFG_4C000215FDA50693A4E24FB1AFCFC6EB0764782500010002D8,3.36,Yes,laptop,0.96,stationary
3290727,ANCHOR_01,52:06:26:03:01:DA,-58,MFG_4C000215FDA50693A4E24FB1AFCFC6EB0764782500010002D8,3.36,Yes,laptop,0.96,stationary
3291737,ANCHOR_01,52:06:26:03:01:DA,-61,MFG_4C000215FDA50693A4E24FB1AFCFC6EB0764782500010002D8,3.36,Yes,laptop,0.96,stationary
3292737,ANCHOR_01,52:06:26:03:01:DA,-61,MFG_4C000215FDA50693A4E24FB1AFCFC6EB0764782500010002D8,3.36,Yes,laptop,0.96,stationary
3293747,ANCHOR_01,52:06:26:03:01:DA,-74,MFG_4C000215FDA50693A4E24FB1AFCFC6EB0764782500010002D8,3.36,Yes,laptop,0.96,stationary
3294747,ANCHOR_01,52:06:26:03:01:DA,-76,MFG_4C000215FDA50693A4E24FB1AFCFC6EB0764782500010002D8,3.36,Yes,laptop,0.96,stationary
3295767,ANCHOR_01,52:06:26:03:01:DA,-58,MFG_4C000215FDA50693A4E24FB1AFCFC6EB0764782500010002D8,3.36,Yes,laptop,0.96,stationary
3296757,ANCHOR_01,52:06:26:03:01:DA,-58,MFG_4C000215FDA50693A4E24FB1AFCFC6EB0764782500010002D8,3.36,Yes,laptop,0.96,stationary
3297767,ANCHOR_01,52:06:26:03:01:DA,-61,MFG_4C000215FDA50693A4E24FB1AFCFC6EB0764782500010002D8,3.36,Yes,laptop,0.96,stationary
3298767,ANCHOR_01,52:06:26:03:01:DA,-61,MFG_4C000215FDA50693A4E24FB1AFCFC6EB0764782500010002D8,3.36,Yes,laptop,0.96,stationary
3299787,ANCHOR_01,52:06:26:03:01:DA,-75,MFG_4C000215FDA50693A4E24FB1AFCFC6EB0764782500010002D8,3.36,Yes,laptop,0.96,stationary
3300777,ANCHOR_01,52:06:26:03:01:DA,-76,MFG_4C000215FDA50693A4E24FB1AFCFC6EB0764782500010002D8,3.36,Yes,laptop,0.96,stationary
3301797,ANCHOR_01,52:06:26:03:01:DA,-58,MFG_4C000215FDA50693A4E24FB1AFCFC6EB0764782500010002D8,3.36,Yes,laptop,0.96,stationary
3302787,ANCHOR_01,52:06:26:03:01:DA,-59,MFG_4C000215FDA50693A4E24FB1AFCFC6EB0764782500010002D8,3.36,Yes,laptop,0.96,stationary
3303807,ANCHOR_01,52:06:26:03:01:DA,-60,MFG_4C000215FDA50693A4E24FB1AFCFC6EB0764782500010002D8,3.36,Yes,laptop,0.96,stationary
3304797,ANCHOR_01,52:06:26:03:01:DA,-61,MFG_4C000215FDA50693A4E24FB1AFCFC6EB0764782500010002D8,3.36,Yes,laptop,0.96,stationary
3306807,ANCHOR_01,52:06:26:03:01:DA,-75,MFG_4C000215FDA50693A4E24FB1AFCFC6EB0764782500010002D8,3.36,Yes,laptop,0.96,stationary
3307827,ANCHOR_01,52:06:26:03:01:DA,-59,MFG_4C000215FDA50693A4E24FB1AFCFC6EB0764782500010002D8,3.36,Yes,laptop,0.96,stationary
3308817,ANCHOR_01,52:06:26:03:01:DA,-58,MFG_4C000215FDA50693A4E24FB1AFCFC6EB0764782500010002D8,3.36,Yes,laptop,0.96,stationary
3309827,ANCHOR_01,52:06:26:03:01:DA,-61,MFG_4C000215FDA50693A4E24FB1AFCFC6EB0764782500010002D8,3.36,Yes,laptop,0.96,stationary
3311847,ANCHOR_01,52:06:26:03:01:DA,-77,MFG_4C000215FDA50693A4E24FB1AFCFC6EB0764782500010002D8,3.36,Yes,laptop,0.96,stationary
3312847,ANCHOR_01,52:06:26:03:01:DA,-59,MFG_4C000215FDA50693A4E24FB1AFCFC6EB0764782500010002D8,3.36,Yes,laptop,0.96,stationary
3313857,ANCHOR_01,52:06:26:03:01:DA,-59,MFG_4C000215FDA50693A4E24FB1AFCFC6EB0764782500010002D8,3.36,Yes,laptop,0.96,stationary
3314877,ANCHOR_01,52:06:26:03:01:DA,-61,MFG_4C000215FDA50693A4E24FB1AFCFC6EB0764782500010002D8,3.36,Yes,laptop,0.96,stationary
3315867,ANCHOR_01,52:06:26:03:01:DA,-61,MFG_4C000215FDA50693A4E24FB1AFCFC6EB0764782500010002D8,3.36,Yes,laptop,0.96,stationary
3318867,ANCHOR_01,52:06:26:03:01:DA,-76,MFG_4C000215FDA50693A4E24FB1AFCFC6EB0764782500010002D8,3.36,Yes,laptop,0.96,stationary
3319887,ANCHOR_01,52:06:26:03:01:DA,-59,MFG_4C000215FDA50693A4E24FB1AFCFC6EB0764782500010002D8,3.36,Yes,laptop,0.96,stationary
3320877,ANCHOR_01,52:06:26:03:01:DA,-106,MFG_4C000215FDA50693A4E24FB1AFCFC6EB0764782500010002D8,3.36,Yes,laptop,0.96,stationary
3321897,ANCHOR_01,52:06:26:03:01:DA,-61,MFG_4C000215FDA50693A4E24FB1AFCFC6EB0764782500010002D8,3.36,Yes,laptop,0.96,stationary
3322887,ANCHOR_01,52:06:26:03:01:DA,-61,MFG_4C000215FDA50693A4E24FB1AFCFC6EB0764782500010002D8,3.36,Yes,laptop,0.96,stationary
3323907,ANCHOR_01,52:06:26:03:01:DA,-75,MFG_4C000215FDA50693A4E24FB1AFCFC6EB0764782500010002D8,3.36,Yes,laptop,0.96,stationary
3325917,ANCHOR_01,52:06:26:03:01:DA,-60,MFG_4C000215FDA50693A4E24FB1AFCFC6EB0764782500010002D8,3.36,Yes,laptop,0.96,stationary
3326937,ANCHOR_01,52:06:26:03:01:DA,-61,MFG_4C000215FDA50693A4E24FB1AFCFC6EB0764782500010002D8,3.36,Yes,laptop,0.96,stationary
3327927,ANCHOR_01,52:06:26:03:01:DA,-61,MFG_4C000215FDA50693A4E24FB1AFCFC6EB0764782500010002D8,3.36,Yes,laptop,0.96,stationary
3328917,ANCHOR_01,52:06:26:03:01:DA,-61,MFG_4C000215FDA50693A4E24FB1AFCFC6EB0764782500010002D8,3.36,Yes,laptop,0.96,stationary
3329937,ANCHOR_01,52:06:26:03:01:DA,-76,MFG_4C000215FDA50693A4E24FB1AFCFC6EB0764782500010002D8,3.36,Yes,laptop,0.96,stationary
3330927,ANCHOR_01,52:06:26:03:01:DA,-75,MFG_4C000215FDA50693A4E24FB1AFCFC6EB0764782500010002D8,3.36,Yes,laptop,0.96,stationary
3331947,ANCHOR_01,52:06:26:03:01:DA,-58,MFG_4C000215FDA50693A4E24FB1AFCFC6EB0764782500010002D8,3.36,Yes,laptop,0.96,stationary
3332937,ANCHOR_01,52:06:26:03:01:DA,-59,MFG_4C000215FDA50693A4E24FB1AFCFC6EB0764782500010002D8,3.36,Yes,laptop,0.96,stationary
3333957,ANCHOR_01,52:06:26:03:01:DA,-61,MFG_4C000215FDA50693A4E24FB1AFCFC6EB0764782500010002D8,3.36,Yes,laptop,0.96,stationary
3334947,ANCHOR_01,52:06:26:03:01:DA,-61,MFG_4C000215FDA50693A4E24FB1AFCFC6EB0764782500010002D8,3.36,Yes,laptop,0.96,stationary
3335957,ANCHOR_01,52:06:26:03:01:DA,-75,MFG_4C000215FDA50693A4E24FB1AFCFC6EB0764782500010002D8,3.36,Yes,laptop,0.96,stationary
3336957,ANCHOR_01,52:06:26:03:01:DA,-75,MFG_4C000215FDA50693A4E24FB1AFCFC6EB0764782500010002D8,3.36,Yes,laptop,0.96,stationary
3337977,ANCHOR_01,52:06:26:03:01:DA,-59,MFG_4C000215FDA50693A4E24FB1AFCFC6EB0764782500010002D8,3.36,Yes,laptop,0.96,stationary
3338967,ANCHOR_01,52:06:26:03:01:DA,-59,MFG_4C000215FDA50693A4E24FB1AFCFC6EB0764782500010002D8,3.36,Yes,laptop,0.96,stationary
3339987,ANCHOR_01,52:06:26:03:01:DA,-61,MFG_4C000215FDA50693A4E24FB1AFCFC6EB0764782500010002D8,3.36,Yes,laptop,0.96,stationary
3340977,ANCHOR_01,52:06:26:03:01:DA,-61,MFG_4C000215FDA50693A4E24FB1AFCFC6EB0764782500010002D8,3.36,Yes,laptop,0.96,stationary
3341967,ANCHOR_01,52:06:26:03:01:DA,-61,MFG_4C000215FDA50693A4E24FB1AFCFC6EB0764782500010002D8,3.36,Yes,laptop,0.96,stationary
3342977,ANCHOR_01,52:06:26:03:01:DA,-76,MFG_4C000215FDA50693A4E24FB1AFCFC6EB0764782500010002D8,3.36,Yes,laptop,0.96,stationary
3343977,ANCHOR_01,52:06:26:03:01:DA,-76,MFG_4C000215FDA50693A4E24FB1AFCFC6EB0764782500010002D8,3.36,Yes,laptop,0.96,stationary
3344997,ANCHOR_01,52:06:26:03:01:DA,-59,MFG_4C000215FDA50693A4E24FB1AFCFC6EB0764782500010002D8,3.36,Yes,laptop,0.96,stationary
3345987,ANCHOR_01,52:06:26:03:01:DA,-59,MFG_4C000215FDA50693A4E24FB1AFCFC6EB0764782500010002D8,3.36,Yes,laptop,0.96,stationary
3347007,ANCHOR_01,52:06:26:03:01:DA,-61,MFG_4C000215FDA50693A4E24FB1AFCFC6EB0764782500010002D8,3.36,Yes,laptop,0.96,stationary
3347987,ANCHOR_01,52:06:26:03:01:DA,-61,MFG_4C000215FDA50693A4E24FB1AFCFC6EB0764782500010002D8,3.36,Yes,laptop,0.96,stationary
3349017,ANCHOR_01,52:06:26:03:01:DA,-75,MFG_4C000215FDA50693A4E24FB1AFCFC6EB0764782500010002D8,3.36,Yes,laptop,0.96,stationary
3349997,ANCHOR_01,52:06:26:03:01:DA,-76,MFG_4C000215FDA50693A4E24FB1AFCFC6EB0764782500010002D8,3.36,Yes,laptop,0.96,stationary
3352017,ANCHOR_01,52:06:26:03:01:DA,-59,MFG_4C000215FDA50693A4E24FB1AFCFC6EB0764782500010002D8,3.36,Yes,laptop,0.96,stationary
3353017,ANCHOR_01,52:06:26:03:01:DA,-61,MFG_4C000215FDA50693A4E24FB1AFCFC6EB0764782500010002D8,3.36,Yes,laptop,0.96,stationary
3354027,ANCHOR_01,52:06:26:03:01:DA,-61,MFG_4C000215FDA50693A4E24FB1AFCFC6EB0764782500010002D8,3.36,Yes,laptop,0.96,stationary
3355027,ANCHOR_01,52:06:26:03:01:DA,-75,MFG_4C000215FDA50693A4E24FB1AFCFC6EB0764782500010002D8,3.36,Yes,laptop,0.96,stationary
3356037,ANCHOR_01,52:06:26:03:01:DA,-75,MFG_4C000215FDA50693A4E24FB1AFCFC6EB0764782500010002D8,3.36,Yes,laptop,0.96,stationary
3357057,ANCHOR_01,52:06:26:03:01:DA,-58,MFG_4C000215FDA50693A4E24FB1AFCFC6EB0764782500010002D8,3.36,Yes,laptop,0.96,stationary
3358037,ANCHOR_01,52:06:26:03:01:DA,-58,MFG_4C000215FDA50693A4E24FB1AFCFC6EB0764782500010002D8,3.36,Yes,laptop,0.96,stationary
3359067,ANCHOR_01,52:06:26:03:01:DA,-61,MFG_4C000215FDA50693A4E24FB1AFCFC6EB0764782500010002D8,3.36,Yes,laptop,0.96,stationary
3360057,ANCHOR_01,52:06:26:03:01:DA,-61,MFG_4C000215FDA50693A4E24FB1AFCFC6EB0764782500010002D8,3.36,Yes,laptop,0.96,stationary
3361057,ANCHOR_01,52:06:26:03:01:DA,-75,MFG_4C000215FDA50693A4E24FB1AFCFC6EB0764782500010002D8,3.36,Yes,laptop,0.96,stationary
3362067,ANCHOR_01,52:06:26:03:01:DA,-75,MFG_4C000215FDA50693A4E24FB1AFCFC6EB0764782500010002D8,3.36,Yes,laptop,0.96,stationary
3363067,ANCHOR_01,52:06:26:03:01:DA,-58,MFG_4C000215FDA50693A4E24FB1AFCFC6EB0764782500010002D8,3.36,Yes,laptop,0.96,stationary
3364077,ANCHOR_01,52:06:26:03:01:DA,-58,MFG_4C000215FDA50693A4E24FB1AFCFC6EB0764782500010002D8,3.36,Yes,laptop,0.96,stationary
3365097,ANCHOR_01,52:06:26:03:01:DA,-61,MFG_4C000215FDA50693A4E24FB1AFCFC6EB0764782500010002D8,3.36,Yes,laptop,0.96,stationary
3366087,ANCHOR_01,52:06:26:03:01:DA,-61,MFG_4C000215FDA50693A4E24FB1AFCFC6EB0764782500010002D8,3.36,Yes,laptop,0.96,stationary
3367107,ANCHOR_01,52:06:26:03:01:DA,-75,MFG_4C000215FDA50693A4E24FB1AFCFC6EB0764782500010002D8,3.36,Yes,laptop,0.96,stationary
3368097,ANCHOR_01,52:06:26:03:01:DA,-75,MFG_4C000215FDA50693A4E24FB1AFCFC6EB0764782500010002D8,3.36,Yes,laptop,0.96,stationary
3370107,ANCHOR_01,52:06:26:03:01:DA,-59,MFG_4C000215FDA50693A4E24FB1AFCFC6EB0764782500010002D8,3.36,Yes,laptop,0.96,stationary
3371117,ANCHOR_01,52:06:26:03:01:DA,-61,MFG_4C000215FDA50693A4E24FB1AFCFC6EB0764782500010002D8,3.36,Yes,laptop,0.96,stationary
3372117,ANCHOR_01,52:06:26:03:01:DA,-61,MFG_4C000215FDA50693A4E24FB1AFCFC6EB0764782500010002D8,3.36,Yes,laptop,0.96,stationary
3373137,ANCHOR_01,52:06:26:03:01:DA,-76,MFG_4C000215FDA50693A4E24FB1AFCFC6EB0764782500010002D8,3.36,Yes,laptop,0.96,stationary
3374127,ANCHOR_01,52:06:26:03:01:DA,-76,MFG_4C000215FDA50693A4E24FB1AFCFC6EB0764782500010002D8,3.36,Yes,laptop,0.96,stationary
3375147,ANCHOR_01,52:06:26:03:01:DA,-59,MFG_4C000215FDA50693A4E24FB1AFCFC6EB0764782500010002D8,3.36,Yes,laptop,0.96,stationary
3376137,ANCHOR_01,52:06:26:03:01:DA,-59,MFG_4C000215FDA50693A4E24FB1AFCFC6EB0764782500010002D8,3.36,Yes,laptop,0.96,stationary
3377157,ANCHOR_01,52:06:26:03:01:DA,-61,MFG_4C000215FDA50693A4E24FB1AFCFC6EB0764782500010002D8,3.36,Yes,laptop,0.96,stationary
3378147,ANCHOR_01,52:06:26:03:01:DA,-61,MFG_4C000215FDA50693A4E24FB1AFCFC6EB0764782500010002D8,3.36,Yes,laptop,0.96,stationary
3379167,ANCHOR_01,52:06:26:03:01:DA,-75,MFG_4C000215FDA50693A4E24FB1AFCFC6EB0764782500010002D8,3.36,Yes,laptop,0.96,stationary
3380157,ANCHOR_01,52:06:26:03:01:DA,-76,MFG_4C000215FDA50693A4E24FB1AFCFC6EB0764782500010002D8,3.36,Yes,laptop,0.96,stationary
3381167,ANCHOR_01,52:06:26:03:01:DA,-60,MFG_4C000215FDA50693A4E24FB1AFCFC6EB0764782500010002D8,3.36,Yes,laptop,0.96,stationary
3382167,ANCHOR_01,52:06:26:03:01:DA,-59,MFG_4C000215FDA50693A4E24FB1AFCFC6EB0764782500010002D8,3.36,Yes,laptop,0.96,stationary
3383187,ANCHOR_01,52:06:26:03:01:DA,-61,MFG_4C000215FDA50693A4E24FB1AFCFC6EB0764782500010002D8,3.36,Yes,laptop,0.96,stationary
3384177,ANCHOR_01,52:06:26:03:01:DA,-61,MFG_4C000215FDA50693A4E24FB1AFCFC6EB0764782500010002D8,3.36,Yes,laptop,0.96,stationary
3385187,ANCHOR_01,52:06:26:03:01:DA,-75,MFG_4C000215FDA50693A4E24FB1AFCFC6EB0764782500010002D8,3.36,Yes,laptop,0.96,stationary
3387197,ANCHOR_01,52:06:26:03:01:DA,-58,MFG_4C000215FDA50693A4E24FB1AFCFC6EB0764782500010002D8,3.36,Yes,laptop,0.96,stationary
3388197,ANCHOR_01,52:06:26:03:01:DA,-59,MFG_4C000215FDA50693A4E24FB1AFCFC6EB0764782500010002D8,3.36,Yes,laptop,0.96,stationary
3389217,ANCHOR_01,52:06:26:03:01:DA,-61,MFG_4C000215FDA50693A4E24FB1AFCFC6EB0764782500010002D8,3.36,Yes,laptop,0.96,stationary
3390207,ANCHOR_01,52:06:26:03:01:DA,-61,MFG_4C000215FDA50693A4E24FB1AFCFC6EB0764782500010002D8,3.36,Yes,laptop,0.96,stationary
3391227,ANCHOR_01,52:06:26:03:01:DA,-76,MFG_4C000215FDA50693A4E24FB1AFCFC6EB0764782500010002D8,3.36,Yes,laptop,0.96,stationary
3392217,ANCHOR_01,52:06:26:03:01:DA,-75,MFG_4C000215FDA50693A4E24FB1AFCFC6EB0764782500010002D8,3.36,Yes,laptop,0.96,stationary
3393217,ANCHOR_01,52:06:26:03:01:DA,-59,MFG_4C000215FDA50693A4E24FB1AFCFC6EB0764782500010002D8,3.36,Yes,laptop,0.96,stationary
3394227,ANCHOR_01,52:06:26:03:01:DA,-59,MFG_4C000215FDA50693A4E24FB1AFCFC6EB0764782500010002D8,3.36,Yes,laptop,0.96,stationary
3395217,ANCHOR_01,52:06:26:03:01:DA,-59,MFG_4C000215FDA50693A4E24FB1AFCFC6EB0764782500010002D8,3.36,Yes,laptop,0.96,stationary
3396237,ANCHOR_01,52:06:26:03:01:DA,-61,MFG_4C000215FDA50693A4E24FB1AFCFC6EB0764782500010002D8,3.36,Yes,laptop,0.96,stationary
3397257,ANCHOR_01,52:06:26:03:01:DA,-76,MFG_4C000215FDA50693A4E24FB1AFCFC6EB0764782500010002D8,3.36,Yes,laptop,0.96,stationary
3398237,ANCHOR_01,52:06:26:03:01:DA,-76,MFG_4C000215FDA50693A4E24FB1AFCFC6EB0764782500010002D8,3.36,Yes,laptop,0.96,stationary
3399237,ANCHOR_01,52:06:26:03:01:DA,-76,MFG_4C000215FDA50693A4E24FB1AFCFC6EB0764782500010002D8,3.36,Yes,laptop,0.96,stationary
3400237,ANCHOR_01,52:06:26:03:01:DA,-58,MFG_4C000215FDA50693A4E24FB1AFCFC6EB0764782500010002D8,3.36,Yes,laptop,0.96,stationary
3401247,ANCHOR_01,52:06:26:03:01:DA,-58,MFG_4C000215FDA50693A4E24FB1AFCFC6EB0764782500010002D8,3.36,Yes,laptop,0.96,stationary
3402267,ANCHOR_01,52:06:26:03:01:DA,-61,MFG_4C000215FDA50693A4E24FB1AFCFC6EB0764782500010002D8,3.36,Yes,laptop,0.96,stationary
3403257,ANCHOR_01,52:06:26:03:01:DA,-61,MFG_4C000215FDA50693A4E24FB1AFCFC6EB0764782500010002D8,3.36,Yes,laptop,0.96,stationary
3404277,ANCHOR_01,52:06:26:03:01:DA,-75,MFG_4C000215FDA50693A4E24FB1AFCFC6EB0764782500010002D8,3.36,Yes,laptop,0.96,stationary
3405267,ANCHOR_01,52:06:26:03:01:DA,-76,MFG_4C000215FDA50693A4E24FB1AFCFC6EB0764782500010002D8,3.36,Yes,laptop,0.96,stationary
3406267,ANCHOR_01,52:06:26:03:01:DA,-59,MFG_4C000215FDA50693A4E24FB1AFCFC6EB0764782500010002D8,3.36,Yes,laptop,0.96,stationary
3407277,ANCHOR_01,52:06:26:03:01:DA,-59,MFG_4C000215FDA50693A4E24FB1AFCFC6EB0764782500010002D8,3.36,Yes,laptop,0.96,stationary
3408297,ANCHOR_01,52:06:26:03:01:DA,-61,MFG_4C000215FDA50693A4E24FB1AFCFC6EB0764782500010002D8,3.36,Yes,laptop,0.96,stationary
3409287,ANCHOR_01,52:06:26:03:01:DA,-61,MFG_4C000215FDA50693A4E24FB1AFCFC6EB0764782500010002D8,3.36,Yes,laptop,0.96,stationary
3410297,ANCHOR_01,52:06:26:03:01:DA,-76,MFG_4C000215FDA50693A4E24FB1AFCFC6EB0764782500010002D8,3.36,Yes,laptop,0.96,stationary
3411297,ANCHOR_01,52:06:26:03:01:DA,-75,MFG_4C000215FDA50693A4E24FB1AFCFC6EB0764782500010002D8,3.36,Yes,laptop,0.96,stationary
3412317,ANCHOR_01,52:06:26:03:01:DA,-59,MFG_4C000215FDA50693A4E24FB1AFCFC6EB0764782500010002D8,3.36,Yes,laptop,0.96,stationary
3413297,ANCHOR_01,52:06:26:03:01:DA,-59,MFG_4C000215FDA50693A4E24FB1AFCFC6EB0764782500010002D8,3.36,Yes,laptop,0.96,stationary
3414317,ANCHOR_01,52:06:26:03:01:DA,-61,MFG_4C000215FDA50693A4E24FB1AFCFC6EB0764782500010002D8,3.36,Yes,laptop,0.96,stationary
3415317,ANCHOR_01,52:06:26:03:01:DA,-61,MFG_4C000215FDA50693A4E24FB1AFCFC6EB0764782500010002D8,3.36,Yes,laptop,0.96,stationary
3416317,ANCHOR_01,52:06:26:03:01:DA,-75,MFG_4C000215FDA50693A4E24FB1AFCFC6EB0764782500010002D8,3.36,Yes,laptop,0.96,stationary
3417327,ANCHOR_01,52:06:26:03:01:DA,-75,MFG_4C000215FDA50693A4E24FB1AFCFC6EB0764782500010002D8,3.36,Yes,laptop,0.96,stationary
3418317,ANCHOR_01,52:06:26:03:01:DA,-75,MFG_4C000215FDA50693A4E24FB1AFCFC6EB0764782500010002D8,3.36,Yes,laptop,0.96,stationary
3419337,ANCHOR_01,52:06:26:03:01:DA,-59,MFG_4C000215FDA50693A4E24FB1AFCFC6EB0764782500010002D8,3.36,Yes,laptop,0.96,stationary
3420327,ANCHOR_01,52:06:26:03:01:DA,-59,MFG_4C000215FDA50693A4E24FB1AFCFC6EB0764782500010002D8,3.36,Yes,laptop,0.96,stationary
3421347,ANCHOR_01,52:06:26:03:01:DA,-61,MFG_4C000215FDA50693A4E24FB1AFCFC6EB0764782500010002D8,3.36,Yes,laptop,0.96,stationary
3422337,ANCHOR_01,52:06:26:03:01:DA,-61,MFG_4C000215FDA50693A4E24FB1AFCFC6EB0764782500010002D8,3.36,Yes,laptop,0.96,stationary
3423357,ANCHOR_01,52:06:26:03:01:DA,-76,MFG_4C000215FDA50693A4E24FB1AFCFC6EB0764782500010002D8,3.36,Yes,laptop,0.96,stationary
3424347,ANCHOR_01,52:06:26:03:01:DA,-75,MFG_4C000215FDA50693A4E24FB1AFCFC6EB0764782500010002D8,3.36,Yes,laptop,0.96,stationary
3425357,ANCHOR_01,52:06:26:03:01:DA,-59,MFG_4C000215FDA50693A4E24FB1AFCFC6EB0764782500010002D8,3.36,Yes,laptop,0.96,stationary
3426387,ANCHOR_01,52:06:26:03:01:DA,-61,MFG_4C000215FDA50693A4E24FB1AFCFC6EB0764782500010002D8,3.36,Yes,laptop,0.96,stationary
3427377,ANCHOR_01,52:06:26:03:01:DA,-61,MFG_4C000215FDA50693A4E24FB1AFCFC6EB0764782500010002D8,3.36,Yes,laptop,0.96,stationary
3429387,ANCHOR_01,52:06:26:03:01:DA,-76,MFG_4C000215FDA50693A4E24FB1AFCFC6EB0764782500010002D8,3.36,Yes,laptop,0.96,stationary
3430377,ANCHOR_01,52:06:26:03:01:DA,-76,MFG_4C000215FDA50693A4E24FB1AFCFC6EB0764782500010002D8,3.36,Yes,laptop,0.96,stationary
3431397,ANCHOR_01,52:06:26:03:01:DA,-58,MFG_4C000215FDA50693A4E24FB1AFCFC6EB0764782500010002D8,3.36,Yes,laptop,0.96,stationary
3432387,ANCHOR_01,52:06:26:03:01:DA,-59,MFG_4C000215FDA50693A4E24FB1AFCFC6EB0764782500010002D8,3.36,Yes,laptop,0.96,stationary
3433407,ANCHOR_01,52:06:26:03:01:DA,-61,MFG_4C000215FDA50693A4E24FB1AFCFC6EB0764782500010002D8,3.36,Yes,laptop,0.96,stationary
3434397,ANCHOR_01,52:06:26:03:01:DA,-61,MFG_4C000215FDA50693A4E24FB1AFCFC6EB0764782500010002D8,3.36,Yes,laptop,0.96,stationary
3435407,ANCHOR_01,52:06:26:03:01:DA,-75,MFG_4C000215FDA50693A4E24FB1AFCFC6EB0764782500010002D8,3.36,Yes,laptop,0.96,stationary
3437427,ANCHOR_01,52:06:26:03:01:DA,-59,MFG_4C000215FDA50693A4E24FB1AFCFC6EB0764782500010002D8,3.36,Yes,laptop,0.96,stationary
3439427,ANCHOR_01,52:06:26:03:01:DA,-61,MFG_4C000215FDA50693A4E24FB1AFCFC6EB0764782500010002D8,3.36,Yes,laptop,0.96,stationary
3440457,ANCHOR_01,52:06:26:03:01:DA,-76,MFG_4C000215FDA50693A4E24FB1AFCFC6EB0764782500010002D8,3.36,Yes,laptop,0.96,stationary
3441447,ANCHOR_01,52:06:26:03:01:DA,-75,MFG_4C000215FDA50693A4E24FB1AFCFC6EB0764782500010002D8,3.36,Yes,laptop,0.96,stationary
3442467,ANCHOR_01,52:06:26:03:01:DA,-58,MFG_4C000215FDA50693A4E24FB1AFCFC6EB0764782500010002D8,3.36,Yes,laptop,0.96,stationary
3443447,ANCHOR_01,52:06:26:03:01:DA,-59,MFG_4C000215FDA50693A4E24FB1AFCFC6EB0764782500010002D8,3.36,Yes,laptop,0.96,stationary
3445467,ANCHOR_01,52:06:26:03:01:DA,-61,MFG_4C000215FDA50693A4E24FB1AFCFC6EB0764782500010002D8,3.36,Yes,laptop,0.96,stationary
3446487,ANCHOR_01,52:06:26:03:01:DA,-76,MFG_4C000215FDA50693A4E24FB1AFCFC6EB0764782500010002D8,3.36,Yes,laptop,0.96,stationary
3447477,ANCHOR_01,52:06:26:03:01:DA,-76,MFG_4C000215FDA50693A4E24FB1AFCFC6EB0764782500010002D8,3.36,Yes,laptop,0.96,stationary
3448497,ANCHOR_01,52:06:26:03:01:DA,-59,MFG_4C000215FDA50693A4E24FB1AFCFC6EB0764782500010002D8,3.36,Yes,laptop,0.96,stationary
3449487,ANCHOR_01,52:06:26:03:01:DA,-59,MFG_4C000215FDA50693A4E24FB1AFCFC6EB0764782500010002D8,3.36,Yes,laptop,0.96,stationary
3450487,ANCHOR_01,52:06:26:03:01:DA,-61,MFG_4C000215FDA50693A4E24FB1AFCFC6EB0764782500010002D8,3.36,Yes,laptop,0.96,stationary
3451497,ANCHOR_01,52:06:26:03:01:DA,-61,MFG_4C000215FDA50693A4E24FB1AFCFC6EB0764782500010002D8,3.36,Yes,laptop,0.96,stationary
3452517,ANCHOR_01,52:06:26:03:01:DA,-78,MFG_4C000215FDA50693A4E24FB1AFCFC6EB0764782500010002D8,3.36,Yes,laptop,0.96,stationary
3453507,ANCHOR_01,52:06:26:03:01:DA,-75,MFG_4C000215FDA50693A4E24FB1AFCFC6EB0764782500010002D8,3.36,Yes,laptop,0.96,stationary
3454517,ANCHOR_01,52:06:26:03:01:DA,-58,MFG_4C000215FDA50693A4E24FB1AFCFC6EB0764782500010002D8,3.36,Yes,laptop,0.96,stationary
3455517,ANCHOR_01,52:06:26:03:01:DA,-58,MFG_4C000215FDA50693A4E24FB1AFCFC6EB0764782500010002D8,3.36,Yes,laptop,0.96,stationary
3456537,ANCHOR_01,52:06:26:03:01:DA,-61,MFG_4C000215FDA50693A4E24FB1AFCFC6EB0764782500010002D8,3.36,Yes,laptop,0.96,stationary
3457527,ANCHOR_01,52:06:26:03:01:DA,-61,MFG_4C000215FDA50693A4E24FB1AFCFC6EB0764782500010002D8,3.36,Yes,laptop,0.96,stationary
3458527,ANCHOR_01,52:06:26:03:01:DA,-76,MFG_4C000215FDA50693A4E24FB1AFCFC6EB0764782500010002D8,3.36,Yes,laptop,0.96,stationary
3459537,ANCHOR_01,52:06:26:03:01:DA,-75,MFG_4C000215FDA50693A4E24FB1AFCFC6EB0764782500010002D8,3.36,Yes,laptop,0.96,stationary
3460557,ANCHOR_01,52:06:26:03:01:DA,-59,MFG_4C000215FDA50693A4E24FB1AFCFC6EB0764782500010002D8,3.36,Yes,laptop,0.96,stationary
3461547,ANCHOR_01,52:06:26:03:01:DA,-59,MFG_4C000215FDA50693A4E24FB1AFCFC6EB0764782500010002D8,3.36,Yes,laptop,0.96,stationary
3462567,ANCHOR_01,52:06:26:03:01:DA,-61,MFG_4C000215FDA50693A4E24FB1AFCFC6EB0764782500010002D8,3.36,Yes,laptop,0.96,stationary
3463557,ANCHOR_01,52:06:26:03:01:DA,-61,MFG_4C000215FDA50693A4E24FB1AFCFC6EB0764782500010002D8,3.36,Yes,laptop,0.96,stationary
3464577,ANCHOR_01,52:06:26:03:01:DA,-76,MFG_4C000215FDA50693A4E24FB1AFCFC6EB0764782500010002D8,3.36,Yes,laptop,0.96,stationary
3465567,ANCHOR_01,52:06:26:03:01:DA,-76,MFG_4C000215FDA50693A4E24FB1AFCFC6EB0764782500010002D8,3.36,Yes,laptop,0.96,stationary
3466577,ANCHOR_01,52:06:26:03:01:DA,-59,MFG_4C000215FDA50693A4E24FB1AFCFC6EB0764782500010002D8,3.36,Yes,laptop,0.96,stationary
3467577,ANCHOR_01,52:06:26:03:01:DA,-59,MFG_4C000215FDA50693A4E24FB1AFCFC6EB0764782500010002D8,3.36,Yes,laptop,0.96,stationary
3468577,ANCHOR_01,52:06:26:03:01:DA,-61,MFG_4C000215FDA50693A4E24FB1AFCFC6EB0764782500010002D8,3.36,Yes,laptop,0.96,stationary
3469577,ANCHOR_01,52:06:26:03:01:DA,-61,MFG_4C000215FDA50693A4E24FB1AFCFC6EB0764782500010002D8,3.36,Yes,laptop,0.96,stationary
3470607,ANCHOR_01,52:06:26:03:01:DA,-76,MFG_4C000215FDA50693A4E24FB1AFCFC6EB0764782500010002D8,3.36,Yes,laptop,0.96,stationary
3471597,ANCHOR_01,52:06:26:03:01:DA,-75,MFG_4C000215FDA50693A4E24FB1AFCFC6EB0764782500010002D8,3.36,Yes,laptop,0.96,stationary
3472617,ANCHOR_01,52:06:26:03:01:DA,-58,MFG_4C000215FDA50693A4E24FB1AFCFC6EB0764782500010002D8,3.36,Yes,laptop,0.96,stationary
3473597,ANCHOR_01,52:06:26:03:01:DA,-59,MFG_4C000215FDA50693A4E24FB1AFCFC6EB0764782500010002D8,3.36,Yes,laptop,0.96,stationary
3474597,ANCHOR_01,52:06:26:03:01:DA,-59,MFG_4C000215FDA50693A4E24FB1AFCFC6EB0764782500010002D8,3.36,Yes,laptop,0.96,stationary
3475617,ANCHOR_01,52:06:26:03:01:DA,-61,MFG_4C000215FDA50693A4E24FB1AFCFC6EB0764782500010002D8,3.36,Yes,laptop,0.96,stationary
3476607,ANCHOR_01,52:06:26:03:01:DA,-61,MFG_4C000215FDA50693A4E24FB1AFCFC6EB0764782500010002D8,3.36,Yes,laptop,0.96,stationary
3477627,ANCHOR_01,52:06:26:03:01:DA,-75,MFG_4C000215FDA50693A4E24FB1AFCFC6EB0764782500010002D8,3.36,Yes,laptop,0.96,stationary
3478617,ANCHOR_01,52:06:26:03:01:DA,-76,MFG_4C000215FDA50693A4E24FB1AFCFC6EB0764782500010002D8,3.36,Yes,laptop,0.96,stationary
3479637,ANCHOR_01,52:06:26:03:01:DA,-58,MFG_4C000215FDA50693A4E24FB1AFCFC6EB0764782500010002D8,3.36,Yes,laptop,0.96,stationary
3480627,ANCHOR_01,52:06:26:03:01:DA,-59,MFG_4C000215FDA50693A4E24FB1AFCFC6EB0764782500010002D8,3.36,Yes,laptop,0.96,stationary
3481637,ANCHOR_01,52:06:26:03:01:DA,-61,MFG_4C000215FDA50693A4E24FB1AFCFC6EB0764782500010002D8,3.36,Yes,laptop,0.96,stationary
3483657,ANCHOR_01,52:06:26:03:01:DA,-76,MFG_4C000215FDA50693A4E24FB1AFCFC6EB0764782500010002D8,3.36,Yes,laptop,0.96,stationary
3484647,ANCHOR_01,52:06:26:03:01:DA,-76,MFG_4C000215FDA50693A4E24FB1AFCFC6EB0764782500010002D8,3.36,Yes,laptop,0.96,stationary
3485667,ANCHOR_01,52:06:26:03:01:DA,-58,MFG_4C000215FDA50693A4E24FB1AFCFC6EB0764782500010002D8,3.36,Yes,laptop,0.96,stationary
3486657,ANCHOR_01,52:06:26:03:01:DA,-58,MFG_4C000215FDA50693A4E24FB1AFCFC6EB0764782500010002D8,3.36,Yes,laptop,0.96,stationary
3487677,ANCHOR_01,52:06:26:03:01:DA,-61,MFG_4C000215FDA50693A4E24FB1AFCFC6EB0764782500010002D8,3.36,Yes,laptop,0.96,stationary
3488667,ANCHOR_01,52:06:26:03:01:DA,-61,MFG_4C000215FDA50693A4E24FB1AFCFC6EB0764782500010002D8,3.36,Yes,laptop,0.96,stationary
3489687,ANCHOR_01,52:06:26:03:01:DA,-77,MFG_4C000215FDA50693A4E24FB1AFCFC6EB0764782500010002D8,3.36,Yes,laptop,0.96,stationary
3490677,ANCHOR_01,52:06:26:03:01:DA,-76,MFG_4C000215FDA50693A4E24FB1AFCFC6EB0764782500010002D8,3.36,Yes,laptop,0.96,stationary
3491697,ANCHOR_01,52:06:26:03:01:DA,-58,MFG_4C000215FDA50693A4E24FB1AFCFC6EB0764782500010002D8,3.36,Yes,laptop,0.96,stationary
3492687,ANCHOR_01,52:06:26:03:01:DA,-59,MFG_4C000215FDA50693A4E24FB1AFCFC6EB0764782500010002D8,3.36,Yes,laptop,0.96,stationary
3493707,ANCHOR_01,52:06:26:03:01:DA,-61,MFG_4C000215FDA50693A4E24FB1AFCFC6EB0764782500010002D8,3.36,Yes,laptop,0.96,stationary
3494727,ANCHOR_01,52:06:26:03:01:DA,-76,MFG_4C000215FDA50693A4E24FB1AFCFC6EB0764782500010002D8,3.36,Yes,laptop,0.96,stationary
3495717,ANCHOR_01,52:06:26:03:01:DA,-76,MFG_4C000215FDA50693A4E24FB1AFCFC6EB0764782500010002D8,3.36,Yes,laptop,0.96,stationary
3496737,ANCHOR_01,52:06:26:03:01:DA,-59,MFG_4C000215FDA50693A4E24FB1AFCFC6EB0764782500010002D8,3.36,Yes,laptop,0.96,stationary
3497757,ANCHOR_01,52:06:26:03:01:DA,-61,MFG_4C000215FDA50693A4E24FB1AFCFC6EB0764782500010002D8,3.36,Yes,laptop,0.96,stationary
3498747,ANCHOR_01,52:06:26:03:01:DA,-61,MFG_4C000215FDA50693A4E24FB1AFCFC6EB0764782500010002D8,3.36,Yes,laptop,0.96,stationary
3500757,ANCHOR_01,52:06:26:03:01:DA,-76,MFG_4C000215FDA50693A4E24FB1AFCFC6EB0764782500010002D8,3.36,Yes,laptop,0.96,stationary
3502767,ANCHOR_01,52:06:26:03:01:DA,-58,MFG_4C000215FDA50693A4E24FB1AFCFC6EB0764782500010002D8,3.36,Yes,laptop,0.96,stationary
3503757,ANCHOR_01,52:06:26:03:01:DA,-59,MFG_4C000215FDA50693A4E24FB1AFCFC6EB0764782500010002D8,3.36,Yes,laptop,0.96,stationary
3504777,ANCHOR_01,52:06:26:03:01:DA,-61,MFG_4C000215FDA50693A4E24FB1AFCFC6EB0764782500010002D8,3.36,Yes,laptop,0.96,stationary
3505767,ANCHOR_01,52:06:26:03:01:DA,-61,MFG_4C000215FDA50693A4E24FB1AFCFC6EB0764782500010002D8,3.36,Yes,laptop,0.96,stationary
3506787,ANCHOR_01,52:06:26:03:01:DA,-75,MFG_4C000215FDA50693A4E24FB1AFCFC6EB0764782500010002D8,3.36,Yes,laptop,0.96,stationary
3508797,ANCHOR_01,52:06:26:03:01:DA,-59,MFG_4C000215FDA50693A4E24FB1AFCFC6EB0764782500010002D8,3.36,Yes,laptop,0.96,stationary
3509787,ANCHOR_01,52:06:26:03:01:DA,-59,MFG_4C000215FDA50693A4E24FB1AFCFC6EB0764782500010002D8,3.36,Yes,laptop,0.96,stationary
3510797,ANCHOR_01,52:06:26:03:01:DA,-61,MFG_4C000215FDA50693A4E24FB1AFCFC6EB0764782500010002D8,3.36,Yes,laptop,0.96,stationary
3511797,ANCHOR_01,52:06:26:03:01:DA,-61,MFG_4C000215FDA50693A4E24FB1AFCFC6EB0764782500010002D8,3.36,Yes,laptop,0.96,stationary
3512817,ANCHOR_01,52:06:26:03:01:DA,-79,MFG_4C000215FDA50693A4E24FB1AFCFC6EB0764782500010002D8,3.36,Yes,laptop,0.96,stationary
3513807,ANCHOR_01,52:06:26:03:01:DA,-75,MFG_4C000215FDA50693A4E24FB1AFCFC6EB0764782500010002D8,3.36,Yes,laptop,0.96,stationary
3514807,ANCHOR_01,52:06:26:03:01:DA,-59,MFG_4C000215FDA50693A4E24FB1AFCFC6EB0764782500010002D8,3.36,Yes,laptop,0.96,stationary
3515817,ANCHOR_01,52:06:26:03:01:DA,-59,MFG_4C000215FDA50693A4E24FB1AFCFC6EB0764782500010002D8,3.36,Yes,laptop,0.96,stationary
3516837,ANCHOR_01,52:06:26:03:01:DA,-62,MFG_4C000215FDA50693A4E24FB1AFCFC6EB0764782500010002D8,3.36,Yes,laptop,0.96,stationary
3517827,ANCHOR_01,52:06:26:03:01:DA,-61,MFG_4C000215FDA50693A4E24FB1AFCFC6EB0764782500010002D8,3.36,Yes,laptop,0.96,stationary
3518847,ANCHOR_01,52:06:26:03:01:DA,-75,MFG_4C000215FDA50693A4E24FB1AFCFC6EB0764782500010002D8,3.36,Yes,laptop,0.96,stationary
3519837,ANCHOR_01,52:06:26:03:01:DA,-75,MFG_4C000215FDA50693A4E24FB1AFCFC6EB0764782500010002D8,3.36,Yes,laptop,0.96,stationary
3520857,ANCHOR_01,52:06:26:03:01:DA,-59,MFG_4C000215FDA50693A4E24FB1AFCFC6EB0764782500010002D8,3.36,Yes,laptop,0.96,stationary
3521847,ANCHOR_01,52:06:26:03:01:DA,-58,MFG_4C000215FDA50693A4E24FB1AFCFC6EB0764782500010002D8,3.36,Yes,laptop,0.96,stationary
3522837,ANCHOR_01,52:06:26:03:01:DA,-59,MFG_4C000215FDA50693A4E24FB1AFCFC6EB0764782500010002D8,3.36,Yes,laptop,0.96,stationary
3523857,ANCHOR_01,52:06:26:03:01:DA,-62,MFG_4C000215FDA50693A4E24FB1AFCFC6EB0764782500010002D8,3.36,Yes,laptop,0.96,stationary
3524857,ANCHOR_01,52:06:26:03:01:DA,-75,MFG_4C000215FDA50693A4E24FB1AFCFC6EB0764782500010002D8,3.36,Yes,laptop,0.96,stationary
3525867,ANCHOR_01,52:06:26:03:01:DA,-76,MFG_4C000215FDA50693A4E24FB1AFCFC6EB0764782500010002D8,3.36,Yes,laptop,0.96,stationary
3527877,ANCHOR_01,52:06:26:03:01:DA,-58,MFG_4C000215FDA50693A4E24FB1AFCFC6EB0764782500010002D8,3.36,Yes,laptop,0.96,stationary
3529887,ANCHOR_01,52:06:26:03:01:DA,-61,MFG_4C000215FDA50693A4E24FB1AFCFC6EB0764782500010002D8,3.36,Yes,laptop,0.96,stationary
3530877,ANCHOR_01,52:06:26:03:01:DA,-61,MFG_4C000215FDA50693A4E24FB1AFCFC6EB0764782500010002D8,3.36,Yes,laptop,0.96,stationary
3531897,ANCHOR_01,52:06:26:03:01:DA,-76,MFG_4C000215FDA50693A4E24FB1AFCFC6EB0764782500010002D8,3.36,Yes,laptop,0.96,stationary
3532887,ANCHOR_01,52:06:26:03:01:DA,-75,MFG_4C000215FDA50693A4E24FB1AFCFC6EB0764782500010002D8,3.36,Yes,laptop,0.96,stationary
3533907,ANCHOR_01,52:06:26:03:01:DA,-58,MFG_4C000215FDA50693A4E24FB1AFCFC6EB0764782500010002D8,3.36,Yes,laptop,0.96,stationary
3534897,ANCHOR_01,52:06:26:03:01:DA,-59,MFG_4C000215FDA50693A4E24FB1AFCFC6EB0764782500010002D8,3.36,Yes,laptop,0.96,stationary
3535917,ANCHOR_01,52:06:26:03:01:DA,-61,MFG_4C000215FDA50693A4E24FB1AFCFC6EB0764782500010002D8,3.36,Yes,laptop,0.96,stationary
3537927,ANCHOR_01,52:06:26:03:01:DA,-75,MFG_4C000215FDA50693A4E24FB1AFCFC6EB0764782500010002D8,3.36,Yes,laptop,0.96,stationary
3539937,ANCHOR_01,52:06:26:03:01:DA,-58,MFG_4C000215FDA50693A4E24FB1AFCFC6EB0764782500010002D8,3.36,Yes,laptop,0.96,stationary
3540927,ANCHOR_01,52:06:26:03:01:DA,-59,MFG_4C000215FDA50693A4E24FB1AFCFC6EB0764782500010002D8,3.36,Yes,laptop,0.96,stationary
3541937,ANCHOR_01,52:06:26:03:01:DA,-61,MFG_4C000215FDA50693A4E24FB1AFCFC6EB0764782500010002D8,3.36,Yes,laptop,0.96,stationary
3542937,ANCHOR_01,52:06:26:03:01:DA,-61,MFG_4C000215FDA50693A4E24FB1AFCFC6EB0764782500010002D8,3.36,Yes,laptop,0.96,stationary
3543957,ANCHOR_01,52:06:26:03:01:DA,-75,MFG_4C000215FDA50693A4E24FB1AFCFC6EB0764782500010002D8,3.36,Yes,laptop,0.96,stationary
3545967,ANCHOR_01,52:06:26:03:01:DA,-59,MFG_4C000215FDA50693A4E24FB1AFCFC6EB0764782500010002D8,3.36,Yes,laptop,0.96,stationary
3547977,ANCHOR_01,52:06:26:03:01:DA,-61,MFG_4C000215FDA50693A4E24FB1AFCFC6EB0764782500010002D8,3.36,Yes,laptop,0.96,stationary
3549987,ANCHOR_01,52:06:26:03:01:DA,-76,MFG_4C000215FDA50693A4E24FB1AFCFC6EB0764782500010002D8,3.36,Yes,laptop,0.96,stationary
3551987,ANCHOR_01,52:06:26:03:01:DA,-58,MFG_4C000215FDA50693A4E24FB1AFCFC6EB0764782500010002D8,3.36,Yes,laptop,0.96,stationary
3552987,ANCHOR_01,52:06:26:03:01:DA,-59,MFG_4C000215FDA50693A4E24FB1AFCFC6EB0764782500010002D8,3.36,Yes,laptop,0.96,stationary
3554007,ANCHOR_01,52:06:26:03:01:DA,-61,MFG_4C000215FDA50693A4E24FB1AFCFC6EB0764782500010002D8,3.36,Yes,laptop,0.96,stationary
3554997,ANCHOR_01,52:06:26:03:01:DA,-61,MFG_4C000215FDA50693A4E24FB1AFCFC6EB0764782500010002D8,3.36,Yes,laptop,0.96,stationary
3556017,ANCHOR_01,52:06:26:03:01:DA,-75,MFG_4C000215FDA50693A4E24FB1AFCFC6EB0764782500010002D8,3.36,Yes,laptop,0.96,stationary
3557037,ANCHOR_01,52:06:26:03:01:DA,-59,MFG_4C000215FDA50693A4E24FB1AFCFC6EB0764782500010002D8,3.36,Yes,laptop,0.96,stationary
3558027,ANCHOR_01,52:06:26:03:01:DA,-58,MFG_4C000215FDA50693A4E24FB1AFCFC6EB0764782500010002D8,3.36,Yes,laptop,0.96,stationary
3559047,ANCHOR_01,52:06:26:03:01:DA,-61,MFG_4C000215FDA50693A4E24FB1AFCFC6EB0764782500010002D8,3.36,Yes,laptop,0.96,stationary
3560037,ANCHOR_01,52:06:26:03:01:DA,-61,MFG_4C000215FDA50693A4E24FB1AFCFC6EB0764782500010002D8,3.36,Yes,laptop,0.96,stationary
3561057,ANCHOR_01,52:06:26:03:01:DA,-76,MFG_4C000215FDA50693A4E24FB1AFCFC6EB0764782500010002D8,3.36,Yes,laptop,0.96,stationary
3563067,ANCHOR_01,52:06:26:03:01:DA,-59,MFG_4C000215FDA50693A4E24FB1AFCFC6EB0764782500010002D8,3.36,Yes,laptop,0.96,stationary
3564057,ANCHOR_01,52:06:26:03:01:DA,-59,MFG_4C000215FDA50693A4E24FB1AFCFC6EB0764782500010002D8,3.36,Yes,laptop,0.96,stationary
3565077,ANCHOR_01,52:06:26:03:01:DA,-61,MFG_4C000215FDA50693A4E24FB1AFCFC6EB0764782500010002D8,3.36,Yes,laptop,0.96,stationary
3566067,ANCHOR_01,52:06:26:03:01:DA,-61,MFG_4C000215FDA50693A4E24FB1AFCFC6EB0764782500010002D8,3.36,Yes,laptop,0.96,stationary
3567077,ANCHOR_01,52:06:26:03:01:DA,-77,MFG_4C000215FDA50693A4E24FB1AFCFC6EB0764782500010002D8,3.36,Yes,laptop,0.96,stationary
3569087,ANCHOR_01,52:06:26:03:01:DA,-60,MFG_4C000215FDA50693A4E24FB1AFCFC6EB0764782500010002D8,3.36,Yes,laptop,0.96,stationary
3570087,ANCHOR_01,52:06:26:03:01:DA,-59,MFG_4C000215FDA50693A4E24FB1AFCFC6EB0764782500010002D8,3.36,Yes,laptop,0.96,stationary
3571107,ANCHOR_01,52:06:26:03:01:DA,-61,MFG_4C000215FDA50693A4E24FB1AFCFC6EB0764782500010002D8,3.36,Yes,laptop,0.96,stationary
3573107,ANCHOR_01,52:06:26:03:01:DA,-76,MFG_4C000215FDA50693A4E24FB1AFCFC6EB0764782500010002D8,3.36,Yes,laptop,0.96,stationary
3574107,ANCHOR_01,52:06:26:03:01:DA,-75,MFG_4C000215FDA50693A4E24FB1AFCFC6EB0764782500010002D8,3.36,Yes,laptop,0.96,stationary
3575127,ANCHOR_01,52:06:26:03:01:DA,-58,MFG_4C000215FDA50693A4E24FB1AFCFC6EB0764782500010002D8,3.36,Yes,laptop,0.96,stationary
3576117,ANCHOR_01,52:06:26:03:01:DA,-58,MFG_4C000215FDA50693A4E24FB1AFCFC6EB0764782500010002D8,3.36,Yes,laptop,0.96,stationary
3577137,ANCHOR_01,52:06:26:03:01:DA,-61,MFG_4C000215FDA50693A4E24FB1AFCFC6EB0764782500010002D8,3.36,Yes,laptop,0.96,stationary
3578127,ANCHOR_01,52:06:26:03:01:DA,-60,MFG_4C000215FDA50693A4E24FB1AFCFC6EB0764782500010002D8,3.36,Yes,laptop,0.96,stationary
3579137,ANCHOR_01,52:06:26:03:01:DA,-75,MFG_4C000215FDA50693A4E24FB1AFCFC6EB0764782500010002D8,3.36,Yes,laptop,0.96,stationary
3580137,ANCHOR_01,52:06:26:03:01:DA,-77,MFG_4C000215FDA50693A4E24FB1AFCFC6EB0764782500010002D8,3.36,Yes,laptop,0.96,stationary
3581157,ANCHOR_01,52:06:26:03:01:DA,-58,MFG_4C000215FDA50693A4E24FB1AFCFC6EB0764782500010002D8,3.36,Yes,laptop,0.96,stationary
3583167,ANCHOR_01,52:06:26:03:01:DA,-61,MFG_4C000215FDA50693A4E24FB1AFCFC6EB0764782500010002D8,3.36,Yes,laptop,0.96,stationary
3584147,ANCHOR_01,52:06:26:03:01:DA,-61,MFG_4C000215FDA50693A4E24FB1AFCFC6EB0764782500010002D8,3.36,Yes,laptop,0.96,stationary
3586167,ANCHOR_01,52:06:26:03:01:DA,-76,MFG_4C000215FDA50693A4E24FB1AFCFC6EB0764782500010002D8,3.36,Yes,laptop,0.96,stationary
3587157,ANCHOR_01,52:06:26:03:01:DA,-75,MFG_4C000215FDA50693A4E24FB1AFCFC6EB0764782500010002D8,3.36,Yes,laptop,0.96,stationary
3588177,ANCHOR_01,52:06:26:03:01:DA,-58,MFG_4C000215FDA50693A4E24FB1AFCFC6EB0764782500010002D8,3.36,Yes,laptop,0.96,stationary
3589167,ANCHOR_01,52:06:26:03:01:DA,-58,MFG_4C000215FDA50693A4E24FB1AFCFC6EB0764782500010002D8,3.36,Yes,laptop,0.96,stationary
3590187,ANCHOR_01,52:06:26:03:01:DA,-61,MFG_4C000215FDA50693A4E24FB1AFCFC6EB0764782500010002D8,3.36,Yes,laptop,0.96,stationary
3591177,ANCHOR_01,52:06:26:03:01:DA,-61,MFG_4C000215FDA50693A4E24FB1AFCFC6EB0764782500010002D8,3.36,Yes,laptop,0.96,stationary
3592197,ANCHOR_01,52:06:26:03:01:DA,-77,MFG_4C000215FDA50693A4E24FB1AFCFC6EB0764782500010002D8,3.36,Yes,laptop,0.96,stationary
3593187,ANCHOR_01,52:06:26:03:01:DA,-75,MFG_4C000215FDA50693A4E24FB1AFCFC6EB0764782500010002D8,3.36,Yes,laptop,0.96,stationary
3594207,ANCHOR_01,52:06:26:03:01:DA,-58,MFG_4C000215FDA50693A4E24FB1AFCFC6EB0764782500010002D8,3.36,Yes,laptop,0.96,stationary
3595197,ANCHOR_01,52:06:26:03:01:DA,-58,MFG_4C000215FDA50693A4E24FB1AFCFC6EB0764782500010002D8,3.36,Yes,laptop,0.96,stationary
3596217,ANCHOR_01,52:06:26:03:01:DA,-61,MFG_4C000215FDA50693A4E24FB1AFCFC6EB0764782500010002D8,3.36,Yes,laptop,0.96,stationary
3597207,ANCHOR_01,52:06:26:03:01:DA,-61,MFG_4C000215FDA50693A4E24FB1AFCFC6EB0764782500010002D8,3.36,Yes,laptop,0.96,stationary
3599217,ANCHOR_01,52:06:26:03:01:DA,-75,MFG_4C000215FDA50693A4E24FB1AFCFC6EB0764782500010002D8,3.36,Yes,laptop,0.96,stationary
3601227,ANCHOR_01,52:06:26:03:01:DA,-58,MFG_4C000215FDA50693A4E24FB1AFCFC6EB0764782500010002D8,3.36,Yes,laptop,0.96,stationary
3602217,ANCHOR_01,52:06:26:03:01:DA,-59,MFG_4C000215FDA50693A4E24FB1AFCFC6EB0764782500010002D8,3.36,Yes,laptop,0.96,stationary
3603237,ANCHOR_01,52:06:26:03:01:DA,-61,MFG_4C000215FDA50693A4E24FB1AFCFC6EB0764782500010002D8,3.36,Yes,laptop,0.96,stationary
3604227,ANCHOR_01,52:06:26:03:01:DA,-61,MFG_4C000215FDA50693A4E24FB1AFCFC6EB0764782500010002D8,3.36,Yes,laptop,0.96,stationary
3605247,ANCHOR_01,52:06:26:03:01:DA,-75,MFG_4C000215FDA50693A4E24FB1AFCFC6EB0764782500010002D8,3.36,Yes,laptop,0.96,stationary
3606237,ANCHOR_01,52:06:26:03:01:DA,-75,MFG_4C000215FDA50693A4E24FB1AFCFC6EB0764782500010002D8,3.36,Yes,laptop,0.96,stationary
3607257,ANCHOR_01,52:06:26:03:01:DA,-59,MFG_4C000215FDA50693A4E24FB1AFCFC6EB0764782500010002D8,3.36,Yes,laptop,0.96,stationary
3608247,ANCHOR_01,52:06:26:03:01:DA,-59,MFG_4C000215FDA50693A4E24FB1AFCFC6EB0764782500010002D8,3.36,Yes,laptop,0.96,stationary
3609267,ANCHOR_01,52:06:26:03:01:DA,-61,MFG_4C000215FDA50693A4E24FB1AFCFC6EB0764782500010002D8,3.36,Yes,laptop,0.96,stationary
3610257,ANCHOR_01,52:06:26:03:01:DA,-61,MFG_4C000215FDA50693A4E24FB1AFCFC6EB0764782500010002D8,3.36,Yes,laptop,0.96,stationary
3611267,ANCHOR_01,52:06:26:03:01:DA,-77,MFG_4C000215FDA50693A4E24FB1AFCFC6EB0764782500010002D8,3.36,Yes,laptop,0.96,stationary
3612267,ANCHOR_01,52:06:26:03:01:DA,-76,MFG_4C000215FDA50693A4E24FB1AFCFC6EB0764782500010002D8,3.36,Yes,laptop,0.96,stationary
3613287,ANCHOR_01,52:06:26:03:01:DA,-59,MFG_4C000215FDA50693A4E24FB1AFCFC6EB0764782500010002D8,3.36,Yes,laptop,0.96,stationary
3615297,ANCHOR_01,52:06:26:03:01:DA,-61,MFG_4C000215FDA50693A4E24FB1AFCFC6EB0764782500010002D8,3.36,Yes,laptop,0.96,stationary
3616287,ANCHOR_01,52:06:26:03:01:DA,-61,MFG_4C000215FDA50693A4E24FB1AFCFC6EB0764782500010002D8,3.36,Yes,laptop,0.96,stationary
3617297,ANCHOR_01,52:06:26:03:01:DA,-78,MFG_4C000215FDA50693A4E24FB1AFCFC6EB0764782500010002D8,3.36,Yes,laptop,0.96,stationary
3619317,ANCHOR_01,52:06:26:03:01:DA,-58,MFG_4C000215FDA50693A4E24FB1AFCFC6EB0764782500010002D8,3.36,Yes,laptop,0.96,stationary
3620307,ANCHOR_01,52:06:26:03:01:DA,-59,MFG_4C000215FDA50693A4E24FB1AFCFC6EB0764782500010002D8,3.36,Yes,laptop,0.96,stationary
3621327,ANCHOR_01,52:06:26:03:01:DA,-61,MFG_4C000215FDA50693A4E24FB1AFCFC6EB0764782500010002D8,3.36,Yes,laptop,0.96,stationary
3622317,ANCHOR_01,52:06:26:03:01:DA,-61,MFG_4C000215FDA50693A4E24FB1AFCFC6EB0764782500010002D8,3.36,Yes,laptop,0.96,stationary
3623337,ANCHOR_01,52:06:26:03:01:DA,-77,MFG_4C000215FDA50693A4E24FB1AFCFC6EB0764782500010002D8,3.36,Yes,laptop,0.96,stationary
3624327,ANCHOR_01,52:06:26:03:01:DA,-76,MFG_4C000215FDA50693A4E24FB1AFCFC6EB0764782500010002D8,3.36,Yes,laptop,0.96,stationary
3625347,ANCHOR_01,52:06:26:03:01:DA,-58,MFG_4C000215FDA50693A4E24FB1AFCFC6EB0764782500010002D8,3.36,Yes,laptop,0.96,stationary
3626337,ANCHOR_01,52:06:26:03:01:DA,-58,MFG_4C000215FDA50693A4E24FB1AFCFC6EB0764782500010002D8,3.36,Yes,laptop,0.96,stationary
3627357,ANCHOR_01,52:06:26:03:01:DA,-61,MFG_4C000215FDA50693A4E24FB1AFCFC6EB0764782500010002D8,3.36,Yes,laptop,0.96,stationary
3628347,ANCHOR_01,52:06:26:03:01:DA,-61,MFG_4C000215FDA50693A4E24FB1AFCFC6EB0764782500010002D8,3.36,Yes,laptop,0.96,stationary
3629367,ANCHOR_01,52:06:26:03:01:DA,-76,MFG_4C000215FDA50693A4E24FB1AFCFC6EB0764782500010002D8,3.36,Yes,laptop,0.96,stationary
3630357,ANCHOR_01,52:06:26:03:01:DA,-77,MFG_4C000215FDA50693A4E24FB1AFCFC6EB0764782500010002D8,3.36,Yes,laptop,0.96,stationary
3631377,ANCHOR_01,52:06:26:03:01:DA,-59,MFG_4C000215FDA50693A4E24FB1AFCFC6EB0764782500010002D8,3.36,Yes,laptop,0.96,stationary
3632367,ANCHOR_01,52:06:26:03:01:DA,-59,MFG_4C000215FDA50693A4E24FB1AFCFC6EB0764782500010002D8,3.36,Yes,laptop,0.96,stationary
3633377,ANCHOR_01,52:06:26:03:01:DA,-61,MFG_4C000215FDA50693A4E24FB1AFCFC6EB0764782500010002D8,3.36,Yes,laptop,0.96,stationary
3634377,ANCHOR_01,52:06:26:03:01:DA,-61,MFG_4C000215FDA50693A4E24FB1AFCFC6EB0764782500010002D8,3.36,Yes,laptop,0.96,stationary
3635397,ANCHOR_01,52:06:26:03:01:DA,-76,MFG_4C000215FDA50693A4E24FB1AFCFC6EB0764782500010002D8,3.36,Yes,laptop,0.96,stationary
3636417,ANCHOR_01,52:06:26:03:01:DA,-59,MFG_4C000215FDA50693A4E24FB1AFCFC6EB0764782500010002D8,3.36,Yes,laptop,0.96,stationary
3637397,ANCHOR_01,52:06:26:03:01:DA,-58,MFG_4C000215FDA50693A4E24FB1AFCFC6EB0764782500010002D8,3.36,Yes,laptop,0.96,stationary
3638427,ANCHOR_01,52:06:26:03:01:DA,-61,MFG_4C000215FDA50693A4E24FB1AFCFC6EB0764782500010002D8,3.36,Yes,laptop,0.96,stationary
3639417,ANCHOR_01,52:06:26:03:01:DA,-61,MFG_4C000215FDA50693A4E24FB1AFCFC6EB0764782500010002D8,3.36,Yes,laptop,0.96,stationary
3640437,ANCHOR_01,52:06:26:03:01:DA,-77,MFG_4C000215FDA50693A4E24FB1AFCFC6EB0764782500010002D8,3.36,Yes,laptop,0.96,stationary
3642447,ANCHOR_01,52:06:26:03:01:DA,-59,MFG_4C000215FDA50693A4E24FB1AFCFC6EB0764782500010002D8,3.36,Yes,laptop,0.96,stationary
3643437,ANCHOR_01,52:06:26:03:01:DA,-59,MFG_4C000215FDA50693A4E24FB1AFCFC6EB0764782500010002D8,3.36,Yes,laptop,0.96,stationary
3644447,ANCHOR_01,52:06:26:03:01:DA,-61,MFG_4C000215FDA50693A4E24FB1AFCFC6EB0764782500010002D8,3.36,Yes,laptop,0.96,stationary
3645447,ANCHOR_01,52:06:26:03:01:DA,-61,MFG_4C000215FDA50693A4E24FB1AFCFC6EB0764782500010002D8,3.36,Yes,laptop,0.96,stationary
3646467,ANCHOR_01,52:06:26:03:01:DA,-77,MFG_4C000215FDA50693A4E24FB1AFCFC6EB0764782500010002D8,3.36,Yes,laptop,0.96,stationary
3647487,ANCHOR_01,52:06:26:03:01:DA,-58,MFG_4C000215FDA50693A4E24FB1AFCFC6EB0764782500010002D8,3.36,Yes,laptop,0.96,stationary
3648477,ANCHOR_01,52:06:26:03:01:DA,-59,MFG_4C000215FDA50693A4E24FB1AFCFC6EB0764782500010002D8,3.36,Yes,laptop,0.96,stationary
3649467,ANCHOR_01,52:06:26:03:01:DA,-59,MFG_4C000215FDA50693A4E24FB1AFCFC6EB0764782500010002D8,3.36,Yes,laptop,0.96,stationary
3650487,ANCHOR_01,52:06:26:03:01:DA,-61,MFG_4C000215FDA50693A4E24FB1AFCFC6EB0764782500010002D8,3.36,Yes,laptop,0.96,stationary
3651477,ANCHOR_01,52:06:26:03:01:DA,-61,MFG_4C000215FDA50693A4E24FB1AFCFC6EB0764782500010002D8,3.36,Yes,laptop,0.96,stationary
3652497,ANCHOR_01,52:06:26:03:01:DA,-77,MFG_4C000215FDA50693A4E24FB1AFCFC6EB0764782500010002D8,3.36,Yes,laptop,0.96,stationary
3653487,ANCHOR_01,52:06:26:03:01:DA,-76,MFG_4C000215FDA50693A4E24FB1AFCFC6EB0764782500010002D8,3.36,Yes,laptop,0.96,stationary
3654497,ANCHOR_01,52:06:26:03:01:DA,-59,MFG_4C000215FDA50693A4E24FB1AFCFC6EB0764782500010002D8,3.36,Yes,laptop,0.96,stationary
3655497,ANCHOR_01,52:06:26:03:01:DA,-58,MFG_4C000215FDA50693A4E24FB1AFCFC6EB0764782500010002D8,3.36,Yes,laptop,0.96,stationary
3656517,ANCHOR_01,52:06:26:03:01:DA,-61,MFG_4C000215FDA50693A4E24FB1AFCFC6EB0764782500010002D8,3.36,Yes,laptop,0.96,stationary
3657507,ANCHOR_01,52:06:26:03:01:DA,-61,MFG_4C000215FDA50693A4E24FB1AFCFC6EB0764782500010002D8,3.36,Yes,laptop,0.96,stationary
3659517,ANCHOR_01,52:06:26:03:01:DA,-77,MFG_4C000215FDA50693A4E24FB1AFCFC6EB0764782500010002D8,3.36,Yes,laptop,0.96,stationary
3660507,ANCHOR_01,52:06:26:03:01:DA,-76,MFG_4C000215FDA50693A4E24FB1AFCFC6EB0764782500010002D8,3.36,Yes,laptop,0.96,stationary
3661517,ANCHOR_01,52:06:26:03:01:DA,-60,MFG_4C000215FDA50693A4E24FB1AFCFC6EB0764782500010002D8,3.36,Yes,laptop,0.96,stationary
3662517,ANCHOR_01,52:06:26:03:01:DA,-56,MFG_4C000215FDA50693A4E24FB1AFCFC6EB0764782500010002D8,3.36,Yes,laptop,0.96,stationary
3663517,ANCHOR_01,52:06:26:03:01:DA,-61,MFG_4C000215FDA50693A4E24FB1AFCFC6EB0764782500010002D8,3.36,Yes,laptop,0.96,stationary
3664527,ANCHOR_01,52:06:26:03:01:DA,-61,MFG_4C000215FDA50693A4E24FB1AFCFC6EB0764782500010002D8,3.36,Yes,laptop,0.96,stationary
3665537,ANCHOR_01,52:06:26:03:01:DA,-77,MFG_4C000215FDA50693A4E24FB1AFCFC6EB0764782500010002D8,3.36,Yes,laptop,0.96,stationary
3666537,ANCHOR_01,52:06:26:03:01:DA,-76,MFG_4C000215FDA50693A4E24FB1AFCFC6EB0764782500010002D8,3.36,Yes,laptop,0.96,stationary
3668547,ANCHOR_01,52:06:26:03:01:DA,-59,MFG_4C000215FDA50693A4E24FB1AFCFC6EB0764782500010002D8,3.36,Yes,laptop,0.96,stationary
3669567,ANCHOR_01,52:06:26:03:01:DA,-61,MFG_4C000215FDA50693A4E24FB1AFCFC6EB0764782500010002D8,3.36,Yes,laptop,0.96,stationary
3670557,ANCHOR_01,52:06:26:03:01:DA,-61,MFG_4C000215FDA50693A4E24FB1AFCFC6EB0764782500010002D8,3.36,Yes,laptop,0.96,stationary
3671577,ANCHOR_01,52:06:26:03:01:DA,-78,MFG_4C000215FDA50693A4E24FB1AFCFC6EB0764782500010002D8,3.36,Yes,laptop,0.96,stationary
3672567,ANCHOR_01,52:06:26:03:01:DA,-78,MFG_4C000215FDA50693A4E24FB1AFCFC6EB0764782500010002D8,3.36,Yes,laptop,0.96,stationary
3673587,ANCHOR_01,52:06:26:03:01:DA,-59,MFG_4C000215FDA50693A4E24FB1AFCFC6EB0764782500010002D8,3.36,Yes,laptop,0.96,stationary
3674577,ANCHOR_01,52:06:26:03:01:DA,-59,MFG_4C000215FDA50693A4E24FB1AFCFC6EB0764782500010002D8,3.36,Yes,laptop,0.96,stationary
3675577,ANCHOR_01,52:06:26:03:01:DA,-61,MFG_4C000215FDA50693A4E24FB1AFCFC6EB0764782500010002D8,3.36,Yes,laptop,0.96,stationary
3676587,ANCHOR_01,52:06:26:03:01:DA,-61,MFG_4C000215FDA50693A4E24FB1AFCFC6EB0764782500010002D8,3.36,Yes,laptop,0.96,stationary
3677607,ANCHOR_01,52:06:26:03:01:DA,-79,MFG_4C000215FDA50693A4E24FB1AFCFC6EB0764782500010002D8,3.36,Yes,laptop,0.96,stationary
3678597,ANCHOR_01,52:06:26:03:01:DA,-79,MFG_4C000215FDA50693A4E24FB1AFCFC6EB0764782500010002D8,3.36,Yes,laptop,0.96,stationary
3679617,ANCHOR_01,52:06:26:03:01:DA,-59,MFG_4C000215FDA50693A4E24FB1AFCFC6EB0764782500010002D8,3.36,Yes,laptop,0.96,stationary
3681627,ANCHOR_01,52:06:26:03:01:DA,-61,MFG_4C000215FDA50693A4E24FB1AFCFC6EB0764782500010002D8,3.36,Yes,laptop,0.96,stationary
3682647,ANCHOR_01,52:06:26:03:01:DA,-77,MFG_4C000215FDA50693A4E24FB1AFCFC6EB0764782500010002D8,3.36,Yes,laptop,0.96,stationary
3683637,ANCHOR_01,52:06:26:03:01:DA,-77,MFG_4C000215FDA50693A4E24FB1AFCFC6EB0764782500010002D8,3.36,Yes,laptop,0.96,stationary
3685647,ANCHOR_01,52:06:26:03:01:DA,-58,MFG_4C000215FDA50693A4E24FB1AFCFC6EB0764782500010002D8,3.36,Yes,laptop,0.96,stationary
3686637,ANCHOR_01,52:06:26:03:01:DA,-59,MFG_4C000215FDA50693A4E24FB1AFCFC6EB0764782500010002D8,3.36,Yes,laptop,0.96,stationary
3687657,ANCHOR_01,52:06:26:03:01:DA,-61,MFG_4C000215FDA50693A4E24FB1AFCFC6EB0764782500010002D8,3.36,Yes,laptop,0.96,stationary
3688647,ANCHOR_01,52:06:26:03:01:DA,-61,MFG_4C000215FDA50693A4E24FB1AFCFC6EB0764782500010002D8,3.36,Yes,laptop,0.96,stationary
3689667,ANCHOR_01,52:06:26:03:01:DA,-79,MFG_4C000215FDA50693A4E24FB1AFCFC6EB0764782500010002D8,3.36,Yes,laptop,0.96,stationary
3690647,ANCHOR_01,52:06:26:03:01:DA,-77,MFG_4C000215FDA50693A4E24FB1AFCFC6EB0764782500010002D8,3.36,Yes,laptop,0.96,stationary
3693657,ANCHOR_01,52:06:26:03:01:DA,-58,MFG_4C000215FDA50693A4E24FB1AFCFC6EB0764782500010002D8,3.36,Yes,laptop,0.96,stationary
3694657,ANCHOR_01,52:06:26:03:01:DA,-60,MFG_4C000215FDA50693A4E24FB1AFCFC6EB0764782500010002D8,3.36,Yes,laptop,0.96,stationary
3695667,ANCHOR_01,52:06:26:03:01:DA,-63,MFG_4C000215FDA50693A4E24FB1AFCFC6EB0764782500010002D8,3.36,Yes,laptop,0.96,stationary
3696667,ANCHOR_01,52:06:26:03:01:DA,-87,MFG_4C000215FDA50693A4E24FB1AFCFC6EB0764782500010002D8,3.36,Yes,laptop,0.96,stationary
3697677,ANCHOR_01,52:06:26:03:01:DA,-85,MFG_4C000215FDA50693A4E24FB1AFCFC6EB0764782500010002D8,3.36,Yes,laptop,0.96,stationary
3699687,ANCHOR_01,52:06:26:03:01:DA,-62,MFG_4C000215FDA50693A4E24FB1AFCFC6EB0764782500010002D8,3.36,Yes,laptop,0.96,stationary
3700677,ANCHOR_01,52:06:26:03:01:DA,-60,MFG_4C000215FDA50693A4E24FB1AFCFC6EB0764782500010002D8,3.36,Yes,laptop,0.96,stationary
3701697,ANCHOR_01,52:06:26:03:01:DA,-62,MFG_4C000215FDA50693A4E24FB1AFCFC6EB0764782500010002D8,3.36,Yes,laptop,0.96,stationary
3702717,ANCHOR_01,52:06:26:03:01:DA,-80,MFG_4C000215FDA50693A4E24FB1AFCFC6EB0764782500010002D8,3.36,Yes,laptop,0.96,stationary
3703697,ANCHOR_01,52:06:26:03:01:DA,-82,MFG_4C000215FDA50693A4E24FB1AFCFC6EB0764782500010002D8,3.36,Yes,laptop,0.96,stationary
3705717,ANCHOR_01,52:06:26:03:01:DA,-62,MFG_4C000215FDA50693A4E24FB1AFCFC6EB0764782500010002D8,3.36,Yes,laptop,0.96,stationary
3706737,ANCHOR_01,52:06:26:03:01:DA,-62,MFG_4C000215FDA50693A4E24FB1AFCFC6EB0764782500010002D8,3.36,Yes,laptop,0.96,stationary
3707727,ANCHOR_01,52:06:26:03:01:DA,-61,MFG_4C000215FDA50693A4E24FB1AFCFC6EB0764782500010002D8,3.36,Yes,laptop,0.96,stationary
3708747,ANCHOR_01,52:06:26:03:01:DA,-71,MFG_4C000215FDA50693A4E24FB1AFCFC6EB0764782500010002D8,3.36,Yes,laptop,0.96,stationary
3709737,ANCHOR_01,52:06:26:03:01:DA,-69,MFG_4C000215FDA50693A4E24FB1AFCFC6EB0764782500010002D8,3.36,Yes,laptop,0.96,stationary
3710757,ANCHOR_01,52:06:26:03:01:DA,-60,MFG_4C000215FDA50693A4E24FB1AFCFC6EB0764782500010002D8,3.36,Yes,laptop,0.96,stationary
3712767,ANCHOR_01,52:06:26:03:01:DA,-61,MFG_4C000215FDA50693A4E24FB1AFCFC6EB0764782500010002D8,3.36,Yes,laptop,0.96,stationary
3713787,ANCHOR_01,52:06:26:03:01:DA,-75,MFG_4C000215FDA50693A4E24FB1AFCFC6EB0764782500010002D8,3.36,Yes,laptop,0.96,stationary
3714777,ANCHOR_01,52:06:26:03:01:DA,-74,MFG_4C000215FDA50693A4E24FB1AFCFC6EB0764782500010002D8,3.36,Yes,laptop,0.96,stationary
3716777,ANCHOR_01,52:06:26:03:01:DA,-59,MFG_4C000215FDA50693A4E24FB1AFCFC6EB0764782500010002D8,3.36,Yes,laptop,0.96,stationary
3717777,ANCHOR_01,52:06:26:03:01:DA,-60,MFG_4C000215FDA50693A4E24FB1AFCFC6EB0764782500010002D8,3.36,Yes,laptop,0.96,stationary
3718797,ANCHOR_01,52:06:26:03:01:DA,-61,MFG_4C000215FDA50693A4E24FB1AFCFC6EB0764782500010002D8,3.36,Yes,laptop,0.96,stationary
