timestamp,anchor,mac,rssi,name,distance_m,obstacle,obstacle_type,height_m
4052767,ANCHOR_01,52:06:26:03:01:DA,-75,MFG_4C000215FDA50693A4E24FB1AFCFC6EB0764782500010002D8,3.0,Yes,mattress,0.5
4053797,ANCHOR_01,52:06:26:03:01:DA,-70,MFG_4C000215FDA50693A4E24FB1AFCFC6EB0764782500010002D8,3.0,Yes,mattress,0.5
4054777,ANCHOR_01,52:06:26:03:01:DA,-70,MFG_4C000215FDA50693A4E24FB1AFCFC6EB0764782500010002D8,3.0,Yes,mattress,0.5
4055807,ANCHOR_01,52:06:26:03:01:DA,-86,MFG_4C000215FDA50693A4E24FB1AFCFC6EB0764782500010002D8,3.0,Yes,mattress,0.5
4056787,ANCHOR_01,52:06:26:03:01:DA,-84,MFG_4C000215FDA50693A4E24FB1AFCFC6EB0764782500010002D8,3.0,Yes,mattress,0.5
4057787,ANCHOR_01,52:06:26:03:01:DA,-84,MFG_4C000215FDA50693A4E24FB1AFCFC6EB0764782500010002D8,3.0,Yes,mattress,0.5
4058797,ANCHOR_01,52:06:26:03:01:DA,-76,MFG_4C000215FDA50693A4E24FB1AFCFC6EB0764782500010002D8,3.0,Yes,mattress,0.5
4060817,ANCHOR_01,52:06:26:03:01:DA,-69,MFG_4C000215FDA50693A4E24FB1AFCFC6EB0764782500010002D8,3.0,Yes,mattress,0.5
4061807,ANCHOR_01,52:06:26:03:01:DA,-68,MFG_4C000215FDA50693A4E24FB1AFCFC6EB0764782500010002D8,3.0,Yes,mattress,0.5
4062827,ANCHOR_01,52:06:26:03:01:DA,-85,MFG_4C000215FDA50693A4E24FB1AFCFC6EB0764782500010002D8,3.0,Yes,mattress,0.5
4063817,ANCHOR_01,52:06:26:03:01:DA,-83,MFG_4C000215FDA50693A4E24FB1AFCFC6EB0764782500010002D8,3.0,Yes,mattress,0.5
4064837,ANCHOR_01,52:06:26:03:01:DA,-75,MFG_4C000215FDA50693A4E24FB1AFCFC6EB0764782500010002D8,3.0,Yes,mattress,0.5
4065827,ANCHOR_01,52:06:26:03:01:DA,-74,MFG_4C000215FDA50693A4E24FB1AFCFC6EB0764782500010002D8,3.0,Yes,mattress,0.5
4066827,ANCHOR_01,52:06:26:03:01:DA,-69,MFG_4C000215FDA50693A4E24FB1AFCFC6EB0764782500010002D8,3.0,Yes,mattress,0.5
4067837,ANCHOR_01,52:06:26:03:01:DA,-69,MFG_4C000215FDA50693A4E24FB1AFCFC6EB0764782500010002D8,3.0,Yes,mattress,0.5
4068857,ANCHOR_01,52:06:26:03:01:DA,-84,MFG_4C000215FDA50693A4E24FB1AFCFC6EB0764782500010002D8,3.0,Yes,mattress,0.5
4069847,ANCHOR_01,52:06:26:03:01:DA,-83,MFG_4C000215FDA50693A4E24FB1AFCFC6EB0764782500010002D8,3.0,Yes,mattress,0.5
4070867,ANCHOR_01,52:06:26:03:01:DA,-76,MFG_4C000215FDA50693A4E24FB1AFCFC6EB0764782500010002D8,3.0,Yes,mattress,0.5
4072877,ANCHOR_01,52:06:26:03:01:DA,-70,MFG_4C000215FDA50693A4E24FB1AFCFC6EB0764782500010002D8,3.0,Yes,mattress,0.5
4073897,ANCHOR_01,52:06:26:03:01:DA,-85,MFG_4C000215FDA50693A4E24FB1AFCFC6EB0764782500010002D8,3.0,Yes,mattress,0.5
4074877,ANCHOR_01,52:06:26:03:01:DA,-84,MFG_4C000215FDA50693A4E24FB1AFCFC6EB0764782500010002D8,3.0,Yes,mattress,0.5
4075887,ANCHOR_01,52:06:26:03:01:DA,-81,MFG_4C000215FDA50693A4E24FB1AFCFC6EB0764782500010002D8,3.0,Yes,mattress,0.5
4076887,ANCHOR_01,52:06:26:03:01:DA,-81,MFG_4C000215FDA50693A4E24FB1AFCFC6EB0764782500010002D8,3.0,Yes,mattress,0.5
4077907,ANCHOR_01,52:06:26:03:01:DA,-70,MFG_4C000215FDA50693A4E24FB1AFCFC6EB0764782500010002D8,3.0,Yes,mattress,0.5
4078907,ANCHOR_01,52:06:26:03:01:DA,-70,MFG_4C000215FDA50693A4E24FB1AFCFC6EB0764782500010002D8,3.0,Yes,mattress,0.5
4079927,ANCHOR_01,52:06:26:03:01:DA,-83,MFG_4C000215FDA50693A4E24FB1AFCFC6EB0764782500010002D8,3.0,Yes,mattress,0.5
4080907,ANCHOR_01,52:06:26:03:01:DA,-82,MFG_4C000215FDA50693A4E24FB1AFCFC6EB0764782500010002D8,3.0,Yes,mattress,0.5
4082927,ANCHOR_01,52:06:26:03:01:DA,-81,MFG_4C000215FDA50693A4E24FB1AFCFC6EB0764782500010002D8,3.0,Yes,mattress,0.5
4083947,ANCHOR_01,52:06:26:03:01:DA,-70,MFG_4C000215FDA50693A4E24FB1AFCFC6EB0764782500010002D8,3.0,Yes,mattress,0.5
4084927,ANCHOR_01,52:06:26:03:01:DA,-70,MFG_4C000215FDA50693A4E24FB1AFCFC6EB0764782500010002D8,3.0,Yes,mattress,0.5
4085957,ANCHOR_01,52:06:26:03:01:DA,-82,MFG_4C000215FDA50693A4E24FB1AFCFC6EB0764782500010002D8,3.0,Yes,mattress,0.5
4086937,ANCHOR_01,52:06:26:03:01:DA,-83,MFG_4C000215FDA50693A4E24FB1AFCFC6EB0764782500010002D8,3.0,Yes,mattress,0.5
4087947,ANCHOR_01,52:06:26:03:01:DA,-81,MFG_4C000215FDA50693A4E24FB1AFCFC6EB0764782500010002D8,3.0,Yes,mattress,0.5
4088947,ANCHOR_01,52:06:26:03:01:DA,-80,MFG_4C000215FDA50693A4E24FB1AFCFC6EB0764782500010002D8,3.0,Yes,mattress,0.5
4090967,ANCHOR_01,52:06:26:03:01:DA,-70,MFG_4C000215FDA50693A4E24FB1AFCFC6EB0764782500010002D8,3.0,Yes,mattress,0.5
4091987,ANCHOR_01,52:06:26:03:01:DA,-82,MFG_4C000215FDA50693A4E24FB1AFCFC6EB0764782500010002D8,3.0,Yes,mattress,0.5
4092977,ANCHOR_01,52:06:26:03:01:DA,-84,MFG_4C000215FDA50693A4E24FB1AFCFC6EB0764782500010002D8,3.0,Yes,mattress,0.5
4093967,ANCHOR_01,52:06:26:03:01:DA,-82,MFG_4C000215FDA50693A4E24FB1AFCFC6EB0764782500010002D8,3.0,Yes,mattress,0.5
4094977,ANCHOR_01,52:06:26:03:01:DA,-80,MFG_4C000215FDA50693A4E24FB1AFCFC6EB0764782500010002D8,3.0,Yes,mattress,0.5
4095977,ANCHOR_01,52:06:26:03:01:DA,-81,MFG_4C000215FDA50693A4E24FB1AFCFC6EB0764782500010002D8,3.0,Yes,mattress,0.5
4096977,ANCHOR_01,52:06:26:03:01:DA,-70,MFG_4C000215FDA50693A4E24FB1AFCFC6EB0764782500010002D8,3.0,Yes,mattress,0.5
4097987,ANCHOR_01,52:06:26:03:01:DA,-70,MFG_4C000215FDA50693A4E24FB1AFCFC6EB0764782500010002D8,3.0,Yes,mattress,0.5
4098987,ANCHOR_01,52:06:26:03:01:DA,-86,MFG_4C000215FDA50693A4E24FB1AFCFC6EB0764782500010002D8,3.0,Yes,mattress,0.5
4099997,ANCHOR_01,52:06:26:03:01:DA,-86,MFG_4C000215FDA50693A4E24FB1AFCFC6EB0764782500010002D8,3.0,Yes,mattress,0.5
4100987,ANCHOR_01,52:06:26:03:01:DA,-84,MFG_4C000215FDA50693A4E24FB1AFCFC6EB0764782500010002D8,3.0,Yes,mattress,0.5
4101997,ANCHOR_01,52:06:26:03:01:DA,-82,MFG_4C000215FDA50693A4E24FB1AFCFC6EB0764782500010002D8,3.0,Yes,mattress,0.5
4102997,ANCHOR_01,52:06:26:03:01:DA,-82,MFG_4C000215FDA50693A4E24FB1AFCFC6EB0764782500010002D8,3.0,Yes,mattress,0.5
4104017,ANCHOR_01,52:06:26:03:01:DA,-70,MFG_4C000215FDA50693A4E24FB1AFCFC6EB0764782500010002D8,3.0,Yes,mattress,0.5
4105007,ANCHOR_01,52:06:26:03:01:DA,-70,MFG_4C000215FDA50693A4E24FB1AFCFC6EB0764782500010002D8,3.0,Yes,mattress,0.5
4106017,ANCHOR_01,52:06:26:03:01:DA,-82,MFG_4C000215FDA50693A4E24FB1AFCFC6EB0764782500010002D8,3.0,Yes,mattress,0.5
4107027,ANCHOR_01,52:06:26:03:01:DA,-82,MFG_4C000215FDA50693A4E24FB1AFCFC6EB0764782500010002D8,3.0,Yes,mattress,0.5
4108027,ANCHOR_01,52:06:26:03:01:DA,-82,MFG_4C000215FDA50693A4E24FB1AFCFC6EB0764782500010002D8,3.0,Yes,mattress,0.5
4110047,ANCHOR_01,52:06:26:03:01:DA,-70,MFG_4C000215FDA50693A4E24FB1AFCFC6EB0764782500010002D8,3.0,Yes,mattress,0.5
4111067,ANCHOR_01,52:06:26:03:01:DA,-85,MFG_4C000215FDA50693A4E24FB1AFCFC6EB0764782500010002D8,3.0,Yes,mattress,0.5
4112047,ANCHOR_01,52:06:26:03:01:DA,-87,MFG_4C000215FDA50693A4E24FB1AFCFC6EB0764782500010002D8,3.0,Yes,mattress,0.5
4113057,ANCHOR_01,52:06:26:03:01:DA,-82,MFG_4C000215FDA50693A4E24FB1AFCFC6EB0764782500010002D8,3.0,Yes,mattress,0.5
4114067,ANCHOR_01,52:06:26:03:01:DA,-82,MFG_4C000215FDA50693A4E24FB1AFCFC6EB0764782500010002D8,3.0,Yes,mattress,0.5
4115077,ANCHOR_01,52:06:26:03:01:DA,-70,MFG_4C000215FDA50693A4E24FB1AFCFC6EB0764782500010002D8,3.0,Yes,mattress,0.5
4117087,ANCHOR_01,52:06:26:03:01:DA,-85,MFG_4C000215FDA50693A4E24FB1AFCFC6EB0764782500010002D8,3.0,Yes,mattress,0.5
4118107,ANCHOR_01,52:06:26:03:01:DA,-82,MFG_4C000215FDA50693A4E24FB1AFCFC6EB0764782500010002D8,3.0,Yes,mattress,0.5
4119107,ANCHOR_01,52:06:26:03:01:DA,-81,MFG_4C000215FDA50693A4E24FB1AFCFC6EB0764782500010002D8,3.0,Yes,mattress,0.5
4120107,ANCHOR_01,52:06:26:03:01:DA,-70,MFG_4C000215FDA50693A4E24FB1AFCFC6EB0764782500010002D8,3.0,Yes,mattress,0.5
4121117,ANCHOR_01,52:06:26:03:01:DA,-70,MFG_4C000215FDA50693A4E24FB1AFCFC6EB0764782500010002D8,3.0,Yes,mattress,0.5
4122107,ANCHOR_01,52:06:26:03:01:DA,-70,MFG_4C000215FDA50693A4E24FB1AFCFC6EB0764782500010002D8,3.0,Yes,mattress,0.5
4123117,ANCHOR_01,52:06:26:03:01:DA,-84,MFG_4C000215FDA50693A4E24FB1AFCFC6EB0764782500010002D8,3.0,Yes,mattress,0.5
4124117,ANCHOR_01,52:06:26:03:01:DA,-83,MFG_4C000215FDA50693A4E24FB1AFCFC6EB0764782500010002D8,3.0,Yes,mattress,0.5
4125117,ANCHOR_01,52:06:26:03:01:DA,-81,MFG_4C000215FDA50693A4E24FB1AFCFC6EB0764782500010002D8,3.0,Yes,mattress,0.5
4126127,ANCHOR_01,52:06:26:03:01:DA,-82,MFG_4C000215FDA50693A4E24FB1AFCFC6EB0764782500010002D8,3.0,Yes,mattress,0.5
4127127,ANCHOR_01,52:06:26:03:01:DA,-71,MFG_4C000215FDA50693A4E24FB1AFCFC6EB0764782500010002D8,3.0,Yes,mattress,0.5
4128137,ANCHOR_01,52:06:26:03:01:DA,-70,MFG_4C000215FDA50693A4E24FB1AFCFC6EB0764782500010002D8,3.0,Yes,mattress,0.5
4130127,ANCHOR_01,52:06:26:03:01:DA,-83,MFG_4C000215FDA50693A4E24FB1AFCFC6EB0764782500010002D8,3.0,Yes,mattress,0.5
4131137,ANCHOR_01,52:06:26:03:01:DA,-82,MFG_4C000215FDA50693A4E24FB1AFCFC6EB0764782500010002D8,3.0,Yes,mattress,0.5
4132157,ANCHOR_01,52:06:26:03:01:DA,-81,MFG_4C000215FDA50693A4E24FB1AFCFC6EB0764782500010002D8,3.0,Yes,mattress,0.5
4133147,ANCHOR_01,52:06:26:03:01:DA,-82,MFG_4C000215FDA50693A4E24FB1AFCFC6EB0764782500010002D8,3.0,Yes,mattress,0.5
4134147,ANCHOR_01,52:06:26:03:01:DA,-70,MFG_4C000215FDA50693A4E24FB1AFCFC6EB0764782500010002D8,3.0,Yes,mattress,0.5
4135157,ANCHOR_01,52:06:26:03:01:DA,-70,MFG_4C000215FDA50693A4E24FB1AFCFC6EB0764782500010002D8,3.0,Yes,mattress,0.5
4136157,ANCHOR_01,52:06:26:03:01:DA,-85,MFG_4C000215FDA50693A4E24FB1AFCFC6EB0764782500010002D8,3.0,Yes,mattress,0.5
4137167,ANCHOR_01,52:06:26:03:01:DA,-85,MFG_4C000215FDA50693A4E24FB1AFCFC6EB0764782500010002D8,3.0,Yes,mattress,0.5
4138187,ANCHOR_01,52:06:26:03:01:DA,-82,MFG_4C000215FDA50693A4E24FB1AFCFC6EB0764782500010002D8,3.0,Yes,mattress,0.5
4139177,ANCHOR_01,52:06:26:03:01:DA,-81,MFG_4C000215FDA50693A4E24FB1AFCFC6EB0764782500010002D8,3.0,Yes,mattress,0.5
4140167,ANCHOR_01,52:06:26:03:01:DA,-82,MFG_4C000215FDA50693A4E24FB1AFCFC6EB0764782500010002D8,3.0,Yes,mattress,0.5
4141167,ANCHOR_01,52:06:26:03:01:DA,-70,MFG_4C000215FDA50693A4E24FB1AFCFC6EB0764782500010002D8,3.0,Yes,mattress,0.5
4143187,ANCHOR_01,52:06:26:03:01:DA,-86,MFG_4C000215FDA50693A4E24FB1AFCFC6EB0764782500010002D8,3.0,Yes,mattress,0.5
4145197,ANCHOR_01,52:06:26:03:01:DA,-80,MFG_4C000215FDA50693A4E24FB1AFCFC6EB0764782500010002D8,3.0,Yes,mattress,0.5
4146227,ANCHOR_01,52:06:26:03:01:DA,-70,MFG_4C000215FDA50693A4E24FB1AFCFC6EB0764782500010002D8,3.0,Yes,mattress,0.5
4147217,ANCHOR_01,52:06:26:03:01:DA,-70,MFG_4C000215FDA50693A4E24FB1AFCFC6EB0764782500010002D8,3.0,Yes,mattress,0.5
4148237,ANCHOR_01,52:06:26:03:01:DA,-87,MFG_4C000215FDA50693A4E24FB1AFCFC6EB0764782500010002D8,3.0,Yes,mattress,0.5
4149217,ANCHOR_01,52:06:26:03:01:DA,-85,MFG_4C000215FDA50693A4E24FB1AFCFC6EB0764782500010002D8,3.0,Yes,mattress,0.5
4151227,ANCHOR_01,52:06:26:03:01:DA,-80,MFG_4C000215FDA50693A4E24FB1AFCFC6EB0764782500010002D8,3.0,Yes,mattress,0.5
4152227,ANCHOR_01,52:06:26:03:01:DA,-81,MFG_4C000215FDA50693A4E24FB1AFCFC6EB0764782500010002D8,3.0,Yes,mattress,0.5
4153227,ANCHOR_01,52:06:26:03:01:DA,-70,MFG_4C000215FDA50693A4E24FB1AFCFC6EB0764782500010002D8,3.0,Yes,mattress,0.5
4154227,ANCHOR_01,52:06:26:03:01:DA,-70,MFG_4C000215FDA50693A4E24FB1AFCFC6EB0764782500010002D8,3.0,Yes,mattress,0.5
4155257,ANCHOR_01,52:06:26:03:01:DA,-85,MFG_4C000215FDA50693A4E24FB1AFCFC6EB0764782500010002D8,3.0,Yes,mattress,0.5
4157267,ANCHOR_01,52:06:26:03:01:DA,-80,MFG_4C000215FDA50693A4E24FB1AFCFC6EB0764782500010002D8,3.0,Yes,mattress,0.5
4158257,ANCHOR_01,52:06:26:03:01:DA,-81,MFG_4C000215FDA50693A4E24FB1AFCFC6EB0764782500010002D8,3.0,Yes,mattress,0.5
4159267,ANCHOR_01,52:06:26:03:01:DA,-70,MFG_4C000215FDA50693A4E24FB1AFCFC6EB0764782500010002D8,3.0,Yes,mattress,0.5
4161277,ANCHOR_01,52:06:26:03:01:DA,-84,MFG_4C000215FDA50693A4E24FB1AFCFC6EB0764782500010002D8,3.0,Yes,mattress,0.5
4162277,ANCHOR_01,52:06:26:03:01:DA,-83,MFG_4C000215FDA50693A4E24FB1AFCFC6EB0764782500010002D8,3.0,Yes,mattress,0.5
4163297,ANCHOR_01,52:06:26:03:01:DA,-81,MFG_4C000215FDA50693A4E24FB1AFCFC6EB0764782500010002D8,3.0,Yes,mattress,0.5
4164287,ANCHOR_01,52:06:26:03:01:DA,-81,MFG_4C000215FDA50693A4E24FB1AFCFC6EB0764782500010002D8,3.0,Yes,mattress,0.5
4165297,ANCHOR_01,52:06:26:03:01:DA,-70,MFG_4C000215FDA50693A4E24FB1AFCFC6EB0764782500010002D8,3.0,Yes,mattress,0.5
4166297,ANCHOR_01,52:06:26:03:01:DA,-70,MFG_4C000215FDA50693A4E24FB1AFCFC6EB0764782500010002D8,3.0,Yes,mattress,0.5
4167307,ANCHOR_01,52:06:26:03:01:DA,-83,MFG_4C000215FDA50693A4E24FB1AFCFC6EB0764782500010002D8,3.0,Yes,mattress,0.5
4168337,ANCHOR_01,52:06:26:03:01:DA,-81,MFG_4C000215FDA50693A4E24FB1AFCFC6EB0764782500010002D8,3.0,Yes,mattress,0.5
4169317,ANCHOR_01,52:06:26:03:01:DA,-81,MFG_4C000215FDA50693A4E24FB1AFCFC6EB0764782500010002D8,3.0,Yes,mattress,0.5
4170317,ANCHOR_01,52:06:26:03:01:DA,-70,MFG_4C000215FDA50693A4E24FB1AFCFC6EB0764782500010002D8,3.0,Yes,mattress,0.5
4171337,ANCHOR_01,52:06:26:03:01:DA,-70,MFG_4C000215FDA50693A4E24FB1AFCFC6EB0764782500010002D8,3.0,Yes,mattress,0.5
4172327,ANCHOR_01,52:06:26:03:01:DA,-70,MFG_4C000215FDA50693A4E24FB1AFCFC6EB0764782500010002D8,3.0,Yes,mattress,0.5
4173327,ANCHOR_01,52:06:26:03:01:DA,-82,MFG_4C000215FDA50693A4E24FB1AFCFC6EB0764782500010002D8,3.0,Yes,mattress,0.5
4174337,ANCHOR_01,52:06:26:03:01:DA,-83,MFG_4C000215FDA50693A4E24FB1AFCFC6EB0764782500010002D8,3.0,Yes,mattress,0.5
4175357,ANCHOR_01,52:06:26:03:01:DA,-80,MFG_4C000215FDA50693A4E24FB1AFCFC6EB0764782500010002D8,3.0,Yes,mattress,0.5
4176347,ANCHOR_01,52:06:26:03:01:DA,-81,MFG_4C000215FDA50693A4E24FB1AFCFC6EB0764782500010002D8,3.0,Yes,mattress,0.5
4177347,ANCHOR_01,52:06:26:03:01:DA,-70,MFG_4C000215FDA50693A4E24FB1AFCFC6EB0764782500010002D8,3.0,Yes,mattress,0.5
4178357,ANCHOR_01,52:06:26:03:01:DA,-70,MFG_4C000215FDA50693A4E24FB1AFCFC6EB0764782500010002D8,3.0,Yes,mattress,0.5
4179367,ANCHOR_01,52:06:26:03:01:DA,-84,MFG_4C000215FDA50693A4E24FB1AFCFC6EB0764782500010002D8,3.0,Yes,mattress,0.5
4180367,ANCHOR_01,52:06:26:03:01:DA,-82,MFG_4C000215FDA50693A4E24FB1AFCFC6EB0764782500010002D8,3.0,Yes,mattress,0.5
4181367,ANCHOR_01,52:06:26:03:01:DA,-81,MFG_4C000215FDA50693A4E24FB1AFCFC6EB0764782500010002D8,3.0,Yes,mattress,0.5
4182367,ANCHOR_01,52:06:26:03:01:DA,-81,MFG_4C000215FDA50693A4E24FB1AFCFC6EB0764782500010002D8,3.0,Yes,mattress,0.5
4183377,ANCHOR_01,52:06:26:03:01:DA,-70,MFG_4C000215FDA50693A4E24FB1AFCFC6EB0764782500010002D8,3.0,Yes,mattress,0.5
4185407,ANCHOR_01,52:06:26:03:01:DA,-82,MFG_4C000215FDA50693A4E24FB1AFCFC6EB0764782500010002D8,3.0,Yes,mattress,0.5
4186397,ANCHOR_01,52:06:26:03:01:DA,-82,MFG_4C000215FDA50693A4E24FB1AFCFC6EB0764782500010002D8,3.0,Yes,mattress,0.5
4187387,ANCHOR_01,52:06:26:03:01:DA,-82,MFG_4C000215FDA50693A4E24FB1AFCFC6EB0764782500010002D8,3.0,Yes,mattress,0.5
4188387,ANCHOR_01,52:06:26:03:01:DA,-81,MFG_4C000215FDA50693A4E24FB1AFCFC6EB0764782500010002D8,3.0,Yes,mattress,0.5
4189397,ANCHOR_01,52:06:26:03:01:DA,-82,MFG_4C000215FDA50693A4E24FB1AFCFC6EB0764782500010002D8,3.0,Yes,mattress,0.5
4190407,ANCHOR_01,52:06:26:03:01:DA,-70,MFG_4C000215FDA50693A4E24FB1AFCFC6EB0764782500010002D8,3.0,Yes,mattress,0.5
4191407,ANCHOR_01,52:06:26:03:01:DA,-70,MFG_4C000215FDA50693A4E24FB1AFCFC6EB0764782500010002D8,3.0,Yes,mattress,0.5
4192427,ANCHOR_01,52:06:26:03:01:DA,-84,MFG_4C000215FDA50693A4E24FB1AFCFC6EB0764782500010002D8,3.0,Yes,mattress,0.5
4193417,ANCHOR_01,52:06:26:03:01:DA,-85,MFG_4C000215FDA50693A4E24FB1AFCFC6EB0764782500010002D8,3.0,Yes,mattress,0.5
4194427,ANCHOR_01,52:06:26:03:01:DA,-82,MFG_4C000215FDA50693A4E24FB1AFCFC6EB0764782500010002D8,3.0,Yes,mattress,0.5
4195427,ANCHOR_01,52:06:26:03:01:DA,-82,MFG_4C000215FDA50693A4E24FB1AFCFC6EB0764782500010002D8,3.0,Yes,mattress,0.5
4196437,ANCHOR_01,52:06:26:03:01:DA,-70,MFG_4C000215FDA50693A4E24FB1AFCFC6EB0764782500010002D8,3.0,Yes,mattress,0.5
4197437,ANCHOR_01,52:06:26:03:01:DA,-70,MFG_4C000215FDA50693A4E24FB1AFCFC6EB0764782500010002D8,3.0,Yes,mattress,0.5
4198457,ANCHOR_01,52:06:26:03:01:DA,-86,MFG_4C000215FDA50693A4E24FB1AFCFC6EB0764782500010002D8,3.0,Yes,mattress,0.5
4199447,ANCHOR_01,52:06:26:03:01:DA,-84,MFG_4C000215FDA50693A4E24FB1AFCFC6EB0764782500010002D8,3.0,Yes,mattress,0.5
4200467,ANCHOR_01,52:06:26:03:01:DA,-81,MFG_4C000215FDA50693A4E24FB1AFCFC6EB0764782500010002D8,3.0,Yes,mattress,0.5
4201447,ANCHOR_01,52:06:26:03:01:DA,-81,MFG_4C000215FDA50693A4E24FB1AFCFC6EB0764782500010002D8,3.0,Yes,mattress,0.5
4202477,ANCHOR_01,52:06:26:03:01:DA,-70,MFG_4C000215FDA50693A4E24FB1AFCFC6EB0764782500010002D8,3.0,Yes,mattress,0.5
4203467,ANCHOR_01,52:06:26:03:01:DA,-70,MFG_4C000215FDA50693A4E24FB1AFCFC6EB0764782500010002D8,3.0,Yes,mattress,0.5
4204457,ANCHOR_01,52:06:26:03:01:DA,-70,MFG_4C000215FDA50693A4E24FB1AFCFC6EB0764782500010002D8,3.0,Yes,mattress,0.5
4205467,ANCHOR_01,52:06:26:03:01:DA,-85,MFG_4C000215FDA50693A4E24FB1AFCFC6EB0764782500010002D8,3.0,Yes,mattress,0.5
4207477,ANCHOR_01,52:06:26:03:01:DA,-81,MFG_4C000215FDA50693A4E24FB1AFCFC6EB0764782500010002D8,3.0,Yes,mattress,0.5
4208497,ANCHOR_01,52:06:26:03:01:DA,-70,MFG_4C000215FDA50693A4E24FB1AFCFC6EB0764782500010002D8,3.0,Yes,mattress,0.5
4209497,ANCHOR_01,52:06:26:03:01:DA,-70,MFG_4C000215FDA50693A4E24FB1AFCFC6EB0764782500010002D8,3.0,Yes,mattress,0.5
4210517,ANCHOR_01,52:06:26:03:01:DA,-83,MFG_4C000215FDA50693A4E24FB1AFCFC6EB0764782500010002D8,3.0,Yes,mattress,0.5
4211497,ANCHOR_01,52:06:26:03:01:DA,-83,MFG_4C000215FDA50693A4E24FB1AFCFC6EB0764782500010002D8,3.0,Yes,mattress,0.5
4212507,ANCHOR_01,52:06:26:03:01:DA,-81,MFG_4C000215FDA50693A4E24FB1AFCFC6EB0764782500010002D8,3.0,Yes,mattress,0.5
4213507,ANCHOR_01,52:06:26:03:01:DA,-81,MFG_4C000215FDA50693A4E24FB1AFCFC6EB0764782500010002D8,3.0,Yes,mattress,0.5
4214507,ANCHOR_01,52:06:26:03:01:DA,-80,MFG_4C000215FDA50693A4E24FB1AFCFC6EB0764782500010002D8,3.0,Yes,mattress,0.5
4215527,ANCHOR_01,52:06:26:03:01:DA,-70,MFG_4C000215FDA50693A4E24FB1AFCFC6EB0764782500010002D8,3.0,Yes,mattress,0.5
4217527,ANCHOR_01,52:06:26:03:01:DA,-82,MFG_4C000215FDA50693A4E24FB1AFCFC6EB0764782500010002D8,3.0,Yes,mattress,0.5
4218557,ANCHOR_01,52:06:26:03:01:DA,-81,MFG_4C000215FDA50693A4E24FB1AFCFC6EB0764782500010002D8,3.0,Yes,mattress,0.5
4220567,ANCHOR_01,52:06:26:03:01:DA,-69,MFG_4C000215FDA50693A4E24FB1AFCFC6EB0764782500010002D8,3.0,Yes,mattress,0.5
4222557,ANCHOR_01,52:06:26:03:01:DA,-82,MFG_4C000215FDA50693A4E24FB1AFCFC6EB0764782500010002D8,3.0,Yes,mattress,0.5
4224587,ANCHOR_01,52:06:26:03:01:DA,-80,MFG_4C000215FDA50693A4E24FB1AFCFC6EB0764782500010002D8,3.0,Yes,mattress,0.5
4225587,ANCHOR_01,52:06:26:03:01:DA,-70,MFG_4C000215FDA50693A4E24FB1AFCFC6EB0764782500010002D8,3.0,Yes,mattress,0.5
4226597,ANCHOR_01,52:06:26:03:01:DA,-70,MFG_4C000215FDA50693A4E24FB1AFCFC6EB0764782500010002D8,3.0,Yes,mattress,0.5
4227617,ANCHOR_01,52:06:26:03:01:DA,-83,MFG_4C000215FDA50693A4E24FB1AFCFC6EB0764782500010002D8,3.0,Yes,mattress,0.5
4228597,ANCHOR_01,52:06:26:03:01:DA,-86,MFG_4C000215FDA50693A4E24FB1AFCFC6EB0764782500010002D8,3.0,Yes,mattress,0.5
4229607,ANCHOR_01,52:06:26:03:01:DA,-80,MFG_4C000215FDA50693A4E24FB1AFCFC6EB0764782500010002D8,3.0,Yes,mattress,0.5
4230617,ANCHOR_01,52:06:26:03:01:DA,-80,MFG_4C000215FDA50693A4E24FB1AFCFC6EB0764782500010002D8,3.0,Yes,mattress,0.5
4231607,ANCHOR_01,52:06:26:03:01:DA,-80,MFG_4C000215FDA50693A4E24FB1AFCFC6EB0764782500010002D8,3.0,Yes,mattress,0.5
4232607,ANCHOR_01,52:06:26:03:01:DA,-70,MFG_4C000215FDA50693A4E24FB1AFCFC6EB0764782500010002D8,3.0,Yes,mattress,0.5
4233617,ANCHOR_01,52:06:26:03:01:DA,-70,MFG_4C000215FDA50693A4E24FB1AFCFC6EB0764782500010002D8,3.0,Yes,mattress,0.5
4234637,ANCHOR_01,52:06:26:03:01:DA,-83,MFG_4C000215FDA50693A4E24FB1AFCFC6EB0764782500010002D8,3.0,Yes,mattress,0.5
4235627,ANCHOR_01,52:06:26:03:01:DA,-83,MFG_4C000215FDA50693A4E24FB1AFCFC6EB0764782500010002D8,3.0,Yes,mattress,0.5
4236647,ANCHOR_01,52:06:26:03:01:DA,-81,MFG_4C000215FDA50693A4E24FB1AFCFC6EB0764782500010002D8,3.0,Yes,mattress,0.5
4237637,ANCHOR_01,52:06:26:03:01:DA,-76,MFG_4C000215FDA50693A4E24FB1AFCFC6EB0764782500010002D8,3.0,Yes,mattress,0.5
4238657,ANCHOR_01,52:06:26:03:01:DA,-70,MFG_4C000215FDA50693A4E24FB1AFCFC6EB0764782500010002D8,3.0,Yes,mattress,0.5
4239647,ANCHOR_01,52:06:26:03:01:DA,-70,MFG_4C000215FDA50693A4E24FB1AFCFC6EB0764782500010002D8,3.0,Yes,mattress,0.5
4240667,ANCHOR_01,52:06:26:03:01:DA,-78,MFG_4C000215FDA50693A4E24FB1AFCFC6EB0764782500010002D8,3.0,Yes,mattress,0.5
4242667,ANCHOR_01,52:06:26:03:01:DA,-79,MFG_4C000215FDA50693A4E24FB1AFCFC6EB0764782500010002D8,3.0,Yes,mattress,0.5
4244677,ANCHOR_01,52:06:26:03:01:DA,-70,MFG_4C000215FDA50693A4E24FB1AFCFC6EB0764782500010002D8,3.0,Yes,mattress,0.5
4245707,ANCHOR_01,52:06:26:03:01:DA,-86,MFG_4C000215FDA50693A4E24FB1AFCFC6EB0764782500010002D8,3.0,Yes,mattress,0.5
4246697,ANCHOR_01,52:06:26:03:01:DA,-82,MFG_4C000215FDA50693A4E24FB1AFCFC6EB0764782500010002D8,3.0,Yes,mattress,0.5
4247717,ANCHOR_01,52:06:26:03:01:DA,-79,MFG_4C000215FDA50693A4E24FB1AFCFC6EB0764782500010002D8,3.0,Yes,mattress,0.5
4248707,ANCHOR_01,52:06:26:03:01:DA,-79,MFG_4C000215FDA50693A4E24FB1AFCFC6EB0764782500010002D8,3.0,Yes,mattress,0.5
4249707,ANCHOR_01,52:06:26:03:01:DA,-70,MFG_4C000215FDA50693A4E24FB1AFCFC6EB0764782500010002D8,3.0,Yes,mattress,0.5
4250707,ANCHOR_01,52:06:26:03:01:DA,-70,MFG_4C000215FDA50693A4E24FB1AFCFC6EB0764782500010002D8,3.0,Yes,mattress,0.5
4251737,ANCHOR_01,52:06:26:03:01:DA,-83,MFG_4C000215FDA50693A4E24FB1AFCFC6EB0764782500010002D8,3.0,Yes,mattress,0.5
4252717,ANCHOR_01,52:06:26:03:01:DA,-86,MFG_4C000215FDA50693A4E24FB1AFCFC6EB0764782500010002D8,3.0,Yes,mattress,0.5
4253747,ANCHOR_01,52:06:26:03:01:DA,-78,MFG_4C000215FDA50693A4E24FB1AFCFC6EB0764782500010002D8,3.0,Yes,mattress,0.5
4254727,ANCHOR_01,52:06:26:03:01:DA,-78,MFG_4C000215FDA50693A4E24FB1AFCFC6EB0764782500010002D8,3.0,Yes,mattress,0.5
4255737,ANCHOR_01,52:06:26:03:01:DA,-69,MFG_4C000215FDA50693A4E24FB1AFCFC6EB0764782500010002D8,3.0,Yes,mattress,0.5
4256737,ANCHOR_01,52:06:26:03:01:DA,-70,MFG_4C000215FDA50693A4E24FB1AFCFC6EB0764782500010002D8,3.0,Yes,mattress,0.5
4257747,ANCHOR_01,52:06:26:03:01:DA,-83,MFG_4C000215FDA50693A4E24FB1AFCFC6EB0764782500010002D8,3.0,Yes,mattress,0.5
4258747,ANCHOR_01,52:06:26:03:01:DA,-85,MFG_4C000215FDA50693A4E24FB1AFCFC6EB0764782500010002D8,3.0,Yes,mattress,0.5
4259777,ANCHOR_01,52:06:26:03:01:DA,-79,MFG_4C000215FDA50693A4E24FB1AFCFC6EB0764782500010002D8,3.0,Yes,mattress,0.5
4260757,ANCHOR_01,52:06:26:03:01:DA,-78,MFG_4C000215FDA50693A4E24FB1AFCFC6EB0764782500010002D8,3.0,Yes,mattress,0.5
4261787,ANCHOR_01,52:06:26:03:01:DA,-70,MFG_4C000215FDA50693A4E24FB1AFCFC6EB0764782500010002D8,3.0,Yes,mattress,0.5
4262777,ANCHOR_01,52:06:26:03:01:DA,-70,MFG_4C000215FDA50693A4E24FB1AFCFC6EB0764782500010002D8,3.0,Yes,mattress,0.5
4263797,ANCHOR_01,52:06:26:03:01:DA,-82,MFG_4C000215FDA50693A4E24FB1AFCFC6EB0764782500010002D8,3.0,Yes,mattress,0.5
4264787,ANCHOR_01,52:06:26:03:01:DA,-86,MFG_4C000215FDA50693A4E24FB1AFCFC6EB0764782500010002D8,3.0,Yes,mattress,0.5
4265797,ANCHOR_01,52:06:26:03:01:DA,-79,MFG_4C000215FDA50693A4E24FB1AFCFC6EB0764782500010002D8,3.0,Yes,mattress,0.5
4266797,ANCHOR_01,52:06:26:03:01:DA,-79,MFG_4C000215FDA50693A4E24FB1AFCFC6EB0764782500010002D8,3.0,Yes,mattress,0.5
4267797,ANCHOR_01,52:06:26:03:01:DA,-70,MFG_4C000215FDA50693A4E24FB1AFCFC6EB0764782500010002D8,3.0,Yes,mattress,0.5
4268807,ANCHOR_01,52:06:26:03:01:DA,-70,MFG_4C000215FDA50693A4E24FB1AFCFC6EB0764782500010002D8,3.0,Yes,mattress,0.5
4269807,ANCHOR_01,52:06:26:03:01:DA,-85,MFG_4C000215FDA50693A4E24FB1AFCFC6EB0764782500010002D8,3.0,Yes,mattress,0.5
4270817,ANCHOR_01,52:06:26:03:01:DA,-86,MFG_4C000215FDA50693A4E24FB1AFCFC6EB0764782500010002D8,3.0,Yes,mattress,0.5
4272817,ANCHOR_01,52:06:26:03:01:DA,-79,MFG_4C000215FDA50693A4E24FB1AFCFC6EB0764782500010002D8,3.0,Yes,mattress,0.5
4273837,ANCHOR_01,52:06:26:03:01:DA,-70,MFG_4C000215FDA50693A4E24FB1AFCFC6EB0764782500010002D8,3.0,Yes,mattress,0.5
4274837,ANCHOR_01,52:06:26:03:01:DA,-70,MFG_4C000215FDA50693A4E24FB1AFCFC6EB0764782500010002D8,3.0,Yes,mattress,0.5
4275857,ANCHOR_01,52:06:26:03:01:DA,-84,MFG_4C000215FDA50693A4E24FB1AFCFC6EB0764782500010002D8,3.0,Yes,mattress,0.5
4276847,ANCHOR_01,52:06:26:03:01:DA,-84,MFG_4C000215FDA50693A4E24FB1AFCFC6EB0764782500010002D8,3.0,Yes,mattress,0.5
4277867,ANCHOR_01,52:06:26:03:01:DA,-79,MFG_4C000215FDA50693A4E24FB1AFCFC6EB0764782500010002D8,3.0,Yes,mattress,0.5
4278857,ANCHOR_01,52:06:26:03:01:DA,-79,MFG_4C000215FDA50693A4E24FB1AFCFC6EB0764782500010002D8,3.0,Yes,mattress,0.5
4279877,ANCHOR_01,52:06:26:03:01:DA,-70,MFG_4C000215FDA50693A4E24FB1AFCFC6EB0764782500010002D8,3.0,Yes,mattress,0.5
4280867,ANCHOR_01,52:06:26:03:01:DA,-70,MFG_4C000215FDA50693A4E24FB1AFCFC6EB0764782500010002D8,3.0,Yes,mattress,0.5
4281887,ANCHOR_01,52:06:26:03:01:DA,-84,MFG_4C000215FDA50693A4E24FB1AFCFC6EB0764782500010002D8,3.0,Yes,mattress,0.5
4283897,ANCHOR_01,52:06:26:03:01:DA,-78,MFG_4C000215FDA50693A4E24FB1AFCFC6EB0764782500010002D8,3.0,Yes,mattress,0.5
4284887,ANCHOR_01,52:06:26:03:01:DA,-78,MFG_4C000215FDA50693A4E24FB1AFCFC6EB0764782500010002D8,3.0,Yes,mattress,0.5
4285897,ANCHOR_01,52:06:26:03:01:DA,-70,MFG_4C000215FDA50693A4E24FB1AFCFC6EB0764782500010002D8,3.0,Yes,mattress,0.5
4286897,ANCHOR_01,52:06:26:03:01:DA,-70,MFG_4C000215FDA50693A4E24FB1AFCFC6EB0764782500010002D8,3.0,Yes,mattress,0.5
4287897,ANCHOR_01,52:06:26:03:01:DA,-83,MFG_4C000215FDA50693A4E24FB1AFCFC6EB0764782500010002D8,3.0,Yes,mattress,0.5
4288907,ANCHOR_01,52:06:26:03:01:DA,-83,MFG_4C000215FDA50693A4E24FB1AFCFC6EB0764782500010002D8,3.0,Yes,mattress,0.5
4289907,ANCHOR_01,52:06:26:03:01:DA,-79,MFG_4C000215FDA50693A4E24FB1AFCFC6EB0764782500010002D8,3.0,Yes,mattress,0.5
4290917,ANCHOR_01,52:06:26:03:01:DA,-79,MFG_4C000215FDA50693A4E24FB1AFCFC6EB0764782500010002D8,3.0,Yes,mattress,0.5
4291927,ANCHOR_01,52:06:26:03:01:DA,-69,MFG_4C000215FDA50693A4E24FB1AFCFC6EB0764782500010002D8,3.0,Yes,mattress,0.5
4293947,ANCHOR_01,52:06:26:03:01:DA,-84,MFG_4C000215FDA50693A4E24FB1AFCFC6EB0764782500010002D8,3.0,Yes,mattress,0.5
4294927,ANCHOR_01,52:06:26:03:01:DA,-86,MFG_4C000215FDA50693A4E24FB1AFCFC6EB0764782500010002D8,3.0,Yes,mattress,0.5
4295927,ANCHOR_01,52:06:26:03:01:DA,-83,MFG_4C000215FDA50693A4E24FB1AFCFC6EB0764782500010002D8,3.0,Yes,mattress,0.5
4296937,ANCHOR_01,52:06:26:03:01:DA,-79,MFG_4C000215FDA50693A4E24FB1AFCFC6EB0764782500010002D8,3.0,Yes,mattress,0.5
4297927,ANCHOR_01,52:06:26:03:01:DA,-80,MFG_4C000215FDA50693A4E24FB1AFCFC6EB0764782500010002D8,3.0,Yes,mattress,0.5
4298937,ANCHOR_01,52:06:26:03:01:DA,-70,MFG_4C000215FDA50693A4E24FB1AFCFC6EB0764782500010002D8,3.0,Yes,mattress,0.5
4299947,ANCHOR_01,52:06:26:03:01:DA,-70,MFG_4C000215FDA50693A4E24FB1AFCFC6EB0764782500010002D8,3.0,Yes,mattress,0.5
4300967,ANCHOR_01,52:06:26:03:01:DA,-84,MFG_4C000215FDA50693A4E24FB1AFCFC6EB0764782500010002D8,3.0,Yes,mattress,0.5
4301957,ANCHOR_01,52:06:26:03:01:DA,-85,MFG_4C000215FDA50693A4E24FB1AFCFC6EB0764782500010002D8,3.0,Yes,mattress,0.5
4302977,ANCHOR_01,52:06:26:03:01:DA,-78,MFG_4C000215FDA50693A4E24FB1AFCFC6EB0764782500010002D8,3.0,Yes,mattress,0.5
4303957,ANCHOR_01,52:06:26:03:01:DA,-79,MFG_4C000215FDA50693A4E24FB1AFCFC6EB0764782500010002D8,3.0,Yes,mattress,0.5
4304987,ANCHOR_01,52:06:26:03:01:DA,-70,MFG_4C000215FDA50693A4E24FB1AFCFC6EB0764782500010002D8,3.0,Yes,mattress,0.5
4305977,ANCHOR_01,52:06:26:03:01:DA,-69,MFG_4C000215FDA50693A4E24FB1AFCFC6EB0764782500010002D8,3.0,Yes,mattress,0.5
4306997,ANCHOR_01,52:06:26:03:01:DA,-86,MFG_4C000215FDA50693A4E24FB1AFCFC6EB0764782500010002D8,3.0,Yes,mattress,0.5
4307977,ANCHOR_01,52:06:26:03:01:DA,-85,MFG_4C000215FDA50693A4E24FB1AFCFC6EB0764782500010002D8,3.0,Yes,mattress,0.5
4309997,ANCHOR_01,52:06:26:03:01:DA,-79,MFG_4C000215FDA50693A4E24FB1AFCFC6EB0764782500010002D8,3.0,Yes,mattress,0.5
4310987,ANCHOR_01,52:06:26:03:01:DA,-78,MFG_4C000215FDA50693A4E24FB1AFCFC6EB0764782500010002D8,3.0,Yes,mattress,0.5
4311987,ANCHOR_01,52:06:26:03:01:DA,-69,MFG_4C000215FDA50693A4E24FB1AFCFC6EB0764782500010002D8,3.0,Yes,mattress,0.5
4312997,ANCHOR_01,52:06:26:03:01:DA,-70,MFG_4C000215FDA50693A4E24FB1AFCFC6EB0764782500010002D8,3.0,Yes,mattress,0.5
4314017,ANCHOR_01,52:06:26:03:01:DA,-86,MFG_4C000215FDA50693A4E24FB1AFCFC6EB0764782500010002D8,3.0,Yes,mattress,0.5
4315007,ANCHOR_01,52:06:26:03:01:DA,-85,MFG_4C000215FDA50693A4E24FB1AFCFC6EB0764782500010002D8,3.0,Yes,mattress,0.5
4316027,ANCHOR_01,52:06:26:03:01:DA,-79,MFG_4C000215FDA50693A4E24FB1AFCFC6EB0764782500010002D8,3.0,Yes,mattress,0.5
4317017,ANCHOR_01,52:06:26:03:01:DA,-79,MFG_4C000215FDA50693A4E24FB1AFCFC6EB0764782500010002D8,3.0,Yes,mattress,0.5
4318037,ANCHOR_01,52:06:26:03:01:DA,-70,MFG_4C000215FDA50693A4E24FB1AFCFC6EB0764782500010002D8,3.0,Yes,mattress,0.5
4319027,ANCHOR_01,52:06:26:03:01:DA,-70,MFG_4C000215FDA50693A4E24FB1AFCFC6EB0764782500010002D8,3.0,Yes,mattress,0.5
4320047,ANCHOR_01,52:06:26:03:01:DA,-85,MFG_4C000215FDA50693A4E24FB1AFCFC6EB0764782500010002D8,3.0,Yes,mattress,0.5
4322037,ANCHOR_01,52:06:26:03:01:DA,-79,MFG_4C000215FDA50693A4E24FB1AFCFC6EB0764782500010002D8,3.0,Yes,mattress,0.5
4323047,ANCHOR_01,52:06:26:03:01:DA,-79,MFG_4C000215FDA50693A4E24FB1AFCFC6EB0764782500010002D8,3.0,Yes,mattress,0.5
4324047,ANCHOR_01,52:06:26:03:01:DA,-70,MFG_4C000215FDA50693A4E24FB1AFCFC6EB0764782500010002D8,3.0,Yes,mattress,0.5
4325047,ANCHOR_01,52:06:26:03:01:DA,-70,MFG_4C000215FDA50693A4E24FB1AFCFC6EB0764782500010002D8,3.0,Yes,mattress,0.5
4326067,ANCHOR_01,52:06:26:03:01:DA,-84,MFG_4C000215FDA50693A4E24FB1AFCFC6EB0764782500010002D8,3.0,Yes,mattress,0.5
4327067,ANCHOR_01,52:06:26:03:01:DA,-82,MFG_4C000215FDA50693A4E24FB1AFCFC6EB0764782500010002D8,3.0,Yes,mattress,0.5
4329057,ANCHOR_01,52:06:26:03:01:DA,-79,MFG_4C000215FDA50693A4E24FB1AFCFC6EB0764782500010002D8,3.0,Yes,mattress,0.5
4331067,ANCHOR_01,52:06:26:03:01:DA,-70,MFG_4C000215FDA50693A4E24FB1AFCFC6EB0764782500010002D8,3.0,Yes,mattress,0.5
4332077,ANCHOR_01,52:06:26:03:01:DA,-70,MFG_4C000215FDA50693A4E24FB1AFCFC6EB0764782500010002D8,3.0,Yes,mattress,0.5
4333097,ANCHOR_01,52:06:26:03:01:DA,-83,MFG_4C000215FDA50693A4E24FB1AFCFC6EB0764782500010002D8,3.0,Yes,mattress,0.5
4335097,ANCHOR_01,52:06:26:03:01:DA,-78,MFG_4C000215FDA50693A4E24FB1AFCFC6EB0764782500010002D8,3.0,Yes,mattress,0.5
4336117,ANCHOR_01,52:06:26:03:01:DA,-70,MFG_4C000215FDA50693A4E24FB1AFCFC6EB0764782500010002D8,3.0,Yes,mattress,0.5
4337117,ANCHOR_01,52:06:26:03:01:DA,-69,MFG_4C000215FDA50693A4E24FB1AFCFC6EB0764782500010002D8,3.0,Yes,mattress,0.5
4338137,ANCHOR_01,52:06:26:03:01:DA,-82,MFG_4C000215FDA50693A4E24FB1AFCFC6EB0764782500010002D8,3.0,Yes,mattress,0.5
4339117,ANCHOR_01,52:06:26:03:01:DA,-85,MFG_4C000215FDA50693A4E24FB1AFCFC6EB0764782500010002D8,3.0,Yes,mattress,0.5
4340127,ANCHOR_01,52:06:26:03:01:DA,-79,MFG_4C000215FDA50693A4E24FB1AFCFC6EB0764782500010002D8,3.0,Yes,mattress,0.5
4341137,ANCHOR_01,52:06:26:03:01:DA,-79,MFG_4C000215FDA50693A4E24FB1AFCFC6EB0764782500010002D8,3.0,Yes,mattress,0.5
4342137,ANCHOR_01,52:06:26:03:01:DA,-70,MFG_4C000215FDA50693A4E24FB1AFCFC6EB0764782500010002D8,3.0,Yes,mattress,0.5
4343147,ANCHOR_01,52:06:26:03:01:DA,-70,MFG_4C000215FDA50693A4E24FB1AFCFC6EB0764782500010002D8,3.0,Yes,mattress,0.5
4344167,ANCHOR_01,52:06:26:03:01:DA,-83,MFG_4C000215FDA50693A4E24FB1AFCFC6EB0764782500010002D8,3.0,Yes,mattress,0.5
4345157,ANCHOR_01,52:06:26:03:01:DA,-85,MFG_4C000215FDA50693A4E24FB1AFCFC6EB0764782500010002D8,3.0,Yes,mattress,0.5
4348157,ANCHOR_01,52:06:26:03:01:DA,-78,MFG_4C000215FDA50693A4E24FB1AFCFC6EB0764782500010002D8,3.0,Yes,mattress,0.5
4350197,ANCHOR_01,52:06:26:03:01:DA,-85,MFG_4C000215FDA50693A4E24FB1AFCFC6EB0764782500010002D8,3.0,Yes,mattress,0.5
4351187,ANCHOR_01,52:06:26:03:01:DA,-83,MFG_4C000215FDA50693A4E24FB1AFCFC6EB0764782500010002D8,3.0,Yes,mattress,0.5
4352177,ANCHOR_01,52:06:26:03:01:DA,-85,MFG_4C000215FDA50693A4E24FB1AFCFC6EB0764782500010002D8,3.0,Yes,mattress,0.5
4353177,ANCHOR_01,52:06:26:03:01:DA,-78,MFG_4C000215FDA50693A4E24FB1AFCFC6EB0764782500010002D8,3.0,Yes,mattress,0.5
4354177,ANCHOR_01,52:06:26:03:01:DA,-79,MFG_4C000215FDA50693A4E24FB1AFCFC6EB0764782500010002D8,3.0,Yes,mattress,0.5
4355187,ANCHOR_01,52:06:26:03:01:DA,-70,MFG_4C000215FDA50693A4E24FB1AFCFC6EB0764782500010002D8,3.0,Yes,mattress,0.5
4356197,ANCHOR_01,52:06:26:03:01:DA,-70,MFG_4C000215FDA50693A4E24FB1AFCFC6EB0764782500010002D8,3.0,Yes,mattress,0.5
4357217,ANCHOR_01,52:06:26:03:01:DA,-83,MFG_4C000215FDA50693A4E24FB1AFCFC6EB0764782500010002D8,3.0,Yes,mattress,0.5
4358207,ANCHOR_01,52:06:26:03:01:DA,-85,MFG_4C000215FDA50693A4E24FB1AFCFC6EB0764782500010002D8,3.0,Yes,mattress,0.5
4359227,ANCHOR_01,52:06:26:03:01:DA,-79,MFG_4C000215FDA50693A4E24FB1AFCFC6EB0764782500010002D8,3.0,Yes,mattress,0.5
4360207,ANCHOR_01,52:06:26:03:01:DA,-79,MFG_4C000215FDA50693A4E24FB1AFCFC6EB0764782500010002D8,3.0,Yes,mattress,0.5
4361217,ANCHOR_01,52:06:26:03:01:DA,-70,MFG_4C000215FDA50693A4E24FB1AFCFC6EB0764782500010002D8,3.0,Yes,mattress,0.5
4362227,ANCHOR_01,52:06:26:03:01:DA,-70,MFG_4C000215FDA50693A4E24FB1AFCFC6EB0764782500010002D8,3.0,Yes,mattress,0.5
4363247,ANCHOR_01,52:06:26:03:01:DA,-83,MFG_4C000215FDA50693A4E24FB1AFCFC6EB0764782500010002D8,3.0,Yes,mattress,0.5
4364237,ANCHOR_01,52:06:26:03:01:DA,-83,MFG_4C000215FDA50693A4E24FB1AFCFC6EB0764782500010002D8,3.0,Yes,mattress,0.5
4365237,ANCHOR_01,52:06:26:03:01:DA,-79,MFG_4C000215FDA50693A4E24FB1AFCFC6EB0764782500010002D8,3.0,Yes,mattress,0.5
4366247,ANCHOR_01,52:06:26:03:01:DA,-70,MFG_4C000215FDA50693A4E24FB1AFCFC6EB0764782500010002D8,3.0,Yes,mattress,0.5
4367267,ANCHOR_01,52:06:26:03:01:DA,-70,MFG_4C000215FDA50693A4E24FB1AFCFC6EB0764782500010002D8,3.0,Yes,mattress,0.5
4368267,ANCHOR_01,52:06:26:03:01:DA,-84,MFG_4C000215FDA50693A4E24FB1AFCFC6EB0764782500010002D8,3.0,Yes,mattress,0.5
4369277,ANCHOR_01,52:06:26:03:01:DA,-84,MFG_4C000215FDA50693A4E24FB1AFCFC6EB0764782500010002D8,3.0,Yes,mattress,0.5
4370297,ANCHOR_01,52:06:26:03:01:DA,-79,MFG_4C000215FDA50693A4E24FB1AFCFC6EB0764782500010002D8,3.0,Yes,mattress,0.5
4371277,ANCHOR_01,52:06:26:03:01:DA,-79,MFG_4C000215FDA50693A4E24FB1AFCFC6EB0764782500010002D8,3.0,Yes,mattress,0.5
4372307,ANCHOR_01,52:06:26:03:01:DA,-70,MFG_4C000215FDA50693A4E24FB1AFCFC6EB0764782500010002D8,3.0,Yes,mattress,0.5
4373297,ANCHOR_01,52:06:26:03:01:DA,-70,MFG_4C000215FDA50693A4E24FB1AFCFC6EB0764782500010002D8,3.0,Yes,mattress,0.5
4374317,ANCHOR_01,52:06:26:03:01:DA,-83,MFG_4C000215FDA50693A4E24FB1AFCFC6EB0764782500010002D8,3.0,Yes,mattress,0.5
4375307,ANCHOR_01,52:06:26:03:01:DA,-84,MFG_4C000215FDA50693A4E24FB1AFCFC6EB0764782500010002D8,3.0,Yes,mattress,0.5
4376307,ANCHOR_01,52:06:26:03:01:DA,-78,MFG_4C000215FDA50693A4E24FB1AFCFC6EB0764782500010002D8,3.0,Yes,mattress,0.5
4377307,ANCHOR_01,52:06:26:03:01:DA,-79,MFG_4C000215FDA50693A4E24FB1AFCFC6EB0764782500010002D8,3.0,Yes,mattress,0.5
4378327,ANCHOR_01,52:06:26:03:01:DA,-70,MFG_4C000215FDA50693A4E24FB1AFCFC6EB0764782500010002D8,3.0,Yes,mattress,0.5
4379327,ANCHOR_01,52:06:26:03:01:DA,-70,MFG_4C000215FDA50693A4E24FB1AFCFC6EB0764782500010002D8,3.0,Yes,mattress,0.5
4381337,ANCHOR_01,52:06:26:03:01:DA,-85,MFG_4C000215FDA50693A4E24FB1AFCFC6EB0764782500010002D8,3.0,Yes,mattress,0.5
4382327,ANCHOR_01,52:06:26:03:01:DA,-83,MFG_4C000215FDA50693A4E24FB1AFCFC6EB0764782500010002D8,3.0,Yes,mattress,0.5
4383337,ANCHOR_01,52:06:26:03:01:DA,-79,MFG_4C000215FDA50693A4E24FB1AFCFC6EB0764782500010002D8,3.0,Yes,mattress,0.5
4384357,ANCHOR_01,52:06:26:03:01:DA,-70,MFG_4C000215FDA50693A4E24FB1AFCFC6EB0764782500010002D8,3.0,Yes,mattress,0.5
4385357,ANCHOR_01,52:06:26:03:01:DA,-70,MFG_4C000215FDA50693A4E24FB1AFCFC6EB0764782500010002D8,3.0,Yes,mattress,0.5
4386377,ANCHOR_01,52:06:26:03:01:DA,-83,MFG_4C000215FDA50693A4E24FB1AFCFC6EB0764782500010002D8,3.0,Yes,mattress,0.5
4387367,ANCHOR_01,52:06:26:03:01:DA,-83,MFG_4C000215FDA50693A4E24FB1AFCFC6EB0764782500010002D8,3.0,Yes,mattress,0.5
4388387,ANCHOR_01,52:06:26:03:01:DA,-78,MFG_4C000215FDA50693A4E24FB1AFCFC6EB0764782500010002D8,3.0,Yes,mattress,0.5
4389377,ANCHOR_01,52:06:26:03:01:DA,-78,MFG_4C000215FDA50693A4E24FB1AFCFC6EB0764782500010002D8,3.0,Yes,mattress,0.5
4390397,ANCHOR_01,52:06:26:03:01:DA,-70,MFG_4C000215FDA50693A4E24FB1AFCFC6EB0764782500010002D8,3.0,Yes,mattress,0.5
4391387,ANCHOR_01,52:06:26:03:01:DA,-70,MFG_4C000215FDA50693A4E24FB1AFCFC6EB0764782500010002D8,3.0,Yes,mattress,0.5
4392387,ANCHOR_01,52:06:26:03:01:DA,-83,MFG_4C000215FDA50693A4E24FB1AFCFC6EB0764782500010002D8,3.0,Yes,mattress,0.5
4393397,ANCHOR_01,52:06:26:03:01:DA,-86,MFG_4C000215FDA50693A4E24FB1AFCFC6EB0764782500010002D8,3.0,Yes,mattress,0.5
4394387,ANCHOR_01,52:06:26:03:01:DA,-85,MFG_4C000215FDA50693A4E24FB1AFCFC6EB0764782500010002D8,3.0,Yes,mattress,0.5
4395397,ANCHOR_01,52:06:26:03:01:DA,-79,MFG_4C000215FDA50693A4E24FB1AFCFC6EB0764782500010002D8,3.0,Yes,mattress,0.5
4396397,ANCHOR_01,52:06:26:03:01:DA,-79,MFG_4C000215FDA50693A4E24FB1AFCFC6EB0764782500010002D8,3.0,Yes,mattress,0.5
4397407,ANCHOR_01,52:06:26:03:01:DA,-70,MFG_4C000215FDA50693A4E24FB1AFCFC6EB0764782500010002D8,3.0,Yes,mattress,0.5
4399427,ANCHOR_01,52:06:26:03:01:DA,-86,MFG_4C000215FDA50693A4E24FB1AFCFC6EB0764782500010002D8,3.0,Yes,mattress,0.5
4401427,ANCHOR_01,52:06:26:03:01:DA,-78,MFG_4C000215FDA50693A4E24FB1AFCFC6EB0764782500010002D8,3.0,Yes,mattress,0.5
4403447,ANCHOR_01,52:06:26:03:01:DA,-70,MFG_4C000215FDA50693A4E24FB1AFCFC6EB0764782500010002D8,3.0,Yes,mattress,0.5
4404437,ANCHOR_01,52:06:26:03:01:DA,-70,MFG_4C000215FDA50693A4E24FB1AFCFC6EB0764782500010002D8,3.0,Yes,mattress,0.5
4405457,ANCHOR_01,52:06:26:03:01:DA,-85,MFG_4C000215FDA50693A4E24FB1AFCFC6EB0764782500010002D8,3.0,Yes,mattress,0.5
4406437,ANCHOR_01,52:06:26:03:01:DA,-84,MFG_4C000215FDA50693A4E24FB1AFCFC6EB0764782500010002D8,3.0,Yes,mattress,0.5
4407457,ANCHOR_01,52:06:26:03:01:DA,-79,MFG_4C000215FDA50693A4E24FB1AFCFC6EB0764782500010002D8,3.0,Yes,mattress,0.5
4408457,ANCHOR_01,52:06:26:03:01:DA,-79,MFG_4C000215FDA50693A4E24FB1AFCFC6EB0764782500010002D8,3.0,Yes,mattress,0.5
4409477,ANCHOR_01,52:06:26:03:01:DA,-70,MFG_4C000215FDA50693A4E24FB1AFCFC6EB0764782500010002D8,3.0,Yes,mattress,0.5
4410447,ANCHOR_01,52:06:26:03:01:DA,-70,MFG_4C000215FDA50693A4E24FB1AFCFC6EB0764782500010002D8,3.0,Yes,mattress,0.5
4411457,ANCHOR_01,52:06:26:03:01:DA,-70,MFG_4C000215FDA50693A4E24FB1AFCFC6EB0764782500010002D8,3.0,Yes,mattress,0.5
4412467,ANCHOR_01,52:06:26:03:01:DA,-84,MFG_4C000215FDA50693A4E24FB1AFCFC6EB0764782500010002D8,3.0,Yes,mattress,0.5
4413497,ANCHOR_01,52:06:26:03:01:DA,-81,MFG_4C000215FDA50693A4E24FB1AFCFC6EB0764782500010002D8,3.0,Yes,mattress,0.5
4414487,ANCHOR_01,52:06:26:03:01:DA,-82,MFG_4C000215FDA50693A4E24FB1AFCFC6EB0764782500010002D8,3.0,Yes,mattress,0.5
4415487,ANCHOR_01,52:06:26:03:01:DA,-69,MFG_4C000215FDA50693A4E24FB1AFCFC6EB0764782500010002D8,3.0,Yes,mattress,0.5
4416497,ANCHOR_01,52:06:26:03:01:DA,-69,MFG_4C000215FDA50693A4E24FB1AFCFC6EB0764782500010002D8,3.0,Yes,mattress,0.5
4417517,ANCHOR_01,52:06:26:03:01:DA,-82,MFG_4C000215FDA50693A4E24FB1AFCFC6EB0764782500010002D8,3.0,Yes,mattress,0.5
4418507,ANCHOR_01,52:06:26:03:01:DA,-82,MFG_4C000215FDA50693A4E24FB1AFCFC6EB0764782500010002D8,3.0,Yes,mattress,0.5
4420517,ANCHOR_01,52:06:26:03:01:DA,-82,MFG_4C000215FDA50693A4E24FB1AFCFC6EB0764782500010002D8,3.0,Yes,mattress,0.5
4421537,ANCHOR_01,52:06:26:03:01:DA,-70,MFG_4C000215FDA50693A4E24FB1AFCFC6EB0764782500010002D8,3.0,Yes,mattress,0.5
4422527,ANCHOR_01,52:06:26:03:01:DA,-70,MFG_4C000215FDA50693A4E24FB1AFCFC6EB0764782500010002D8,3.0,Yes,mattress,0.5
4423547,ANCHOR_01,52:06:26:03:01:DA,-85,MFG_4C000215FDA50693A4E24FB1AFCFC6EB0764782500010002D8,3.0,Yes,mattress,0.5
4424537,ANCHOR_01,52:06:26:03:01:DA,-86,MFG_4C000215FDA50693A4E24FB1AFCFC6EB0764782500010002D8,3.0,Yes,mattress,0.5
4425547,ANCHOR_01,52:06:26:03:01:DA,-82,MFG_4C000215FDA50693A4E24FB1AFCFC6EB0764782500010002D8,3.0,Yes,mattress,0.5
4426537,ANCHOR_01,52:06:26:03:01:DA,-82,MFG_4C000215FDA50693A4E24FB1AFCFC6EB0764782500010002D8,3.0,Yes,mattress,0.5
4427557,ANCHOR_01,52:06:26:03:01:DA,-70,MFG_4C000215FDA50693A4E24FB1AFCFC6EB0764782500010002D8,3.0,Yes,mattress,0.5
4428547,ANCHOR_01,52:06:26:03:01:DA,-70,MFG_4C000215FDA50693A4E24FB1AFCFC6EB0764782500010002D8,3.0,Yes,mattress,0.5
4429577,ANCHOR_01,52:06:26:03:01:DA,-83,MFG_4C000215FDA50693A4E24FB1AFCFC6EB0764782500010002D8,3.0,Yes,mattress,0.5
4430547,ANCHOR_01,52:06:26:03:01:DA,-83,MFG_4C000215FDA50693A4E24FB1AFCFC6EB0764782500010002D8,3.0,Yes,mattress,0.5
4431557,ANCHOR_01,52:06:26:03:01:DA,-84,MFG_4C000215FDA50693A4E24FB1AFCFC6EB0764782500010002D8,3.0,Yes,mattress,0.5
4432557,ANCHOR_01,52:06:26:03:01:DA,-81,MFG_4C000215FDA50693A4E24FB1AFCFC6EB0764782500010002D8,3.0,Yes,mattress,0.5
4433557,ANCHOR_01,52:06:26:03:01:DA,-80,MFG_4C000215FDA50693A4E24FB1AFCFC6EB0764782500010002D8,3.0,Yes,mattress,0.5
4434587,ANCHOR_01,52:06:26:03:01:DA,-69,MFG_4C000215FDA50693A4E24FB1AFCFC6EB0764782500010002D8,3.0,Yes,mattress,0.5
4435577,ANCHOR_01,52:06:26:03:01:DA,-70,MFG_4C000215FDA50693A4E24FB1AFCFC6EB0764782500010002D8,3.0,Yes,mattress,0.5
4436597,ANCHOR_01,52:06:26:03:01:DA,-82,MFG_4C000215FDA50693A4E24FB1AFCFC6EB0764782500010002D8,3.0,Yes,mattress,0.5
4437587,ANCHOR_01,52:06:26:03:01:DA,-82,MFG_4C000215FDA50693A4E24FB1AFCFC6EB0764782500010002D8,3.0,Yes,mattress,0.5
4438587,ANCHOR_01,52:06:26:03:01:DA,-81,MFG_4C000215FDA50693A4E24FB1AFCFC6EB0764782500010002D8,3.0,Yes,mattress,0.5
4439587,ANCHOR_01,52:06:26:03:01:DA,-82,MFG_4C000215FDA50693A4E24FB1AFCFC6EB0764782500010002D8,3.0,Yes,mattress,0.5
4440587,ANCHOR_01,52:06:26:03:01:DA,-70,MFG_4C000215FDA50693A4E24FB1AFCFC6EB0764782500010002D8,3.0,Yes,mattress,0.5
4441607,ANCHOR_01,52:06:26:03:01:DA,-69,MFG_4C000215FDA50693A4E24FB1AFCFC6EB0764782500010002D8,3.0,Yes,mattress,0.5
4443617,ANCHOR_01,52:06:26:03:01:DA,-81,MFG_4C000215FDA50693A4E24FB1AFCFC6EB0764782500010002D8,3.0,Yes,mattress,0.5
4444637,ANCHOR_01,52:06:26:03:01:DA,-80,MFG_4C000215FDA50693A4E24FB1AFCFC6EB0764782500010002D8,3.0,Yes,mattress,0.5
4445617,ANCHOR_01,52:06:26:03:01:DA,-80,MFG_4C000215FDA50693A4E24FB1AFCFC6EB0764782500010002D8,3.0,Yes,mattress,0.5
4446617,ANCHOR_01,52:06:26:03:01:DA,-80,MFG_4C000215FDA50693A4E24FB1AFCFC6EB0764782500010002D8,3.0,Yes,mattress,0.5
4447627,ANCHOR_01,52:06:26:03:01:DA,-69,MFG_4C000215FDA50693A4E24FB1AFCFC6EB0764782500010002D8,3.0,Yes,mattress,0.5
4448657,ANCHOR_01,52:06:26:03:01:DA,-82,MFG_4C000215FDA50693A4E24FB1AFCFC6EB0764782500010002D8,3.0,Yes,mattress,0.5
4449637,ANCHOR_01,52:06:26:03:01:DA,-82,MFG_4C000215FDA50693A4E24FB1AFCFC6EB0764782500010002D8,3.0,Yes,mattress,0.5
4450647,ANCHOR_01,52:06:26:03:01:DA,-81,MFG_4C000215FDA50693A4E24FB1AFCFC6EB0764782500010002D8,3.0,Yes,mattress,0.5
4451647,ANCHOR_01,52:06:26:03:01:DA,-81,MFG_4C000215FDA50693A4E24FB1AFCFC6EB0764782500010002D8,3.0,Yes,mattress,0.5
4453667,ANCHOR_01,52:06:26:03:01:DA,-69,MFG_4C000215FDA50693A4E24FB1AFCFC6EB0764782500010002D8,3.0,Yes,mattress,0.5
4454687,ANCHOR_01,52:06:26:03:01:DA,-83,MFG_4C000215FDA50693A4E24FB1AFCFC6EB0764782500010002D8,3.0,Yes,mattress,0.5
4456687,ANCHOR_01,52:06:26:03:01:DA,-81,MFG_4C000215FDA50693A4E24FB1AFCFC6EB0764782500010002D8,3.0,Yes,mattress,0.5
4457717,ANCHOR_01,52:06:26:03:01:DA,-70,MFG_4C000215FDA50693A4E24FB1AFCFC6EB0764782500010002D8,3.0,Yes,mattress,0.5
4458687,ANCHOR_01,52:06:26:03:01:DA,-70,MFG_4C000215FDA50693A4E24FB1AFCFC6EB0764782500010002D8,3.0,Yes,mattress,0.5
4460717,ANCHOR_01,52:06:26:03:01:DA,-85,MFG_4C000215FDA50693A4E24FB1AFCFC6EB0764782500010002D8,3.0,Yes,mattress,0.5
4461717,ANCHOR_01,52:06:26:03:01:DA,-80,MFG_4C000215FDA50693A4E24FB1AFCFC6EB0764782500010002D8,3.0,Yes,mattress,0.5
4463747,ANCHOR_01,52:06:26:03:01:DA,-68,MFG_4C000215FDA50693A4E24FB1AFCFC6EB0764782500010002D8,3.0,Yes,mattress,0.5
4464737,ANCHOR_01,52:06:26:03:01:DA,-71,MFG_4C000215FDA50693A4E24FB1AFCFC6EB0764782500010002D8,3.0,Yes,mattress,0.5
4465757,ANCHOR_01,52:06:26:03:01:DA,-82,MFG_4C000215FDA50693A4E24FB1AFCFC6EB0764782500010002D8,3.0,Yes,mattress,0.5
4466747,ANCHOR_01,52:06:26:03:01:DA,-81,MFG_4C000215FDA50693A4E24FB1AFCFC6EB0764782500010002D8,3.0,Yes,mattress,0.5
4467767,ANCHOR_01,52:06:26:03:01:DA,-78,MFG_4C000215FDA50693A4E24FB1AFCFC6EB0764782500010002D8,3.0,Yes,mattress,0.5
4468757,ANCHOR_01,52:06:26:03:01:DA,-77,MFG_4C000215FDA50693A4E24FB1AFCFC6EB0764782500010002D8,3.0,Yes,mattress,0.5
4469757,ANCHOR_01,52:06:26:03:01:DA,-70,MFG_4C000215FDA50693A4E24FB1AFCFC6EB0764782500010002D8,3.0,Yes,mattress,0.5
4470757,ANCHOR_01,52:06:26:03:01:DA,-70,MFG_4C000215FDA50693A4E24FB1AFCFC6EB0764782500010002D8,3.0,Yes,mattress,0.5
4474787,ANCHOR_01,52:06:26:03:01:DA,-79,MFG_4C000215FDA50693A4E24FB1AFCFC6EB0764782500010002D8,3.0,Yes,mattress,0.5
4475797,ANCHOR_01,52:06:26:03:01:DA,-70,MFG_4C000215FDA50693A4E24FB1AFCFC6EB0764782500010002D8,3.0,Yes,mattress,0.5
4476787,ANCHOR_01,52:06:26:03:01:DA,-70,MFG_4C000215FDA50693A4E24FB1AFCFC6EB0764782500010002D8,3.0,Yes,mattress,0.5
4477807,ANCHOR_01,52:06:26:03:01:DA,-83,MFG_4C000215FDA50693A4E24FB1AFCFC6EB0764782500010002D8,3.0,Yes,mattress,0.5
4478807,ANCHOR_01,52:06:26:03:01:DA,-84,MFG_4C000215FDA50693A4E24FB1AFCFC6EB0764782500010002D8,3.0,Yes,mattress,0.5
4479827,ANCHOR_01,52:06:26:03:01:DA,-77,MFG_4C000215FDA50693A4E24FB1AFCFC6EB0764782500010002D8,3.0,Yes,mattress,0.5
4481837,ANCHOR_01,52:06:26:03:01:DA,-71,MFG_4C000215FDA50693A4E24FB1AFCFC6EB0764782500010002D8,3.0,Yes,mattress,0.5
4482837,ANCHOR_01,52:06:26:03:01:DA,-83,MFG_4C000215FDA50693A4E24FB1AFCFC6EB0764782500010002D8,3.0,Yes,mattress,0.5
4483847,ANCHOR_01,52:06:26:03:01:DA,-87,MFG_4C000215FDA50693A4E24FB1AFCFC6EB0764782500010002D8,3.0,Yes,mattress,0.5
4484867,ANCHOR_01,52:06:26:03:01:DA,-79,MFG_4C000215FDA50693A4E24FB1AFCFC6EB0764782500010002D8,3.0,Yes,mattress,0.5
4485847,ANCHOR_01,52:06:26:03:01:DA,-79,MFG_4C000215FDA50693A4E24FB1AFCFC6EB0764782500010002D8,3.0,Yes,mattress,0.5
4486877,ANCHOR_01,52:06:26:03:01:DA,-71,MFG_4C000215FDA50693A4E24FB1AFCFC6EB0764782500010002D8,3.0,Yes,mattress,0.5
4487867,ANCHOR_01,52:06:26:03:01:DA,-71,MFG_4C000215FDA50693A4E24FB1AFCFC6EB0764782500010002D8,3.0,Yes,mattress,0.5
4488887,ANCHOR_01,52:06:26:03:01:DA,-89,MFG_4C000215FDA50693A4E24FB1AFCFC6EB0764782500010002D8,3.0,Yes,mattress,0.5
4489877,ANCHOR_01,52:06:26:03:01:DA,-81,MFG_4C000215FDA50693A4E24FB1AFCFC6EB0764782500010002D8,3.0,Yes,mattress,0.5
4491887,ANCHOR_01,52:06:26:03:01:DA,-79,MFG_4C000215FDA50693A4E24FB1AFCFC6EB0764782500010002D8,3.0,Yes,mattress,0.5
4492907,ANCHOR_01,52:06:26:03:01:DA,-69,MFG_4C000215FDA50693A4E24FB1AFCFC6EB0764782500010002D8,3.0,Yes,mattress,0.5
4494917,ANCHOR_01,52:06:26:03:01:DA,-83,MFG_4C000215FDA50693A4E24FB1AFCFC6EB0764782500010002D8,3.0,Yes,mattress,0.5
4495907,ANCHOR_01,52:06:26:03:01:DA,-84,MFG_4C000215FDA50693A4E24FB1AFCFC6EB0764782500010002D8,3.0,Yes,mattress,0.5
4496927,ANCHOR_01,52:06:26:03:01:DA,-80,MFG_4C000215FDA50693A4E24FB1AFCFC6EB0764782500010002D8,3.0,Yes,mattress,0.5
4497917,ANCHOR_01,52:06:26:03:01:DA,-79,MFG_4C000215FDA50693A4E24FB1AFCFC6EB0764782500010002D8,3.0,Yes,mattress,0.5
4498937,ANCHOR_01,52:06:26:03:01:DA,-70,MFG_4C000215FDA50693A4E24FB1AFCFC6EB0764782500010002D8,3.0,Yes,mattress,0.5
4500947,ANCHOR_01,52:06:26:03:01:DA,-83,MFG_4C000215FDA50693A4E24FB1AFCFC6EB0764782500010002D8,3.0,Yes,mattress,0.5
4502957,ANCHOR_01,52:06:26:03:01:DA,-78,MFG_4C000215FDA50693A4E24FB1AFCFC6EB0764782500010002D8,3.0,Yes,mattress,0.5
4503947,ANCHOR_01,52:06:26:03:01:DA,-79,MFG_4C000215FDA50693A4E24FB1AFCFC6EB0764782500010002D8,3.0,Yes,mattress,0.5
4504967,ANCHOR_01,52:06:26:03:01:DA,-70,MFG_4C000215FDA50693A4E24FB1AFCFC6EB0764782500010002D8,3.0,Yes,mattress,0.5
4505947,ANCHOR_01,52:06:26:03:01:DA,-70,MFG_4C000215FDA50693A4E24FB1AFCFC6EB0764782500010002D8,3.0,Yes,mattress,0.5
4506977,ANCHOR_01,52:06:26:03:01:DA,-85,MFG_4C000215FDA50693A4E24FB1AFCFC6EB0764782500010002D8,3.0,Yes,mattress,0.5
4507967,ANCHOR_01,52:06:26:03:01:DA,-83,MFG_4C000215FDA50693A4E24FB1AFCFC6EB0764782500010002D8,3.0,Yes,mattress,0.5
4509977,ANCHOR_01,52:06:26:03:01:DA,-79,MFG_4C000215FDA50693A4E24FB1AFCFC6EB0764782500010002D8,3.0,Yes,mattress,0.5
4510967,ANCHOR_01,52:06:26:03:01:DA,-79,MFG_4C000215FDA50693A4E24FB1AFCFC6EB0764782500010002D8,3.0,Yes,mattress,0.5
4511987,ANCHOR_01,52:06:26:03:01:DA,-70,MFG_4C000215FDA50693A4E24FB1AFCFC6EB0764782500010002D8,3.0,Yes,mattress,0.5
4512977,ANCHOR_01,52:06:26:03:01:DA,-70,MFG_4C000215FDA50693A4E24FB1AFCFC6EB0764782500010002D8,3.0,Yes,mattress,0.5
4513977,ANCHOR_01,52:06:26:03:01:DA,-83,MFG_4C000215FDA50693A4E24FB1AFCFC6EB0764782500010002D8,3.0,Yes,mattress,0.5
4516007,ANCHOR_01,52:06:26:03:01:DA,-80,MFG_4C000215FDA50693A4E24FB1AFCFC6EB0764782500010002D8,3.0,Yes,mattress,0.5
4516997,ANCHOR_01,52:06:26:03:01:DA,-79,MFG_4C000215FDA50693A4E24FB1AFCFC6EB0764782500010002D8,3.0,Yes,mattress,0.5
4518017,ANCHOR_01,52:06:26:03:01:DA,-70,MFG_4C000215FDA50693A4E24FB1AFCFC6EB0764782500010002D8,3.0,Yes,mattress,0.5
4519007,ANCHOR_01,52:06:26:03:01:DA,-70,MFG_4C000215FDA50693A4E24FB1AFCFC6EB0764782500010002D8,3.0,Yes,mattress,0.5
4520027,ANCHOR_01,52:06:26:03:01:DA,-82,MFG_4C000215FDA50693A4E24FB1AFCFC6EB0764782500010002D8,3.0,Yes,mattress,0.5
4522037,ANCHOR_01,52:06:26:03:01:DA,-79,MFG_4C000215FDA50693A4E24FB1AFCFC6EB0764782500010002D8,3.0,Yes,mattress,0.5
4523027,ANCHOR_01,52:06:26:03:01:DA,-79,MFG_4C000215FDA50693A4E24FB1AFCFC6EB0764782500010002D8,3.0,Yes,mattress,0.5
4524047,ANCHOR_01,52:06:26:03:01:DA,-70,MFG_4C000215FDA50693A4E24FB1AFCFC6EB0764782500010002D8,3.0,Yes,mattress,0.5
4525037,ANCHOR_01,52:06:26:03:01:DA,-70,MFG_4C000215FDA50693A4E24FB1AFCFC6EB0764782500010002D8,3.0,Yes,mattress,0.5
4526057,ANCHOR_01,52:06:26:03:01:DA,-84,MFG_4C000215FDA50693A4E24FB1AFCFC6EB0764782500010002D8,3.0,Yes,mattress,0.5
4527047,ANCHOR_01,52:06:26:03:01:DA,-86,MFG_4C000215FDA50693A4E24FB1AFCFC6EB0764782500010002D8,3.0,Yes,mattress,0.5
4528067,ANCHOR_01,52:06:26:03:01:DA,-79,MFG_4C000215FDA50693A4E24FB1AFCFC6EB0764782500010002D8,3.0,Yes,mattress,0.5
4529057,ANCHOR_01,52:06:26:03:01:DA,-79,MFG_4C000215FDA50693A4E24FB1AFCFC6EB0764782500010002D8,3.0,Yes,mattress,0.5
4530067,ANCHOR_01,52:06:26:03:01:DA,-69,MFG_4C000215FDA50693A4E24FB1AFCFC6EB0764782500010002D8,3.0,Yes,mattress,0.5
4531067,ANCHOR_01,52:06:26:03:01:DA,-70,MFG_4C000215FDA50693A4E24FB1AFCFC6EB0764782500010002D8,3.0,Yes,mattress,0.5
4532077,ANCHOR_01,52:06:26:03:01:DA,-84,MFG_4C000215FDA50693A4E24FB1AFCFC6EB0764782500010002D8,3.0,Yes,mattress,0.5
4534097,ANCHOR_01,52:06:26:03:01:DA,-80,MFG_4C000215FDA50693A4E24FB1AFCFC6EB0764782500010002D8,3.0,Yes,mattress,0.5
4535087,ANCHOR_01,52:06:26:03:01:DA,-79,MFG_4C000215FDA50693A4E24FB1AFCFC6EB0764782500010002D8,3.0,Yes,mattress,0.5
4536107,ANCHOR_01,52:06:26:03:01:DA,-70,MFG_4C000215FDA50693A4E24FB1AFCFC6EB0764782500010002D8,3.0,Yes,mattress,0.5
4537097,ANCHOR_01,52:06:26:03:01:DA,-70,MFG_4C000215FDA50693A4E24FB1AFCFC6EB0764782500010002D8,3.0,Yes,mattress,0.5
4538117,ANCHOR_01,52:06:26:03:01:DA,-85,MFG_4C000215FDA50693A4E24FB1AFCFC6EB0764782500010002D8,3.0,Yes,mattress,0.5
4539097,ANCHOR_01,52:06:26:03:01:DA,-82,MFG_4C000215FDA50693A4E24FB1AFCFC6EB0764782500010002D8,3.0,Yes,mattress,0.5
4540117,ANCHOR_01,52:06:26:03:01:DA,-79,MFG_4C000215FDA50693A4E24FB1AFCFC6EB0764782500010002D8,3.0,Yes,mattress,0.5
4541117,ANCHOR_01,52:06:26:03:01:DA,-79,MFG_4C000215FDA50693A4E24FB1AFCFC6EB0764782500010002D8,3.0,Yes,mattress,0.5
4542137,ANCHOR_01,52:06:26:03:01:DA,-69,MFG_4C000215FDA50693A4E24FB1AFCFC6EB0764782500010002D8,3.0,Yes,mattress,0.5
4543127,ANCHOR_01,52:06:26:03:01:DA,-69,MFG_4C000215FDA50693A4E24FB1AFCFC6EB0764782500010002D8,3.0,Yes,mattress,0.5
4544147,ANCHOR_01,52:06:26:03:01:DA,-84,MFG_4C000215FDA50693A4E24FB1AFCFC6EB0764782500010002D8,3.0,Yes,mattress,0.5
4545137,ANCHOR_01,52:06:26:03:01:DA,-86,MFG_4C000215FDA50693A4E24FB1AFCFC6EB0764782500010002D8,3.0,Yes,mattress,0.5
4546157,ANCHOR_01,52:06:26:03:01:DA,-79,MFG_4C000215FDA50693A4E24FB1AFCFC6EB0764782500010002D8,3.0,Yes,mattress,0.5
4547147,ANCHOR_01,52:06:26:03:01:DA,-79,MFG_4C000215FDA50693A4E24FB1AFCFC6EB0764782500010002D8,3.0,Yes,mattress,0.5
4548147,ANCHOR_01,52:06:26:03:01:DA,-70,MFG_4C000215FDA50693A4E24FB1AFCFC6EB0764782500010002D8,3.0,Yes,mattress,0.5
4549157,ANCHOR_01,52:06:26:03:01:DA,-70,MFG_4C000215FDA50693A4E24FB1AFCFC6EB0764782500010002D8,3.0,Yes,mattress,0.5
4550177,ANCHOR_01,52:06:26:03:01:DA,-85,MFG_4C000215FDA50693A4E24FB1AFCFC6EB0764782500010002D8,3.0,Yes,mattress,0.5
4551167,ANCHOR_01,52:06:26:03:01:DA,-85,MFG_4C000215FDA50693A4E24FB1AFCFC6EB0764782500010002D8,3.0,Yes,mattress,0.5
4552187,ANCHOR_01,52:06:26:03:01:DA,-79,MFG_4C000215FDA50693A4E24FB1AFCFC6EB0764782500010002D8,3.0,Yes,mattress,0.5
4553167,ANCHOR_01,52:06:26:03:01:DA,-79,MFG_4C000215FDA50693A4E24FB1AFCFC6EB0764782500010002D8,3.0,Yes,mattress,0.5
4554197,ANCHOR_01,52:06:26:03:01:DA,-70,MFG_4C000215FDA50693A4E24FB1AFCFC6EB0764782500010002D8,3.0,Yes,mattress,0.5
4555187,ANCHOR_01,52:06:26:03:01:DA,-70,MFG_4C000215FDA50693A4E24FB1AFCFC6EB0764782500010002D8,3.0,Yes,mattress,0.5
4556207,ANCHOR_01,52:06:26:03:01:DA,-84,MFG_4C000215FDA50693A4E24FB1AFCFC6EB0764782500010002D8,3.0,Yes,mattress,0.5
4557197,ANCHOR_01,52:06:26:03:01:DA,-84,MFG_4C000215FDA50693A4E24FB1AFCFC6EB0764782500010002D8,3.0,Yes,mattress,0.5
4558217,ANCHOR_01,52:06:26:03:01:DA,-79,MFG_4C000215FDA50693A4E24FB1AFCFC6EB0764782500010002D8,3.0,Yes,mattress,0.5
4559207,ANCHOR_01,52:06:26:03:01:DA,-78,MFG_4C000215FDA50693A4E24FB1AFCFC6EB0764782500010002D8,3.0,Yes,mattress,0.5
4560207,ANCHOR_01,52:06:26:03:01:DA,-70,MFG_4C000215FDA50693A4E24FB1AFCFC6EB0764782500010002D8,3.0,Yes,mattress,0.5
4561217,ANCHOR_01,52:06:26:03:01:DA,-70,MFG_4C000215FDA50693A4E24FB1AFCFC6EB0764782500010002D8,3.0,Yes,mattress,0.5
4562237,ANCHOR_01,52:06:26:03:01:DA,-82,MFG_4C000215FDA50693A4E24FB1AFCFC6EB0764782500010002D8,3.0,Yes,mattress,0.5
4563217,ANCHOR_01,52:06:26:03:01:DA,-82,MFG_4C000215FDA50693A4E24FB1AFCFC6EB0764782500010002D8,3.0,Yes,mattress,0.5
4564247,ANCHOR_01,52:06:26:03:01:DA,-79,MFG_4C000215FDA50693A4E24FB1AFCFC6EB0764782500010002D8,3.0,Yes,mattress,0.5
4565237,ANCHOR_01,52:06:26:03:01:DA,-78,MFG_4C000215FDA50693A4E24FB1AFCFC6EB0764782500010002D8,3.0,Yes,mattress,0.5
4566247,ANCHOR_01,52:06:26:03:01:DA,-69,MFG_4C000215FDA50693A4E24FB1AFCFC6EB0764782500010002D8,3.0,Yes,mattress,0.5
4567247,ANCHOR_01,52:06:26:03:01:DA,-70,MFG_4C000215FDA50693A4E24FB1AFCFC6EB0764782500010002D8,3.0,Yes,mattress,0.5
4568267,ANCHOR_01,52:06:26:03:01:DA,-85,MFG_4C000215FDA50693A4E24FB1AFCFC6EB0764782500010002D8,3.0,Yes,mattress,0.5
4569257,ANCHOR_01,52:06:26:03:01:DA,-84,MFG_4C000215FDA50693A4E24FB1AFCFC6EB0764782500010002D8,3.0,Yes,mattress,0.5
4571267,ANCHOR_01,52:06:26:03:01:DA,-80,MFG_4C000215FDA50693A4E24FB1AFCFC6EB0764782500010002D8,3.0,Yes,mattress,0.5
4572287,ANCHOR_01,52:06:26:03:01:DA,-70,MFG_4C000215FDA50693A4E24FB1AFCFC6EB0764782500010002D8,3.0,Yes,mattress,0.5
4573267,ANCHOR_01,52:06:26:03:01:DA,-70,MFG_4C000215FDA50693A4E24FB1AFCFC6EB0764782500010002D8,3.0,Yes,mattress,0.5
4574277,ANCHOR_01,52:06:26:03:01:DA,-86,MFG_4C000215FDA50693A4E24FB1AFCFC6EB0764782500010002D8,3.0,Yes,mattress,0.5
4576307,ANCHOR_01,52:06:26:03:01:DA,-79,MFG_4C000215FDA50693A4E24FB1AFCFC6EB0764782500010002D8,3.0,Yes,mattress,0.5
4577297,ANCHOR_01,52:06:26:03:01:DA,-78,MFG_4C000215FDA50693A4E24FB1AFCFC6EB0764782500010002D8,3.0,Yes,mattress,0.5
4578317,ANCHOR_01,52:06:26:03:01:DA,-70,MFG_4C000215FDA50693A4E24FB1AFCFC6EB0764782500010002D8,3.0,Yes,mattress,0.5
4579307,ANCHOR_01,52:06:26:03:01:DA,-70,MFG_4C000215FDA50693A4E24FB1AFCFC6EB0764782500010002D8,3.0,Yes,mattress,0.5
4580327,ANCHOR_01,52:06:26:03:01:DA,-86,MFG_4C000215FDA50693A4E24FB1AFCFC6EB0764782500010002D8,3.0,Yes,mattress,0.5
4582337,ANCHOR_01,52:06:26:03:01:DA,-79,MFG_4C000215FDA50693A4E24FB1AFCFC6EB0764782500010002D8,3.0,Yes,mattress,0.5
4583337,ANCHOR_01,52:06:26:03:01:DA,-70,MFG_4C000215FDA50693A4E24FB1AFCFC6EB0764782500010002D8,3.0,Yes,mattress,0.5
4584347,ANCHOR_01,52:06:26:03:01:DA,-70,MFG_4C000215FDA50693A4E24FB1AFCFC6EB0764782500010002D8,3.0,Yes,mattress,0.5
4585367,ANCHOR_01,52:06:26:03:01:DA,-83,MFG_4C000215FDA50693A4E24FB1AFCFC6EB0764782500010002D8,3.0,Yes,mattress,0.5
4586357,ANCHOR_01,52:06:26:03:01:DA,-83,MFG_4C000215FDA50693A4E24FB1AFCFC6EB0764782500010002D8,3.0,Yes,mattress,0.5
4588357,ANCHOR_01,52:06:26:03:01:DA,-79,MFG_4C000215FDA50693A4E24FB1AFCFC6EB0764782500010002D8,3.0,Yes,mattress,0.5
4590367,ANCHOR_01,52:06:26:03:01:DA,-70,MFG_4C000215FDA50693A4E24FB1AFCFC6EB0764782500010002D8,3.0,Yes,mattress,0.5
4591367,ANCHOR_01,52:06:26:03:01:DA,-69,MFG_4C000215FDA50693A4E24FB1AFCFC6EB0764782500010002D8,3.0,Yes,mattress,0.5
4592377,ANCHOR_01,52:06:26:03:01:DA,-83,MFG_4C000215FDA50693A4E24FB1AFCFC6EB0764782500010002D8,3.0,Yes,mattress,0.5
4594387,ANCHOR_01,52:06:26:03:01:DA,-79,MFG_4C000215FDA50693A4E24FB1AFCFC6EB0764782500010002D8,3.0,Yes,mattress,0.5
4595387,ANCHOR_01,52:06:26:03:01:DA,-80,MFG_4C000215FDA50693A4E24FB1AFCFC6EB0764782500010002D8,3.0,Yes,mattress,0.5
4596407,ANCHOR_01,52:06:26:03:01:DA,-70,MFG_4C000215FDA50693A4E24FB1AFCFC6EB0764782500010002D8,3.0,Yes,mattress,0.5
4597397,ANCHOR_01,52:06:26:03:01:DA,-70,MFG_4C000215FDA50693A4E24FB1AFCFC6EB0764782500010002D8,3.0,Yes,mattress,0.5
4598417,ANCHOR_01,52:06:26:03:01:DA,-84,MFG_4C000215FDA50693A4E24FB1AFCFC6EB0764782500010002D8,3.0,Yes,mattress,0.5
4599437,ANCHOR_01,52:06:26:03:01:DA,-79,MFG_4C000215FDA50693A4E24FB1AFCFC6EB0764782500010002D8,3.0,Yes,mattress,0.5
4600417,ANCHOR_01,52:06:26:03:01:DA,-79,MFG_4C000215FDA50693A4E24FB1AFCFC6EB0764782500010002D8,3.0,Yes,mattress,0.5
4601447,ANCHOR_01,52:06:26:03:01:DA,-70,MFG_4C000215FDA50693A4E24FB1AFCFC6EB0764782500010002D8,3.0,Yes,mattress,0.5
4603457,ANCHOR_01,52:06:26:03:01:DA,-86,MFG_4C000215FDA50693A4E24FB1AFCFC6EB0764782500010002D8,3.0,Yes,mattress,0.5
4604447,ANCHOR_01,52:06:26:03:01:DA,-85,MFG_4C000215FDA50693A4E24FB1AFCFC6EB0764782500010002D8,3.0,Yes,mattress,0.5
4605457,ANCHOR_01,52:06:26:03:01:DA,-79,MFG_4C000215FDA50693A4E24FB1AFCFC6EB0764782500010002D8,3.0,Yes,mattress,0.5
4606457,ANCHOR_01,52:06:26:03:01:DA,-79,MFG_4C000215FDA50693A4E24FB1AFCFC6EB0764782500010002D8,3.0,Yes,mattress,0.5
4607467,ANCHOR_01,52:06:26:03:01:DA,-70,MFG_4C000215FDA50693A4E24FB1AFCFC6EB0764782500010002D8,3.0,Yes,mattress,0.5
4608497,ANCHOR_01,52:06:26:03:01:DA,-83,MFG_4C000215FDA50693A4E24FB1AFCFC6EB0764782500010002D8,3.0,Yes,mattress,0.5
4609487,ANCHOR_01,52:06:26:03:01:DA,-83,MFG_4C000215FDA50693A4E24FB1AFCFC6EB0764782500010002D8,3.0,Yes,mattress,0.5
4611497,ANCHOR_01,52:06:26:03:01:DA,-79,MFG_4C000215FDA50693A4E24FB1AFCFC6EB0764782500010002D8,3.0,Yes,mattress,0.5
4613507,ANCHOR_01,52:06:26:03:01:DA,-70,MFG_4C000215FDA50693A4E24FB1AFCFC6EB0764782500010002D8,3.0,Yes,mattress,0.5
4614497,ANCHOR_01,52:06:26:03:01:DA,-70,MFG_4C000215FDA50693A4E24FB1AFCFC6EB0764782500010002D8,3.0,Yes,mattress,0.5
4615517,ANCHOR_01,52:06:26:03:01:DA,-87,MFG_4C000215FDA50693A4E24FB1AFCFC6EB0764782500010002D8,3.0,Yes,mattress,0.5
4616497,ANCHOR_01,52:06:26:03:01:DA,-85,MFG_4C000215FDA50693A4E24FB1AFCFC6EB0764782500010002D8,3.0,Yes,mattress,0.5
4617527,ANCHOR_01,52:06:26:03:01:DA,-79,MFG_4C000215FDA50693A4E24FB1AFCFC6EB0764782500010002D8,3.0,Yes,mattress,0.5
4618517,ANCHOR_01,52:06:26:03:01:DA,-78,MFG_4C000215FDA50693A4E24FB1AFCFC6EB0764782500010002D8,3.0,Yes,mattress,0.5
4619537,ANCHOR_01,52:06:26:03:01:DA,-70,MFG_4C000215FDA50693A4E24FB1AFCFC6EB0764782500010002D8,3.0,Yes,mattress,0.5
4620527,ANCHOR_01,52:06:26:03:01:DA,-70,MFG_4C000215FDA50693A4E24FB1AFCFC6EB0764782500010002D8,3.0,Yes,mattress,0.5
4621547,ANCHOR_01,52:06:26:03:01:DA,-82,MFG_4C000215FDA50693A4E24FB1AFCFC6EB0764782500010002D8,3.0,Yes,mattress,0.5
4622547,ANCHOR_01,52:06:26:03:01:DA,-79,MFG_4C000215FDA50693A4E24FB1AFCFC6EB0764782500010002D8,3.0,Yes,mattress,0.5
4623557,ANCHOR_01,52:06:26:03:01:DA,-79,MFG_4C000215FDA50693A4E24FB1AFCFC6EB0764782500010002D8,3.0,Yes,mattress,0.5
4624577,ANCHOR_01,52:06:26:03:01:DA,-70,MFG_4C000215FDA50693A4E24FB1AFCFC6EB0764782500010002D8,3.0,Yes,mattress,0.5
4625567,ANCHOR_01,52:06:26:03:01:DA,-70,MFG_4C000215FDA50693A4E24FB1AFCFC6EB0764782500010002D8,3.0,Yes,mattress,0.5
4626587,ANCHOR_01,52:06:26:03:01:DA,-86,MFG_4C000215FDA50693A4E24FB1AFCFC6EB0764782500010002D8,3.0,Yes,mattress,0.5
4628597,ANCHOR_01,52:06:26:03:01:DA,-79,MFG_4C000215FDA50693A4E24FB1AFCFC6EB0764782500010002D8,3.0,Yes,mattress,0.5
4629597,ANCHOR_01,52:06:26:03:01:DA,-70,MFG_4C000215FDA50693A4E24FB1AFCFC6EB0764782500010002D8,3.0,Yes,mattress,0.5
4630607,ANCHOR_01,52:06:26:03:01:DA,-70,MFG_4C000215FDA50693A4E24FB1AFCFC6EB0764782500010002D8,3.0,Yes,mattress,0.5
4631627,ANCHOR_01,52:06:26:03:01:DA,-85,MFG_4C000215FDA50693A4E24FB1AFCFC6EB0764782500010002D8,3.0,Yes,mattress,0.5
4632607,ANCHOR_01,52:06:26:03:01:DA,-84,MFG_4C000215FDA50693A4E24FB1AFCFC6EB0764782500010002D8,3.0,Yes,mattress,0.5
4633637,ANCHOR_01,52:06:26:03:01:DA,-80,MFG_4C000215FDA50693A4E24FB1AFCFC6EB0764782500010002D8,3.0,Yes,mattress,0.5
4634627,ANCHOR_01,52:06:26:03:01:DA,-79,MFG_4C000215FDA50693A4E24FB1AFCFC6EB0764782500010002D8,3.0,Yes,mattress,0.5
4635627,ANCHOR_01,52:06:26:03:01:DA,-69,MFG_4C000215FDA50693A4E24FB1AFCFC6EB0764782500010002D8,3.0,Yes,mattress,0.5
4637657,ANCHOR_01,52:06:26:03:01:DA,-85,MFG_4C000215FDA50693A4E24FB1AFCFC6EB0764782500010002D8,3.0,Yes,mattress,0.5
4638647,ANCHOR_01,52:06:26:03:01:DA,-83,MFG_4C000215FDA50693A4E24FB1AFCFC6EB0764782500010002D8,3.0,Yes,mattress,0.5
4639667,ANCHOR_01,52:06:26:03:01:DA,-79,MFG_4C000215FDA50693A4E24FB1AFCFC6EB0764782500010002D8,3.0,Yes,mattress,0.5
4640657,ANCHOR_01,52:06:26:03:01:DA,-78,MFG_4C000215FDA50693A4E24FB1AFCFC6EB0764782500010002D8,3.0,Yes,mattress,0.5
4641677,ANCHOR_01,52:06:26:03:01:DA,-70,MFG_4C000215FDA50693A4E24FB1AFCFC6EB0764782500010002D8,3.0,Yes,mattress,0.5
4642667,ANCHOR_01,52:06:26:03:01:DA,-70,MFG_4C000215FDA50693A4E24FB1AFCFC6EB0764782500010002D8,3.0,Yes,mattress,0.5
4643677,ANCHOR_01,52:06:26:03:01:DA,-86,MFG_4C000215FDA50693A4E24FB1AFCFC6EB0764782500010002D8,3.0,Yes,mattress,0.5
4645697,ANCHOR_01,52:06:26:03:01:DA,-79,MFG_4C000215FDA50693A4E24FB1AFCFC6EB0764782500010002D8,3.0,Yes,mattress,0.5
4646687,ANCHOR_01,52:06:26:03:01:DA,-79,MFG_4C000215FDA50693A4E24FB1AFCFC6EB0764782500010002D8,3.0,Yes,mattress,0.5
4647707,ANCHOR_01,52:06:26:03:01:DA,-70,MFG_4C000215FDA50693A4E24FB1AFCFC6EB0764782500010002D8,3.0,Yes,mattress,0.5
4648697,ANCHOR_01,52:06:26:03:01:DA,-70,MFG_4C000215FDA50693A4E24FB1AFCFC6EB0764782500010002D8,3.0,Yes,mattress,0.5
4649717,ANCHOR_01,52:06:26:03:01:DA,-84,MFG_4C000215FDA50693A4E24FB1AFCFC6EB0764782500010002D8,3.0,Yes,mattress,0.5
4650707,ANCHOR_01,52:06:26:03:01:DA,-83,MFG_4C000215FDA50693A4E24FB1AFCFC6EB0764782500010002D8,3.0,Yes,mattress,0.5
4651727,ANCHOR_01,52:06:26:03:01:DA,-79,MFG_4C000215FDA50693A4E24FB1AFCFC6EB0764782500010002D8,3.0,Yes,mattress,0.5
4652717,ANCHOR_01,52:06:26:03:01:DA,-80,MFG_4C000215FDA50693A4E24FB1AFCFC6EB0764782500010002D8,3.0,Yes,mattress,0.5
4653737,ANCHOR_01,52:06:26:03:01:DA,-70,MFG_4C000215FDA50693A4E24FB1AFCFC6EB0764782500010002D8,3.0,Yes,mattress,0.5
4654727,ANCHOR_01,52:06:26:03:01:DA,-69,MFG_4C000215FDA50693A4E24FB1AFCFC6EB0764782500010002D8,3.0,Yes,mattress,0.5
4656737,ANCHOR_01,52:06:26:03:01:DA,-83,MFG_4C000215FDA50693A4E24FB1AFCFC6EB0764782500010002D8,3.0,Yes,mattress,0.5
4657757,ANCHOR_01,52:06:26:03:01:DA,-79,MFG_4C000215FDA50693A4E24FB1AFCFC6EB0764782500010002D8,3.0,Yes,mattress,0.5
4658747,ANCHOR_01,52:06:26:03:01:DA,-79,MFG_4C000215FDA50693A4E24FB1AFCFC6EB0764782500010002D8,3.0,Yes,mattress,0.5
4659767,ANCHOR_01,52:06:26:03:01:DA,-70,MFG_4C000215FDA50693A4E24FB1AFCFC6EB0764782500010002D8,3.0,Yes,mattress,0.5
4661777,ANCHOR_01,52:06:26:03:01:DA,-85,MFG_4C000215FDA50693A4E24FB1AFCFC6EB0764782500010002D8,3.0,Yes,mattress,0.5
4663777,ANCHOR_01,52:06:26:03:01:DA,-79,MFG_4C000215FDA50693A4E24FB1AFCFC6EB0764782500010002D8,3.0,Yes,mattress,0.5
4664777,ANCHOR_01,52:06:26:03:01:DA,-79,MFG_4C000215FDA50693A4E24FB1AFCFC6EB0764782500010002D8,3.0,Yes,mattress,0.5
4665797,ANCHOR_01,52:06:26:03:01:DA,-70,MFG_4C000215FDA50693A4E24FB1AFCFC6EB0764782500010002D8,3.0,Yes,mattress,0.5
4666787,ANCHOR_01,52:06:26:03:01:DA,-70,MFG_4C000215FDA50693A4E24FB1AFCFC6EB0764782500010002D8,3.0,Yes,mattress,0.5
4667807,ANCHOR_01,52:06:26:03:01:DA,-83,MFG_4C000215FDA50693A4E24FB1AFCFC6EB0764782500010002D8,3.0,Yes,mattress,0.5
4669817,ANCHOR_01,52:06:26:03:01:DA,-78,MFG_4C000215FDA50693A4E24FB1AFCFC6EB0764782500010002D8,3.0,Yes,mattress,0.5
4670817,ANCHOR_01,52:06:26:03:01:DA,-70,MFG_4C000215FDA50693A4E24FB1AFCFC6EB0764782500010002D8,3.0,Yes,mattress,0.5
4671827,ANCHOR_01,52:06:26:03:01:DA,-70,MFG_4C000215FDA50693A4E24FB1AFCFC6EB0764782500010002D8,3.0,Yes,mattress,0.5
4672847,ANCHOR_01,52:06:26:03:01:DA,-85,MFG_4C000215FDA50693A4E24FB1AFCFC6EB0764782500010002D8,3.0,Yes,mattress,0.5
4673837,ANCHOR_01,52:06:26:03:01:DA,-84,MFG_4C000215FDA50693A4E24FB1AFCFC6EB0764782500010002D8,3.0,Yes,mattress,0.5
4674857,ANCHOR_01,52:06:26:03:01:DA,-79,MFG_4C000215FDA50693A4E24FB1AFCFC6EB0764782500010002D8,3.0,Yes,mattress,0.5
4675847,ANCHOR_01,52:06:26:03:01:DA,-79,MFG_4C000215FDA50693A4E24FB1AFCFC6EB0764782500010002D8,3.0,Yes,mattress,0.5
4676867,ANCHOR_01,52:06:26:03:01:DA,-70,MFG_4C000215FDA50693A4E24FB1AFCFC6EB0764782500010002D8,3.0,Yes,mattress,0.5
4678877,ANCHOR_01,52:06:26:03:01:DA,-86,MFG_4C000215FDA50693A4E24FB1AFCFC6EB0764782500010002D8,3.0,Yes,mattress,0.5
4679867,ANCHOR_01,52:06:26:03:01:DA,-84,MFG_4C000215FDA50693A4E24FB1AFCFC6EB0764782500010002D8,3.0,Yes,mattress,0.5
4680867,ANCHOR_01,52:06:26:03:01:DA,-79,MFG_4C000215FDA50693A4E24FB1AFCFC6EB0764782500010002D8,3.0,Yes,mattress,0.5
4681877,ANCHOR_01,52:06:26:03:01:DA,-79,MFG_4C000215FDA50693A4E24FB1AFCFC6EB0764782500010002D8,3.0,Yes,mattress,0.5
4682897,ANCHOR_01,52:06:26:03:01:DA,-70,MFG_4C000215FDA50693A4E24FB1AFCFC6EB0764782500010002D8,3.0,Yes,mattress,0.5
4683887,ANCHOR_01,52:06:26:03:01:DA,-70,MFG_4C000215FDA50693A4E24FB1AFCFC6EB0764782500010002D8,3.0,Yes,mattress,0.5
4684907,ANCHOR_01,52:06:26:03:01:DA,-86,MFG_4C000215FDA50693A4E24FB1AFCFC6EB0764782500010002D8,3.0,Yes,mattress,0.5
4685897,ANCHOR_01,52:06:26:03:01:DA,-84,MFG_4C000215FDA50693A4E24FB1AFCFC6EB0764782500010002D8,3.0,Yes,mattress,0.5
4686917,ANCHOR_01,52:06:26:03:01:DA,-79,MFG_4C000215FDA50693A4E24FB1AFCFC6EB0764782500010002D8,3.0,Yes,mattress,0.5
4687907,ANCHOR_01,52:06:26:03:01:DA,-80,MFG_4C000215FDA50693A4E24FB1AFCFC6EB0764782500010002D8,3.0,Yes,mattress,0.5
4688927,ANCHOR_01,52:06:26:03:01:DA,-70,MFG_4C000215FDA50693A4E24FB1AFCFC6EB0764782500010002D8,3.0,Yes,mattress,0.5
4689917,ANCHOR_01,52:06:26:03:01:DA,-70,MFG_4C000215FDA50693A4E24FB1AFCFC6EB0764782500010002D8,3.0,Yes,mattress,0.5
4690937,ANCHOR_01,52:06:26:03:01:DA,-84,MFG_4C000215FDA50693A4E24FB1AFCFC6EB0764782500010002D8,3.0,Yes,mattress,0.5
4691927,ANCHOR_01,52:06:26:03:01:DA,-83,MFG_4C000215FDA50693A4E24FB1AFCFC6EB0764782500010002D8,3.0,Yes,mattress,0.5
4692917,ANCHOR_01,52:06:26:03:01:DA,-83,MFG_4C000215FDA50693A4E24FB1AFCFC6EB0764782500010002D8,3.0,Yes,mattress,0.5
4693927,ANCHOR_01,52:06:26:03:01:DA,-79,MFG_4C000215FDA50693A4E24FB1AFCFC6EB0764782500010002D8,3.0,Yes,mattress,0.5
4694927,ANCHOR_01,52:06:26:03:01:DA,-79,MFG_4C000215FDA50693A4E24FB1AFCFC6EB0764782500010002D8,3.0,Yes,mattress,0.5
4695917,ANCHOR_01,52:06:26:03:01:DA,-78,MFG_4C000215FDA50693A4E24FB1AFCFC6EB0764782500010002D8,3.0,Yes,mattress,0.5
4696937,ANCHOR_01,52:06:26:03:01:DA,-70,MFG_4C000215FDA50693A4E24FB1AFCFC6EB0764782500010002D8,3.0,Yes,mattress,0.5
4697927,ANCHOR_01,52:06:26:03:01:DA,-70,MFG_4C000215FDA50693A4E24FB1AFCFC6EB0764782500010002D8,3.0,Yes,mattress,0.5
4698947,ANCHOR_01,52:06:26:03:01:DA,-85,MFG_4C000215FDA50693A4E24FB1AFCFC6EB0764782500010002D8,3.0,Yes,mattress,0.5
4700947,ANCHOR_01,52:06:26:03:01:DA,-79,MFG_4C000215FDA50693A4E24FB1AFCFC6EB0764782500010002D8,3.0,Yes,mattress,0.5
4701947,ANCHOR_01,52:06:26:03:01:DA,-79,MFG_4C000215FDA50693A4E24FB1AFCFC6EB0764782500010002D8,3.0,Yes,mattress,0.5
4702947,ANCHOR_01,52:06:26:03:01:DA,-70,MFG_4C000215FDA50693A4E24FB1AFCFC6EB0764782500010002D8,3.0,Yes,mattress,0.5
4703957,ANCHOR_01,52:06:26:03:01:DA,-70,MFG_4C000215FDA50693A4E24FB1AFCFC6EB0764782500010002D8,3.0,Yes,mattress,0.5
4704957,ANCHOR_01,52:06:26:03:01:DA,-85,MFG_4C000215FDA50693A4E24FB1AFCFC6EB0764782500010002D8,3.0,Yes,mattress,0.5
4706987,ANCHOR_01,52:06:26:03:01:DA,-79,MFG_4C000215FDA50693A4E24FB1AFCFC6EB0764782500010002D8,3.0,Yes,mattress,0.5
4707977,ANCHOR_01,52:06:26:03:01:DA,-79,MFG_4C000215FDA50693A4E24FB1AFCFC6EB0764782500010002D8,3.0,Yes,mattress,0.5
4708997,ANCHOR_01,52:06:26:03:01:DA,-70,MFG_4C000215FDA50693A4E24FB1AFCFC6EB0764782500010002D8,3.0,Yes,mattress,0.5
4709987,ANCHOR_01,52:06:26:03:01:DA,-70,MFG_4C000215FDA50693A4E24FB1AFCFC6EB0764782500010002D8,3.0,Yes,mattress,0.5
4711007,ANCHOR_01,52:06:26:03:01:DA,-83,MFG_4C000215FDA50693A4E24FB1AFCFC6EB0764782500010002D8,3.0,Yes,mattress,0.5
4711997,ANCHOR_01,52:06:26:03:01:DA,-83,MFG_4C000215FDA50693A4E24FB1AFCFC6EB0764782500010002D8,3.0,Yes,mattress,0.5
4714007,ANCHOR_01,52:06:26:03:01:DA,-78,MFG_4C000215FDA50693A4E24FB1AFCFC6EB0764782500010002D8,3.0,Yes,mattress,0.5
4715017,ANCHOR_01,52:06:26:03:01:DA,-70,MFG_4C000215FDA50693A4E24FB1AFCFC6EB0764782500010002D8,3.0,Yes,mattress,0.5
4716017,ANCHOR_01,52:06:26:03:01:DA,-70,MFG_4C000215FDA50693A4E24FB1AFCFC6EB0764782500010002D8,3.0,Yes,mattress,0.5
4718027,ANCHOR_01,52:06:26:03:01:DA,-83,MFG_4C000215FDA50693A4E24FB1AFCFC6EB0764782500010002D8,3.0,Yes,mattress,0.5
4719017,ANCHOR_01,52:06:26:03:01:DA,-85,MFG_4C000215FDA50693A4E24FB1AFCFC6EB0764782500010002D8,3.0,Yes,mattress,0.5
4720007,ANCHOR_01,52:06:26:03:01:DA,-79,MFG_4C000215FDA50693A4E24FB1AFCFC6EB0764782500010002D8,3.0,Yes,mattress,0.5
4721027,ANCHOR_01,52:06:26:03:01:DA,-79,MFG_4C000215FDA50693A4E24FB1AFCFC6EB0764782500010002D8,3.0,Yes,mattress,0.5
4722047,ANCHOR_01,52:06:26:03:01:DA,-70,MFG_4C000215FDA50693A4E24FB1AFCFC6EB0764782500010002D8,3.0,Yes,mattress,0.5
4723027,ANCHOR_01,52:06:26:03:01:DA,-69,MFG_4C000215FDA50693A4E24FB1AFCFC6EB0764782500010002D8,3.0,Yes,mattress,0.5
4724057,ANCHOR_01,52:06:26:03:01:DA,-85,MFG_4C000215FDA50693A4E24FB1AFCFC6EB0764782500010002D8,3.0,Yes,mattress,0.5
4725047,ANCHOR_01,52:06:26:03:01:DA,-82,MFG_4C000215FDA50693A4E24FB1AFCFC6EB0764782500010002D8,3.0,Yes,mattress,0.5
4727057,ANCHOR_01,52:06:26:03:01:DA,-79,MFG_4C000215FDA50693A4E24FB1AFCFC6EB0764782500010002D8,3.0,Yes,mattress,0.5
4728077,ANCHOR_01,52:06:26:03:01:DA,-70,MFG_4C000215FDA50693A4E24FB1AFCFC6EB0764782500010002D8,3.0,Yes,mattress,0.5
4729067,ANCHOR_01,52:06:26:03:01:DA,-70,MFG_4C000215FDA50693A4E24FB1AFCFC6EB0764782500010002D8,3.0,Yes,mattress,0.5
4730087,ANCHOR_01,52:06:26:03:01:DA,-85,MFG_4C000215FDA50693A4E24FB1AFCFC6EB0764782500010002D8,3.0,Yes,mattress,0.5
4731077,ANCHOR_01,52:06:26:03:01:DA,-86,MFG_4C000215FDA50693A4E24FB1AFCFC6EB0764782500010002D8,3.0,Yes,mattress,0.5
4732097,ANCHOR_01,52:06:26:03:01:DA,-79,MFG_4C000215FDA50693A4E24FB1AFCFC6EB0764782500010002D8,3.0,Yes,mattress,0.5
4733077,ANCHOR_01,52:06:26:03:01:DA,-79,MFG_4C000215FDA50693A4E24FB1AFCFC6EB0764782500010002D8,3.0,Yes,mattress,0.5
4734077,ANCHOR_01,52:06:26:03:01:DA,-79,MFG_4C000215FDA50693A4E24FB1AFCFC6EB0764782500010002D8,3.0,Yes,mattress,0.5
4735077,ANCHOR_01,52:06:26:03:01:DA,-69,MFG_4C000215FDA50693A4E24FB1AFCFC6EB0764782500010002D8,3.0,Yes,mattress,0.5
4737107,ANCHOR_01,52:06:26:03:01:DA,-85,MFG_4C000215FDA50693A4E24FB1AFCFC6EB0764782500010002D8,3.0,Yes,mattress,0.5
4738127,ANCHOR_01,52:06:26:03:01:DA,-80,MFG_4C000215FDA50693A4E24FB1AFCFC6EB0764782500010002D8,3.0,Yes,mattress,0.5
4739117,ANCHOR_01,52:06:26:03:01:DA,-79,MFG_4C000215FDA50693A4E24FB1AFCFC6EB0764782500010002D8,3.0,Yes,mattress,0.5
4740137,ANCHOR_01,52:06:26:03:01:DA,-70,MFG_4C000215FDA50693A4E24FB1AFCFC6EB0764782500010002D8,3.0,Yes,mattress,0.5
4741127,ANCHOR_01,52:06:26:03:01:DA,-70,MFG_4C000215FDA50693A4E24FB1AFCFC6EB0764782500010002D8,3.0,Yes,mattress,0.5
4743137,ANCHOR_01,52:06:26:03:01:DA,-85,MFG_4C000215FDA50693A4E24FB1AFCFC6EB0764782500010002D8,3.0,Yes,mattress,0.5
4744157,ANCHOR_01,52:06:26:03:01:DA,-79,MFG_4C000215FDA50693A4E24FB1AFCFC6EB0764782500010002D8,3.0,Yes,mattress,0.5
4745147,ANCHOR_01,52:06:26:03:01:DA,-79,MFG_4C000215FDA50693A4E24FB1AFCFC6EB0764782500010002D8,3.0,Yes,mattress,0.5
4746137,ANCHOR_01,52:06:26:03:01:DA,-79,MFG_4C000215FDA50693A4E24FB1AFCFC6EB0764782500010002D8,3.0,Yes,mattress,0.5
4747157,ANCHOR_01,52:06:26:03:01:DA,-70,MFG_4C000215FDA50693A4E24FB1AFCFC6EB0764782500010002D8,3.0,Yes,mattress,0.5
4749167,ANCHOR_01,52:06:26:03:01:DA,-84,MFG_4C000215FDA50693A4E24FB1AFCFC6EB0764782500010002D8,3.0,Yes,mattress,0.5
4751177,ANCHOR_01,52:06:26:03:01:DA,-79,MFG_4C000215FDA50693A4E24FB1AFCFC6EB0764782500010002D8,3.0,Yes,mattress,0.5
4752167,ANCHOR_01,52:06:26:03:01:DA,-80,MFG_4C000215FDA50693A4E24FB1AFCFC6EB0764782500010002D8,3.0,Yes,mattress,0.5
4753187,ANCHOR_01,52:06:26:03:01:DA,-70,MFG_4C000215FDA50693A4E24FB1AFCFC6EB0764782500010002D8,3.0,Yes,mattress,0.5
4754177,ANCHOR_01,52:06:26:03:01:DA,-70,MFG_4C000215FDA50693A4E24FB1AFCFC6EB0764782500010002D8,3.0,Yes,mattress,0.5
4755197,ANCHOR_01,52:06:26:03:01:DA,-84,MFG_4C000215FDA50693A4E24FB1AFCFC6EB0764782500010002D8,3.0,Yes,mattress,0.5
4756187,ANCHOR_01,52:06:26:03:01:DA,-85,MFG_4C000215FDA50693A4E24FB1AFCFC6EB0764782500010002D8,3.0,Yes,mattress,0.5
4757197,ANCHOR_01,52:06:26:03:01:DA,-78,MFG_4C000215FDA50693A4E24FB1AFCFC6EB0764782500010002D8,3.0,Yes,mattress,0.5
4758227,ANCHOR_01,52:06:26:03:01:DA,-70,MFG_4C000215FDA50693A4E24FB1AFCFC6EB0764782500010002D8,3.0,Yes,mattress,0.5
4759217,ANCHOR_01,52:06:26:03:01:DA,-70,MFG_4C000215FDA50693A4E24FB1AFCFC6EB0764782500010002D8,3.0,Yes,mattress,0.5
4760217,ANCHOR_01,52:06:26:03:01:DA,-82,MFG_4C000215FDA50693A4E24FB1AFCFC6EB0764782500010002D8,3.0,Yes,mattress,0.5
4761227,ANCHOR_01,52:06:26:03:01:DA,-83,MFG_4C000215FDA50693A4E24FB1AFCFC6EB0764782500010002D8,3.0,Yes,mattress,0.5
4763237,ANCHOR_01,52:06:26:03:01:DA,-79,MFG_4C000215FDA50693A4E24FB1AFCFC6EB0764782500010002D8,3.0,Yes,mattress,0.5
4764227,ANCHOR_01,52:06:26:03:01:DA,-79,MFG_4C000215FDA50693A4E24FB1AFCFC6EB0764782500010002D8,3.0,Yes,mattress,0.5
4765247,ANCHOR_01,52:06:26:03:01:DA,-70,MFG_4C000215FDA50693A4E24FB1AFCFC6EB0764782500010002D8,3.0,Yes,mattress,0.5
4766237,ANCHOR_01,52:06:26:03:01:DA,-70,MFG_4C000215FDA50693A4E24FB1AFCFC6EB0764782500010002D8,3.0,Yes,mattress,0.5
4767257,ANCHOR_01,52:06:26:03:01:DA,-83,MFG_4C000215FDA50693A4E24FB1AFCFC6EB0764782500010002D8,3.0,Yes,mattress,0.5
4768247,ANCHOR_01,52:06:26:03:01:DA,-83,MFG_4C000215FDA50693A4E24FB1AFCFC6EB0764782500010002D8,3.0,Yes,mattress,0.5
4769247,ANCHOR_01,52:06:26:03:01:DA,-80,MFG_4C000215FDA50693A4E24FB1AFCFC6EB0764782500010002D8,3.0,Yes,mattress,0.5
4770257,ANCHOR_01,52:06:26:03:01:DA,-79,MFG_4C000215FDA50693A4E24FB1AFCFC6EB0764782500010002D8,3.0,Yes,mattress,0.5
4771277,ANCHOR_01,52:06:26:03:01:DA,-70,MFG_4C000215FDA50693A4E24FB1AFCFC6EB0764782500010002D8,3.0,Yes,mattress,0.5
4772267,ANCHOR_01,52:06:26:03:01:DA,-70,MFG_4C000215FDA50693A4E24FB1AFCFC6EB0764782500010002D8,3.0,Yes,mattress,0.5
4773287,ANCHOR_01,52:06:26:03:01:DA,-84,MFG_4C000215FDA50693A4E24FB1AFCFC6EB0764782500010002D8,3.0,Yes,mattress,0.5
4774307,ANCHOR_01,52:06:26:03:01:DA,-79,MFG_4C000215FDA50693A4E24FB1AFCFC6EB0764782500010002D8,3.0,Yes,mattress,0.5
4775297,ANCHOR_01,52:06:26:03:01:DA,-80,MFG_4C000215FDA50693A4E24FB1AFCFC6EB0764782500010002D8,3.0,Yes,mattress,0.5
4776317,ANCHOR_01,52:06:26:03:01:DA,-70,MFG_4C000215FDA50693A4E24FB1AFCFC6EB0764782500010002D8,3.0,Yes,mattress,0.5
4777307,ANCHOR_01,52:06:26:03:01:DA,-70,MFG_4C000215FDA50693A4E24FB1AFCFC6EB0764782500010002D8,3.0,Yes,mattress,0.5
4778327,ANCHOR_01,52:06:26:03:01:DA,-85,MFG_4C000215FDA50693A4E24FB1AFCFC6EB0764782500010002D8,3.0,Yes,mattress,0.5
4779317,ANCHOR_01,52:06:26:03:01:DA,-82,MFG_4C000215FDA50693A4E24FB1AFCFC6EB0764782500010002D8,3.0,Yes,mattress,0.5
4780327,ANCHOR_01,52:06:26:03:01:DA,-80,MFG_4C000215FDA50693A4E24FB1AFCFC6EB0764782500010002D8,3.0,Yes,mattress,0.5
4781327,ANCHOR_01,52:06:26:03:01:DA,-79,MFG_4C000215FDA50693A4E24FB1AFCFC6EB0764782500010002D8,3.0,Yes,mattress,0.5
4782327,ANCHOR_01,52:06:26:03:01:DA,-69,MFG_4C000215FDA50693A4E24FB1AFCFC6EB0764782500010002D8,3.0,Yes,mattress,0.5
4783337,ANCHOR_01,52:06:26:03:01:DA,-70,MFG_4C000215FDA50693A4E24FB1AFCFC6EB0764782500010002D8,3.0,Yes,mattress,0.5
4784357,ANCHOR_01,52:06:26:03:01:DA,-85,MFG_4C000215FDA50693A4E24FB1AFCFC6EB0764782500010002D8,3.0,Yes,mattress,0.5
4785347,ANCHOR_01,52:06:26:03:01:DA,-84,MFG_4C000215FDA50693A4E24FB1AFCFC6EB0764782500010002D8,3.0,Yes,mattress,0.5
4786367,ANCHOR_01,52:06:26:03:01:DA,-79,MFG_4C000215FDA50693A4E24FB1AFCFC6EB0764782500010002D8,3.0,Yes,mattress,0.5
4787347,ANCHOR_01,52:06:26:03:01:DA,-80,MFG_4C000215FDA50693A4E24FB1AFCFC6EB0764782500010002D8,3.0,Yes,mattress,0.5
4788377,ANCHOR_01,52:06:26:03:01:DA,-70,MFG_4C000215FDA50693A4E24FB1AFCFC6EB0764782500010002D8,3.0,Yes,mattress,0.5
4789367,ANCHOR_01,52:06:26:03:01:DA,-70,MFG_4C000215FDA50693A4E24FB1AFCFC6EB0764782500010002D8,3.0,Yes,mattress,0.5
4790387,ANCHOR_01,52:06:26:03:01:DA,-83,MFG_4C000215FDA50693A4E24FB1AFCFC6EB0764782500010002D8,3.0,Yes,mattress,0.5
4791377,ANCHOR_01,52:06:26:03:01:DA,-85,MFG_4C000215FDA50693A4E24FB1AFCFC6EB0764782500010002D8,3.0,Yes,mattress,0.5
4792367,ANCHOR_01,52:06:26:03:01:DA,-85,MFG_4C000215FDA50693A4E24FB1AFCFC6EB0764782500010002D8,3.0,Yes,mattress,0.5
4793387,ANCHOR_01,52:06:26:03:01:DA,-78,MFG_4C000215FDA50693A4E24FB1AFCFC6EB0764782500010002D8,3.0,Yes,mattress,0.5
4794377,ANCHOR_01,52:06:26:03:01:DA,-80,MFG_4C000215FDA50693A4E24FB1AFCFC6EB0764782500010002D8,3.0,Yes,mattress,0.5
4795397,ANCHOR_01,52:06:26:03:01:DA,-70,MFG_4C000215FDA50693A4E24FB1AFCFC6EB0764782500010002D8,3.0,Yes,mattress,0.5
4796387,ANCHOR_01,52:06:26:03:01:DA,-70,MFG_4C000215FDA50693A4E24FB1AFCFC6EB0764782500010002D8,3.0,Yes,mattress,0.5
4797407,ANCHOR_01,52:06:26:03:01:DA,-84,MFG_4C000215FDA50693A4E24FB1AFCFC6EB0764782500010002D8,3.0,Yes,mattress,0.5
4798387,ANCHOR_01,52:06:26:03:01:DA,-83,MFG_4C000215FDA50693A4E24FB1AFCFC6EB0764782500010002D8,3.0,Yes,mattress,0.5
4799407,ANCHOR_01,52:06:26:03:01:DA,-80,MFG_4C000215FDA50693A4E24FB1AFCFC6EB0764782500010002D8,3.0,Yes,mattress,0.5
4800407,ANCHOR_01,52:06:26:03:01:DA,-79,MFG_4C000215FDA50693A4E24FB1AFCFC6EB0764782500010002D8,3.0,Yes,mattress,0.5
4801407,ANCHOR_01,52:06:26:03:01:DA,-70,MFG_4C000215FDA50693A4E24FB1AFCFC6EB0764782500010002D8,3.0,Yes,mattress,0.5
4802417,ANCHOR_01,52:06:26:03:01:DA,-70,MFG_4C000215FDA50693A4E24FB1AFCFC6EB0764782500010002D8,3.0,Yes,mattress,0.5
4803437,ANCHOR_01,52:06:26:03:01:DA,-85,MFG_4C000215FDA50693A4E24FB1AFCFC6EB0764782500010002D8,3.0,Yes,mattress,0.5
4805447,ANCHOR_01,52:06:26:03:01:DA,-79,MFG_4C000215FDA50693A4E24FB1AFCFC6EB0764782500010002D8,3.0,Yes,mattress,0.5
4806447,ANCHOR_01,52:06:26:03:01:DA,-69,MFG_4C000215FDA50693A4E24FB1AFCFC6EB0764782500010002D8,3.0,Yes,mattress,0.5
4807457,ANCHOR_01,52:06:26:03:01:DA,-70,MFG_4C000215FDA50693A4E24FB1AFCFC6EB0764782500010002D8,3.0,Yes,mattress,0.5
4808447,ANCHOR_01,52:06:26:03:01:DA,-70,MFG_4C000215FDA50693A4E24FB1AFCFC6EB0764782500010002D8,3.0,Yes,mattress,0.5
4809467,ANCHOR_01,52:06:26:03:01:DA,-84,MFG_4C000215FDA50693A4E24FB1AFCFC6EB0764782500010002D8,3.0,Yes,mattress,0.5
4811477,ANCHOR_01,52:06:26:03:01:DA,-79,MFG_4C000215FDA50693A4E24FB1AFCFC6EB0764782500010002D8,3.0,Yes,mattress,0.5
4812467,ANCHOR_01,52:06:26:03:01:DA,-80,MFG_4C000215FDA50693A4E24FB1AFCFC6EB0764782500010002D8,3.0,Yes,mattress,0.5
4813487,ANCHOR_01,52:06:26:03:01:DA,-70,MFG_4C000215FDA50693A4E24FB1AFCFC6EB0764782500010002D8,3.0,Yes,mattress,0.5
4814477,ANCHOR_01,52:06:26:03:01:DA,-70,MFG_4C000215FDA50693A4E24FB1AFCFC6EB0764782500010002D8,3.0,Yes,mattress,0.5
4815497,ANCHOR_01,52:06:26:03:01:DA,-83,MFG_4C000215FDA50693A4E24FB1AFCFC6EB0764782500010002D8,3.0,Yes,mattress,0.5
4817497,ANCHOR_01,52:06:26:03:01:DA,-79,MFG_4C000215FDA50693A4E24FB1AFCFC6EB0764782500010002D8,3.0,Yes,mattress,0.5
4818497,ANCHOR_01,52:06:26:03:01:DA,-78,MFG_4C000215FDA50693A4E24FB1AFCFC6EB0764782500010002D8,3.0,Yes,mattress,0.5
4819507,ANCHOR_01,52:06:26:03:01:DA,-69,MFG_4C000215FDA50693A4E24FB1AFCFC6EB0764782500010002D8,3.0,Yes,mattress,0.5
4820507,ANCHOR_01,52:06:26:03:01:DA,-70,MFG_4C000215FDA50693A4E24FB1AFCFC6EB0764782500010002D8,3.0,Yes,mattress,0.5
4821527,ANCHOR_01,52:06:26:03:01:DA,-83,MFG_4C000215FDA50693A4E24FB1AFCFC6EB0764782500010002D8,3.0,Yes,mattress,0.5
4823537,ANCHOR_01,52:06:26:03:01:DA,-79,MFG_4C000215FDA50693A4E24FB1AFCFC6EB0764782500010002D8,3.0,Yes,mattress,0.5
4824527,ANCHOR_01,52:06:26:03:01:DA,-80,MFG_4C000215FDA50693A4E24FB1AFCFC6EB0764782500010002D8,3.0,Yes,mattress,0.5
4825537,ANCHOR_01,52:06:26:03:01:DA,-70,MFG_4C000215FDA50693A4E24FB1AFCFC6EB0764782500010002D8,3.0,Yes,mattress,0.5
4826567,ANCHOR_01,52:06:26:03:01:DA,-85,MFG_4C000215FDA50693A4E24FB1AFCFC6EB0764782500010002D8,3.0,Yes,mattress,0.5
4827557,ANCHOR_01,52:06:26:03:01:DA,-84,MFG_4C000215FDA50693A4E24FB1AFCFC6EB0764782500010002D8,3.0,Yes,mattress,0.5
4828577,ANCHOR_01,52:06:26:03:01:DA,-79,MFG_4C000215FDA50693A4E24FB1AFCFC6EB0764782500010002D8,3.0,Yes,mattress,0.5
4829567,ANCHOR_01,52:06:26:03:01:DA,-80,MFG_4C000215FDA50693A4E24FB1AFCFC6EB0764782500010002D8,3.0,Yes,mattress,0.5
4830577,ANCHOR_01,52:06:26:03:01:DA,-70,MFG_4C000215FDA50693A4E24FB1AFCFC6EB0764782500010002D8,3.0,Yes,mattress,0.5
4831567,ANCHOR_01,52:06:26:03:01:DA,-70,MFG_4C000215FDA50693A4E24FB1AFCFC6EB0764782500010002D8,3.0,Yes,mattress,0.5
4833587,ANCHOR_01,52:06:26:03:01:DA,-85,MFG_4C000215FDA50693A4E24FB1AFCFC6EB0764782500010002D8,3.0,Yes,mattress,0.5
4834577,ANCHOR_01,52:06:26:03:01:DA,-84,MFG_4C000215FDA50693A4E24FB1AFCFC6EB0764782500010002D8,3.0,Yes,mattress,0.5
4836587,ANCHOR_01,52:06:26:03:01:DA,-79,MFG_4C000215FDA50693A4E24FB1AFCFC6EB0764782500010002D8,3.0,Yes,mattress,0.5
4837607,ANCHOR_01,52:06:26:03:01:DA,-70,MFG_4C000215FDA50693A4E24FB1AFCFC6EB0764782500010002D8,3.0,Yes,mattress,0.5
4838597,ANCHOR_01,52:06:26:03:01:DA,-70,MFG_4C000215FDA50693A4E24FB1AFCFC6EB0764782500010002D8,3.0,Yes,mattress,0.5
4839617,ANCHOR_01,52:06:26:03:01:DA,-85,MFG_4C000215FDA50693A4E24FB1AFCFC6EB0764782500010002D8,3.0,Yes,mattress,0.5
4840607,ANCHOR_01,52:06:26:03:01:DA,-83,MFG_4C000215FDA50693A4E24FB1AFCFC6EB0764782500010002D8,3.0,Yes,mattress,0.5
4841627,ANCHOR_01,52:06:26:03:01:DA,-80,MFG_4C000215FDA50693A4E24FB1AFCFC6EB0764782500010002D8,3.0,Yes,mattress,0.5
4842607,ANCHOR_01,52:06:26:03:01:DA,-80,MFG_4C000215FDA50693A4E24FB1AFCFC6EB0764782500010002D8,3.0,Yes,mattress,0.5
4843637,ANCHOR_01,52:06:26:03:01:DA,-69,MFG_4C000215FDA50693A4E24FB1AFCFC6EB0764782500010002D8,3.0,Yes,mattress,0.5
4844627,ANCHOR_01,52:06:26:03:01:DA,-70,MFG_4C000215FDA50693A4E24FB1AFCFC6EB0764782500010002D8,3.0,Yes,mattress,0.5
4845637,ANCHOR_01,52:06:26:03:01:DA,-84,MFG_4C000215FDA50693A4E24FB1AFCFC6EB0764782500010002D8,3.0,Yes,mattress,0.5
4846637,ANCHOR_01,52:06:26:03:01:DA,-83,MFG_4C000215FDA50693A4E24FB1AFCFC6EB0764782500010002D8,3.0,Yes,mattress,0.5
4847657,ANCHOR_01,52:06:26:03:01:DA,-80,MFG_4C000215FDA50693A4E24FB1AFCFC6EB0764782500010002D8,3.0,Yes,mattress,0.5
4848647,ANCHOR_01,52:06:26:03:01:DA,-79,MFG_4C000215FDA50693A4E24FB1AFCFC6EB0764782500010002D8,3.0,Yes,mattress,0.5
4849637,ANCHOR_01,52:06:26:03:01:DA,-79,MFG_4C000215FDA50693A4E24FB1AFCFC6EB0764782500010002D8,3.0,Yes,mattress,0.5
4850647,ANCHOR_01,52:06:26:03:01:DA,-69,MFG_4C000215FDA50693A4E24FB1AFCFC6EB0764782500010002D8,3.0,Yes,mattress,0.5
4851647,ANCHOR_01,52:06:26:03:01:DA,-70,MFG_4C000215FDA50693A4E24FB1AFCFC6EB0764782500010002D8,3.0,Yes,mattress,0.5
4852667,ANCHOR_01,52:06:26:03:01:DA,-83,MFG_4C000215FDA50693A4E24FB1AFCFC6EB0764782500010002D8,3.0,Yes,mattress,0.5
4853657,ANCHOR_01,52:06:26:03:01:DA,-84,MFG_4C000215FDA50693A4E24FB1AFCFC6EB0764782500010002D8,3.0,Yes,mattress,0.5
4854677,ANCHOR_01,52:06:26:03:01:DA,-79,MFG_4C000215FDA50693A4E24FB1AFCFC6EB0764782500010002D8,3.0,Yes,mattress,0.5
4855697,ANCHOR_01,52:06:26:03:01:DA,-70,MFG_4C000215FDA50693A4E24FB1AFCFC6EB0764782500010002D8,3.0,Yes,mattress,0.5
4856687,ANCHOR_01,52:06:26:03:01:DA,-70,MFG_4C000215FDA50693A4E24FB1AFCFC6EB0764782500010002D8,3.0,Yes,mattress,0.5
4858697,ANCHOR_01,52:06:26:03:01:DA,-85,MFG_4C000215FDA50693A4E24FB1AFCFC6EB0764782500010002D8,3.0,Yes,mattress,0.5
4859687,ANCHOR_01,52:06:26:03:01:DA,-84,MFG_4C000215FDA50693A4E24FB1AFCFC6EB0764782500010002D8,3.0,Yes,mattress,0.5
4860707,ANCHOR_01,52:06:26:03:01:DA,-80,MFG_4C000215FDA50693A4E24FB1AFCFC6EB0764782500010002D8,3.0,Yes,mattress,0.5
4861697,ANCHOR_01,52:06:26:03:01:DA,-80,MFG_4C000215FDA50693A4E24FB1AFCFC6EB0764782500010002D8,3.0,Yes,mattress,0.5
4862697,ANCHOR_01,52:06:26:03:01:DA,-69,MFG_4C000215FDA50693A4E24FB1AFCFC6EB0764782500010002D8,3.0,Yes,mattress,0.5
4863707,ANCHOR_01,52:06:26:03:01:DA,-70,MFG_4C000215FDA50693A4E24FB1AFCFC6EB0764782500010002D8,3.0,Yes,mattress,0.5
4864727,ANCHOR_01,52:06:26:03:01:DA,-85,MFG_4C000215FDA50693A4E24FB1AFCFC6EB0764782500010002D8,3.0,Yes,mattress,0.5
4866737,ANCHOR_01,52:06:26:03:01:DA,-80,MFG_4C000215FDA50693A4E24FB1AFCFC6EB0764782500010002D8,3.0,Yes,mattress,0.5
4867727,ANCHOR_01,52:06:26:03:01:DA,-80,MFG_4C000215FDA50693A4E24FB1AFCFC6EB0764782500010002D8,3.0,Yes,mattress,0.5
4868747,ANCHOR_01,52:06:26:03:01:DA,-70,MFG_4C000215FDA50693A4E24FB1AFCFC6EB0764782500010002D8,3.0,Yes,mattress,0.5
4869737,ANCHOR_01,52:06:26:03:01:DA,-70,MFG_4C000215FDA50693A4E24FB1AFCFC6EB0764782500010002D8,3.0,Yes,mattress,0.5
4870737,ANCHOR_01,52:06:26:03:01:DA,-83,MFG_4C000215FDA50693A4E24FB1AFCFC6EB0764782500010002D8,3.0,Yes,mattress,0.5
4871747,ANCHOR_01,52:06:26:03:01:DA,-83,MFG_4C000215FDA50693A4E24FB1AFCFC6EB0764782500010002D8,3.0,Yes,mattress,0.5
4872767,ANCHOR_01,52:06:26:03:01:DA,-80,MFG_4C000215FDA50693A4E24FB1AFCFC6EB0764782500010002D8,3.0,Yes,mattress,0.5
4873757,ANCHOR_01,52:06:26:03:01:DA,-80,MFG_4C000215FDA50693A4E24FB1AFCFC6EB0764782500010002D8,3.0,Yes,mattress,0.5
4874777,ANCHOR_01,52:06:26:03:01:DA,-70,MFG_4C000215FDA50693A4E24FB1AFCFC6EB0764782500010002D8,3.0,Yes,mattress,0.5
4875757,ANCHOR_01,52:06:26:03:01:DA,-70,MFG_4C000215FDA50693A4E24FB1AFCFC6EB0764782500010002D8,3.0,Yes,mattress,0.5
4876757,ANCHOR_01,52:06:26:03:01:DA,-70,MFG_4C000215FDA50693A4E24FB1AFCFC6EB0764782500010002D8,3.0,Yes,mattress,0.5
4877777,ANCHOR_01,52:06:26:03:01:DA,-83,MFG_4C000215FDA50693A4E24FB1AFCFC6EB0764782500010002D8,3.0,Yes,mattress,0.5
4878767,ANCHOR_01,52:06:26:03:01:DA,-83,MFG_4C000215FDA50693A4E24FB1AFCFC6EB0764782500010002D8,3.0,Yes,mattress,0.5
4879787,ANCHOR_01,52:06:26:03:01:DA,-79,MFG_4C000215FDA50693A4E24FB1AFCFC6EB0764782500010002D8,3.0,Yes,mattress,0.5
4880777,ANCHOR_01,52:06:26:03:01:DA,-80,MFG_4C000215FDA50693A4E24FB1AFCFC6EB0764782500010002D8,3.0,Yes,mattress,0.5
4881797,ANCHOR_01,52:06:26:03:01:DA,-69,MFG_4C000215FDA50693A4E24FB1AFCFC6EB0764782500010002D8,3.0,Yes,mattress,0.5
4882787,ANCHOR_01,52:06:26:03:01:DA,-70,MFG_4C000215FDA50693A4E24FB1AFCFC6EB0764782500010002D8,3.0,Yes,mattress,0.5
4883807,ANCHOR_01,52:06:26:03:01:DA,-86,MFG_4C000215FDA50693A4E24FB1AFCFC6EB0764782500010002D8,3.0,Yes,mattress,0.5
4884797,ANCHOR_01,52:06:26:03:01:DA,-83,MFG_4C000215FDA50693A4E24FB1AFCFC6EB0764782500010002D8,3.0,Yes,mattress,0.5
4886807,ANCHOR_01,52:06:26:03:01:DA,-79,MFG_4C000215FDA50693A4E24FB1AFCFC6EB0764782500010002D8,3.0,Yes,mattress,0.5
4887827,ANCHOR_01,52:06:26:03:01:DA,-70,MFG_4C000215FDA50693A4E24FB1AFCFC6EB0764782500010002D8,3.0,Yes,mattress,0.5
4888817,ANCHOR_01,52:06:26:03:01:DA,-70,MFG_4C000215FDA50693A4E24FB1AFCFC6EB0764782500010002D8,3.0,Yes,mattress,0.5
4889837,ANCHOR_01,52:06:26:03:01:DA,-84,MFG_4C000215FDA50693A4E24FB1AFCFC6EB0764782500010002D8,3.0,Yes,mattress,0.5
4891847,ANCHOR_01,52:06:26:03:01:DA,-79,MFG_4C000215FDA50693A4E24FB1AFCFC6EB0764782500010002D8,3.0,Yes,mattress,0.5
4892837,ANCHOR_01,52:06:26:03:01:DA,-79,MFG_4C000215FDA50693A4E24FB1AFCFC6EB0764782500010002D8,3.0,Yes,mattress,0.5
4893857,ANCHOR_01,52:06:26:03:01:DA,-70,MFG_4C000215FDA50693A4E24FB1AFCFC6EB0764782500010002D8,3.0,Yes,mattress,0.5
4894847,ANCHOR_01,52:06:26:03:01:DA,-70,MFG_4C000215FDA50693A4E24FB1AFCFC6EB0764782500010002D8,3.0,Yes,mattress,0.5
4895847,ANCHOR_01,52:06:26:03:01:DA,-86,MFG_4C000215FDA50693A4E24FB1AFCFC6EB0764782500010002D8,3.0,Yes,mattress,0.5
4896857,ANCHOR_01,52:06:26:03:01:DA,-84,MFG_4C000215FDA50693A4E24FB1AFCFC6EB0764782500010002D8,3.0,Yes,mattress,0.5
4897877,ANCHOR_01,52:06:26:03:01:DA,-80,MFG_4C000215FDA50693A4E24FB1AFCFC6EB0764782500010002D8,3.0,Yes,mattress,0.5
4898867,ANCHOR_01,52:06:26:03:01:DA,-79,MFG_4C000215FDA50693A4E24FB1AFCFC6EB0764782500010002D8,3.0,Yes,mattress,0.5
4899887,ANCHOR_01,52:06:26:03:01:DA,-70,MFG_4C000215FDA50693A4E24FB1AFCFC6EB0764782500010002D8,3.0,Yes,mattress,0.5
4900877,ANCHOR_01,52:06:26:03:01:DA,-70,MFG_4C000215FDA50693A4E24FB1AFCFC6EB0764782500010002D8,3.0,Yes,mattress,0.5
4901897,ANCHOR_01,52:06:26:03:01:DA,-85,MFG_4C000215FDA50693A4E24FB1AFCFC6EB0764782500010002D8,3.0,Yes,mattress,0.5
4902887,ANCHOR_01,52:06:26:03:01:DA,-85,MFG_4C000215FDA50693A4E24FB1AFCFC6EB0764782500010002D8,3.0,Yes,mattress,0.5
4903907,ANCHOR_01,52:06:26:03:01:DA,-80,MFG_4C000215FDA50693A4E24FB1AFCFC6EB0764782500010002D8,3.0,Yes,mattress,0.5
4904897,ANCHOR_01,52:06:26:03:01:DA,-80,MFG_4C000215FDA50693A4E24FB1AFCFC6EB0764782500010002D8,3.0,Yes,mattress,0.5
4905917,ANCHOR_01,52:06:26:03:01:DA,-70,MFG_4C000215FDA50693A4E24FB1AFCFC6EB0764782500010002D8,3.0,Yes,mattress,0.5
4906907,ANCHOR_01,52:06:26:03:01:DA,-69,MFG_4C000215FDA50693A4E24FB1AFCFC6EB0764782500010002D8,3.0,Yes,mattress,0.5
4907927,ANCHOR_01,52:06:26:03:01:DA,-83,MFG_4C000215FDA50693A4E24FB1AFCFC6EB0764782500010002D8,3.0,Yes,mattress,0.5
4908917,ANCHOR_01,52:06:26:03:01:DA,-83,MFG_4C000215FDA50693A4E24FB1AFCFC6EB0764782500010002D8,3.0,Yes,mattress,0.5
4909937,ANCHOR_01,52:06:26:03:01:DA,-80,MFG_4C000215FDA50693A4E24FB1AFCFC6EB0764782500010002D8,3.0,Yes,mattress,0.5
4910927,ANCHOR_01,52:06:26:03:01:DA,-79,MFG_4C000215FDA50693A4E24FB1AFCFC6EB0764782500010002D8,3.0,Yes,mattress,0.5
4911927,ANCHOR_01,52:06:26:03:01:DA,-70,MFG_4C000215FDA50693A4E24FB1AFCFC6EB0764782500010002D8,3.0,Yes,mattress,0.5
4912937,ANCHOR_01,52:06:26:03:01:DA,-70,MFG_4C000215FDA50693A4E24FB1AFCFC6EB0764782500010002D8,3.0,Yes,mattress,0.5
4914947,ANCHOR_01,52:06:26:03:01:DA,-86,MFG_4C000215FDA50693A4E24FB1AFCFC6EB0764782500010002D8,3.0,Yes,mattress,0.5
4915967,ANCHOR_01,52:06:26:03:01:DA,-79,MFG_4C000215FDA50693A4E24FB1AFCFC6EB0764782500010002D8,3.0,Yes,mattress,0.5
4916957,ANCHOR_01,52:06:26:03:01:DA,-80,MFG_4C000215FDA50693A4E24FB1AFCFC6EB0764782500010002D8,3.0,Yes,mattress,0.5
4917977,ANCHOR_01,52:06:26:03:01:DA,-69,MFG_4C000215FDA50693A4E24FB1AFCFC6EB0764782500010002D8,3.0,Yes,mattress,0.5
4918957,ANCHOR_01,52:06:26:03:01:DA,-69,MFG_4C000215FDA50693A4E24FB1AFCFC6EB0764782500010002D8,3.0,Yes,mattress,0.5
4919987,ANCHOR_01,52:06:26:03:01:DA,-85,MFG_4C000215FDA50693A4E24FB1AFCFC6EB0764782500010002D8,3.0,Yes,mattress,0.5
4920977,ANCHOR_01,52:06:26:03:01:DA,-86,MFG_4C000215FDA50693A4E24FB1AFCFC6EB0764782500010002D8,3.0,Yes,mattress,0.5
4921977,ANCHOR_01,52:06:26:03:01:DA,-79,MFG_4C000215FDA50693A4E24FB1AFCFC6EB0764782500010002D8,3.0,Yes,mattress,0.5
4922987,ANCHOR_01,52:06:26:03:01:DA,-79,MFG_4C000215FDA50693A4E24FB1AFCFC6EB0764782500010002D8,3.0,Yes,mattress,0.5
4924997,ANCHOR_01,52:06:26:03:01:DA,-70,MFG_4C000215FDA50693A4E24FB1AFCFC6EB0764782500010002D8,3.0,Yes,mattress,0.5
4925987,ANCHOR_01,52:06:26:03:01:DA,-70,MFG_4C000215FDA50693A4E24FB1AFCFC6EB0764782500010002D8,3.0,Yes,mattress,0.5
4926997,ANCHOR_01,52:06:26:03:01:DA,-85,MFG_4C000215FDA50693A4E24FB1AFCFC6EB0764782500010002D8,3.0,Yes,mattress,0.5
4928027,ANCHOR_01,52:06:26:03:01:DA,-80,MFG_4C000215FDA50693A4E24FB1AFCFC6EB0764782500010002D8,3.0,Yes,mattress,0.5
4929017,ANCHOR_01,52:06:26:03:01:DA,-79,MFG_4C000215FDA50693A4E24FB1AFCFC6EB0764782500010002D8,3.0,Yes,mattress,0.5
4930007,ANCHOR_01,52:06:26:03:01:DA,-79,MFG_4C000215FDA50693A4E24FB1AFCFC6EB0764782500010002D8,3.0,Yes,mattress,0.5
4931027,ANCHOR_01,52:06:26:03:01:DA,-70,MFG_4C000215FDA50693A4E24FB1AFCFC6EB0764782500010002D8,3.0,Yes,mattress,0.5
4932017,ANCHOR_01,52:06:26:03:01:DA,-70,MFG_4C000215FDA50693A4E24FB1AFCFC6EB0764782500010002D8,3.0,Yes,mattress,0.5
4933037,ANCHOR_01,52:06:26:03:01:DA,-83,MFG_4C000215FDA50693A4E24FB1AFCFC6EB0764782500010002D8,3.0,Yes,mattress,0.5
4935047,ANCHOR_01,52:06:26:03:01:DA,-78,MFG_4C000215FDA50693A4E24FB1AFCFC6EB0764782500010002D8,3.0,Yes,mattress,0.5
4936037,ANCHOR_01,52:06:26:03:01:DA,-79,MFG_4C000215FDA50693A4E24FB1AFCFC6EB0764782500010002D8,3.0,Yes,mattress,0.5
4937047,ANCHOR_01,52:06:26:03:01:DA,-69,MFG_4C000215FDA50693A4E24FB1AFCFC6EB0764782500010002D8,3.0,Yes,mattress,0.5
4938077,ANCHOR_01,52:06:26:03:01:DA,-84,MFG_4C000215FDA50693A4E24FB1AFCFC6EB0764782500010002D8,3.0,Yes,mattress,0.5
4939067,ANCHOR_01,52:06:26:03:01:DA,-85,MFG_4C000215FDA50693A4E24FB1AFCFC6EB0764782500010002D8,3.0,Yes,mattress,0.5
4940077,ANCHOR_01,52:06:26:03:01:DA,-79,MFG_4C000215FDA50693A4E24FB1AFCFC6EB0764782500010002D8,3.0,Yes,mattress,0.5
4941077,ANCHOR_01,52:06:26:03:01:DA,-79,MFG_4C000215FDA50693A4E24FB1AFCFC6EB0764782500010002D8,3.0,Yes,mattress,0.5
4942097,ANCHOR_01,52:06:26:03:01:DA,-70,MFG_4C000215FDA50693A4E24FB1AFCFC6EB0764782500010002D8,3.0,Yes,mattress,0.5
4943087,ANCHOR_01,52:06:26:03:01:DA,-70,MFG_4C000215FDA50693A4E24FB1AFCFC6EB0764782500010002D8,3.0,Yes,mattress,0.5
4944107,ANCHOR_01,52:06:26:03:01:DA,-83,MFG_4C000215FDA50693A4E24FB1AFCFC6EB0764782500010002D8,3.0,Yes,mattress,0.5
4945097,ANCHOR_01,52:06:26:03:01:DA,-83,MFG_4C000215FDA50693A4E24FB1AFCFC6EB0764782500010002D8,3.0,Yes,mattress,0.5
4947107,ANCHOR_01,52:06:26:03:01:DA,-79,MFG_4C000215FDA50693A4E24FB1AFCFC6EB0764782500010002D8,3.0,Yes,mattress,0.5
4948097,ANCHOR_01,52:06:26:03:01:DA,-79,MFG_4C000215FDA50693A4E24FB1AFCFC6EB0764782500010002D8,3.0,Yes,mattress,0.5
4949117,ANCHOR_01,52:06:26:03:01:DA,-70,MFG_4C000215FDA50693A4E24FB1AFCFC6EB0764782500010002D8,3.0,Yes,mattress,0.5
4950107,ANCHOR_01,52:06:26:03:01:DA,-70,MFG_4C000215FDA50693A4E24FB1AFCFC6EB0764782500010002D8,3.0,Yes,mattress,0.5
4951127,ANCHOR_01,52:06:26:03:01:DA,-83,MFG_4C000215FDA50693A4E24FB1AFCFC6EB0764782500010002D8,3.0,Yes,mattress,0.5
4953137,ANCHOR_01,52:06:26:03:01:DA,-79,MFG_4C000215FDA50693A4E24FB1AFCFC6EB0764782500010002D8,3.0,Yes,mattress,0.5
4954127,ANCHOR_01,52:06:26:03:01:DA,-79,MFG_4C000215FDA50693A4E24FB1AFCFC6EB0764782500010002D8,3.0,Yes,mattress,0.5
4955137,ANCHOR_01,52:06:26:03:01:DA,-69,MFG_4C000215FDA50693A4E24FB1AFCFC6EB0764782500010002D8,3.0,Yes,mattress,0.5
4956137,ANCHOR_01,52:06:26:03:01:DA,-70,MFG_4C000215FDA50693A4E24FB1AFCFC6EB0764782500010002D8,3.0,Yes,mattress,0.5
4957157,ANCHOR_01,52:06:26:03:01:DA,-84,MFG_4C000215FDA50693A4E24FB1AFCFC6EB0764782500010002D8,3.0,Yes,mattress,0.5
4958147,ANCHOR_01,52:06:26:03:01:DA,-83,MFG_4C000215FDA50693A4E24FB1AFCFC6EB0764782500010002D8,3.0,Yes,mattress,0.5
4960147,ANCHOR_01,52:06:26:03:01:DA,-79,MFG_4C000215FDA50693A4E24FB1AFCFC6EB0764782500010002D8,3.0,Yes,mattress,0.5
4961177,ANCHOR_01,52:06:26:03:01:DA,-70,MFG_4C000215FDA50693A4E24FB1AFCFC6EB0764782500010002D8,3.0,Yes,mattress,0.5
4962157,ANCHOR_01,52:06:26:03:01:DA,-69,MFG_4C000215FDA50693A4E24FB1AFCFC6EB0764782500010002D8,3.0,Yes,mattress,0.5
4963187,ANCHOR_01,52:06:26:03:01:DA,-85,MFG_4C000215FDA50693A4E24FB1AFCFC6EB0764782500010002D8,3.0,Yes,mattress,0.5
4964177,ANCHOR_01,52:06:26:03:01:DA,-83,MFG_4C000215FDA50693A4E24FB1AFCFC6EB0764782500010002D8,3.0,Yes,mattress,0.5
4966187,ANCHOR_01,52:06:26:03:01:DA,-79,MFG_4C000215FDA50693A4E24FB1AFCFC6EB0764782500010002D8,3.0,Yes,mattress,0.5
4967207,ANCHOR_01,52:06:26:03:01:DA,-70,MFG_4C000215FDA50693A4E24FB1AFCFC6EB0764782500010002D8,3.0,Yes,mattress,0.5
4968197,ANCHOR_01,52:06:26:03:01:DA,-70,MFG_4C000215FDA50693A4E24FB1AFCFC6EB0764782500010002D8,3.0,Yes,mattress,0.5
4969217,ANCHOR_01,52:06:26:03:01:DA,-84,MFG_4C000215FDA50693A4E24FB1AFCFC6EB0764782500010002D8,3.0,Yes,mattress,0.5
4970197,ANCHOR_01,52:06:26:03:01:DA,-84,MFG_4C000215FDA50693A4E24FB1AFCFC6EB0764782500010002D8,3.0,Yes,mattress,0.5
4971227,ANCHOR_01,52:06:26:03:01:DA,-80,MFG_4C000215FDA50693A4E24FB1AFCFC6EB0764782500010002D8,3.0,Yes,mattress,0.5
4972217,ANCHOR_01,52:06:26:03:01:DA,-79,MFG_4C000215FDA50693A4E24FB1AFCFC6EB0764782500010002D8,3.0,Yes,mattress,0.5
4973237,ANCHOR_01,52:06:26:03:01:DA,-70,MFG_4C000215FDA50693A4E24FB1AFCFC6EB0764782500010002D8,3.0,Yes,mattress,0.5
4974257,ANCHOR_01,52:06:26:03:01:DA,-85,MFG_4C000215FDA50693A4E24FB1AFCFC6EB0764782500010002D8,3.0,Yes,mattress,0.5
4975247,ANCHOR_01,52:06:26:03:01:DA,-85,MFG_4C000215FDA50693A4E24FB1AFCFC6EB0764782500010002D8,3.0,Yes,mattress,0.5
4976267,ANCHOR_01,52:06:26:03:01:DA,-80,MFG_4C000215FDA50693A4E24FB1AFCFC6EB0764782500010002D8,3.0,Yes,mattress,0.5
4977257,ANCHOR_01,52:06:26:03:01:DA,-80,MFG_4C000215FDA50693A4E24FB1AFCFC6EB0764782500010002D8,3.0,Yes,mattress,0.5
4979267,ANCHOR_01,52:06:26:03:01:DA,-69,MFG_4C000215FDA50693A4E24FB1AFCFC6EB0764782500010002D8,3.0,Yes,mattress,0.5
4980257,ANCHOR_01,52:06:26:03:01:DA,-70,MFG_4C000215FDA50693A4E24FB1AFCFC6EB0764782500010002D8,3.0,Yes,mattress,0.5
4981277,ANCHOR_01,52:06:26:03:01:DA,-85,MFG_4C000215FDA50693A4E24FB1AFCFC6EB0764782500010002D8,3.0,Yes,mattress,0.5
4982257,ANCHOR_01,52:06:26:03:01:DA,-85,MFG_4C000215FDA50693A4E24FB1AFCFC6EB0764782500010002D8,3.0,Yes,mattress,0.5
4983287,ANCHOR_01,52:06:26:03:01:DA,-79,MFG_4C000215FDA50693A4E24FB1AFCFC6EB0764782500010002D8,3.0,Yes,mattress,0.5
4984277,ANCHOR_01,52:06:26:03:01:DA,-80,MFG_4C000215FDA50693A4E24FB1AFCFC6EB0764782500010002D8,3.0,Yes,mattress,0.5
4985297,ANCHOR_01,52:06:26:03:01:DA,-71,MFG_4C000215FDA50693A4E24FB1AFCFC6EB0764782500010002D8,3.0,Yes,mattress,0.5
4986287,ANCHOR_01,52:06:26:03:01:DA,-70,MFG_4C000215FDA50693A4E24FB1AFCFC6EB0764782500010002D8,3.0,Yes,mattress,0.5
4987297,ANCHOR_01,52:06:26:03:01:DA,-82,MFG_4C000215FDA50693A4E24FB1AFCFC6EB0764782500010002D8,3.0,Yes,mattress,0.5
4989317,ANCHOR_01,52:06:26:03:01:DA,-80,MFG_4C000215FDA50693A4E24FB1AFCFC6EB0764782500010002D8,3.0,Yes,mattress,0.5
4990307,ANCHOR_01,52:06:26:03:01:DA,-79,MFG_4C000215FDA50693A4E24FB1AFCFC6EB0764782500010002D8,3.0,Yes,mattress,0.5
4991327,ANCHOR_01,52:06:26:03:01:DA,-69,MFG_4C000215FDA50693A4E24FB1AFCFC6EB0764782500010002D8,3.0,Yes,mattress,0.5
4992317,ANCHOR_01,52:06:26:03:01:DA,-70,MFG_4C000215FDA50693A4E24FB1AFCFC6EB0764782500010002D8,3.0,Yes,mattress,0.5
4993337,ANCHOR_01,52:06:26:03:01:DA,-83,MFG_4C000215FDA50693A4E24FB1AFCFC6EB0764782500010002D8,3.0,Yes,mattress,0.5
4994327,ANCHOR_01,52:06:26:03:01:DA,-85,MFG_4C000215FDA50693A4E24FB1AFCFC6EB0764782500010002D8,3.0,Yes,mattress,0.5
4995347,ANCHOR_01,52:06:26:03:01:DA,-79,MFG_4C000215FDA50693A4E24FB1AFCFC6EB0764782500010002D8,3.0,Yes,mattress,0.5
4996337,ANCHOR_01,52:06:26:03:01:DA,-80,MFG_4C000215FDA50693A4E24FB1AFCFC6EB0764782500010002D8,3.0,Yes,mattress,0.5
4997357,ANCHOR_01,52:06:26:03:01:DA,-69,MFG_4C000215FDA50693A4E24FB1AFCFC6EB0764782500010002D8,3.0,Yes,mattress,0.5
4998347,ANCHOR_01,52:06:26:03:01:DA,-70,MFG_4C000215FDA50693A4E24FB1AFCFC6EB0764782500010002D8,3.0,Yes,mattress,0.5
4999367,ANCHOR_01,52:06:26:03:01:DA,-84,MFG_4C000215FDA50693A4E24FB1AFCFC6EB0764782500010002D8,3.0,Yes,mattress,0.5
5001377,ANCHOR_01,52:06:26:03:01:DA,-79,MFG_4C000215FDA50693A4E24FB1AFCFC6EB0764782500010002D8,3.0,Yes,mattress,0.5
5002367,ANCHOR_01,52:06:26:03:01:DA,-79,MFG_4C000215FDA50693A4E24FB1AFCFC6EB0764782500010002D8,3.0,Yes,mattress,0.5
5003387,ANCHOR_01,52:06:26:03:01:DA,-70,MFG_4C000215FDA50693A4E24FB1AFCFC6EB0764782500010002D8,3.0,Yes,mattress,0.5
5005397,ANCHOR_01,52:06:26:03:01:DA,-85,MFG_4C000215FDA50693A4E24FB1AFCFC6EB0764782500010002D8,3.0,Yes,mattress,0.5
5007397,ANCHOR_01,52:06:26:03:01:DA,-80,MFG_4C000215FDA50693A4E24FB1AFCFC6EB0764782500010002D8,3.0,Yes,mattress,0.5
5008397,ANCHOR_01,52:06:26:03:01:DA,-80,MFG_4C000215FDA50693A4E24FB1AFCFC6EB0764782500010002D8,3.0,Yes,mattress,0.5
5009407,ANCHOR_01,52:06:26:03:01:DA,-70,MFG_4C000215FDA50693A4E24FB1AFCFC6EB0764782500010002D8,3.0,Yes,mattress,0.5
5010437,ANCHOR_01,52:06:26:03:01:DA,-83,MFG_4C000215FDA50693A4E24FB1AFCFC6EB0764782500010002D8,3.0,Yes,mattress,0.5
5011427,ANCHOR_01,52:06:26:03:01:DA,-84,MFG_4C000215FDA50693A4E24FB1AFCFC6EB0764782500010002D8,3.0,Yes,mattress,0.5
5012437,ANCHOR_01,52:06:26:03:01:DA,-79,MFG_4C000215FDA50693A4E24FB1AFCFC6EB0764782500010002D8,3.0,Yes,mattress,0.5
5013437,ANCHOR_01,52:06:26:03:01:DA,-79,MFG_4C000215FDA50693A4E24FB1AFCFC6EB0764782500010002D8,3.0,Yes,mattress,0.5
5014457,ANCHOR_01,52:06:26:03:01:DA,-70,MFG_4C000215FDA50693A4E24FB1AFCFC6EB0764782500010002D8,3.0,Yes,mattress,0.5
5015477,ANCHOR_01,52:06:26:03:01:DA,-83,MFG_4C000215FDA50693A4E24FB1AFCFC6EB0764782500010002D8,3.0,Yes,mattress,0.5
5016467,ANCHOR_01,52:06:26:03:01:DA,-82,MFG_4C000215FDA50693A4E24FB1AFCFC6EB0764782500010002D8,3.0,Yes,mattress,0.5
5018477,ANCHOR_01,52:06:26:03:01:DA,-80,MFG_4C000215FDA50693A4E24FB1AFCFC6EB0764782500010002D8,3.0,Yes,mattress,0.5
5019497,ANCHOR_01,52:06:26:03:01:DA,-70,MFG_4C000215FDA50693A4E24FB1AFCFC6EB0764782500010002D8,3.0,Yes,mattress,0.5
5020487,ANCHOR_01,52:06:26:03:01:DA,-70,MFG_4C000215FDA50693A4E24FB1AFCFC6EB0764782500010002D8,3.0,Yes,mattress,0.5
5021507,ANCHOR_01,52:06:26:03:01:DA,-83,MFG_4C000215FDA50693A4E24FB1AFCFC6EB0764782500010002D8,3.0,Yes,mattress,0.5
5022487,ANCHOR_01,52:06:26:03:01:DA,-82,MFG_4C000215FDA50693A4E24FB1AFCFC6EB0764782500010002D8,3.0,Yes,mattress,0.5
5023517,ANCHOR_01,52:06:26:03:01:DA,-79,MFG_4C000215FDA50693A4E24FB1AFCFC6EB0764782500010002D8,3.0,Yes,mattress,0.5
5024507,ANCHOR_01,52:06:26:03:01:DA,-81,MFG_4C000215FDA50693A4E24FB1AFCFC6EB0764782500010002D8,3.0,Yes,mattress,0.5
5025497,ANCHOR_01,52:06:26:03:01:DA,-79,MFG_4C000215FDA50693A4E24FB1AFCFC6EB0764782500010002D8,3.0,Yes,mattress,0.5
5026517,ANCHOR_01,52:06:26:03:01:DA,-70,MFG_4C000215FDA50693A4E24FB1AFCFC6EB0764782500010002D8,3.0,Yes,mattress,0.5
5027537,ANCHOR_01,52:06:26:03:01:DA,-84,MFG_4C000215FDA50693A4E24FB1AFCFC6EB0764782500010002D8,3.0,Yes,mattress,0.5
5028527,ANCHOR_01,52:06:26:03:01:DA,-85,MFG_4C000215FDA50693A4E24FB1AFCFC6EB0764782500010002D8,3.0,Yes,mattress,0.5
5029547,ANCHOR_01,52:06:26:03:01:DA,-79,MFG_4C000215FDA50693A4E24FB1AFCFC6EB0764782500010002D8,3.0,Yes,mattress,0.5
5030537,ANCHOR_01,52:06:26:03:01:DA,-80,MFG_4C000215FDA50693A4E24FB1AFCFC6EB0764782500010002D8,3.0,Yes,mattress,0.5
5031557,ANCHOR_01,52:06:26:03:01:DA,-69,MFG_4C000215FDA50693A4E24FB1AFCFC6EB0764782500010002D8,3.0,Yes,mattress,0.5
5032547,ANCHOR_01,52:06:26:03:01:DA,-70,MFG_4C000215FDA50693A4E24FB1AFCFC6EB0764782500010002D8,3.0,Yes,mattress,0.5
5033567,ANCHOR_01,52:06:26:03:01:DA,-84,MFG_4C000215FDA50693A4E24FB1AFCFC6EB0764782500010002D8,3.0,Yes,mattress,0.5
5035577,ANCHOR_01,52:06:26:03:01:DA,-79,MFG_4C000215FDA50693A4E24FB1AFCFC6EB0764782500010002D8,3.0,Yes,mattress,0.5
5036567,ANCHOR_01,52:06:26:03:01:DA,-70,MFG_4C000215FDA50693A4E24FB1AFCFC6EB0764782500010002D8,3.0,Yes,mattress,0.5
5037587,ANCHOR_01,52:06:26:03:01:DA,-69,MFG_4C000215FDA50693A4E24FB1AFCFC6EB0764782500010002D8,3.0,Yes,mattress,0.5
5038607,ANCHOR_01,52:06:26:03:01:DA,-83,MFG_4C000215FDA50693A4E24FB1AFCFC6EB0764782500010002D8,3.0,Yes,mattress,0.5
5039597,ANCHOR_01,52:06:26:03:01:DA,-86,MFG_4C000215FDA50693A4E24FB1AFCFC6EB0764782500010002D8,3.0,Yes,mattress,0.5
5040617,ANCHOR_01,52:06:26:03:01:DA,-80,MFG_4C000215FDA50693A4E24FB1AFCFC6EB0764782500010002D8,3.0,Yes,mattress,0.5
5042627,ANCHOR_01,52:06:26:03:01:DA,-70,MFG_4C000215FDA50693A4E24FB1AFCFC6EB0764782500010002D8,3.0,Yes,mattress,0.5
5043617,ANCHOR_01,52:06:26:03:01:DA,-70,MFG_4C000215FDA50693A4E24FB1AFCFC6EB0764782500010002D8,3.0,Yes,mattress,0.5
5044617,ANCHOR_01,52:06:26:03:01:DA,-83,MFG_4C000215FDA50693A4E24FB1AFCFC6EB0764782500010002D8,3.0,Yes,mattress,0.5
5045627,ANCHOR_01,52:06:26:03:01:DA,-83,MFG_4C000215FDA50693A4E24FB1AFCFC6EB0764782500010002D8,3.0,Yes,mattress,0.5
5046647,ANCHOR_01,52:06:26:03:01:DA,-80,MFG_4C000215FDA50693A4E24FB1AFCFC6EB0764782500010002D8,3.0,Yes,mattress,0.5
5047637,ANCHOR_01,52:06:26:03:01:DA,-79,MFG_4C000215FDA50693A4E24FB1AFCFC6EB0764782500010002D8,3.0,Yes,mattress,0.5
5048657,ANCHOR_01,52:06:26:03:01:DA,-70,MFG_4C000215FDA50693A4E24FB1AFCFC6EB0764782500010002D8,3.0,Yes,mattress,0.5
5050667,ANCHOR_01,52:06:26:03:01:DA,-84,MFG_4C000215FDA50693A4E24FB1AFCFC6EB0764782500010002D8,3.0,Yes,mattress,0.5
5052677,ANCHOR_01,52:06:26:03:01:DA,-79,MFG_4C000215FDA50693A4E24FB1AFCFC6EB0764782500010002D8,3.0,Yes,mattress,0.5
5053667,ANCHOR_01,52:06:26:03:01:DA,-79,MFG_4C000215FDA50693A4E24FB1AFCFC6EB0764782500010002D8,3.0,Yes,mattress,0.5
5054687,ANCHOR_01,52:06:26:03:01:DA,-70,MFG_4C000215FDA50693A4E24FB1AFCFC6EB0764782500010002D8,3.0,Yes,mattress,0.5
5055677,ANCHOR_01,52:06:26:03:01:DA,-83,MFG_4C000215FDA50693A4E24FB1AFCFC6EB0764782500010002D8,3.0,Yes,mattress,0.5
5056697,ANCHOR_01,52:06:26:03:01:DA,-84,MFG_4C000215FDA50693A4E24FB1AFCFC6EB0764782500010002D8,3.0,Yes,mattress,0.5
5057687,ANCHOR_01,52:06:26:03:01:DA,-83,MFG_4C000215FDA50693A4E24FB1AFCFC6EB0764782500010002D8,3.0,Yes,mattress,0.5
5058707,ANCHOR_01,52:06:26:03:01:DA,-79,MFG_4C000215FDA50693A4E24FB1AFCFC6EB0764782500010002D8,3.0,Yes,mattress,0.5
5059697,ANCHOR_01,52:06:26:03:01:DA,-80,MFG_4C000215FDA50693A4E24FB1AFCFC6EB0764782500010002D8,3.0,Yes,mattress,0.5
5060697,ANCHOR_01,52:06:26:03:01:DA,-70,MFG_4C000215FDA50693A4E24FB1AFCFC6EB0764782500010002D8,3.0,Yes,mattress,0.5
5062727,ANCHOR_01,52:06:26:03:01:DA,-85,MFG_4C000215FDA50693A4E24FB1AFCFC6EB0764782500010002D8,3.0,Yes,mattress,0.5
5063707,ANCHOR_01,52:06:26:03:01:DA,-83,MFG_4C000215FDA50693A4E24FB1AFCFC6EB0764782500010002D8,3.0,Yes,mattress,0.5
5064737,ANCHOR_01,52:06:26:03:01:DA,-80,MFG_4C000215FDA50693A4E24FB1AFCFC6EB0764782500010002D8,3.0,Yes,mattress,0.5
5065727,ANCHOR_01,52:06:26:03:01:DA,-79,MFG_4C000215FDA50693A4E24FB1AFCFC6EB0764782500010002D8,3.0,Yes,mattress,0.5
5066747,ANCHOR_01,52:06:26:03:01:DA,-70,MFG_4C000215FDA50693A4E24FB1AFCFC6EB0764782500010002D8,3.0,Yes,mattress,0.5
5067737,ANCHOR_01,52:06:26:03:01:DA,-69,MFG_4C000215FDA50693A4E24FB1AFCFC6EB0764782500010002D8,3.0,Yes,mattress,0.5
5068757,ANCHOR_01,52:06:26:03:01:DA,-85,MFG_4C000215FDA50693A4E24FB1AFCFC6EB0764782500010002D8,3.0,Yes,mattress,0.5
5069747,ANCHOR_01,52:06:26:03:01:DA,-84,MFG_4C000215FDA50693A4E24FB1AFCFC6EB0764782500010002D8,3.0,Yes,mattress,0.5
5070767,ANCHOR_01,52:06:26:03:01:DA,-79,MFG_4C000215FDA50693A4E24FB1AFCFC6EB0764782500010002D8,3.0,Yes,mattress,0.5
5071757,ANCHOR_01,52:06:26:03:01:DA,-79,MFG_4C000215FDA50693A4E24FB1AFCFC6EB0764782500010002D8,3.0,Yes,mattress,0.5
5072777,ANCHOR_01,52:06:26:03:01:DA,-70,MFG_4C000215FDA50693A4E24FB1AFCFC6EB0764782500010002D8,3.0,Yes,mattress,0.5
5074787,ANCHOR_01,52:06:26:03:01:DA,-85,MFG_4C000215FDA50693A4E24FB1AFCFC6EB0764782500010002D8,3.0,Yes,mattress,0.5
5076797,ANCHOR_01,52:06:26:03:01:DA,-79,MFG_4C000215FDA50693A4E24FB1AFCFC6EB0764782500010002D8,3.0,Yes,mattress,0.5
5078797,ANCHOR_01,52:06:26:03:01:DA,-70,MFG_4C000215FDA50693A4E24FB1AFCFC6EB0764782500010002D8,3.0,Yes,mattress,0.5
5079827,ANCHOR_01,52:06:26:03:01:DA,-84,MFG_4C000215FDA50693A4E24FB1AFCFC6EB0764782500010002D8,3.0,Yes,mattress,0.5
5080807,ANCHOR_01,52:06:26:03:01:DA,-84,MFG_4C000215FDA50693A4E24FB1AFCFC6EB0764782500010002D8,3.0,Yes,mattress,0.5
5082827,ANCHOR_01,52:06:26:03:01:DA,-79,MFG_4C000215FDA50693A4E24FB1AFCFC6EB0764782500010002D8,3.0,Yes,mattress,0.5
5083817,ANCHOR_01,52:06:26:03:01:DA,-79,MFG_4C000215FDA50693A4E24FB1AFCFC6EB0764782500010002D8,3.0,Yes,mattress,0.5
5084827,ANCHOR_01,52:06:26:03:01:DA,-70,MFG_4C000215FDA50693A4E24FB1AFCFC6EB0764782500010002D8,3.0,Yes,mattress,0.5
5085837,ANCHOR_01,52:06:26:03:01:DA,-87,MFG_4C000215FDA50693A4E24FB1AFCFC6EB0764782500010002D8,3.0,Yes,mattress,0.5
5086847,ANCHOR_01,52:06:26:03:01:DA,-84,MFG_4C000215FDA50693A4E24FB1AFCFC6EB0764782500010002D8,3.0,Yes,mattress,0.5
5087867,ANCHOR_01,52:06:26:03:01:DA,-78,MFG_4C000215FDA50693A4E24FB1AFCFC6EB0764782500010002D8,3.0,Yes,mattress,0.5
5088857,ANCHOR_01,52:06:26:03:01:DA,-78,MFG_4C000215FDA50693A4E24FB1AFCFC6EB0764782500010002D8,3.0,Yes,mattress,0.5
5089847,ANCHOR_01,52:06:26:03:01:DA,-78,MFG_4C000215FDA50693A4E24FB1AFCFC6EB0764782500010002D8,3.0,Yes,mattress,0.5
5090867,ANCHOR_01,52:06:26:03:01:DA,-70,MFG_4C000215FDA50693A4E24FB1AFCFC6EB0764782500010002D8,3.0,Yes,mattress,0.5
5091847,ANCHOR_01,52:06:26:03:01:DA,-70,MFG_4C000215FDA50693A4E24FB1AFCFC6EB0764782500010002D8,3.0,Yes,mattress,0.5
5092857,ANCHOR_01,52:06:26:03:01:DA,-87,MFG_4C000215FDA50693A4E24FB1AFCFC6EB0764782500010002D8,3.0,Yes,mattress,0.5
5094867,ANCHOR_01,52:06:26:03:01:DA,-79,MFG_4C000215FDA50693A4E24FB1AFCFC6EB0764782500010002D8,3.0,Yes,mattress,0.5
5095887,ANCHOR_01,52:06:26:03:01:DA,-69,MFG_4C000215FDA50693A4E24FB1AFCFC6EB0764782500010002D8,3.0,Yes,mattress,0.5
5096897,ANCHOR_01,52:06:26:03:01:DA,-69,MFG_4C000215FDA50693A4E24FB1AFCFC6EB0764782500010002D8,3.0,Yes,mattress,0.5
5097897,ANCHOR_01,52:06:26:03:01:DA,-86,MFG_4C000215FDA50693A4E24FB1AFCFC6EB0764782500010002D8,3.0,Yes,mattress,0.5
5098897,ANCHOR_01,52:06:26:03:01:DA,-86,MFG_4C000215FDA50693A4E24FB1AFCFC6EB0764782500010002D8,3.0,Yes,mattress,0.5
5099927,ANCHOR_01,52:06:26:03:01:DA,-78,MFG_4C000215FDA50693A4E24FB1AFCFC6EB0764782500010002D8,3.0,Yes,mattress,0.5
5100917,ANCHOR_01,52:06:26:03:01:DA,-81,MFG_4C000215FDA50693A4E24FB1AFCFC6EB0764782500010002D8,3.0,Yes,mattress,0.5
5102927,ANCHOR_01,52:06:26:03:01:DA,-69,MFG_4C000215FDA50693A4E24FB1AFCFC6EB0764782500010002D8,3.0,Yes,mattress,0.5
5104937,ANCHOR_01,52:06:26:03:01:DA,-78,MFG_4C000215FDA50693A4E24FB1AFCFC6EB0764782500010002D8,3.0,Yes,mattress,0.5
5105927,ANCHOR_01,52:06:26:03:01:DA,-84,MFG_4C000215FDA50693A4E24FB1AFCFC6EB0764782500010002D8,3.0,Yes,mattress,0.5
5106937,ANCHOR_01,52:06:26:03:01:DA,-81,MFG_4C000215FDA50693A4E24FB1AFCFC6EB0764782500010002D8,3.0,Yes,mattress,0.5
5107937,ANCHOR_01,52:06:26:03:01:DA,-76,MFG_4C000215FDA50693A4E24FB1AFCFC6EB0764782500010002D8,3.0,Yes,mattress,0.5
5108957,ANCHOR_01,52:06:26:03:01:DA,-70,MFG_4C000215FDA50693A4E24FB1AFCFC6EB0764782500010002D8,3.0,Yes,mattress,0.5
5109947,ANCHOR_01,52:06:26:03:01:DA,-70,MFG_4C000215FDA50693A4E24FB1AFCFC6EB0764782500010002D8,3.0,Yes,mattress,0.5
5111957,ANCHOR_01,52:06:26:03:01:DA,-81,MFG_4C000215FDA50693A4E24FB1AFCFC6EB0764782500010002D8,3.0,Yes,mattress,0.5
5113947,ANCHOR_01,52:06:26:03:01:DA,-74,MFG_4C000215FDA50693A4E24FB1AFCFC6EB0764782500010002D8,3.0,Yes,mattress,0.5
5115977,ANCHOR_01,52:06:26:03:01:DA,-69,MFG_4C000215FDA50693A4E24FB1AFCFC6EB0764782500010002D8,3.0,Yes,mattress,0.5
5116997,ANCHOR_01,52:06:26:03:01:DA,-83,MFG_4C000215FDA50693A4E24FB1AFCFC6EB0764782500010002D8,3.0,Yes,mattress,0.5
