timestamp,anchor,mac,rssi,name,distance_m,obstacle,obstacle_type
8217,ANCHOR_01,52:06:26:03:01:DA,-82,MFG_4C000215FDA50693A4E24FB1AFCFC6EB0764782500010002D8,3.0,Yes,tape  measure
9207,ANCHOR_01,52:06:26:03:01:DA,-81,MFG_4C000215FDA50693A4E24FB1AFCFC6EB0764782500010002D8,3.0,Yes,tape  measure
10227,ANCHOR_01,52:06:26:03:01:DA,-90,MFG_4C000215FDA50693A4E24FB1AFCFC6EB0764782500010002D8,3.0,Yes,tape  measure
11217,ANCHOR_01,52:06:26:03:01:DA,-93,MFG_4C000215FDA50693A4E24FB1AFCFC6EB0764782500010002D8,3.0,Yes,tape  measure
12237,ANCHOR_01,52:06:26:03:01:DA,-78,MFG_4C000215FDA50693A4E24FB1AFCFC6EB0764782500010002D8,3.0,Yes,tape  measure
13227,ANCHOR_01,52:06:26:03:01:DA,-81,MFG_4C000215FDA50693A4E24FB1AFCFC6EB0764782500010002D8,3.0,Yes,tape  measure
14247,ANCHOR_01,52:06:26:03:01:DA,-81,MFG_4C000215FDA50693A4E24FB1AFCFC6EB0764782500010002D8,3.0,Yes,tape  measure
15237,ANCHOR_01,52:06:26:03:01:DA,-81,MFG_4C000215FDA50693A4E24FB1AFCFC6EB0764782500010002D8,3.0,Yes,tape  measure
16227,ANCHOR_01,52:06:26:03:01:DA,-79,MFG_4C000215FDA50693A4E24FB1AFCFC6EB0764782500010002D8,3.0,Yes,tape  measure
17247,ANCHOR_01,52:06:26:03:01:DA,-83,MFG_4C000215FDA50693A4E24FB1AFCFC6EB0764782500010002D8,3.0,Yes,tape  measure
18237,ANCHOR_01,52:06:26:03:01:DA,-87,MFG_4C000215FDA50693A4E24FB1AFCFC6EB0764782500010002D8,3.0,Yes,tape  measure
19257,ANCHOR_01,52:06:26:03:01:DA,-81,MFG_4C000215FDA50693A4E24FB1AFCFC6EB0764782500010002D8,3.0,Yes,tape  measure
20247,ANCHOR_01,52:06:26:03:01:DA,-78,MFG_4C000215FDA50693A4E24FB1AFCFC6EB0764782500010002D8,3.0,Yes,tape  measure
21267,ANCHOR_01,52:06:26:03:01:DA,-82,MFG_4C000215FDA50693A4E24FB1AFCFC6EB0764782500010002D8,3.0,Yes,tape  measure
22257,ANCHOR_01,52:06:26:03:01:DA,-82,MFG_4C000215FDA50693A4E24FB1AFCFC6EB0764782500010002D8,3.0,Yes,tape  measure
23277,ANCHOR_01,52:06:26:03:01:DA,-91,MFG_4C000215FDA50693A4E24FB1AFCFC6EB0764782500010002D8,3.0,Yes,tape  measure
24267,ANCHOR_01,52:06:26:03:01:DA,-92,MFG_4C000215FDA50693A4E24FB1AFCFC6EB0764782500010002D8,3.0,Yes,tape  measure
25287,ANCHOR_01,52:06:26:03:01:DA,-78,MFG_4C000215FDA50693A4E24FB1AFCFC6EB0764782500010002D8,3.0,Yes,tape  measure
26277,ANCHOR_01,52:06:26:03:01:DA,-78,MFG_4C000215FDA50693A4E24FB1AFCFC6EB0764782500010002D8,3.0,Yes,tape  measure
27297,ANCHOR_01,52:06:26:03:01:DA,-82,MFG_4C000215FDA50693A4E24FB1AFCFC6EB0764782500010002D8,3.0,Yes,tape  measure
28287,ANCHOR_01,52:06:26:03:01:DA,-81,MFG_4C000215FDA50693A4E24FB1AFCFC6EB0764782500010002D8,3.0,Yes,tape  measure
29307,ANCHOR_01,52:06:26:03:01:DA,-92,MFG_4C000215FDA50693A4E24FB1AFCFC6EB0764782500010002D8,3.0,Yes,tape  measure
30297,ANCHOR_01,52:06:26:03:01:DA,-91,MFG_4C000215FDA50693A4E24FB1AFCFC6EB0764782500010002D8,3.0,Yes,tape  measure
31317,ANCHOR_01,52:06:26:03:01:DA,-78,MFG_4C000215FDA50693A4E24FB1AFCFC6EB0764782500010002D8,3.0,Yes,tape  measure
32307,ANCHOR_01,52:06:26:03:01:DA,-78,MFG_4C000215FDA50693A4E24FB1AFCFC6EB0764782500010002D8,3.0,Yes,tape  measure
33297,ANCHOR_01,52:06:26:03:01:DA,-79,MFG_4C000215FDA50693A4E24FB1AFCFC6EB0764782500010002D8,3.0,Yes,tape  measure
34317,ANCHOR_01,52:06:26:03:01:DA,-82,MFG_4C000215FDA50693A4E24FB1AFCFC6EB0764782500010002D8,3.0,Yes,tape  measure
36327,ANCHOR_01,52:06:26:03:01:DA,-91,MFG_4C000215FDA50693A4E24FB1AFCFC6EB0764782500010002D8,3.0,Yes,tape  measure
38337,ANCHOR_01,52:06:26:03:01:DA,-78,MFG_4C000215FDA50693A4E24FB1AFCFC6EB0764782500010002D8,3.0,Yes,tape  measure
39357,ANCHOR_01,52:06:26:03:01:DA,-80,MFG_4C000215FDA50693A4E24FB1AFCFC6EB0764782500010002D8,3.0,Yes,tape  measure
40347,ANCHOR_01,52:06:26:03:01:DA,-81,MFG_4C000215FDA50693A4E24FB1AFCFC6EB0764782500010002D8,3.0,Yes,tape  measure
42357,ANCHOR_01,52:06:26:03:01:DA,-92,MFG_4C000215FDA50693A4E24FB1AFCFC6EB0764782500010002D8,3.0,Yes,tape  measure
44367,ANCHOR_01,52:06:26:03:01:DA,-79,MFG_4C000215FDA50693A4E24FB1AFCFC6EB0764782500010002D8,3.0,Yes,tape  measure
45357,ANCHOR_01,52:06:26:03:01:DA,-79,MFG_4C000215FDA50693A4E24FB1AFCFC6EB0764782500010002D8,3.0,Yes,tape  measure
46377,ANCHOR_01,52:06:26:03:01:DA,-80,MFG_4C000215FDA50693A4E24FB1AFCFC6EB0764782500010002D8,3.0,Yes,tape  measure
47367,ANCHOR_01,52:06:26:03:01:DA,-81,MFG_4C000215FDA50693A4E24FB1AFCFC6EB0764782500010002D8,3.0,Yes,tape  measure
48387,ANCHOR_01,52:06:26:03:01:DA,-91,MFG_4C000215FDA50693A4E24FB1AFCFC6EB0764782500010002D8,3.0,Yes,tape  measure
49377,ANCHOR_01,52:06:26:03:01:DA,-92,MFG_4C000215FDA50693A4E24FB1AFCFC6EB0764782500010002D8,3.0,Yes,tape  measure
50397,ANCHOR_01,52:06:26:03:01:DA,-79,MFG_4C000215FDA50693A4E24FB1AFCFC6EB0764782500010002D8,3.0,Yes,tape  measure
51387,ANCHOR_01,52:06:26:03:01:DA,-79,MFG_4C000215FDA50693A4E24FB1AFCFC6EB0764782500010002D8,3.0,Yes,tape  measure
52407,ANCHOR_01,52:06:26:03:01:DA,-80,MFG_4C000215FDA50693A4E24FB1AFCFC6EB0764782500010002D8,3.0,Yes,tape  measure
53397,ANCHOR_01,52:06:26:03:01:DA,-80,MFG_4C000215FDA50693A4E24FB1AFCFC6EB0764782500010002D8,3.0,Yes,tape  measure
54417,ANCHOR_01,52:06:26:03:01:DA,-92,MFG_4C000215FDA50693A4E24FB1AFCFC6EB0764782500010002D8,3.0,Yes,tape  measure
56427,ANCHOR_01,52:06:26:03:01:DA,-79,MFG_4C000215FDA50693A4E24FB1AFCFC6EB0764782500010002D8,3.0,Yes,tape  measure
58437,ANCHOR_01,52:06:26:03:01:DA,-81,MFG_4C000215FDA50693A4E24FB1AFCFC6EB0764782500010002D8,3.0,Yes,tape  measure
59427,ANCHOR_01,52:06:26:03:01:DA,-80,MFG_4C000215FDA50693A4E24FB1AFCFC6EB0764782500010002D8,3.0,Yes,tape  measure
60447,ANCHOR_01,52:06:26:03:01:DA,-92,MFG_4C000215FDA50693A4E24FB1AFCFC6EB0764782500010002D8,3.0,Yes,tape  measure
61437,ANCHOR_01,52:06:26:03:01:DA,-91,MFG_4C000215FDA50693A4E24FB1AFCFC6EB0764782500010002D8,3.0,Yes,tape  measure
62457,ANCHOR_01,52:06:26:03:01:DA,-80,MFG_4C000215FDA50693A4E24FB1AFCFC6EB0764782500010002D8,3.0,Yes,tape  measure
64467,ANCHOR_01,52:06:26:03:01:DA,-81,MFG_4C000215FDA50693A4E24FB1AFCFC6EB0764782500010002D8,3.0,Yes,tape  measure
65457,ANCHOR_01,52:06:26:03:01:DA,-81,MFG_4C000215FDA50693A4E24FB1AFCFC6EB0764782500010002D8,3.0,Yes,tape  measure
66477,ANCHOR_01,52:06:26:03:01:DA,-95,MFG_4C000215FDA50693A4E24FB1AFCFC6EB0764782500010002D8,3.0,Yes,tape  measure
67467,ANCHOR_01,52:06:26:03:01:DA,-94,MFG_4C000215FDA50693A4E24FB1AFCFC6EB0764782500010002D8,3.0,Yes,tape  measure
68487,ANCHOR_01,52:06:26:03:01:DA,-79,MFG_4C000215FDA50693A4E24FB1AFCFC6EB0764782500010002D8,3.0,Yes,tape  measure
69477,ANCHOR_01,52:06:26:03:01:DA,-79,MFG_4C000215FDA50693A4E24FB1AFCFC6EB0764782500010002D8,3.0,Yes,tape  measure
70497,ANCHOR_01,52:06:26:03:01:DA,-80,MFG_4C000215FDA50693A4E24FB1AFCFC6EB0764782500010002D8,3.0,Yes,tape  measure
71487,ANCHOR_01,52:06:26:03:01:DA,-81,MFG_4C000215FDA50693A4E24FB1AFCFC6EB0764782500010002D8,3.0,Yes,tape  measure
73497,ANCHOR_01,52:06:26:03:01:DA,-92,MFG_4C000215FDA50693A4E24FB1AFCFC6EB0764782500010002D8,3.0,Yes,tape  measure
74487,ANCHOR_01,52:06:26:03:01:DA,-93,MFG_4C000215FDA50693A4E24FB1AFCFC6EB0764782500010002D8,3.0,Yes,tape  measure
75507,ANCHOR_01,52:06:26:03:01:DA,-80,MFG_4C000215FDA50693A4E24FB1AFCFC6EB0764782500010002D8,3.0,Yes,tape  measure
76527,ANCHOR_01,52:06:26:03:01:DA,-81,MFG_4C000215FDA50693A4E24FB1AFCFC6EB0764782500010002D8,3.0,Yes,tape  measure
77517,ANCHOR_01,52:06:26:03:01:DA,-82,MFG_4C000215FDA50693A4E24FB1AFCFC6EB0764782500010002D8,3.0,Yes,tape  measure
78537,ANCHOR_01,52:06:26:03:01:DA,-94,MFG_4C000215FDA50693A4E24FB1AFCFC6EB0764782500010002D8,3.0,Yes,tape  measure
79527,ANCHOR_01,52:06:26:03:01:DA,-93,MFG_4C000215FDA50693A4E24FB1AFCFC6EB0764782500010002D8,3.0,Yes,tape  measure
81537,ANCHOR_01,52:06:26:03:01:DA,-79,MFG_4C000215FDA50693A4E24FB1AFCFC6EB0764782500010002D8,3.0,Yes,tape  measure
82557,ANCHOR_01,52:06:26:03:01:DA,-80,MFG_4C000215FDA50693A4E24FB1AFCFC6EB0764782500010002D8,3.0,Yes,tape  measure
83547,ANCHOR_01,52:06:26:03:01:DA,-81,MFG_4C000215FDA50693A4E24FB1AFCFC6EB0764782500010002D8,3.0,Yes,tape  measure
84567,ANCHOR_01,52:06:26:03:01:DA,-93,MFG_4C000215FDA50693A4E24FB1AFCFC6EB0764782500010002D8,3.0,Yes,tape  measure
85557,ANCHOR_01,52:06:26:03:01:DA,-92,MFG_4C000215FDA50693A4E24FB1AFCFC6EB0764782500010002D8,3.0,Yes,tape  measure
86577,ANCHOR_01,52:06:26:03:01:DA,-79,MFG_4C000215FDA50693A4E24FB1AFCFC6EB0764782500010002D8,3.0,Yes,tape  measure
87567,ANCHOR_01,52:06:26:03:01:DA,-80,MFG_4C000215FDA50693A4E24FB1AFCFC6EB0764782500010002D8,3.0,Yes,tape  measure
88587,ANCHOR_01,52:06:26:03:01:DA,-82,MFG_4C000215FDA50693A4E24FB1AFCFC6EB0764782500010002D8,3.0,Yes,tape  measure
89577,ANCHOR_01,52:06:26:03:01:DA,-81,MFG_4C000215FDA50693A4E24FB1AFCFC6EB0764782500010002D8,3.0,Yes,tape  measure
90597,ANCHOR_01,52:06:26:03:01:DA,-92,MFG_4C000215FDA50693A4E24FB1AFCFC6EB0764782500010002D8,3.0,Yes,tape  measure
91587,ANCHOR_01,52:06:26:03:01:DA,-92,MFG_4C000215FDA50693A4E24FB1AFCFC6EB0764782500010002D8,3.0,Yes,tape  measure
92607,ANCHOR_01,52:06:26:03:01:DA,-80,MFG_4C000215FDA50693A4E24FB1AFCFC6EB0764782500010002D8,3.0,Yes,tape  measure
93597,ANCHOR_01,52:06:26:03:01:DA,-80,MFG_4C000215FDA50693A4E24FB1AFCFC6EB0764782500010002D8,3.0,Yes,tape  measure
94617,ANCHOR_01,52:06:26:03:01:DA,-81,MFG_4C000215FDA50693A4E24FB1AFCFC6EB0764782500010002D8,3.0,Yes,tape  measure
95607,ANCHOR_01,52:06:26:03:01:DA,-83,MFG_4C000215FDA50693A4E24FB1AFCFC6EB0764782500010002D8,3.0,Yes,tape  measure
96627,ANCHOR_01,52:06:26:03:01:DA,-91,MFG_4C000215FDA50693A4E24FB1AFCFC6EB0764782500010002D8,3.0,Yes,tape  measure
97617,ANCHOR_01,52:06:26:03:01:DA,-93,MFG_4C000215FDA50693A4E24FB1AFCFC6EB0764782500010002D8,3.0,Yes,tape  measure
98637,ANCHOR_01,52:06:26:03:01:DA,-79,MFG_4C000215FDA50693A4E24FB1AFCFC6EB0764782500010002D8,3.0,Yes,tape  measure
99627,ANCHOR_01,52:06:26:03:01:DA,-79,MFG_4C000215FDA50693A4E24FB1AFCFC6EB0764782500010002D8,3.0,Yes,tape  measure
100647,ANCHOR_01,52:06:26:03:01:DA,-80,MFG_4C000215FDA50693A4E24FB1AFCFC6EB0764782500010002D8,3.0,Yes,tape  measure
102657,ANCHOR_01,52:06:26:03:01:DA,-92,MFG_4C000215FDA50693A4E24FB1AFCFC6EB0764782500010002D8,3.0,Yes,tape  measure
103647,ANCHOR_01,52:06:26:03:01:DA,-91,MFG_4C000215FDA50693A4E24FB1AFCFC6EB0764782500010002D8,3.0,Yes,tape  measure
104667,ANCHOR_01,52:06:26:03:01:DA,-79,MFG_4C000215FDA50693A4E24FB1AFCFC6EB0764782500010002D8,3.0,Yes,tape  measure
105657,ANCHOR_01,52:06:26:03:01:DA,-80,MFG_4C000215FDA50693A4E24FB1AFCFC6EB0764782500010002D8,3.0,Yes,tape  measure
106677,ANCHOR_01,52:06:26:03:01:DA,-82,MFG_4C000215FDA50693A4E24FB1AFCFC6EB0764782500010002D8,3.0,Yes,tape  measure
108687,ANCHOR_01,52:06:26:03:01:DA,-92,MFG_4C000215FDA50693A4E24FB1AFCFC6EB0764782500010002D8,3.0,Yes,tape  measure
109707,ANCHOR_01,52:06:26:03:01:DA,-78,MFG_4C000215FDA50693A4E24FB1AFCFC6EB0764782500010002D8,3.0,Yes,tape  measure
110697,ANCHOR_01,52:06:26:03:01:DA,-78,MFG_4C000215FDA50693A4E24FB1AFCFC6EB0764782500010002D8,3.0,Yes,tape  measure
111717,ANCHOR_01,52:06:26:03:01:DA,-81,MFG_4C000215FDA50693A4E24FB1AFCFC6EB0764782500010002D8,3.0,Yes,tape  measure
112707,ANCHOR_01,52:06:26:03:01:DA,-81,MFG_4C000215FDA50693A4E24FB1AFCFC6EB0764782500010002D8,3.0,Yes,tape  measure
114717,ANCHOR_01,52:06:26:03:01:DA,-91,MFG_4C000215FDA50693A4E24FB1AFCFC6EB0764782500010002D8,3.0,Yes,tape  measure
115737,ANCHOR_01,52:06:26:03:01:DA,-78,MFG_4C000215FDA50693A4E24FB1AFCFC6EB0764782500010002D8,3.0,Yes,tape  measure
116727,ANCHOR_01,52:06:26:03:01:DA,-79,MFG_4C000215FDA50693A4E24FB1AFCFC6EB0764782500010002D8,3.0,Yes,tape  measure
117747,ANCHOR_01,52:06:26:03:01:DA,-82,MFG_4C000215FDA50693A4E24FB1AFCFC6EB0764782500010002D8,3.0,Yes,tape  measure
118737,ANCHOR_01,52:06:26:03:01:DA,-82,MFG_4C000215FDA50693A4E24FB1AFCFC6EB0764782500010002D8,3.0,Yes,tape  measure
119757,ANCHOR_01,52:06:26:03:01:DA,-98,MFG_4C000215FDA50693A4E24FB1AFCFC6EB0764782500010002D8,3.0,Yes,tape  measure
120747,ANCHOR_01,52:06:26:03:01:DA,-92,MFG_4C000215FDA50693A4E24FB1AFCFC6EB0764782500010002D8,3.0,Yes,tape  measure
121767,ANCHOR_01,52:06:26:03:01:DA,-80,MFG_4C000215FDA50693A4E24FB1AFCFC6EB0764782500010002D8,3.0,Yes,tape  measure
123777,ANCHOR_01,52:06:26:03:01:DA,-81,MFG_4C000215FDA50693A4E24FB1AFCFC6EB0764782500010002D8,3.0,Yes,tape  measure
125787,ANCHOR_01,52:06:26:03:01:DA,-92,MFG_4C000215FDA50693A4E24FB1AFCFC6EB0764782500010002D8,3.0,Yes,tape  measure
126807,ANCHOR_01,52:06:26:03:01:DA,-78,MFG_4C000215FDA50693A4E24FB1AFCFC6EB0764782500010002D8,3.0,Yes,tape  measure
127797,ANCHOR_01,52:06:26:03:01:DA,-79,MFG_4C000215FDA50693A4E24FB1AFCFC6EB0764782500010002D8,3.0,Yes,tape  measure
128817,ANCHOR_01,52:06:26:03:01:DA,-81,MFG_4C000215FDA50693A4E24FB1AFCFC6EB0764782500010002D8,3.0,Yes,tape  measure
129807,ANCHOR_01,52:06:26:03:01:DA,-82,MFG_4C000215FDA50693A4E24FB1AFCFC6EB0764782500010002D8,3.0,Yes,tape  measure
130827,ANCHOR_01,52:06:26:03:01:DA,-92,MFG_4C000215FDA50693A4E24FB1AFCFC6EB0764782500010002D8,3.0,Yes,tape  measure
131817,ANCHOR_01,52:06:26:03:01:DA,-92,MFG_4C000215FDA50693A4E24FB1AFCFC6EB0764782500010002D8,3.0,Yes,tape  measure
132837,ANCHOR_01,52:06:26:03:01:DA,-80,MFG_4C000215FDA50693A4E24FB1AFCFC6EB0764782500010002D8,3.0,Yes,tape  measure
133827,ANCHOR_01,52:06:26:03:01:DA,-78,MFG_4C000215FDA50693A4E24FB1AFCFC6EB0764782500010002D8,3.0,Yes,tape  measure
134847,ANCHOR_01,52:06:26:03:01:DA,-83,MFG_4C000215FDA50693A4E24FB1AFCFC6EB0764782500010002D8,3.0,Yes,tape  measure
135837,ANCHOR_01,52:06:26:03:01:DA,-82,MFG_4C000215FDA50693A4E24FB1AFCFC6EB0764782500010002D8,3.0,Yes,tape  measure
137847,ANCHOR_01,52:06:26:03:01:DA,-90,MFG_4C000215FDA50693A4E24FB1AFCFC6EB0764782500010002D8,3.0,Yes,tape  measure
138867,ANCHOR_01,52:06:26:03:01:DA,-79,MFG_4C000215FDA50693A4E24FB1AFCFC6EB0764782500010002D8,3.0,Yes,tape  measure
139857,ANCHOR_01,52:06:26:03:01:DA,-78,MFG_4C000215FDA50693A4E24FB1AFCFC6EB0764782500010002D8,3.0,Yes,tape  measure
140877,ANCHOR_01,52:06:26:03:01:DA,-81,MFG_4C000215FDA50693A4E24FB1AFCFC6EB0764782500010002D8,3.0,Yes,tape  measure
141867,ANCHOR_01,52:06:26:03:01:DA,-82,MFG_4C000215FDA50693A4E24FB1AFCFC6EB0764782500010002D8,3.0,Yes,tape  measure
142887,ANCHOR_01,52:06:26:03:01:DA,-92,MFG_4C000215FDA50693A4E24FB1AFCFC6EB0764782500010002D8,3.0,Yes,tape  measure
143877,ANCHOR_01,52:06:26:03:01:DA,-91,MFG_4C000215FDA50693A4E24FB1AFCFC6EB0764782500010002D8,3.0,Yes,tape  measure
144897,ANCHOR_01,52:06:26:03:01:DA,-80,MFG_4C000215FDA50693A4E24FB1AFCFC6EB0764782500010002D8,3.0,Yes,tape  measure
145887,ANCHOR_01,52:06:26:03:01:DA,-79,MFG_4C000215FDA50693A4E24FB1AFCFC6EB0764782500010002D8,3.0,Yes,tape  measure
147897,ANCHOR_01,52:06:26:03:01:DA,-82,MFG_4C000215FDA50693A4E24FB1AFCFC6EB0764782500010002D8,3.0,Yes,tape  measure
148917,ANCHOR_01,52:06:26:03:01:DA,-91,MFG_4C000215FDA50693A4E24FB1AFCFC6EB0764782500010002D8,3.0,Yes,tape  measure
149907,ANCHOR_01,52:06:26:03:01:DA,-91,MFG_4C000215FDA50693A4E24FB1AFCFC6EB0764782500010002D8,3.0,Yes,tape  measure
150927,ANCHOR_01,52:06:26:03:01:DA,-79,MFG_4C000215FDA50693A4E24FB1AFCFC6EB0764782500010002D8,3.0,Yes,tape  measure
151917,ANCHOR_01,52:06:26:03:01:DA,-80,MFG_4C000215FDA50693A4E24FB1AFCFC6EB0764782500010002D8,3.0,Yes,tape  measure
152937,ANCHOR_01,52:06:26:03:01:DA,-82,MFG_4C000215FDA50693A4E24FB1AFCFC6EB0764782500010002D8,3.0,Yes,tape  measure
154947,ANCHOR_01,52:06:26:03:01:DA,-93,MFG_4C000215FDA50693A4E24FB1AFCFC6EB0764782500010002D8,3.0,Yes,tape  measure
155937,ANCHOR_01,52:06:26:03:01:DA,-93,MFG_4C000215FDA50693A4E24FB1AFCFC6EB0764782500010002D8,3.0,Yes,tape  measure
156957,ANCHOR_01,52:06:26:03:01:DA,-80,MFG_4C000215FDA50693A4E24FB1AFCFC6EB0764782500010002D8,3.0,Yes,tape  measure
157977,ANCHOR_01,52:06:26:03:01:DA,-82,MFG_4C000215FDA50693A4E24FB1AFCFC6EB0764782500010002D8,3.0,Yes,tape  measure
158967,ANCHOR_01,52:06:26:03:01:DA,-82,MFG_4C000215FDA50693A4E24FB1AFCFC6EB0764782500010002D8,3.0,Yes,tape  measure
159987,ANCHOR_01,52:06:26:03:01:DA,-90,MFG_4C000215FDA50693A4E24FB1AFCFC6EB0764782500010002D8,3.0,Yes,tape  measure
160977,ANCHOR_01,52:06:26:03:01:DA,-93,MFG_4C000215FDA50693A4E24FB1AFCFC6EB0764782500010002D8,3.0,Yes,tape  measure
161997,ANCHOR_01,52:06:26:03:01:DA,-79,MFG_4C000215FDA50693A4E24FB1AFCFC6EB0764782500010002D8,3.0,Yes,tape  measure
162987,ANCHOR_01,52:06:26:03:01:DA,-78,MFG_4C000215FDA50693A4E24FB1AFCFC6EB0764782500010002D8,3.0,Yes,tape  measure
164007,ANCHOR_01,52:06:26:03:01:DA,-81,MFG_4C000215FDA50693A4E24FB1AFCFC6EB0764782500010002D8,3.0,Yes,tape  measure
164997,ANCHOR_01,52:06:26:03:01:DA,-82,MFG_4C000215FDA50693A4E24FB1AFCFC6EB0764782500010002D8,3.0,Yes,tape  measure
166017,ANCHOR_01,52:06:26:03:01:DA,-91,MFG_4C000215FDA50693A4E24FB1AFCFC6EB0764782500010002D8,3.0,Yes,tape  measure
167007,ANCHOR_01,52:06:26:03:01:DA,-89,MFG_4C000215FDA50693A4E24FB1AFCFC6EB0764782500010002D8,3.0,Yes,tape  measure
167997,ANCHOR_01,52:06:26:03:01:DA,-91,MFG_4C000215FDA50693A4E24FB1AFCFC6EB0764782500010002D8,3.0,Yes,tape  measure
169017,ANCHOR_01,52:06:26:03:01:DA,-80,MFG_4C000215FDA50693A4E24FB1AFCFC6EB0764782500010002D8,3.0,Yes,tape  measure
171027,ANCHOR_01,52:06:26:03:01:DA,-82,MFG_4C000215FDA50693A4E24FB1AFCFC6EB0764782500010002D8,3.0,Yes,tape  measure
172017,ANCHOR_01,52:06:26:03:01:DA,-82,MFG_4C000215FDA50693A4E24FB1AFCFC6EB0764782500010002D8,3.0,Yes,tape  measure
174057,ANCHOR_01,52:06:26:03:01:DA,-79,MFG_4C000215FDA50693A4E24FB1AFCFC6EB0764782500010002D8,3.0,Yes,tape  measure
175047,ANCHOR_01,52:06:26:03:01:DA,-78,MFG_4C000215FDA50693A4E24FB1AFCFC6EB0764782500010002D8,3.0,Yes,tape  measure
176067,ANCHOR_01,52:06:26:03:01:DA,-82,MFG_4C000215FDA50693A4E24FB1AFCFC6EB0764782500010002D8,3.0,Yes,tape  measure
177057,ANCHOR_01,52:06:26:03:01:DA,-83,MFG_4C000215FDA50693A4E24FB1AFCFC6EB0764782500010002D8,3.0,Yes,tape  measure
179067,ANCHOR_01,52:06:26:03:01:DA,-93,MFG_4C000215FDA50693A4E24FB1AFCFC6EB0764782500010002D8,3.0,Yes,tape  measure
180057,ANCHOR_01,52:06:26:03:01:DA,-92,MFG_4C000215FDA50693A4E24FB1AFCFC6EB0764782500010002D8,3.0,Yes,tape  measure
181077,ANCHOR_01,52:06:26:03:01:DA,-80,MFG_4C000215FDA50693A4E24FB1AFCFC6EB0764782500010002D8,3.0,Yes,tape  measure
182067,ANCHOR_01,52:06:26:03:01:DA,-79,MFG_4C000215FDA50693A4E24FB1AFCFC6EB0764782500010002D8,3.0,Yes,tape  measure
183087,ANCHOR_01,52:06:26:03:01:DA,-82,MFG_4C000215FDA50693A4E24FB1AFCFC6EB0764782500010002D8,3.0,Yes,tape  measure
184077,ANCHOR_01,52:06:26:03:01:DA,-82,MFG_4C000215FDA50693A4E24FB1AFCFC6EB0764782500010002D8,3.0,Yes,tape  measure
186087,ANCHOR_01,52:06:26:03:01:DA,-92,MFG_4C000215FDA50693A4E24FB1AFCFC6EB0764782500010002D8,3.0,Yes,tape  measure
187077,ANCHOR_01,52:06:26:03:01:DA,-92,MFG_4C000215FDA50693A4E24FB1AFCFC6EB0764782500010002D8,3.0,Yes,tape  measure
188097,ANCHOR_01,52:06:26:03:01:DA,-79,MFG_4C000215FDA50693A4E24FB1AFCFC6EB0764782500010002D8,3.0,Yes,tape  measure
189087,ANCHOR_01,52:06:26:03:01:DA,-79,MFG_4C000215FDA50693A4E24FB1AFCFC6EB0764782500010002D8,3.0,Yes,tape  measure
190107,ANCHOR_01,52:06:26:03:01:DA,-82,MFG_4C000215FDA50693A4E24FB1AFCFC6EB0764782500010002D8,3.0,Yes,tape  measure
191097,ANCHOR_01,52:06:26:03:01:DA,-82,MFG_4C000215FDA50693A4E24FB1AFCFC6EB0764782500010002D8,3.0,Yes,tape  measure
192117,ANCHOR_01,52:06:26:03:01:DA,-91,MFG_4C000215FDA50693A4E24FB1AFCFC6EB0764782500010002D8,3.0,Yes,tape  measure
193107,ANCHOR_01,52:06:26:03:01:DA,-89,MFG_4C000215FDA50693A4E24FB1AFCFC6EB0764782500010002D8,3.0,Yes,tape  measure
194127,ANCHOR_01,52:06:26:03:01:DA,-79,MFG_4C000215FDA50693A4E24FB1AFCFC6EB0764782500010002D8,3.0,Yes,tape  measure
195117,ANCHOR_01,52:06:26:03:01:DA,-80,MFG_4C000215FDA50693A4E24FB1AFCFC6EB0764782500010002D8,3.0,Yes,tape  measure
196137,ANCHOR_01,52:06:26:03:01:DA,-82,MFG_4C000215FDA50693A4E24FB1AFCFC6EB0764782500010002D8,3.0,Yes,tape  measure
197127,ANCHOR_01,52:06:26:03:01:DA,-82,MFG_4C000215FDA50693A4E24FB1AFCFC6EB0764782500010002D8,3.0,Yes,tape  measure
198147,ANCHOR_01,52:06:26:03:01:DA,-92,MFG_4C000215FDA50693A4E24FB1AFCFC6EB0764782500010002D8,3.0,Yes,tape  measure
199137,ANCHOR_01,52:06:26:03:01:DA,-91,MFG_4C000215FDA50693A4E24FB1AFCFC6EB0764782500010002D8,3.0,Yes,tape  measure
200157,ANCHOR_01,52:06:26:03:01:DA,-80,MFG_4C000215FDA50693A4E24FB1AFCFC6EB0764782500010002D8,3.0,Yes,tape  measure
201147,ANCHOR_01,52:06:26:03:01:DA,-79,MFG_4C000215FDA50693A4E24FB1AFCFC6EB0764782500010002D8,3.0,Yes,tape  measure
202167,ANCHOR_01,52:06:26:03:01:DA,-82,MFG_4C000215FDA50693A4E24FB1AFCFC6EB0764782500010002D8,3.0,Yes,tape  measure
203157,ANCHOR_01,52:06:26:03:01:DA,-81,MFG_4C000215FDA50693A4E24FB1AFCFC6EB0764782500010002D8,3.0,Yes,tape  measure
204177,ANCHOR_01,52:06:26:03:01:DA,-92,MFG_4C000215FDA50693A4E24FB1AFCFC6EB0764782500010002D8,3.0,Yes,tape  measure
205167,ANCHOR_01,52:06:26:03:01:DA,-93,MFG_4C000215FDA50693A4E24FB1AFCFC6EB0764782500010002D8,3.0,Yes,tape  measure
206187,ANCHOR_01,52:06:26:03:01:DA,-80,MFG_4C000215FDA50693A4E24FB1AFCFC6EB0764782500010002D8,3.0,Yes,tape  measure
207177,ANCHOR_01,52:06:26:03:01:DA,-80,MFG_4C000215FDA50693A4E24FB1AFCFC6EB0764782500010002D8,3.0,Yes,tape  measure
208197,ANCHOR_01,52:06:26:03:01:DA,-81,MFG_4C000215FDA50693A4E24FB1AFCFC6EB0764782500010002D8,3.0,Yes,tape  measure
209187,ANCHOR_01,52:06:26:03:01:DA,-82,MFG_4C000215FDA50693A4E24FB1AFCFC6EB0764782500010002D8,3.0,Yes,tape  measure
210177,ANCHOR_01,52:06:26:03:01:DA,-82,MFG_4C000215FDA50693A4E24FB1AFCFC6EB0764782500010002D8,3.0,Yes,tape  measure
211197,ANCHOR_01,52:06:26:03:01:DA,-92,MFG_4C000215FDA50693A4E24FB1AFCFC6EB0764782500010002D8,3.0,Yes,tape  measure
212187,ANCHOR_01,52:06:26:03:01:DA,-93,MFG_4C000215FDA50693A4E24FB1AFCFC6EB0764782500010002D8,3.0,Yes,tape  measure
214197,ANCHOR_01,52:06:26:03:01:DA,-80,MFG_4C000215FDA50693A4E24FB1AFCFC6EB0764782500010002D8,3.0,Yes,tape  measure
215217,ANCHOR_01,52:06:26:03:01:DA,-80,MFG_4C000215FDA50693A4E24FB1AFCFC6EB0764782500010002D8,3.0,Yes,tape  measure
216207,ANCHOR_01,52:06:26:03:01:DA,-82,MFG_4C000215FDA50693A4E24FB1AFCFC6EB0764782500010002D8,3.0,Yes,tape  measure
217227,ANCHOR_01,52:06:26:03:01:DA,-93,MFG_4C000215FDA50693A4E24FB1AFCFC6EB0764782500010002D8,3.0,Yes,tape  measure
218217,ANCHOR_01,52:06:26:03:01:DA,-90,MFG_4C000215FDA50693A4E24FB1AFCFC6EB0764782500010002D8,3.0,Yes,tape  measure
219237,ANCHOR_01,52:06:26:03:01:DA,-80,MFG_4C000215FDA50693A4E24FB1AFCFC6EB0764782500010002D8,3.0,Yes,tape  measure
220227,ANCHOR_01,52:06:26:03:01:DA,-80,MFG_4C000215FDA50693A4E24FB1AFCFC6EB0764782500010002D8,3.0,Yes,tape  measure
221247,ANCHOR_01,52:06:26:03:01:DA,-81,MFG_4C000215FDA50693A4E24FB1AFCFC6EB0764782500010002D8,3.0,Yes,tape  measure
222237,ANCHOR_01,52:06:26:03:01:DA,-81,MFG_4C000215FDA50693A4E24FB1AFCFC6EB0764782500010002D8,3.0,Yes,tape  measure
223257,ANCHOR_01,52:06:26:03:01:DA,-93,MFG_4C000215FDA50693A4E24FB1AFCFC6EB0764782500010002D8,3.0,Yes,tape  measure
225267,ANCHOR_01,52:06:26:03:01:DA,-81,MFG_4C000215FDA50693A4E24FB1AFCFC6EB0764782500010002D8,3.0,Yes,tape  measure
226257,ANCHOR_01,52:06:26:03:01:DA,-80,MFG_4C000215FDA50693A4E24FB1AFCFC6EB0764782500010002D8,3.0,Yes,tape  measure
227277,ANCHOR_01,52:06:26:03:01:DA,-81,MFG_4C000215FDA50693A4E24FB1AFCFC6EB0764782500010002D8,3.0,Yes,tape  measure
228267,ANCHOR_01,52:06:26:03:01:DA,-82,MFG_4C000215FDA50693A4E24FB1AFCFC6EB0764782500010002D8,3.0,Yes,tape  measure
229287,ANCHOR_01,52:06:26:03:01:DA,-92,MFG_4C000215FDA50693A4E24FB1AFCFC6EB0764782500010002D8,3.0,Yes,tape  measure
230277,ANCHOR_01,52:06:26:03:01:DA,-91,MFG_4C000215FDA50693A4E24FB1AFCFC6EB0764782500010002D8,3.0,Yes,tape  measure
231297,ANCHOR_01,52:06:26:03:01:DA,-80,MFG_4C000215FDA50693A4E24FB1AFCFC6EB0764782500010002D8,3.0,Yes,tape  measure
232287,ANCHOR_01,52:06:26:03:01:DA,-80,MFG_4C000215FDA50693A4E24FB1AFCFC6EB0764782500010002D8,3.0,Yes,tape  measure
233307,ANCHOR_01,52:06:26:03:01:DA,-82,MFG_4C000215FDA50693A4E24FB1AFCFC6EB0764782500010002D8,3.0,Yes,tape  measure
234327,ANCHOR_01,52:06:26:03:01:DA,-94,MFG_4C000215FDA50693A4E24FB1AFCFC6EB0764782500010002D8,3.0,Yes,tape  measure
235317,ANCHOR_01,52:06:26:03:01:DA,-92,MFG_4C000215FDA50693A4E24FB1AFCFC6EB0764782500010002D8,3.0,Yes,tape  measure
236337,ANCHOR_01,52:06:26:03:01:DA,-80,MFG_4C000215FDA50693A4E24FB1AFCFC6EB0764782500010002D8,3.0,Yes,tape  measure
237327,ANCHOR_01,52:06:26:03:01:DA,-80,MFG_4C000215FDA50693A4E24FB1AFCFC6EB0764782500010002D8,3.0,Yes,tape  measure
239337,ANCHOR_01,52:06:26:03:01:DA,-82,MFG_4C000215FDA50693A4E24FB1AFCFC6EB0764782500010002D8,3.0,Yes,tape  measure
240357,ANCHOR_01,52:06:26:03:01:DA,-94,MFG_4C000215FDA50693A4E24FB1AFCFC6EB0764782500010002D8,3.0,Yes,tape  measure
241347,ANCHOR_01,52:06:26:03:01:DA,-94,MFG_4C000215FDA50693A4E24FB1AFCFC6EB0764782500010002D8,3.0,Yes,tape  measure
242367,ANCHOR_01,52:06:26:03:01:DA,-80,MFG_4C000215FDA50693A4E24FB1AFCFC6EB0764782500010002D8,3.0,Yes,tape  measure
243357,ANCHOR_01,52:06:26:03:01:DA,-81,MFG_4C000215FDA50693A4E24FB1AFCFC6EB0764782500010002D8,3.0,Yes,tape  measure
244377,ANCHOR_01,52:06:26:03:01:DA,-83,MFG_4C000215FDA50693A4E24FB1AFCFC6EB0764782500010002D8,3.0,Yes,tape  measure
245367,ANCHOR_01,52:06:26:03:01:DA,-82,MFG_4C000215FDA50693A4E24FB1AFCFC6EB0764782500010002D8,3.0,Yes,tape  measure
247377,ANCHOR_01,52:06:26:03:01:DA,-92,MFG_4C000215FDA50693A4E24FB1AFCFC6EB0764782500010002D8,3.0,Yes,tape  measure
248367,ANCHOR_01,52:06:26:03:01:DA,-92,MFG_4C000215FDA50693A4E24FB1AFCFC6EB0764782500010002D8,3.0,Yes,tape  measure
249387,ANCHOR_01,52:06:26:03:01:DA,-80,MFG_4C000215FDA50693A4E24FB1AFCFC6EB0764782500010002D8,3.0,Yes,tape  measure
250377,ANCHOR_01,52:06:26:03:01:DA,-81,MFG_4C000215FDA50693A4E24FB1AFCFC6EB0764782500010002D8,3.0,Yes,tape  measure
251397,ANCHOR_01,52:06:26:03:01:DA,-81,MFG_4C000215FDA50693A4E24FB1AFCFC6EB0764782500010002D8,3.0,Yes,tape  measure
252387,ANCHOR_01,52:06:26:03:01:DA,-81,MFG_4C000215FDA50693A4E24FB1AFCFC6EB0764782500010002D8,3.0,Yes,tape  measure
254397,ANCHOR_01,52:06:26:03:01:DA,-94,MFG_4C000215FDA50693A4E24FB1AFCFC6EB0764782500010002D8,3.0,Yes,tape  measure
255417,ANCHOR_01,52:06:26:03:01:DA,-81,MFG_4C000215FDA50693A4E24FB1AFCFC6EB0764782500010002D8,3.0,Yes,tape  measure
256407,ANCHOR_01,52:06:26:03:01:DA,-79,MFG_4C000215FDA50693A4E24FB1AFCFC6EB0764782500010002D8,3.0,Yes,tape  measure
258417,ANCHOR_01,52:06:26:03:01:DA,-81,MFG_4C000215FDA50693A4E24FB1AFCFC6EB0764782500010002D8,3.0,Yes,tape  measure
259407,ANCHOR_01,52:06:26:03:01:DA,-82,MFG_4C000215FDA50693A4E24FB1AFCFC6EB0764782500010002D8,3.0,Yes,tape  measure
260427,ANCHOR_01,52:06:26:03:01:DA,-93,MFG_4C000215FDA50693A4E24FB1AFCFC6EB0764782500010002D8,3.0,Yes,tape  measure
261417,ANCHOR_01,52:06:26:03:01:DA,-94,MFG_4C000215FDA50693A4E24FB1AFCFC6EB0764782500010002D8,3.0,Yes,tape  measure
262437,ANCHOR_01,52:06:26:03:01:DA,-79,MFG_4C000215FDA50693A4E24FB1AFCFC6EB0764782500010002D8,3.0,Yes,tape  measure
263457,ANCHOR_01,52:06:26:03:01:DA,-82,MFG_4C000215FDA50693A4E24FB1AFCFC6EB0764782500010002D8,3.0,Yes,tape  measure
264447,ANCHOR_01,52:06:26:03:01:DA,-82,MFG_4C000215FDA50693A4E24FB1AFCFC6EB0764782500010002D8,3.0,Yes,tape  measure
265437,ANCHOR_01,52:06:26:03:01:DA,-82,MFG_4C000215FDA50693A4E24FB1AFCFC6EB0764782500010002D8,3.0,Yes,tape  measure
266457,ANCHOR_01,52:06:26:03:01:DA,-93,MFG_4C000215FDA50693A4E24FB1AFCFC6EB0764782500010002D8,3.0,Yes,tape  measure
267447,ANCHOR_01,52:06:26:03:01:DA,-92,MFG_4C000215FDA50693A4E24FB1AFCFC6EB0764782500010002D8,3.0,Yes,tape  measure
268467,ANCHOR_01,52:06:26:03:01:DA,-80,MFG_4C000215FDA50693A4E24FB1AFCFC6EB0764782500010002D8,3.0,Yes,tape  measure
269457,ANCHOR_01,52:06:26:03:01:DA,-80,MFG_4C000215FDA50693A4E24FB1AFCFC6EB0764782500010002D8,3.0,Yes,tape  measure
270477,ANCHOR_01,52:06:26:03:01:DA,-82,MFG_4C000215FDA50693A4E24FB1AFCFC6EB0764782500010002D8,3.0,Yes,tape  measure
271467,ANCHOR_01,52:06:26:03:01:DA,-82,MFG_4C000215FDA50693A4E24FB1AFCFC6EB0764782500010002D8,3.0,Yes,tape  measure
272487,ANCHOR_01,52:06:26:03:01:DA,-93,MFG_4C000215FDA50693A4E24FB1AFCFC6EB0764782500010002D8,3.0,Yes,tape  measure
273477,ANCHOR_01,52:06:26:03:01:DA,-93,MFG_4C000215FDA50693A4E24FB1AFCFC6EB0764782500010002D8,3.0,Yes,tape  measure
274497,ANCHOR_01,52:06:26:03:01:DA,-80,MFG_4C000215FDA50693A4E24FB1AFCFC6EB0764782500010002D8,3.0,Yes,tape  measure
275487,ANCHOR_01,52:06:26:03:01:DA,-79,MFG_4C000215FDA50693A4E24FB1AFCFC6EB0764782500010002D8,3.0,Yes,tape  measure
276507,ANCHOR_01,52:06:26:03:01:DA,-83,MFG_4C000215FDA50693A4E24FB1AFCFC6EB0764782500010002D8,3.0,Yes,tape  measure
277497,ANCHOR_01,52:06:26:03:01:DA,-83,MFG_4C000215FDA50693A4E24FB1AFCFC6EB0764782500010002D8,3.0,Yes,tape  measure
279507,ANCHOR_01,52:06:26:03:01:DA,-95,MFG_4C000215FDA50693A4E24FB1AFCFC6EB0764782500010002D8,3.0,Yes,tape  measure
280497,ANCHOR_01,52:06:26:03:01:DA,-94,MFG_4C000215FDA50693A4E24FB1AFCFC6EB0764782500010002D8,3.0,Yes,tape  measure
281517,ANCHOR_01,52:06:26:03:01:DA,-80,MFG_4C000215FDA50693A4E24FB1AFCFC6EB0764782500010002D8,3.0,Yes,tape  measure
282507,ANCHOR_01,52:06:26:03:01:DA,-80,MFG_4C000215FDA50693A4E24FB1AFCFC6EB0764782500010002D8,3.0,Yes,tape  measure
283527,ANCHOR_01,52:06:26:03:01:DA,-82,MFG_4C000215FDA50693A4E24FB1AFCFC6EB0764782500010002D8,3.0,Yes,tape  measure
285537,ANCHOR_01,52:06:26:03:01:DA,-94,MFG_4C000215FDA50693A4E24FB1AFCFC6EB0764782500010002D8,3.0,Yes,tape  measure
286527,ANCHOR_01,52:06:26:03:01:DA,-93,MFG_4C000215FDA50693A4E24FB1AFCFC6EB0764782500010002D8,3.0,Yes,tape  measure
287547,ANCHOR_01,52:06:26:03:01:DA,-80,MFG_4C000215FDA50693A4E24FB1AFCFC6EB0764782500010002D8,3.0,Yes,tape  measure
288537,ANCHOR_01,52:06:26:03:01:DA,-80,MFG_4C000215FDA50693A4E24FB1AFCFC6EB0764782500010002D8,3.0,Yes,tape  measure
289557,ANCHOR_01,52:06:26:03:01:DA,-83,MFG_4C000215FDA50693A4E24FB1AFCFC6EB0764782500010002D8,3.0,Yes,tape  measure
290547,ANCHOR_01,52:06:26:03:01:DA,-82,MFG_4C000215FDA50693A4E24FB1AFCFC6EB0764782500010002D8,3.0,Yes,tape  measure
291567,ANCHOR_01,52:06:26:03:01:DA,-94,MFG_4C000215FDA50693A4E24FB1AFCFC6EB0764782500010002D8,3.0,Yes,tape  measure
292557,ANCHOR_01,52:06:26:03:01:DA,-95,MFG_4C000215FDA50693A4E24FB1AFCFC6EB0764782500010002D8,3.0,Yes,tape  measure
293577,ANCHOR_01,52:06:26:03:01:DA,-80,MFG_4C000215FDA50693A4E24FB1AFCFC6EB0764782500010002D8,3.0,Yes,tape  measure
294567,ANCHOR_01,52:06:26:03:01:DA,-79,MFG_4C000215FDA50693A4E24FB1AFCFC6EB0764782500010002D8,3.0,Yes,tape  measure
295587,ANCHOR_01,52:06:26:03:01:DA,-83,MFG_4C000215FDA50693A4E24FB1AFCFC6EB0764782500010002D8,3.0,Yes,tape  measure
296577,ANCHOR_01,52:06:26:03:01:DA,-82,MFG_4C000215FDA50693A4E24FB1AFCFC6EB0764782500010002D8,3.0,Yes,tape  measure
297597,ANCHOR_01,52:06:26:03:01:DA,-91,MFG_4C000215FDA50693A4E24FB1AFCFC6EB0764782500010002D8,3.0,Yes,tape  measure
298587,ANCHOR_01,52:06:26:03:01:DA,-93,MFG_4C000215FDA50693A4E24FB1AFCFC6EB0764782500010002D8,3.0,Yes,tape  measure
299607,ANCHOR_01,52:06:26:03:01:DA,-80,MFG_4C000215FDA50693A4E24FB1AFCFC6EB0764782500010002D8,3.0,Yes,tape  measure
300597,ANCHOR_01,52:06:26:03:01:DA,-80,MFG_4C000215FDA50693A4E24FB1AFCFC6EB0764782500010002D8,3.0,Yes,tape  measure
301617,ANCHOR_01,52:06:26:03:01:DA,-83,MFG_4C000215FDA50693A4E24FB1AFCFC6EB0764782500010002D8,3.0,Yes,tape  measure
302607,ANCHOR_01,52:06:26:03:01:DA,-83,MFG_4C000215FDA50693A4E24FB1AFCFC6EB0764782500010002D8,3.0,Yes,tape  measure
303627,ANCHOR_01,52:06:26:03:01:DA,-94,MFG_4C000215FDA50693A4E24FB1AFCFC6EB0764782500010002D8,3.0,Yes,tape  measure
304617,ANCHOR_01,52:06:26:03:01:DA,-94,MFG_4C000215FDA50693A4E24FB1AFCFC6EB0764782500010002D8,3.0,Yes,tape  measure
305637,ANCHOR_01,52:06:26:03:01:DA,-79,MFG_4C000215FDA50693A4E24FB1AFCFC6EB0764782500010002D8,3.0,Yes,tape  measure
306627,ANCHOR_01,52:06:26:03:01:DA,-80,MFG_4C000215FDA50693A4E24FB1AFCFC6EB0764782500010002D8,3.0,Yes,tape  measure
307647,ANCHOR_01,52:06:26:03:01:DA,-82,MFG_4C000215FDA50693A4E24FB1AFCFC6EB0764782500010002D8,3.0,Yes,tape  measure
309657,ANCHOR_01,52:06:26:03:01:DA,-94,MFG_4C000215FDA50693A4E24FB1AFCFC6EB0764782500010002D8,3.0,Yes,tape  measure
310647,ANCHOR_01,52:06:26:03:01:DA,-92,MFG_4C000215FDA50693A4E24FB1AFCFC6EB0764782500010002D8,3.0,Yes,tape  measure
311667,ANCHOR_01,52:06:26:03:01:DA,-80,MFG_4C000215FDA50693A4E24FB1AFCFC6EB0764782500010002D8,3.0,Yes,tape  measure
312657,ANCHOR_01,52:06:26:03:01:DA,-79,MFG_4C000215FDA50693A4E24FB1AFCFC6EB0764782500010002D8,3.0,Yes,tape  measure
313677,ANCHOR_01,52:06:26:03:01:DA,-81,MFG_4C000215FDA50693A4E24FB1AFCFC6EB0764782500010002D8,3.0,Yes,tape  measure
314667,ANCHOR_01,52:06:26:03:01:DA,-82,MFG_4C000215FDA50693A4E24FB1AFCFC6EB0764782500010002D8,3.0,Yes,tape  measure
315687,ANCHOR_01,52:06:26:03:01:DA,-94,MFG_4C000215FDA50693A4E24FB1AFCFC6EB0764782500010002D8,3.0,Yes,tape  measure
316677,ANCHOR_01,52:06:26:03:01:DA,-92,MFG_4C000215FDA50693A4E24FB1AFCFC6EB0764782500010002D8,3.0,Yes,tape  measure
317697,ANCHOR_01,52:06:26:03:01:DA,-80,MFG_4C000215FDA50693A4E24FB1AFCFC6EB0764782500010002D8,3.0,Yes,tape  measure
318687,ANCHOR_01,52:06:26:03:01:DA,-79,MFG_4C000215FDA50693A4E24FB1AFCFC6EB0764782500010002D8,3.0,Yes,tape  measure
319707,ANCHOR_01,52:06:26:03:01:DA,-83,MFG_4C000215FDA50693A4E24FB1AFCFC6EB0764782500010002D8,3.0,Yes,tape  measure
320697,ANCHOR_01,52:06:26:03:01:DA,-82,MFG_4C000215FDA50693A4E24FB1AFCFC6EB0764782500010002D8,3.0,Yes,tape  measure
322707,ANCHOR_01,52:06:26:03:01:DA,-91,MFG_4C000215FDA50693A4E24FB1AFCFC6EB0764782500010002D8,3.0,Yes,tape  measure
323727,ANCHOR_01,52:06:26:03:01:DA,-80,MFG_4C000215FDA50693A4E24FB1AFCFC6EB0764782500010002D8,3.0,Yes,tape  measure
324717,ANCHOR_01,52:06:26:03:01:DA,-80,MFG_4C000215FDA50693A4E24FB1AFCFC6EB0764782500010002D8,3.0,Yes,tape  measure
325737,ANCHOR_01,52:06:26:03:01:DA,-84,MFG_4C000215FDA50693A4E24FB1AFCFC6EB0764782500010002D8,3.0,Yes,tape  measure
326727,ANCHOR_01,52:06:26:03:01:DA,-83,MFG_4C000215FDA50693A4E24FB1AFCFC6EB0764782500010002D8,3.0,Yes,tape  measure
327747,ANCHOR_01,52:06:26:03:01:DA,-93,MFG_4C000215FDA50693A4E24FB1AFCFC6EB0764782500010002D8,3.0,Yes,tape  measure
328767,ANCHOR_01,52:06:26:03:01:DA,-80,MFG_4C000215FDA50693A4E24FB1AFCFC6EB0764782500010002D8,3.0,Yes,tape  measure
329757,ANCHOR_01,52:06:26:03:01:DA,-80,MFG_4C000215FDA50693A4E24FB1AFCFC6EB0764782500010002D8,3.0,Yes,tape  measure
330747,ANCHOR_01,52:06:26:03:01:DA,-80,MFG_4C000215FDA50693A4E24FB1AFCFC6EB0764782500010002D8,3.0,Yes,tape  measure
331767,ANCHOR_01,52:06:26:03:01:DA,-82,MFG_4C000215FDA50693A4E24FB1AFCFC6EB0764782500010002D8,3.0,Yes,tape  measure
332787,ANCHOR_01,52:06:26:03:01:DA,-92,MFG_4C000215FDA50693A4E24FB1AFCFC6EB0764782500010002D8,3.0,Yes,tape  measure
333777,ANCHOR_01,52:06:26:03:01:DA,-92,MFG_4C000215FDA50693A4E24FB1AFCFC6EB0764782500010002D8,3.0,Yes,tape  measure
334797,ANCHOR_01,52:06:26:03:01:DA,-80,MFG_4C000215FDA50693A4E24FB1AFCFC6EB0764782500010002D8,3.0,Yes,tape  measure
335787,ANCHOR_01,52:06:26:03:01:DA,-80,MFG_4C000215FDA50693A4E24FB1AFCFC6EB0764782500010002D8,3.0,Yes,tape  measure
336807,ANCHOR_01,52:06:26:03:01:DA,-83,MFG_4C000215FDA50693A4E24FB1AFCFC6EB0764782500010002D8,3.0,Yes,tape  measure
337797,ANCHOR_01,52:06:26:03:01:DA,-82,MFG_4C000215FDA50693A4E24FB1AFCFC6EB0764782500010002D8,3.0,Yes,tape  measure
338817,ANCHOR_01,52:06:26:03:01:DA,-92,MFG_4C000215FDA50693A4E24FB1AFCFC6EB0764782500010002D8,3.0,Yes,tape  measure
339807,ANCHOR_01,52:06:26:03:01:DA,-91,MFG_4C000215FDA50693A4E24FB1AFCFC6EB0764782500010002D8,3.0,Yes,tape  measure
340827,ANCHOR_01,52:06:26:03:01:DA,-80,MFG_4C000215FDA50693A4E24FB1AFCFC6EB0764782500010002D8,3.0,Yes,tape  measure
341817,ANCHOR_01,52:06:26:03:01:DA,-80,MFG_4C000215FDA50693A4E24FB1AFCFC6EB0764782500010002D8,3.0,Yes,tape  measure
343827,ANCHOR_01,52:06:26:03:01:DA,-82,MFG_4C000215FDA50693A4E24FB1AFCFC6EB0764782500010002D8,3.0,Yes,tape  measure
345837,ANCHOR_01,52:06:26:03:01:DA,-93,MFG_4C000215FDA50693A4E24FB1AFCFC6EB0764782500010002D8,3.0,Yes,tape  measure
346827,ANCHOR_01,52:06:26:03:01:DA,-93,MFG_4C000215FDA50693A4E24FB1AFCFC6EB0764782500010002D8,3.0,Yes,tape  measure
347847,ANCHOR_01,52:06:26:03:01:DA,-81,MFG_4C000215FDA50693A4E24FB1AFCFC6EB0764782500010002D8,3.0,Yes,tape  measure
348867,ANCHOR_01,52:06:26:03:01:DA,-83,MFG_4C000215FDA50693A4E24FB1AFCFC6EB0764782500010002D8,3.0,Yes,tape  measure
349857,ANCHOR_01,52:06:26:03:01:DA,-84,MFG_4C000215FDA50693A4E24FB1AFCFC6EB0764782500010002D8,3.0,Yes,tape  measure
350877,ANCHOR_01,52:06:26:03:01:DA,-91,MFG_4C000215FDA50693A4E24FB1AFCFC6EB0764782500010002D8,3.0,Yes,tape  measure
351867,ANCHOR_01,52:06:26:03:01:DA,-94,MFG_4C000215FDA50693A4E24FB1AFCFC6EB0764782500010002D8,3.0,Yes,tape  measure
352887,ANCHOR_01,52:06:26:03:01:DA,-80,MFG_4C000215FDA50693A4E24FB1AFCFC6EB0764782500010002D8,3.0,Yes,tape  measure
353877,ANCHOR_01,52:06:26:03:01:DA,-81,MFG_4C000215FDA50693A4E24FB1AFCFC6EB0764782500010002D8,3.0,Yes,tape  measure
354897,ANCHOR_01,52:06:26:03:01:DA,-83,MFG_4C000215FDA50693A4E24FB1AFCFC6EB0764782500010002D8,3.0,Yes,tape  measure
355887,ANCHOR_01,52:06:26:03:01:DA,-83,MFG_4C000215FDA50693A4E24FB1AFCFC6EB0764782500010002D8,3.0,Yes,tape  measure
356907,ANCHOR_01,52:06:26:03:01:DA,-94,MFG_4C000215FDA50693A4E24FB1AFCFC6EB0764782500010002D8,3.0,Yes,tape  measure
357897,ANCHOR_01,52:06:26:03:01:DA,-94,MFG_4C000215FDA50693A4E24FB1AFCFC6EB0764782500010002D8,3.0,Yes,tape  measure
358917,ANCHOR_01,52:06:26:03:01:DA,-80,MFG_4C000215FDA50693A4E24FB1AFCFC6EB0764782500010002D8,3.0,Yes,tape  measure
359907,ANCHOR_01,52:06:26:03:01:DA,-81,MFG_4C000215FDA50693A4E24FB1AFCFC6EB0764782500010002D8,3.0,Yes,tape  measure
360927,ANCHOR_01,52:06:26:03:01:DA,-81,MFG_4C000215FDA50693A4E24FB1AFCFC6EB0764782500010002D8,3.0,Yes,tape  measure
361917,ANCHOR_01,52:06:26:03:01:DA,-83,MFG_4C000215FDA50693A4E24FB1AFCFC6EB0764782500010002D8,3.0,Yes,tape  measure
362937,ANCHOR_01,52:06:26:03:01:DA,-93,MFG_4C000215FDA50693A4E24FB1AFCFC6EB0764782500010002D8,3.0,Yes,tape  measure
363927,ANCHOR_01,52:06:26:03:01:DA,-93,MFG_4C000215FDA50693A4E24FB1AFCFC6EB0764782500010002D8,3.0,Yes,tape  measure
364917,ANCHOR_01,52:06:26:03:01:DA,-95,MFG_4C000215FDA50693A4E24FB1AFCFC6EB0764782500010002D8,3.0,Yes,tape  measure
365937,ANCHOR_01,52:06:26:03:01:DA,-80,MFG_4C000215FDA50693A4E24FB1AFCFC6EB0764782500010002D8,3.0,Yes,tape  measure
366927,ANCHOR_01,52:06:26:03:01:DA,-80,MFG_4C000215FDA50693A4E24FB1AFCFC6EB0764782500010002D8,3.0,Yes,tape  measure
367947,ANCHOR_01,52:06:26:03:01:DA,-82,MFG_4C000215FDA50693A4E24FB1AFCFC6EB0764782500010002D8,3.0,Yes,tape  measure
368937,ANCHOR_01,52:06:26:03:01:DA,-82,MFG_4C000215FDA50693A4E24FB1AFCFC6EB0764782500010002D8,3.0,Yes,tape  measure
369927,ANCHOR_01,52:06:26:03:01:DA,-81,MFG_4C000215FDA50693A4E24FB1AFCFC6EB0764782500010002D8,3.0,Yes,tape  measure
370947,ANCHOR_01,52:06:26:03:01:DA,-93,MFG_4C000215FDA50693A4E24FB1AFCFC6EB0764782500010002D8,3.0,Yes,tape  measure
371937,ANCHOR_01,52:06:26:03:01:DA,-93,MFG_4C000215FDA50693A4E24FB1AFCFC6EB0764782500010002D8,3.0,Yes,tape  measure
372957,ANCHOR_01,52:06:26:03:01:DA,-80,MFG_4C000215FDA50693A4E24FB1AFCFC6EB0764782500010002D8,3.0,Yes,tape  measure
373947,ANCHOR_01,52:06:26:03:01:DA,-80,MFG_4C000215FDA50693A4E24FB1AFCFC6EB0764782500010002D8,3.0,Yes,tape  measure
374937,ANCHOR_01,52:06:26:03:01:DA,-80,MFG_4C000215FDA50693A4E24FB1AFCFC6EB0764782500010002D8,3.0,Yes,tape  measure
375957,ANCHOR_01,52:06:26:03:01:DA,-82,MFG_4C000215FDA50693A4E24FB1AFCFC6EB0764782500010002D8,3.0,Yes,tape  measure
376947,ANCHOR_01,52:06:26:03:01:DA,-82,MFG_4C000215FDA50693A4E24FB1AFCFC6EB0764782500010002D8,3.0,Yes,tape  measure
377967,ANCHOR_01,52:06:26:03:01:DA,-93,MFG_4C000215FDA50693A4E24FB1AFCFC6EB0764782500010002D8,3.0,Yes,tape  measure
378957,ANCHOR_01,52:06:26:03:01:DA,-94,MFG_4C000215FDA50693A4E24FB1AFCFC6EB0764782500010002D8,3.0,Yes,tape  measure
379977,ANCHOR_01,52:06:26:03:01:DA,-80,MFG_4C000215FDA50693A4E24FB1AFCFC6EB0764782500010002D8,3.0,Yes,tape  measure
380967,ANCHOR_01,52:06:26:03:01:DA,-80,MFG_4C000215FDA50693A4E24FB1AFCFC6EB0764782500010002D8,3.0,Yes,tape  measure
381987,ANCHOR_01,52:06:26:03:01:DA,-82,MFG_4C000215FDA50693A4E24FB1AFCFC6EB0764782500010002D8,3.0,Yes,tape  measure
382977,ANCHOR_01,52:06:26:03:01:DA,-82,MFG_4C000215FDA50693A4E24FB1AFCFC6EB0764782500010002D8,3.0,Yes,tape  measure
383997,ANCHOR_01,52:06:26:03:01:DA,-93,MFG_4C000215FDA50693A4E24FB1AFCFC6EB0764782500010002D8,3.0,Yes,tape  measure
384987,ANCHOR_01,52:06:26:03:01:DA,-93,MFG_4C000215FDA50693A4E24FB1AFCFC6EB0764782500010002D8,3.0,Yes,tape  measure
386007,ANCHOR_01,52:06:26:03:01:DA,-80,MFG_4C000215FDA50693A4E24FB1AFCFC6EB0764782500010002D8,3.0,Yes,tape  measure
386997,ANCHOR_01,52:06:26:03:01:DA,-81,MFG_4C000215FDA50693A4E24FB1AFCFC6EB0764782500010002D8,3.0,Yes,tape  measure
388017,ANCHOR_01,52:06:26:03:01:DA,-82,MFG_4C000215FDA50693A4E24FB1AFCFC6EB0764782500010002D8,3.0,Yes,tape  measure
389007,ANCHOR_01,52:06:26:03:01:DA,-83,MFG_4C000215FDA50693A4E24FB1AFCFC6EB0764782500010002D8,3.0,Yes,tape  measure
391017,ANCHOR_01,52:06:26:03:01:DA,-92,MFG_4C000215FDA50693A4E24FB1AFCFC6EB0764782500010002D8,3.0,Yes,tape  measure
392007,ANCHOR_01,52:06:26:03:01:DA,-90,MFG_4C000215FDA50693A4E24FB1AFCFC6EB0764782500010002D8,3.0,Yes,tape  measure
393027,ANCHOR_01,52:06:26:03:01:DA,-80,MFG_4C000215FDA50693A4E24FB1AFCFC6EB0764782500010002D8,3.0,Yes,tape  measure
394017,ANCHOR_01,52:06:26:03:01:DA,-79,MFG_4C000215FDA50693A4E24FB1AFCFC6EB0764782500010002D8,3.0,Yes,tape  measure
395037,ANCHOR_01,52:06:26:03:01:DA,-82,MFG_4C000215FDA50693A4E24FB1AFCFC6EB0764782500010002D8,3.0,Yes,tape  measure
396027,ANCHOR_01,52:06:26:03:01:DA,-81,MFG_4C000215FDA50693A4E24FB1AFCFC6EB0764782500010002D8,3.0,Yes,tape  measure
397047,ANCHOR_01,52:06:26:03:01:DA,-93,MFG_4C000215FDA50693A4E24FB1AFCFC6EB0764782500010002D8,3.0,Yes,tape  measure
398037,ANCHOR_01,52:06:26:03:01:DA,-91,MFG_4C000215FDA50693A4E24FB1AFCFC6EB0764782500010002D8,3.0,Yes,tape  measure
399057,ANCHOR_01,52:06:26:03:01:DA,-80,MFG_4C000215FDA50693A4E24FB1AFCFC6EB0764782500010002D8,3.0,Yes,tape  measure
400047,ANCHOR_01,52:06:26:03:01:DA,-79,MFG_4C000215FDA50693A4E24FB1AFCFC6EB0764782500010002D8,3.0,Yes,tape  measure
401067,ANCHOR_01,52:06:26:03:01:DA,-81,MFG_4C000215FDA50693A4E24FB1AFCFC6EB0764782500010002D8,3.0,Yes,tape  measure
403077,ANCHOR_01,52:06:26:03:01:DA,-94,MFG_4C000215FDA50693A4E24FB1AFCFC6EB0764782500010002D8,3.0,Yes,tape  measure
404067,ANCHOR_01,52:06:26:03:01:DA,-96,MFG_4C000215FDA50693A4E24FB1AFCFC6EB0764782500010002D8,3.0,Yes,tape  measure
405087,ANCHOR_01,52:06:26:03:01:DA,-79,MFG_4C000215FDA50693A4E24FB1AFCFC6EB0764782500010002D8,3.0,Yes,tape  measure
406077,ANCHOR_01,52:06:26:03:01:DA,-80,MFG_4C000215FDA50693A4E24FB1AFCFC6EB0764782500010002D8,3.0,Yes,tape  measure
407097,ANCHOR_01,52:06:26:03:01:DA,-83,MFG_4C000215FDA50693A4E24FB1AFCFC6EB0764782500010002D8,3.0,Yes,tape  measure
409107,ANCHOR_01,52:06:26:03:01:DA,-93,MFG_4C000215FDA50693A4E24FB1AFCFC6EB0764782500010002D8,3.0,Yes,tape  measure
410097,ANCHOR_01,52:06:26:03:01:DA,-92,MFG_4C000215FDA50693A4E24FB1AFCFC6EB0764782500010002D8,3.0,Yes,tape  measure
411117,ANCHOR_01,52:06:26:03:01:DA,-80,MFG_4C000215FDA50693A4E24FB1AFCFC6EB0764782500010002D8,3.0,Yes,tape  measure
412107,ANCHOR_01,52:06:26:03:01:DA,-80,MFG_4C000215FDA50693A4E24FB1AFCFC6EB0764782500010002D8,3.0,Yes,tape  measure
413127,ANCHOR_01,52:06:26:03:01:DA,-82,MFG_4C000215FDA50693A4E24FB1AFCFC6EB0764782500010002D8,3.0,Yes,tape  measure
415137,ANCHOR_01,52:06:26:03:01:DA,-92,MFG_4C000215FDA50693A4E24FB1AFCFC6EB0764782500010002D8,3.0,Yes,tape  measure
416157,ANCHOR_01,52:06:26:03:01:DA,-79,MFG_4C000215FDA50693A4E24FB1AFCFC6EB0764782500010002D8,3.0,Yes,tape  measure
417147,ANCHOR_01,52:06:26:03:01:DA,-80,MFG_4C000215FDA50693A4E24FB1AFCFC6EB0764782500010002D8,3.0,Yes,tape  measure
419157,ANCHOR_01,52:06:26:03:01:DA,-82,MFG_4C000215FDA50693A4E24FB1AFCFC6EB0764782500010002D8,3.0,Yes,tape  measure
420147,ANCHOR_01,52:06:26:03:01:DA,-82,MFG_4C000215FDA50693A4E24FB1AFCFC6EB0764782500010002D8,3.0,Yes,tape  measure
421167,ANCHOR_01,52:06:26:03:01:DA,-94,MFG_4C000215FDA50693A4E24FB1AFCFC6EB0764782500010002D8,3.0,Yes,tape  measure
422157,ANCHOR_01,52:06:26:03:01:DA,-92,MFG_4C000215FDA50693A4E24FB1AFCFC6EB0764782500010002D8,3.0,Yes,tape  measure
424167,ANCHOR_01,52:06:26:03:01:DA,-80,MFG_4C000215FDA50693A4E24FB1AFCFC6EB0764782500010002D8,3.0,Yes,tape  measure
425187,ANCHOR_01,52:06:26:03:01:DA,-81,MFG_4C000215FDA50693A4E24FB1AFCFC6EB0764782500010002D8,3.0,Yes,tape  measure
426177,ANCHOR_01,52:06:26:03:01:DA,-82,MFG_4C000215FDA50693A4E24FB1AFCFC6EB0764782500010002D8,3.0,Yes,tape  measure
428187,ANCHOR_01,52:06:26:03:01:DA,-92,MFG_4C000215FDA50693A4E24FB1AFCFC6EB0764782500010002D8,3.0,Yes,tape  measure
429207,ANCHOR_01,52:06:26:03:01:DA,-80,MFG_4C000215FDA50693A4E24FB1AFCFC6EB0764782500010002D8,3.0,Yes,tape  measure
430197,ANCHOR_01,52:06:26:03:01:DA,-81,MFG_4C000215FDA50693A4E24FB1AFCFC6EB0764782500010002D8,3.0,Yes,tape  measure
431217,ANCHOR_01,52:06:26:03:01:DA,-82,MFG_4C000215FDA50693A4E24FB1AFCFC6EB0764782500010002D8,3.0,Yes,tape  measure
432207,ANCHOR_01,52:06:26:03:01:DA,-81,MFG_4C000215FDA50693A4E24FB1AFCFC6EB0764782500010002D8,3.0,Yes,tape  measure
433227,ANCHOR_01,52:06:26:03:01:DA,-93,MFG_4C000215FDA50693A4E24FB1AFCFC6EB0764782500010002D8,3.0,Yes,tape  measure
434217,ANCHOR_01,52:06:26:03:01:DA,-94,MFG_4C000215FDA50693A4E24FB1AFCFC6EB0764782500010002D8,3.0,Yes,tape  measure
435237,ANCHOR_01,52:06:26:03:01:DA,-80,MFG_4C000215FDA50693A4E24FB1AFCFC6EB0764782500010002D8,3.0,Yes,tape  measure
436227,ANCHOR_01,52:06:26:03:01:DA,-80,MFG_4C000215FDA50693A4E24FB1AFCFC6EB0764782500010002D8,3.0,Yes,tape  measure
437247,ANCHOR_01,52:06:26:03:01:DA,-82,MFG_4C000215FDA50693A4E24FB1AFCFC6EB0764782500010002D8,3.0,Yes,tape  measure
438237,ANCHOR_01,52:06:26:03:01:DA,-81,MFG_4C000215FDA50693A4E24FB1AFCFC6EB0764782500010002D8,3.0,Yes,tape  measure
439257,ANCHOR_01,52:06:26:03:01:DA,-92,MFG_4C000215FDA50693A4E24FB1AFCFC6EB0764782500010002D8,3.0,Yes,tape  measure
440247,ANCHOR_01,52:06:26:03:01:DA,-96,MFG_4C000215FDA50693A4E24FB1AFCFC6EB0764782500010002D8,3.0,Yes,tape  measure
441267,ANCHOR_01,52:06:26:03:01:DA,-80,MFG_4C000215FDA50693A4E24FB1AFCFC6EB0764782500010002D8,3.0,Yes,tape  measure
442257,ANCHOR_01,52:06:26:03:01:DA,-81,MFG_4C000215FDA50693A4E24FB1AFCFC6EB0764782500010002D8,3.0,Yes,tape  measure
443277,ANCHOR_01,52:06:26:03:01:DA,-82,MFG_4C000215FDA50693A4E24FB1AFCFC6EB0764782500010002D8,3.0,Yes,tape  measure
444267,ANCHOR_01,52:06:26:03:01:DA,-83,MFG_4C000215FDA50693A4E24FB1AFCFC6EB0764782500010002D8,3.0,Yes,tape  measure
445287,ANCHOR_01,52:06:26:03:01:DA,-94,MFG_4C000215FDA50693A4E24FB1AFCFC6EB0764782500010002D8,3.0,Yes,tape  measure
446277,ANCHOR_01,52:06:26:03:01:DA,-93,MFG_4C000215FDA50693A4E24FB1AFCFC6EB0764782500010002D8,3.0,Yes,tape  measure
447297,ANCHOR_01,52:06:26:03:01:DA,-81,MFG_4C000215FDA50693A4E24FB1AFCFC6EB0764782500010002D8,3.0,Yes,tape  measure
448287,ANCHOR_01,52:06:26:03:01:DA,-81,MFG_4C000215FDA50693A4E24FB1AFCFC6EB0764782500010002D8,3.0,Yes,tape  measure
449307,ANCHOR_01,52:06:26:03:01:DA,-82,MFG_4C000215FDA50693A4E24FB1AFCFC6EB0764782500010002D8,3.0,Yes,tape  measure
450297,ANCHOR_01,52:06:26:03:01:DA,-81,MFG_4C000215FDA50693A4E24FB1AFCFC6EB0764782500010002D8,3.0,Yes,tape  measure
451317,ANCHOR_01,52:06:26:03:01:DA,-94,MFG_4C000215FDA50693A4E24FB1AFCFC6EB0764782500010002D8,3.0,Yes,tape  measure
452307,ANCHOR_01,52:06:26:03:01:DA,-93,MFG_4C000215FDA50693A4E24FB1AFCFC6EB0764782500010002D8,3.0,Yes,tape  measure
453327,ANCHOR_01,52:06:26:03:01:DA,-79,MFG_4C000215FDA50693A4E24FB1AFCFC6EB0764782500010002D8,3.0,Yes,tape  measure
454317,ANCHOR_01,52:06:26:03:01:DA,-80,MFG_4C000215FDA50693A4E24FB1AFCFC6EB0764782500010002D8,3.0,Yes,tape  measure
455337,ANCHOR_01,52:06:26:03:01:DA,-81,MFG_4C000215FDA50693A4E24FB1AFCFC6EB0764782500010002D8,3.0,Yes,tape  measure
456327,ANCHOR_01,52:06:26:03:01:DA,-82,MFG_4C000215FDA50693A4E24FB1AFCFC6EB0764782500010002D8,3.0,Yes,tape  measure
457347,ANCHOR_01,52:06:26:03:01:DA,-93,MFG_4C000215FDA50693A4E24FB1AFCFC6EB0764782500010002D8,3.0,Yes,tape  measure
458337,ANCHOR_01,52:06:26:03:01:DA,-93,MFG_4C000215FDA50693A4E24FB1AFCFC6EB0764782500010002D8,3.0,Yes,tape  measure
459327,ANCHOR_01,52:06:26:03:01:DA,-92,MFG_4C000215FDA50693A4E24FB1AFCFC6EB0764782500010002D8,3.0,Yes,tape  measure
460347,ANCHOR_01,52:06:26:03:01:DA,-80,MFG_4C000215FDA50693A4E24FB1AFCFC6EB0764782500010002D8,3.0,Yes,tape  measure
461337,ANCHOR_01,52:06:26:03:01:DA,-80,MFG_4C000215FDA50693A4E24FB1AFCFC6EB0764782500010002D8,3.0,Yes,tape  measure
462357,ANCHOR_01,52:06:26:03:01:DA,-81,MFG_4C000215FDA50693A4E24FB1AFCFC6EB0764782500010002D8,3.0,Yes,tape  measure
464367,ANCHOR_01,52:06:26:03:01:DA,-92,MFG_4C000215FDA50693A4E24FB1AFCFC6EB0764782500010002D8,3.0,Yes,tape  measure
465387,ANCHOR_01,52:06:26:03:01:DA,-80,MFG_4C000215FDA50693A4E24FB1AFCFC6EB0764782500010002D8,3.0,Yes,tape  measure
466377,ANCHOR_01,52:06:26:03:01:DA,-79,MFG_4C000215FDA50693A4E24FB1AFCFC6EB0764782500010002D8,3.0,Yes,tape  measure
467397,ANCHOR_01,52:06:26:03:01:DA,-82,MFG_4C000215FDA50693A4E24FB1AFCFC6EB0764782500010002D8,3.0,Yes,tape  measure
468387,ANCHOR_01,52:06:26:03:01:DA,-81,MFG_4C000215FDA50693A4E24FB1AFCFC6EB0764782500010002D8,3.0,Yes,tape  measure
469407,ANCHOR_01,52:06:26:03:01:DA,-92,MFG_4C000215FDA50693A4E24FB1AFCFC6EB0764782500010002D8,3.0,Yes,tape  measure
470397,ANCHOR_01,52:06:26:03:01:DA,-91,MFG_4C000215FDA50693A4E24FB1AFCFC6EB0764782500010002D8,3.0,Yes,tape  measure
471417,ANCHOR_01,52:06:26:03:01:DA,-80,MFG_4C000215FDA50693A4E24FB1AFCFC6EB0764782500010002D8,3.0,Yes,tape  measure
473427,ANCHOR_01,52:06:26:03:01:DA,-81,MFG_4C000215FDA50693A4E24FB1AFCFC6EB0764782500010002D8,3.0,Yes,tape  measure
474447,ANCHOR_01,52:06:26:03:01:DA,-90,MFG_4C000215FDA50693A4E24FB1AFCFC6EB0764782500010002D8,3.0,Yes,tape  measure
475437,ANCHOR_01,52:06:26:03:01:DA,-91,MFG_4C000215FDA50693A4E24FB1AFCFC6EB0764782500010002D8,3.0,Yes,tape  measure
476457,ANCHOR_01,52:06:26:03:01:DA,-80,MFG_4C000215FDA50693A4E24FB1AFCFC6EB0764782500010002D8,3.0,Yes,tape  measure
477447,ANCHOR_01,52:06:26:03:01:DA,-80,MFG_4C000215FDA50693A4E24FB1AFCFC6EB0764782500010002D8,3.0,Yes,tape  measure
478467,ANCHOR_01,52:06:26:03:01:DA,-82,MFG_4C000215FDA50693A4E24FB1AFCFC6EB0764782500010002D8,3.0,Yes,tape  measure
479457,ANCHOR_01,52:06:26:03:01:DA,-83,MFG_4C000215FDA50693A4E24FB1AFCFC6EB0764782500010002D8,3.0,Yes,tape  measure
480477,ANCHOR_01,52:06:26:03:01:DA,-92,MFG_4C000215FDA50693A4E24FB1AFCFC6EB0764782500010002D8,3.0,Yes,tape  measure
481467,ANCHOR_01,52:06:26:03:01:DA,-91,MFG_4C000215FDA50693A4E24FB1AFCFC6EB0764782500010002D8,3.0,Yes,tape  measure
482487,ANCHOR_01,52:06:26:03:01:DA,-80,MFG_4C000215FDA50693A4E24FB1AFCFC6EB0764782500010002D8,3.0,Yes,tape  measure
483477,ANCHOR_01,52:06:26:03:01:DA,-80,MFG_4C000215FDA50693A4E24FB1AFCFC6EB0764782500010002D8,3.0,Yes,tape  measure
484497,ANCHOR_01,52:06:26:03:01:DA,-82,MFG_4C000215FDA50693A4E24FB1AFCFC6EB0764782500010002D8,3.0,Yes,tape  measure
485487,ANCHOR_01,52:06:26:03:01:DA,-83,MFG_4C000215FDA50693A4E24FB1AFCFC6EB0764782500010002D8,3.0,Yes,tape  measure
486507,ANCHOR_01,52:06:26:03:01:DA,-94,MFG_4C000215FDA50693A4E24FB1AFCFC6EB0764782500010002D8,3.0,Yes,tape  measure
487497,ANCHOR_01,52:06:26:03:01:DA,-93,MFG_4C000215FDA50693A4E24FB1AFCFC6EB0764782500010002D8,3.0,Yes,tape  measure
488517,ANCHOR_01,52:06:26:03:01:DA,-81,MFG_4C000215FDA50693A4E24FB1AFCFC6EB0764782500010002D8,3.0,Yes,tape  measure
489507,ANCHOR_01,52:06:26:03:01:DA,-80,MFG_4C000215FDA50693A4E24FB1AFCFC6EB0764782500010002D8,3.0,Yes,tape  measure
490527,ANCHOR_01,52:06:26:03:01:DA,-82,MFG_4C000215FDA50693A4E24FB1AFCFC6EB0764782500010002D8,3.0,Yes,tape  measure
491517,ANCHOR_01,52:06:26:03:01:DA,-83,MFG_4C000215FDA50693A4E24FB1AFCFC6EB0764782500010002D8,3.0,Yes,tape  measure
492537,ANCHOR_01,52:06:26:03:01:DA,-94,MFG_4C000215FDA50693A4E24FB1AFCFC6EB0764782500010002D8,3.0,Yes,tape  measure
493527,ANCHOR_01,52:06:26:03:01:DA,-94,MFG_4C000215FDA50693A4E24FB1AFCFC6EB0764782500010002D8,3.0,Yes,tape  measure
494547,ANCHOR_01,52:06:26:03:01:DA,-80,MFG_4C000215FDA50693A4E24FB1AFCFC6EB0764782500010002D8,3.0,Yes,tape  measure
496557,ANCHOR_01,52:06:26:03:01:DA,-83,MFG_4C000215FDA50693A4E24FB1AFCFC6EB0764782500010002D8,3.0,Yes,tape  measure
498567,ANCHOR_01,52:06:26:03:01:DA,-95,MFG_4C000215FDA50693A4E24FB1AFCFC6EB0764782500010002D8,3.0,Yes,tape  measure
499587,ANCHOR_01,52:06:26:03:01:DA,-80,MFG_4C000215FDA50693A4E24FB1AFCFC6EB0764782500010002D8,3.0,Yes,tape  measure
500577,ANCHOR_01,52:06:26:03:01:DA,-81,MFG_4C000215FDA50693A4E24FB1AFCFC6EB0764782500010002D8,3.0,Yes,tape  measure
502587,ANCHOR_01,52:06:26:03:01:DA,-82,MFG_4C000215FDA50693A4E24FB1AFCFC6EB0764782500010002D8,3.0,Yes,tape  measure
504597,ANCHOR_01,52:06:26:03:01:DA,-93,MFG_4C000215FDA50693A4E24FB1AFCFC6EB0764782500010002D8,3.0,Yes,tape  measure
505617,ANCHOR_01,52:06:26:03:01:DA,-81,MFG_4C000215FDA50693A4E24FB1AFCFC6EB0764782500010002D8,3.0,Yes,tape  measure
506607,ANCHOR_01,52:06:26:03:01:DA,-80,MFG_4C000215FDA50693A4E24FB1AFCFC6EB0764782500010002D8,3.0,Yes,tape  measure
508617,ANCHOR_01,52:06:26:03:01:DA,-82,MFG_4C000215FDA50693A4E24FB1AFCFC6EB0764782500010002D8,3.0,Yes,tape  measure
510627,ANCHOR_01,52:06:26:03:01:DA,-93,MFG_4C000215FDA50693A4E24FB1AFCFC6EB0764782500010002D8,3.0,Yes,tape  measure
511617,ANCHOR_01,52:06:26:03:01:DA,-94,MFG_4C000215FDA50693A4E24FB1AFCFC6EB0764782500010002D8,3.0,Yes,tape  measure
512637,ANCHOR_01,52:06:26:03:01:DA,-80,MFG_4C000215FDA50693A4E24FB1AFCFC6EB0764782500010002D8,3.0,Yes,tape  measure
513627,ANCHOR_01,52:06:26:03:01:DA,-81,MFG_4C000215FDA50693A4E24FB1AFCFC6EB0764782500010002D8,3.0,Yes,tape  measure
514647,ANCHOR_01,52:06:26:03:01:DA,-82,MFG_4C000215FDA50693A4E24FB1AFCFC6EB0764782500010002D8,3.0,Yes,tape  measure
515637,ANCHOR_01,52:06:26:03:01:DA,-82,MFG_4C000215FDA50693A4E24FB1AFCFC6EB0764782500010002D8,3.0,Yes,tape  measure
516657,ANCHOR_01,52:06:26:03:01:DA,-94,MFG_4C000215FDA50693A4E24FB1AFCFC6EB0764782500010002D8,3.0,Yes,tape  measure
517647,ANCHOR_01,52:06:26:03:01:DA,-93,MFG_4C000215FDA50693A4E24FB1AFCFC6EB0764782500010002D8,3.0,Yes,tape  measure
518667,ANCHOR_01,52:06:26:03:01:DA,-80,MFG_4C000215FDA50693A4E24FB1AFCFC6EB0764782500010002D8,3.0,Yes,tape  measure
519657,ANCHOR_01,52:06:26:03:01:DA,-80,MFG_4C000215FDA50693A4E24FB1AFCFC6EB0764782500010002D8,3.0,Yes,tape  measure
520677,ANCHOR_01,52:06:26:03:01:DA,-81,MFG_4C000215FDA50693A4E24FB1AFCFC6EB0764782500010002D8,3.0,Yes,tape  measure
521667,ANCHOR_01,52:06:26:03:01:DA,-82,MFG_4C000215FDA50693A4E24FB1AFCFC6EB0764782500010002D8,3.0,Yes,tape  measure
523677,ANCHOR_01,52:06:26:03:01:DA,-94,MFG_4C000215FDA50693A4E24FB1AFCFC6EB0764782500010002D8,3.0,Yes,tape  measure
524697,ANCHOR_01,52:06:26:03:01:DA,-81,MFG_4C000215FDA50693A4E24FB1AFCFC6EB0764782500010002D8,3.0,Yes,tape  measure
525687,ANCHOR_01,52:06:26:03:01:DA,-81,MFG_4C000215FDA50693A4E24FB1AFCFC6EB0764782500010002D8,3.0,Yes,tape  measure
526707,ANCHOR_01,52:06:26:03:01:DA,-82,MFG_4C000215FDA50693A4E24FB1AFCFC6EB0764782500010002D8,3.0,Yes,tape  measure
527697,ANCHOR_01,52:06:26:03:01:DA,-81,MFG_4C000215FDA50693A4E24FB1AFCFC6EB0764782500010002D8,3.0,Yes,tape  measure
529707,ANCHOR_01,52:06:26:03:01:DA,-95,MFG_4C000215FDA50693A4E24FB1AFCFC6EB0764782500010002D8,3.0,Yes,tape  measure
530697,ANCHOR_01,52:06:26:03:01:DA,-94,MFG_4C000215FDA50693A4E24FB1AFCFC6EB0764782500010002D8,3.0,Yes,tape  measure
531717,ANCHOR_01,52:06:26:03:01:DA,-80,MFG_4C000215FDA50693A4E24FB1AFCFC6EB0764782500010002D8,3.0,Yes,tape  measure
532707,ANCHOR_01,52:06:26:03:01:DA,-81,MFG_4C000215FDA50693A4E24FB1AFCFC6EB0764782500010002D8,3.0,Yes,tape  measure
533727,ANCHOR_01,52:06:26:03:01:DA,-83,MFG_4C000215FDA50693A4E24FB1AFCFC6EB0764782500010002D8,3.0,Yes,tape  measure
534717,ANCHOR_01,52:06:26:03:01:DA,-82,MFG_4C000215FDA50693A4E24FB1AFCFC6EB0764782500010002D8,3.0,Yes,tape  measure
535737,ANCHOR_01,52:06:26:03:01:DA,-93,MFG_4C000215FDA50693A4E24FB1AFCFC6EB0764782500010002D8,3.0,Yes,tape  measure
536727,ANCHOR_01,52:06:26:03:01:DA,-93,MFG_4C000215FDA50693A4E24FB1AFCFC6EB0764782500010002D8,3.0,Yes,tape  measure
537747,ANCHOR_01,52:06:26:03:01:DA,-80,MFG_4C000215FDA50693A4E24FB1AFCFC6EB0764782500010002D8,3.0,Yes,tape  measure
538737,ANCHOR_01,52:06:26:03:01:DA,-80,MFG_4C000215FDA50693A4E24FB1AFCFC6EB0764782500010002D8,3.0,Yes,tape  measure
539757,ANCHOR_01,52:06:26:03:01:DA,-83,MFG_4C000215FDA50693A4E24FB1AFCFC6EB0764782500010002D8,3.0,Yes,tape  measure
540747,ANCHOR_01,52:06:26:03:01:DA,-82,MFG_4C000215FDA50693A4E24FB1AFCFC6EB0764782500010002D8,3.0,Yes,tape  measure
541767,ANCHOR_01,52:06:26:03:01:DA,-94,MFG_4C000215FDA50693A4E24FB1AFCFC6EB0764782500010002D8,3.0,Yes,tape  measure
542757,ANCHOR_01,52:06:26:03:01:DA,-94,MFG_4C000215FDA50693A4E24FB1AFCFC6EB0764782500010002D8,3.0,Yes,tape  measure
543777,ANCHOR_01,52:06:26:03:01:DA,-80,MFG_4C000215FDA50693A4E24FB1AFCFC6EB0764782500010002D8,3.0,Yes,tape  measure
544767,ANCHOR_01,52:06:26:03:01:DA,-80,MFG_4C000215FDA50693A4E24FB1AFCFC6EB0764782500010002D8,3.0,Yes,tape  measure
545787,ANCHOR_01,52:06:26:03:01:DA,-81,MFG_4C000215FDA50693A4E24FB1AFCFC6EB0764782500010002D8,3.0,Yes,tape  measure
546777,ANCHOR_01,52:06:26:03:01:DA,-82,MFG_4C000215FDA50693A4E24FB1AFCFC6EB0764782500010002D8,3.0,Yes,tape  measure
547797,ANCHOR_01,52:06:26:03:01:DA,-94,MFG_4C000215FDA50693A4E24FB1AFCFC6EB0764782500010002D8,3.0,Yes,tape  measure
548787,ANCHOR_01,52:06:26:03:01:DA,-93,MFG_4C000215FDA50693A4E24FB1AFCFC6EB0764782500010002D8,3.0,Yes,tape  measure
549807,ANCHOR_01,52:06:26:03:01:DA,-80,MFG_4C000215FDA50693A4E24FB1AFCFC6EB0764782500010002D8,3.0,Yes,tape  measure
550797,ANCHOR_01,52:06:26:03:01:DA,-80,MFG_4C000215FDA50693A4E24FB1AFCFC6EB0764782500010002D8,3.0,Yes,tape  measure
551817,ANCHOR_01,52:06:26:03:01:DA,-82,MFG_4C000215FDA50693A4E24FB1AFCFC6EB0764782500010002D8,3.0,Yes,tape  measure
552807,ANCHOR_01,52:06:26:03:01:DA,-82,MFG_4C000215FDA50693A4E24FB1AFCFC6EB0764782500010002D8,3.0,Yes,tape  measure
554817,ANCHOR_01,52:06:26:03:01:DA,-95,MFG_4C000215FDA50693A4E24FB1AFCFC6EB0764782500010002D8,3.0,Yes,tape  measure
555837,ANCHOR_01,52:06:26:03:01:DA,-80,MFG_4C000215FDA50693A4E24FB1AFCFC6EB0764782500010002D8,3.0,Yes,tape  measure
556827,ANCHOR_01,52:06:26:03:01:DA,-81,MFG_4C000215FDA50693A4E24FB1AFCFC6EB0764782500010002D8,3.0,Yes,tape  measure
557847,ANCHOR_01,52:06:26:03:01:DA,-82,MFG_4C000215FDA50693A4E24FB1AFCFC6EB0764782500010002D8,3.0,Yes,tape  measure
558837,ANCHOR_01,52:06:26:03:01:DA,-82,MFG_4C000215FDA50693A4E24FB1AFCFC6EB0764782500010002D8,3.0,Yes,tape  measure
559857,ANCHOR_01,52:06:26:03:01:DA,-95,MFG_4C000215FDA50693A4E24FB1AFCFC6EB0764782500010002D8,3.0,Yes,tape  measure
560847,ANCHOR_01,52:06:26:03:01:DA,-94,MFG_4C000215FDA50693A4E24FB1AFCFC6EB0764782500010002D8,3.0,Yes,tape  measure
561837,ANCHOR_01,52:06:26:03:01:DA,-93,MFG_4C000215FDA50693A4E24FB1AFCFC6EB0764782500010002D8,3.0,Yes,tape  measure
562857,ANCHOR_01,52:06:26:03:01:DA,-80,MFG_4C000215FDA50693A4E24FB1AFCFC6EB0764782500010002D8,3.0,Yes,tape  measure
563847,ANCHOR_01,52:06:26:03:01:DA,-80,MFG_4C000215FDA50693A4E24FB1AFCFC6EB0764782500010002D8,3.0,Yes,tape  measure
564867,ANCHOR_01,52:06:26:03:01:DA,-82,MFG_4C000215FDA50693A4E24FB1AFCFC6EB0764782500010002D8,3.0,Yes,tape  measure
565857,ANCHOR_01,52:06:26:03:01:DA,-82,MFG_4C000215FDA50693A4E24FB1AFCFC6EB0764782500010002D8,3.0,Yes,tape  measure
567867,ANCHOR_01,52:06:26:03:01:DA,-95,MFG_4C000215FDA50693A4E24FB1AFCFC6EB0764782500010002D8,3.0,Yes,tape  measure
568887,ANCHOR_01,52:06:26:03:01:DA,-80,MFG_4C000215FDA50693A4E24FB1AFCFC6EB0764782500010002D8,3.0,Yes,tape  measure
569907,ANCHOR_01,52:06:26:03:01:DA,-82,MFG_4C000215FDA50693A4E24FB1AFCFC6EB0764782500010002D8,3.0,Yes,tape  measure
570897,ANCHOR_01,52:06:26:03:01:DA,-82,MFG_4C000215FDA50693A4E24FB1AFCFC6EB0764782500010002D8,3.0,Yes,tape  measure
571917,ANCHOR_01,52:06:26:03:01:DA,-92,MFG_4C000215FDA50693A4E24FB1AFCFC6EB0764782500010002D8,3.0,Yes,tape  measure
573927,ANCHOR_01,52:06:26:03:01:DA,-80,MFG_4C000215FDA50693A4E24FB1AFCFC6EB0764782500010002D8,3.0,Yes,tape  measure
574917,ANCHOR_01,52:06:26:03:01:DA,-80,MFG_4C000215FDA50693A4E24FB1AFCFC6EB0764782500010002D8,3.0,Yes,tape  measure
575937,ANCHOR_01,52:06:26:03:01:DA,-82,MFG_4C000215FDA50693A4E24FB1AFCFC6EB0764782500010002D8,3.0,Yes,tape  measure
576927,ANCHOR_01,52:06:26:03:01:DA,-82,MFG_4C000215FDA50693A4E24FB1AFCFC6EB0764782500010002D8,3.0,Yes,tape  measure
577947,ANCHOR_01,52:06:26:03:01:DA,-92,MFG_4C000215FDA50693A4E24FB1AFCFC6EB0764782500010002D8,3.0,Yes,tape  measure
579957,ANCHOR_01,52:06:26:03:01:DA,-80,MFG_4C000215FDA50693A4E24FB1AFCFC6EB0764782500010002D8,3.0,Yes,tape  measure
581967,ANCHOR_01,52:06:26:03:01:DA,-81,MFG_4C000215FDA50693A4E24FB1AFCFC6EB0764782500010002D8,3.0,Yes,tape  measure
582987,ANCHOR_01,52:06:26:03:01:DA,-92,MFG_4C000215FDA50693A4E24FB1AFCFC6EB0764782500010002D8,3.0,Yes,tape  measure
583977,ANCHOR_01,52:06:26:03:01:DA,-91,MFG_4C000215FDA50693A4E24FB1AFCFC6EB0764782500010002D8,3.0,Yes,tape  measure
584967,ANCHOR_01,52:06:26:03:01:DA,-92,MFG_4C000215FDA50693A4E24FB1AFCFC6EB0764782500010002D8,3.0,Yes,tape  measure
585987,ANCHOR_01,52:06:26:03:01:DA,-79,MFG_4C000215FDA50693A4E24FB1AFCFC6EB0764782500010002D8,3.0,Yes,tape  measure
586977,ANCHOR_01,52:06:26:03:01:DA,-80,MFG_4C000215FDA50693A4E24FB1AFCFC6EB0764782500010002D8,3.0,Yes,tape  measure
587997,ANCHOR_01,52:06:26:03:01:DA,-81,MFG_4C000215FDA50693A4E24FB1AFCFC6EB0764782500010002D8,3.0,Yes,tape  measure
588987,ANCHOR_01,52:06:26:03:01:DA,-82,MFG_4C000215FDA50693A4E24FB1AFCFC6EB0764782500010002D8,3.0,Yes,tape  measure
590007,ANCHOR_01,52:06:26:03:01:DA,-93,MFG_4C000215FDA50693A4E24FB1AFCFC6EB0764782500010002D8,3.0,Yes,tape  measure
590997,ANCHOR_01,52:06:26:03:01:DA,-92,MFG_4C000215FDA50693A4E24FB1AFCFC6EB0764782500010002D8,3.0,Yes,tape  measure
592017,ANCHOR_01,52:06:26:03:01:DA,-81,MFG_4C000215FDA50693A4E24FB1AFCFC6EB0764782500010002D8,3.0,Yes,tape  measure
594027,ANCHOR_01,52:06:26:03:01:DA,-83,MFG_4C000215FDA50693A4E24FB1AFCFC6EB0764782500010002D8,3.0,Yes,tape  measure
595017,ANCHOR_01,52:06:26:03:01:DA,-82,MFG_4C000215FDA50693A4E24FB1AFCFC6EB0764782500010002D8,3.0,Yes,tape  measure
596037,ANCHOR_01,52:06:26:03:01:DA,-92,MFG_4C000215FDA50693A4E24FB1AFCFC6EB0764782500010002D8,3.0,Yes,tape  measure
597057,ANCHOR_01,52:06:26:03:01:DA,-80,MFG_4C000215FDA50693A4E24FB1AFCFC6EB0764782500010002D8,3.0,Yes,tape  measure
598047,ANCHOR_01,52:06:26:03:01:DA,-80,MFG_4C000215FDA50693A4E24FB1AFCFC6EB0764782500010002D8,3.0,Yes,tape  measure
599067,ANCHOR_01,52:06:26:03:01:DA,-82,MFG_4C000215FDA50693A4E24FB1AFCFC6EB0764782500010002D8,3.0,Yes,tape  measure
600057,ANCHOR_01,52:06:26:03:01:DA,-83,MFG_4C000215FDA50693A4E24FB1AFCFC6EB0764782500010002D8,3.0,Yes,tape  measure
601077,ANCHOR_01,52:06:26:03:01:DA,-92,MFG_4C000215FDA50693A4E24FB1AFCFC6EB0764782500010002D8,3.0,Yes,tape  measure
602067,ANCHOR_01,52:06:26:03:01:DA,-94,MFG_4C000215FDA50693A4E24FB1AFCFC6EB0764782500010002D8,3.0,Yes,tape  measure
604077,ANCHOR_01,52:06:26:03:01:DA,-80,MFG_4C000215FDA50693A4E24FB1AFCFC6EB0764782500010002D8,3.0,Yes,tape  measure
605097,ANCHOR_01,52:06:26:03:01:DA,-82,MFG_4C000215FDA50693A4E24FB1AFCFC6EB0764782500010002D8,3.0,Yes,tape  measure
606087,ANCHOR_01,52:06:26:03:01:DA,-83,MFG_4C000215FDA50693A4E24FB1AFCFC6EB0764782500010002D8,3.0,Yes,tape  measure
608097,ANCHOR_01,52:06:26:03:01:DA,-92,MFG_4C000215FDA50693A4E24FB1AFCFC6EB0764782500010002D8,3.0,Yes,tape  measure
609117,ANCHOR_01,52:06:26:03:01:DA,-80,MFG_4C000215FDA50693A4E24FB1AFCFC6EB0764782500010002D8,3.0,Yes,tape  measure
610107,ANCHOR_01,52:06:26:03:01:DA,-80,MFG_4C000215FDA50693A4E24FB1AFCFC6EB0764782500010002D8,3.0,Yes,tape  measure
611097,ANCHOR_01,52:06:26:03:01:DA,-81,MFG_4C000215FDA50693A4E24FB1AFCFC6EB0764782500010002D8,3.0,Yes,tape  measure
612117,ANCHOR_01,52:06:26:03:01:DA,-83,MFG_4C000215FDA50693A4E24FB1AFCFC6EB0764782500010002D8,3.0,Yes,tape  measure
614127,ANCHOR_01,52:06:26:03:01:DA,-93,MFG_4C000215FDA50693A4E24FB1AFCFC6EB0764782500010002D8,3.0,Yes,tape  measure
615117,ANCHOR_01,52:06:26:03:01:DA,-93,MFG_4C000215FDA50693A4E24FB1AFCFC6EB0764782500010002D8,3.0,Yes,tape  measure
616137,ANCHOR_01,52:06:26:03:01:DA,-81,MFG_4C000215FDA50693A4E24FB1AFCFC6EB0764782500010002D8,3.0,Yes,tape  measure
617127,ANCHOR_01,52:06:26:03:01:DA,-81,MFG_4C000215FDA50693A4E24FB1AFCFC6EB0764782500010002D8,3.0,Yes,tape  measure
618147,ANCHOR_01,52:06:26:03:01:DA,-82,MFG_4C000215FDA50693A4E24FB1AFCFC6EB0764782500010002D8,3.0,Yes,tape  measure
619137,ANCHOR_01,52:06:26:03:01:DA,-82,MFG_4C000215FDA50693A4E24FB1AFCFC6EB0764782500010002D8,3.0,Yes,tape  measure
620157,ANCHOR_01,52:06:26:03:01:DA,-91,MFG_4C000215FDA50693A4E24FB1AFCFC6EB0764782500010002D8,3.0,Yes,tape  measure
621147,ANCHOR_01,52:06:26:03:01:DA,-94,MFG_4C000215FDA50693A4E24FB1AFCFC6EB0764782500010002D8,3.0,Yes,tape  measure
622167,ANCHOR_01,52:06:26:03:01:DA,-80,MFG_4C000215FDA50693A4E24FB1AFCFC6EB0764782500010002D8,3.0,Yes,tape  measure
623157,ANCHOR_01,52:06:26:03:01:DA,-80,MFG_4C000215FDA50693A4E24FB1AFCFC6EB0764782500010002D8,3.0,Yes,tape  measure
624177,ANCHOR_01,52:06:26:03:01:DA,-82,MFG_4C000215FDA50693A4E24FB1AFCFC6EB0764782500010002D8,3.0,Yes,tape  measure
625167,ANCHOR_01,52:06:26:03:01:DA,-83,MFG_4C000215FDA50693A4E24FB1AFCFC6EB0764782500010002D8,3.0,Yes,tape  measure
626187,ANCHOR_01,52:06:26:03:01:DA,-93,MFG_4C000215FDA50693A4E24FB1AFCFC6EB0764782500010002D8,3.0,Yes,tape  measure
628197,ANCHOR_01,52:06:26:03:01:DA,-80,MFG_4C000215FDA50693A4E24FB1AFCFC6EB0764782500010002D8,3.0,Yes,tape  measure
629217,ANCHOR_01,52:06:26:03:01:DA,-83,MFG_4C000215FDA50693A4E24FB1AFCFC6EB0764782500010002D8,3.0,Yes,tape  measure
630207,ANCHOR_01,52:06:26:03:01:DA,-81,MFG_4C000215FDA50693A4E24FB1AFCFC6EB0764782500010002D8,3.0,Yes,tape  measure
631227,ANCHOR_01,52:06:26:03:01:DA,-94,MFG_4C000215FDA50693A4E24FB1AFCFC6EB0764782500010002D8,3.0,Yes,tape  measure
632217,ANCHOR_01,52:06:26:03:01:DA,-93,MFG_4C000215FDA50693A4E24FB1AFCFC6EB0764782500010002D8,3.0,Yes,tape  measure
633237,ANCHOR_01,52:06:26:03:01:DA,-80,MFG_4C000215FDA50693A4E24FB1AFCFC6EB0764782500010002D8,3.0,Yes,tape  measure
634227,ANCHOR_01,52:06:26:03:01:DA,-80,MFG_4C000215FDA50693A4E24FB1AFCFC6EB0764782500010002D8,3.0,Yes,tape  measure
635247,ANCHOR_01,52:06:26:03:01:DA,-82,MFG_4C000215FDA50693A4E24FB1AFCFC6EB0764782500010002D8,3.0,Yes,tape  measure
636237,ANCHOR_01,52:06:26:03:01:DA,-82,MFG_4C000215FDA50693A4E24FB1AFCFC6EB0764782500010002D8,3.0,Yes,tape  measure
637257,ANCHOR_01,52:06:26:03:01:DA,-93,MFG_4C000215FDA50693A4E24FB1AFCFC6EB0764782500010002D8,3.0,Yes,tape  measure
638247,ANCHOR_01,52:06:26:03:01:DA,-94,MFG_4C000215FDA50693A4E24FB1AFCFC6EB0764782500010002D8,3.0,Yes,tape  measure
640257,ANCHOR_01,52:06:26:03:01:DA,-80,MFG_4C000215FDA50693A4E24FB1AFCFC6EB0764782500010002D8,3.0,Yes,tape  measure
641247,ANCHOR_01,52:06:26:03:01:DA,-81,MFG_4C000215FDA50693A4E24FB1AFCFC6EB0764782500010002D8,3.0,Yes,tape  measure
642267,ANCHOR_01,52:06:26:03:01:DA,-84,MFG_4C000215FDA50693A4E24FB1AFCFC6EB0764782500010002D8,3.0,Yes,tape  measure
644277,ANCHOR_01,52:06:26:03:01:DA,-92,MFG_4C000215FDA50693A4E24FB1AFCFC6EB0764782500010002D8,3.0,Yes,tape  measure
645297,ANCHOR_01,52:06:26:03:01:DA,-80,MFG_4C000215FDA50693A4E24FB1AFCFC6EB0764782500010002D8,3.0,Yes,tape  measure
646287,ANCHOR_01,52:06:26:03:01:DA,-80,MFG_4C000215FDA50693A4E24FB1AFCFC6EB0764782500010002D8,3.0,Yes,tape  measure
647307,ANCHOR_01,52:06:26:03:01:DA,-81,MFG_4C000215FDA50693A4E24FB1AFCFC6EB0764782500010002D8,3.0,Yes,tape  measure
648297,ANCHOR_01,52:06:26:03:01:DA,-83,MFG_4C000215FDA50693A4E24FB1AFCFC6EB0764782500010002D8,3.0,Yes,tape  measure
650307,ANCHOR_01,52:06:26:03:01:DA,-93,MFG_4C000215FDA50693A4E24FB1AFCFC6EB0764782500010002D8,3.0,Yes,tape  measure
651327,ANCHOR_01,52:06:26:03:01:DA,-80,MFG_4C000215FDA50693A4E24FB1AFCFC6EB0764782500010002D8,3.0,Yes,tape  measure
652317,ANCHOR_01,52:06:26:03:01:DA,-80,MFG_4C000215FDA50693A4E24FB1AFCFC6EB0764782500010002D8,3.0,Yes,tape  measure
653337,ANCHOR_01,52:06:26:03:01:DA,-82,MFG_4C000215FDA50693A4E24FB1AFCFC6EB0764782500010002D8,3.0,Yes,tape  measure
654327,ANCHOR_01,52:06:26:03:01:DA,-82,MFG_4C000215FDA50693A4E24FB1AFCFC6EB0764782500010002D8,3.0,Yes,tape  measure
655347,ANCHOR_01,52:06:26:03:01:DA,-93,MFG_4C000215FDA50693A4E24FB1AFCFC6EB0764782500010002D8,3.0,Yes,tape  measure
656337,ANCHOR_01,52:06:26:03:01:DA,-95,MFG_4C000215FDA50693A4E24FB1AFCFC6EB0764782500010002D8,3.0,Yes,tape  measure
657357,ANCHOR_01,52:06:26:03:01:DA,-81,MFG_4C000215FDA50693A4E24FB1AFCFC6EB0764782500010002D8,3.0,Yes,tape  measure
658347,ANCHOR_01,52:06:26:03:01:DA,-80,MFG_4C000215FDA50693A4E24FB1AFCFC6EB0764782500010002D8,3.0,Yes,tape  measure
659367,ANCHOR_01,52:06:26:03:01:DA,-82,MFG_4C000215FDA50693A4E24FB1AFCFC6EB0764782500010002D8,3.0,Yes,tape  measure
660357,ANCHOR_01,52:06:26:03:01:DA,-82,MFG_4C000215FDA50693A4E24FB1AFCFC6EB0764782500010002D8,3.0,Yes,tape  measure
661377,ANCHOR_01,52:06:26:03:01:DA,-93,MFG_4C000215FDA50693A4E24FB1AFCFC6EB0764782500010002D8,3.0,Yes,tape  measure
662367,ANCHOR_01,52:06:26:03:01:DA,-94,MFG_4C000215FDA50693A4E24FB1AFCFC6EB0764782500010002D8,3.0,Yes,tape  measure
664377,ANCHOR_01,52:06:26:03:01:DA,-81,MFG_4C000215FDA50693A4E24FB1AFCFC6EB0764782500010002D8,3.0,Yes,tape  measure
666387,ANCHOR_01,52:06:26:03:01:DA,-83,MFG_4C000215FDA50693A4E24FB1AFCFC6EB0764782500010002D8,3.0,Yes,tape  measure
668397,ANCHOR_01,52:06:26:03:01:DA,-94,MFG_4C000215FDA50693A4E24FB1AFCFC6EB0764782500010002D8,3.0,Yes,tape  measure
669417,ANCHOR_01,52:06:26:03:01:DA,-80,MFG_4C000215FDA50693A4E24FB1AFCFC6EB0764782500010002D8,3.0,Yes,tape  measure
670407,ANCHOR_01,52:06:26:03:01:DA,-80,MFG_4C000215FDA50693A4E24FB1AFCFC6EB0764782500010002D8,3.0,Yes,tape  measure
671427,ANCHOR_01,52:06:26:03:01:DA,-83,MFG_4C000215FDA50693A4E24FB1AFCFC6EB0764782500010002D8,3.0,Yes,tape  measure
672417,ANCHOR_01,52:06:26:03:01:DA,-83,MFG_4C000215FDA50693A4E24FB1AFCFC6EB0764782500010002D8,3.0,Yes,tape  measure
673437,ANCHOR_01,52:06:26:03:01:DA,-92,MFG_4C000215FDA50693A4E24FB1AFCFC6EB0764782500010002D8,3.0,Yes,tape  measure
674427,ANCHOR_01,52:06:26:03:01:DA,-94,MFG_4C000215FDA50693A4E24FB1AFCFC6EB0764782500010002D8,3.0,Yes,tape  measure
675447,ANCHOR_01,52:06:26:03:01:DA,-81,MFG_4C000215FDA50693A4E24FB1AFCFC6EB0764782500010002D8,3.0,Yes,tape  measure
676437,ANCHOR_01,52:06:26:03:01:DA,-80,MFG_4C000215FDA50693A4E24FB1AFCFC6EB0764782500010002D8,3.0,Yes,tape  measure
677457,ANCHOR_01,52:06:26:03:01:DA,-83,MFG_4C000215FDA50693A4E24FB1AFCFC6EB0764782500010002D8,3.0,Yes,tape  measure
678477,ANCHOR_01,52:06:26:03:01:DA,-93,MFG_4C000215FDA50693A4E24FB1AFCFC6EB0764782500010002D8,3.0,Yes,tape  measure
679467,ANCHOR_01,52:06:26:03:01:DA,-93,MFG_4C000215FDA50693A4E24FB1AFCFC6EB0764782500010002D8,3.0,Yes,tape  measure
680487,ANCHOR_01,52:06:26:03:01:DA,-80,MFG_4C000215FDA50693A4E24FB1AFCFC6EB0764782500010002D8,3.0,Yes,tape  measure
681477,ANCHOR_01,52:06:26:03:01:DA,-80,MFG_4C000215FDA50693A4E24FB1AFCFC6EB0764782500010002D8,3.0,Yes,tape  measure
682497,ANCHOR_01,52:06:26:03:01:DA,-83,MFG_4C000215FDA50693A4E24FB1AFCFC6EB0764782500010002D8,3.0,Yes,tape  measure
683487,ANCHOR_01,52:06:26:03:01:DA,-84,MFG_4C000215FDA50693A4E24FB1AFCFC6EB0764782500010002D8,3.0,Yes,tape  measure
684477,ANCHOR_01,52:06:26:03:01:DA,-82,MFG_4C000215FDA50693A4E24FB1AFCFC6EB0764782500010002D8,3.0,Yes,tape  measure
685497,ANCHOR_01,52:06:26:03:01:DA,-92,MFG_4C000215FDA50693A4E24FB1AFCFC6EB0764782500010002D8,3.0,Yes,tape  measure
687507,ANCHOR_01,52:06:26:03:01:DA,-80,MFG_4C000215FDA50693A4E24FB1AFCFC6EB0764782500010002D8,3.0,Yes,tape  measure
688527,ANCHOR_01,52:06:26:03:01:DA,-82,MFG_4C000215FDA50693A4E24FB1AFCFC6EB0764782500010002D8,3.0,Yes,tape  measure
689517,ANCHOR_01,52:06:26:03:01:DA,-82,MFG_4C000215FDA50693A4E24FB1AFCFC6EB0764782500010002D8,3.0,Yes,tape  measure
690537,ANCHOR_01,52:06:26:03:01:DA,-94,MFG_4C000215FDA50693A4E24FB1AFCFC6EB0764782500010002D8,3.0,Yes,tape  measure
691527,ANCHOR_01,52:06:26:03:01:DA,-93,MFG_4C000215FDA50693A4E24FB1AFCFC6EB0764782500010002D8,3.0,Yes,tape  measure
692517,ANCHOR_01,52:06:26:03:01:DA,-95,MFG_4C000215FDA50693A4E24FB1AFCFC6EB0764782500010002D8,3.0,Yes,tape  measure
693537,ANCHOR_01,52:06:26:03:01:DA,-81,MFG_4C000215FDA50693A4E24FB1AFCFC6EB0764782500010002D8,3.0,Yes,tape  measure
694557,ANCHOR_01,52:06:26:03:01:DA,-82,MFG_4C000215FDA50693A4E24FB1AFCFC6EB0764782500010002D8,3.0,Yes,tape  measure
695547,ANCHOR_01,52:06:26:03:01:DA,-82,MFG_4C000215FDA50693A4E24FB1AFCFC6EB0764782500010002D8,3.0,Yes,tape  measure
697557,ANCHOR_01,52:06:26:03:01:DA,-95,MFG_4C000215FDA50693A4E24FB1AFCFC6EB0764782500010002D8,3.0,Yes,tape  measure
698577,ANCHOR_01,52:06:26:03:01:DA,-80,MFG_4C000215FDA50693A4E24FB1AFCFC6EB0764782500010002D8,3.0,Yes,tape  measure
699567,ANCHOR_01,52:06:26:03:01:DA,-81,MFG_4C000215FDA50693A4E24FB1AFCFC6EB0764782500010002D8,3.0,Yes,tape  measure
700587,ANCHOR_01,52:06:26:03:01:DA,-83,MFG_4C000215FDA50693A4E24FB1AFCFC6EB0764782500010002D8,3.0,Yes,tape  measure
701577,ANCHOR_01,52:06:26:03:01:DA,-82,MFG_4C000215FDA50693A4E24FB1AFCFC6EB0764782500010002D8,3.0,Yes,tape  measure
702597,ANCHOR_01,52:06:26:03:01:DA,-95,MFG_4C000215FDA50693A4E24FB1AFCFC6EB0764782500010002D8,3.0,Yes,tape  measure
703587,ANCHOR_01,52:06:26:03:01:DA,-95,MFG_4C000215FDA50693A4E24FB1AFCFC6EB0764782500010002D8,3.0,Yes,tape  measure
704607,ANCHOR_01,52:06:26:03:01:DA,-80,MFG_4C000215FDA50693A4E24FB1AFCFC6EB0764782500010002D8,3.0,Yes,tape  measure
705597,ANCHOR_01,52:06:26:03:01:DA,-80,MFG_4C000215FDA50693A4E24FB1AFCFC6EB0764782500010002D8,3.0,Yes,tape  measure
706617,ANCHOR_01,52:06:26:03:01:DA,-83,MFG_4C000215FDA50693A4E24FB1AFCFC6EB0764782500010002D8,3.0,Yes,tape  measure
707607,ANCHOR_01,52:06:26:03:01:DA,-82,MFG_4C000215FDA50693A4E24FB1AFCFC6EB0764782500010002D8,3.0,Yes,tape  measure
708627,ANCHOR_01,52:06:26:03:01:DA,-94,MFG_4C000215FDA50693A4E24FB1AFCFC6EB0764782500010002D8,3.0,Yes,tape  measure
709617,ANCHOR_01,52:06:26:03:01:DA,-93,MFG_4C000215FDA50693A4E24FB1AFCFC6EB0764782500010002D8,3.0,Yes,tape  measure
710637,ANCHOR_01,52:06:26:03:01:DA,-80,MFG_4C000215FDA50693A4E24FB1AFCFC6EB0764782500010002D8,3.0,Yes,tape  measure
711657,ANCHOR_01,52:06:26:03:01:DA,-83,MFG_4C000215FDA50693A4E24FB1AFCFC6EB0764782500010002D8,3.0,Yes,tape  measure
712647,ANCHOR_01,52:06:26:03:01:DA,-82,MFG_4C000215FDA50693A4E24FB1AFCFC6EB0764782500010002D8,3.0,Yes,tape  measure
713667,ANCHOR_01,52:06:26:03:01:DA,-93,MFG_4C000215FDA50693A4E24FB1AFCFC6EB0764782500010002D8,3.0,Yes,tape  measure
714657,ANCHOR_01,52:06:26:03:01:DA,-92,MFG_4C000215FDA50693A4E24FB1AFCFC6EB0764782500010002D8,3.0,Yes,tape  measure
715677,ANCHOR_01,52:06:26:03:01:DA,-81,MFG_4C000215FDA50693A4E24FB1AFCFC6EB0764782500010002D8,3.0,Yes,tape  measure
716667,ANCHOR_01,52:06:26:03:01:DA,-81,MFG_4C000215FDA50693A4E24FB1AFCFC6EB0764782500010002D8,3.0,Yes,tape  measure
717657,ANCHOR_01,52:06:26:03:01:DA,-80,MFG_4C000215FDA50693A4E24FB1AFCFC6EB0764782500010002D8,3.0,Yes,tape  measure
718677,ANCHOR_01,52:06:26:03:01:DA,-83,MFG_4C000215FDA50693A4E24FB1AFCFC6EB0764782500010002D8,3.0,Yes,tape  measure
719667,ANCHOR_01,52:06:26:03:01:DA,-83,MFG_4C000215FDA50693A4E24FB1AFCFC6EB0764782500010002D8,3.0,Yes,tape  measure
720687,ANCHOR_01,52:06:26:03:01:DA,-94,MFG_4C000215FDA50693A4E24FB1AFCFC6EB0764782500010002D8,3.0,Yes,tape  measure
721677,ANCHOR_01,52:06:26:03:01:DA,-93,MFG_4C000215FDA50693A4E24FB1AFCFC6EB0764782500010002D8,3.0,Yes,tape  measure
722697,ANCHOR_01,52:06:26:03:01:DA,-81,MFG_4C000215FDA50693A4E24FB1AFCFC6EB0764782500010002D8,3.0,Yes,tape  measure
723687,ANCHOR_01,52:06:26:03:01:DA,-80,MFG_4C000215FDA50693A4E24FB1AFCFC6EB0764782500010002D8,3.0,Yes,tape  measure
724707,ANCHOR_01,52:06:26:03:01:DA,-82,MFG_4C000215FDA50693A4E24FB1AFCFC6EB0764782500010002D8,3.0,Yes,tape  measure
725697,ANCHOR_01,52:06:26:03:01:DA,-83,MFG_4C000215FDA50693A4E24FB1AFCFC6EB0764782500010002D8,3.0,Yes,tape  measure
727707,ANCHOR_01,52:06:26:03:01:DA,-95,MFG_4C000215FDA50693A4E24FB1AFCFC6EB0764782500010002D8,3.0,Yes,tape  measure
728697,ANCHOR_01,52:06:26:03:01:DA,-95,MFG_4C000215FDA50693A4E24FB1AFCFC6EB0764782500010002D8,3.0,Yes,tape  measure
729717,ANCHOR_01,52:06:26:03:01:DA,-81,MFG_4C000215FDA50693A4E24FB1AFCFC6EB0764782500010002D8,3.0,Yes,tape  measure
730707,ANCHOR_01,52:06:26:03:01:DA,-80,MFG_4C000215FDA50693A4E24FB1AFCFC6EB0764782500010002D8,3.0,Yes,tape  measure
731727,ANCHOR_01,52:06:26:03:01:DA,-83,MFG_4C000215FDA50693A4E24FB1AFCFC6EB0764782500010002D8,3.0,Yes,tape  measure
732717,ANCHOR_01,52:06:26:03:01:DA,-82,MFG_4C000215FDA50693A4E24FB1AFCFC6EB0764782500010002D8,3.0,Yes,tape  measure
733737,ANCHOR_01,52:06:26:03:01:DA,-93,MFG_4C000215FDA50693A4E24FB1AFCFC6EB0764782500010002D8,3.0,Yes,tape  measure
734757,ANCHOR_01,52:06:26:03:01:DA,-80,MFG_4C000215FDA50693A4E24FB1AFCFC6EB0764782500010002D8,3.0,Yes,tape  measure
735747,ANCHOR_01,52:06:26:03:01:DA,-81,MFG_4C000215FDA50693A4E24FB1AFCFC6EB0764782500010002D8,3.0,Yes,tape  measure
736767,ANCHOR_01,52:06:26:03:01:DA,-81,MFG_4C000215FDA50693A4E24FB1AFCFC6EB0764782500010002D8,3.0,Yes,tape  measure
737757,ANCHOR_01,52:06:26:03:01:DA,-82,MFG_4C000215FDA50693A4E24FB1AFCFC6EB0764782500010002D8,3.0,Yes,tape  measure
738777,ANCHOR_01,52:06:26:03:01:DA,-93,MFG_4C000215FDA50693A4E24FB1AFCFC6EB0764782500010002D8,3.0,Yes,tape  measure
739767,ANCHOR_01,52:06:26:03:01:DA,-97,MFG_4C000215FDA50693A4E24FB1AFCFC6EB0764782500010002D8,3.0,Yes,tape  measure
740787,ANCHOR_01,52:06:26:03:01:DA,-80,MFG_4C000215FDA50693A4E24FB1AFCFC6EB0764782500010002D8,3.0,Yes,tape  measure
741777,ANCHOR_01,52:06:26:03:01:DA,-80,MFG_4C000215FDA50693A4E24FB1AFCFC6EB0764782500010002D8,3.0,Yes,tape  measure
742797,ANCHOR_01,52:06:26:03:01:DA,-83,MFG_4C000215FDA50693A4E24FB1AFCFC6EB0764782500010002D8,3.0,Yes,tape  measure
744807,ANCHOR_01,52:06:26:03:01:DA,-94,MFG_4C000215FDA50693A4E24FB1AFCFC6EB0764782500010002D8,3.0,Yes,tape  measure
746817,ANCHOR_01,52:06:26:03:01:DA,-80,MFG_4C000215FDA50693A4E24FB1AFCFC6EB0764782500010002D8,3.0,Yes,tape  measure
748827,ANCHOR_01,52:06:26:03:01:DA,-83,MFG_4C000215FDA50693A4E24FB1AFCFC6EB0764782500010002D8,3.0,Yes,tape  measure
751827,ANCHOR_01,52:06:26:03:01:DA,-92,MFG_4C000215FDA50693A4E24FB1AFCFC6EB0764782500010002D8,3.0,Yes,tape  measure
752847,ANCHOR_01,52:06:26:03:01:DA,-81,MFG_4C000215FDA50693A4E24FB1AFCFC6EB0764782500010002D8,3.0,Yes,tape  measure
753837,ANCHOR_01,52:06:26:03:01:DA,-81,MFG_4C000215FDA50693A4E24FB1AFCFC6EB0764782500010002D8,3.0,Yes,tape  measure
755847,ANCHOR_01,52:06:26:03:01:DA,-82,MFG_4C000215FDA50693A4E24FB1AFCFC6EB0764782500010002D8,3.0,Yes,tape  measure
756867,ANCHOR_01,52:06:26:03:01:DA,-94,MFG_4C000215FDA50693A4E24FB1AFCFC6EB0764782500010002D8,3.0,Yes,tape  measure
757857,ANCHOR_01,52:06:26:03:01:DA,-94,MFG_4C000215FDA50693A4E24FB1AFCFC6EB0764782500010002D8,3.0,Yes,tape  measure
758877,ANCHOR_01,52:06:26:03:01:DA,-80,MFG_4C000215FDA50693A4E24FB1AFCFC6EB0764782500010002D8,3.0,Yes,tape  measure
759867,ANCHOR_01,52:06:26:03:01:DA,-80,MFG_4C000215FDA50693A4E24FB1AFCFC6EB0764782500010002D8,3.0,Yes,tape  measure
760887,ANCHOR_01,52:06:26:03:01:DA,-83,MFG_4C000215FDA50693A4E24FB1AFCFC6EB0764782500010002D8,3.0,Yes,tape  measure
761877,ANCHOR_01,52:06:26:03:01:DA,-83,MFG_4C000215FDA50693A4E24FB1AFCFC6EB0764782500010002D8,3.0,Yes,tape  measure
762867,ANCHOR_01,52:06:26:03:01:DA,-82,MFG_4C000215FDA50693A4E24FB1AFCFC6EB0764782500010002D8,3.0,Yes,tape  measure
763887,ANCHOR_01,52:06:26:03:01:DA,-94,MFG_4C000215FDA50693A4E24FB1AFCFC6EB0764782500010002D8,3.0,Yes,tape  measure
764877,ANCHOR_01,52:06:26:03:01:DA,-95,MFG_4C000215FDA50693A4E24FB1AFCFC6EB0764782500010002D8,3.0,Yes,tape  measure
765897,ANCHOR_01,52:06:26:03:01:DA,-80,MFG_4C000215FDA50693A4E24FB1AFCFC6EB0764782500010002D8,3.0,Yes,tape  measure
766917,ANCHOR_01,52:06:26:03:01:DA,-83,MFG_4C000215FDA50693A4E24FB1AFCFC6EB0764782500010002D8,3.0,Yes,tape  measure
767907,ANCHOR_01,52:06:26:03:01:DA,-84,MFG_4C000215FDA50693A4E24FB1AFCFC6EB0764782500010002D8,3.0,Yes,tape  measure
768897,ANCHOR_01,52:06:26:03:01:DA,-84,MFG_4C000215FDA50693A4E24FB1AFCFC6EB0764782500010002D8,3.0,Yes,tape  measure
769917,ANCHOR_01,52:06:26:03:01:DA,-92,MFG_4C000215FDA50693A4E24FB1AFCFC6EB0764782500010002D8,3.0,Yes,tape  measure
770907,ANCHOR_01,52:06:26:03:01:DA,-92,MFG_4C000215FDA50693A4E24FB1AFCFC6EB0764782500010002D8,3.0,Yes,tape  measure
771927,ANCHOR_01,52:06:26:03:01:DA,-80,MFG_4C000215FDA50693A4E24FB1AFCFC6EB0764782500010002D8,3.0,Yes,tape  measure
772917,ANCHOR_01,52:06:26:03:01:DA,-80,MFG_4C000215FDA50693A4E24FB1AFCFC6EB0764782500010002D8,3.0,Yes,tape  measure
773937,ANCHOR_01,52:06:26:03:01:DA,-83,MFG_4C000215FDA50693A4E24FB1AFCFC6EB0764782500010002D8,3.0,Yes,tape  measure
774927,ANCHOR_01,52:06:26:03:01:DA,-82,MFG_4C000215FDA50693A4E24FB1AFCFC6EB0764782500010002D8,3.0,Yes,tape  measure
775947,ANCHOR_01,52:06:26:03:01:DA,-93,MFG_4C000215FDA50693A4E24FB1AFCFC6EB0764782500010002D8,3.0,Yes,tape  measure
777957,ANCHOR_01,52:06:26:03:01:DA,-81,MFG_4C000215FDA50693A4E24FB1AFCFC6EB0764782500010002D8,3.0,Yes,tape  measure
778977,ANCHOR_01,52:06:26:03:01:DA,-83,MFG_4C000215FDA50693A4E24FB1AFCFC6EB0764782500010002D8,3.0,Yes,tape  measure
779967,ANCHOR_01,52:06:26:03:01:DA,-82,MFG_4C000215FDA50693A4E24FB1AFCFC6EB0764782500010002D8,3.0,Yes,tape  measure
780987,ANCHOR_01,52:06:26:03:01:DA,-93,MFG_4C000215FDA50693A4E24FB1AFCFC6EB0764782500010002D8,3.0,Yes,tape  measure
781977,ANCHOR_01,52:06:26:03:01:DA,-93,MFG_4C000215FDA50693A4E24FB1AFCFC6EB0764782500010002D8,3.0,Yes,tape  measure
782997,ANCHOR_01,52:06:26:03:01:DA,-81,MFG_4C000215FDA50693A4E24FB1AFCFC6EB0764782500010002D8,3.0,Yes,tape  measure
783987,ANCHOR_01,52:06:26:03:01:DA,-80,MFG_4C000215FDA50693A4E24FB1AFCFC6EB0764782500010002D8,3.0,Yes,tape  measure
785007,ANCHOR_01,52:06:26:03:01:DA,-83,MFG_4C000215FDA50693A4E24FB1AFCFC6EB0764782500010002D8,3.0,Yes,tape  measure
785997,ANCHOR_01,52:06:26:03:01:DA,-82,MFG_4C000215FDA50693A4E24FB1AFCFC6EB0764782500010002D8,3.0,Yes,tape  measure
788007,ANCHOR_01,52:06:26:03:01:DA,-94,MFG_4C000215FDA50693A4E24FB1AFCFC6EB0764782500010002D8,3.0,Yes,tape  measure
788997,ANCHOR_01,52:06:26:03:01:DA,-96,MFG_4C000215FDA50693A4E24FB1AFCFC6EB0764782500010002D8,3.0,Yes,tape  measure
790017,ANCHOR_01,52:06:26:03:01:DA,-80,MFG_4C000215FDA50693A4E24FB1AFCFC6EB0764782500010002D8,3.0,Yes,tape  measure
791037,ANCHOR_01,52:06:26:03:01:DA,-83,MFG_4C000215FDA50693A4E24FB1AFCFC6EB0764782500010002D8,3.0,Yes,tape  measure
792027,ANCHOR_01,52:06:26:03:01:DA,-82,MFG_4C000215FDA50693A4E24FB1AFCFC6EB0764782500010002D8,3.0,Yes,tape  measure
793047,ANCHOR_01,52:06:26:03:01:DA,-92,MFG_4C000215FDA50693A4E24FB1AFCFC6EB0764782500010002D8,3.0,Yes,tape  measure
794037,ANCHOR_01,52:06:26:03:01:DA,-93,MFG_4C000215FDA50693A4E24FB1AFCFC6EB0764782500010002D8,3.0,Yes,tape  measure
795057,ANCHOR_01,52:06:26:03:01:DA,-81,MFG_4C000215FDA50693A4E24FB1AFCFC6EB0764782500010002D8,3.0,Yes,tape  measure
796047,ANCHOR_01,52:06:26:03:01:DA,-80,MFG_4C000215FDA50693A4E24FB1AFCFC6EB0764782500010002D8,3.0,Yes,tape  measure
798057,ANCHOR_01,52:06:26:03:01:DA,-82,MFG_4C000215FDA50693A4E24FB1AFCFC6EB0764782500010002D8,3.0,Yes,tape  measure
799047,ANCHOR_01,52:06:26:03:01:DA,-82,MFG_4C000215FDA50693A4E24FB1AFCFC6EB0764782500010002D8,3.0,Yes,tape  measure
800067,ANCHOR_01,52:06:26:03:01:DA,-92,MFG_4C000215FDA50693A4E24FB1AFCFC6EB0764782500010002D8,3.0,Yes,tape  measure
803067,ANCHOR_01,52:06:26:03:01:DA,-79,MFG_4C000215FDA50693A4E24FB1AFCFC6EB0764782500010002D8,3.0,Yes,tape  measure
804087,ANCHOR_01,52:06:26:03:01:DA,-82,MFG_4C000215FDA50693A4E24FB1AFCFC6EB0764782500010002D8,3.0,Yes,tape  measure
805077,ANCHOR_01,52:06:26:03:01:DA,-102,MFG_4C000215FDA50693A4E24FB1AFCFC6EB0764782500010002D8,3.0,Yes,tape  measure
807087,ANCHOR_01,52:06:26:03:01:DA,-93,MFG_4C000215FDA50693A4E24FB1AFCFC6EB0764782500010002D8,3.0,Yes,tape  measure
808107,ANCHOR_01,52:06:26:03:01:DA,-80,MFG_4C000215FDA50693A4E24FB1AFCFC6EB0764782500010002D8,3.0,Yes,tape  measure
809097,ANCHOR_01,52:06:26:03:01:DA,-80,MFG_4C000215FDA50693A4E24FB1AFCFC6EB0764782500010002D8,3.0,Yes,tape  measure
810117,ANCHOR_01,52:06:26:03:01:DA,-82,MFG_4C000215FDA50693A4E24FB1AFCFC6EB0764782500010002D8,3.0,Yes,tape  measure
811107,ANCHOR_01,52:06:26:03:01:DA,-82,MFG_4C000215FDA50693A4E24FB1AFCFC6EB0764782500010002D8,3.0,Yes,tape  measure
813117,ANCHOR_01,52:06:26:03:01:DA,-93,MFG_4C000215FDA50693A4E24FB1AFCFC6EB0764782500010002D8,3.0,Yes,tape  measure
814107,ANCHOR_01,52:06:26:03:01:DA,-92,MFG_4C000215FDA50693A4E24FB1AFCFC6EB0764782500010002D8,3.0,Yes,tape  measure
815127,ANCHOR_01,52:06:26:03:01:DA,-80,MFG_4C000215FDA50693A4E24FB1AFCFC6EB0764782500010002D8,3.0,Yes,tape  measure
816147,ANCHOR_01,52:06:26:03:01:DA,-84,MFG_4C000215FDA50693A4E24FB1AFCFC6EB0764782500010002D8,3.0,Yes,tape  measure
817137,ANCHOR_01,52:06:26:03:01:DA,-83,MFG_4C000215FDA50693A4E24FB1AFCFC6EB0764782500010002D8,3.0,Yes,tape  measure
819147,ANCHOR_01,52:06:26:03:01:DA,-95,MFG_4C000215FDA50693A4E24FB1AFCFC6EB0764782500010002D8,3.0,Yes,tape  measure
820167,ANCHOR_01,52:06:26:03:01:DA,-80,MFG_4C000215FDA50693A4E24FB1AFCFC6EB0764782500010002D8,3.0,Yes,tape  measure
821157,ANCHOR_01,52:06:26:03:01:DA,-80,MFG_4C000215FDA50693A4E24FB1AFCFC6EB0764782500010002D8,3.0,Yes,tape  measure
822177,ANCHOR_01,52:06:26:03:01:DA,-83,MFG_4C000215FDA50693A4E24FB1AFCFC6EB0764782500010002D8,3.0,Yes,tape  measure
823167,ANCHOR_01,52:06:26:03:01:DA,-84,MFG_4C000215FDA50693A4E24FB1AFCFC6EB0764782500010002D8,3.0,Yes,tape  measure
825177,ANCHOR_01,52:06:26:03:01:DA,-94,MFG_4C000215FDA50693A4E24FB1AFCFC6EB0764782500010002D8,3.0,Yes,tape  measure
827187,ANCHOR_01,52:06:26:03:01:DA,-80,MFG_4C000215FDA50693A4E24FB1AFCFC6EB0764782500010002D8,3.0,Yes,tape  measure
828177,ANCHOR_01,52:06:26:03:01:DA,-79,MFG_4C000215FDA50693A4E24FB1AFCFC6EB0764782500010002D8,3.0,Yes,tape  measure
829197,ANCHOR_01,52:06:26:03:01:DA,-82,MFG_4C000215FDA50693A4E24FB1AFCFC6EB0764782500010002D8,3.0,Yes,tape  measure
830187,ANCHOR_01,52:06:26:03:01:DA,-82,MFG_4C000215FDA50693A4E24FB1AFCFC6EB0764782500010002D8,3.0,Yes,tape  measure
831207,ANCHOR_01,52:06:26:03:01:DA,-93,MFG_4C000215FDA50693A4E24FB1AFCFC6EB0764782500010002D8,3.0,Yes,tape  measure
832197,ANCHOR_01,52:06:26:03:01:DA,-96,MFG_4C000215FDA50693A4E24FB1AFCFC6EB0764782500010002D8,3.0,Yes,tape  measure
833217,ANCHOR_01,52:06:26:03:01:DA,-78,MFG_4C000215FDA50693A4E24FB1AFCFC6EB0764782500010002D8,3.0,Yes,tape  measure
834207,ANCHOR_01,52:06:26:03:01:DA,-80,MFG_4C000215FDA50693A4E24FB1AFCFC6EB0764782500010002D8,3.0,Yes,tape  measure
835227,ANCHOR_01,52:06:26:03:01:DA,-83,MFG_4C000215FDA50693A4E24FB1AFCFC6EB0764782500010002D8,3.0,Yes,tape  measure
836217,ANCHOR_01,52:06:26:03:01:DA,-82,MFG_4C000215FDA50693A4E24FB1AFCFC6EB0764782500010002D8,3.0,Yes,tape  measure
837237,ANCHOR_01,52:06:26:03:01:DA,-94,MFG_4C000215FDA50693A4E24FB1AFCFC6EB0764782500010002D8,3.0,Yes,tape  measure
838257,ANCHOR_01,52:06:26:03:01:DA,-80,MFG_4C000215FDA50693A4E24FB1AFCFC6EB0764782500010002D8,3.0,Yes,tape  measure
839247,ANCHOR_01,52:06:26:03:01:DA,-79,MFG_4C000215FDA50693A4E24FB1AFCFC6EB0764782500010002D8,3.0,Yes,tape  measure
841257,ANCHOR_01,52:06:26:03:01:DA,-82,MFG_4C000215FDA50693A4E24FB1AFCFC6EB0764782500010002D8,3.0,Yes,tape  measure
843267,ANCHOR_01,52:06:26:03:01:DA,-92,MFG_4C000215FDA50693A4E24FB1AFCFC6EB0764782500010002D8,3.0,Yes,tape  measure
844257,ANCHOR_01,52:06:26:03:01:DA,-93,MFG_4C000215FDA50693A4E24FB1AFCFC6EB0764782500010002D8,3.0,Yes,tape  measure
845277,ANCHOR_01,52:06:26:03:01:DA,-80,MFG_4C000215FDA50693A4E24FB1AFCFC6EB0764782500010002D8,3.0,Yes,tape  measure
846267,ANCHOR_01,52:06:26:03:01:DA,-79,MFG_4C000215FDA50693A4E24FB1AFCFC6EB0764782500010002D8,3.0,Yes,tape  measure
847287,ANCHOR_01,52:06:26:03:01:DA,-83,MFG_4C000215FDA50693A4E24FB1AFCFC6EB0764782500010002D8,3.0,Yes,tape  measure
848277,ANCHOR_01,52:06:26:03:01:DA,-83,MFG_4C000215FDA50693A4E24FB1AFCFC6EB0764782500010002D8,3.0,Yes,tape  measure
849297,ANCHOR_01,52:06:26:03:01:DA,-94,MFG_4C000215FDA50693A4E24FB1AFCFC6EB0764782500010002D8,3.0,Yes,tape  measure
850287,ANCHOR_01,52:06:26:03:01:DA,-95,MFG_4C000215FDA50693A4E24FB1AFCFC6EB0764782500010002D8,3.0,Yes,tape  measure
851307,ANCHOR_01,52:06:26:03:01:DA,-80,MFG_4C000215FDA50693A4E24FB1AFCFC6EB0764782500010002D8,3.0,Yes,tape  measure
852297,ANCHOR_01,52:06:26:03:01:DA,-80,MFG_4C000215FDA50693A4E24FB1AFCFC6EB0764782500010002D8,3.0,Yes,tape  measure
853287,ANCHOR_01,52:06:26:03:01:DA,-79,MFG_4C000215FDA50693A4E24FB1AFCFC6EB0764782500010002D8,3.0,Yes,tape  measure
854307,ANCHOR_01,52:06:26:03:01:DA,-84,MFG_4C000215FDA50693A4E24FB1AFCFC6EB0764782500010002D8,3.0,Yes,tape  measure
855327,ANCHOR_01,52:06:26:03:01:DA,-92,MFG_4C000215FDA50693A4E24FB1AFCFC6EB0764782500010002D8,3.0,Yes,tape  measure
856317,ANCHOR_01,52:06:26:03:01:DA,-94,MFG_4C000215FDA50693A4E24FB1AFCFC6EB0764782500010002D8,3.0,Yes,tape  measure
857337,ANCHOR_01,52:06:26:03:01:DA,-80,MFG_4C000215FDA50693A4E24FB1AFCFC6EB0764782500010002D8,3.0,Yes,tape  measure
858327,ANCHOR_01,52:06:26:03:01:DA,-80,MFG_4C000215FDA50693A4E24FB1AFCFC6EB0764782500010002D8,3.0,Yes,tape  measure
859317,ANCHOR_01,52:06:26:03:01:DA,-80,MFG_4C000215FDA50693A4E24FB1AFCFC6EB0764782500010002D8,3.0,Yes,tape  measure
860337,ANCHOR_01,52:06:26:03:01:DA,-82,MFG_4C000215FDA50693A4E24FB1AFCFC6EB0764782500010002D8,3.0,Yes,tape  measure
861327,ANCHOR_01,52:06:26:03:01:DA,-83,MFG_4C000215FDA50693A4E24FB1AFCFC6EB0764782500010002D8,3.0,Yes,tape  measure
862347,ANCHOR_01,52:06:26:03:01:DA,-94,MFG_4C000215FDA50693A4E24FB1AFCFC6EB0764782500010002D8,3.0,Yes,tape  measure
863337,ANCHOR_01,52:06:26:03:01:DA,-94,MFG_4C000215FDA50693A4E24FB1AFCFC6EB0764782500010002D8,3.0,Yes,tape  measure
864357,ANCHOR_01,52:06:26:03:01:DA,-80,MFG_4C000215FDA50693A4E24FB1AFCFC6EB0764782500010002D8,3.0,Yes,tape  measure
865347,ANCHOR_01,52:06:26:03:01:DA,-79,MFG_4C000215FDA50693A4E24FB1AFCFC6EB0764782500010002D8,3.0,Yes,tape  measure
866367,ANCHOR_01,52:06:26:03:01:DA,-82,MFG_4C000215FDA50693A4E24FB1AFCFC6EB0764782500010002D8,3.0,Yes,tape  measure
867357,ANCHOR_01,52:06:26:03:01:DA,-83,MFG_4C000215FDA50693A4E24FB1AFCFC6EB0764782500010002D8,3.0,Yes,tape  measure
869367,ANCHOR_01,52:06:26:03:01:DA,-92,MFG_4C000215FDA50693A4E24FB1AFCFC6EB0764782500010002D8,3.0,Yes,tape  measure
870387,ANCHOR_01,52:06:26:03:01:DA,-80,MFG_4C000215FDA50693A4E24FB1AFCFC6EB0764782500010002D8,3.0,Yes,tape  measure
871377,ANCHOR_01,52:06:26:03:01:DA,-80,MFG_4C000215FDA50693A4E24FB1AFCFC6EB0764782500010002D8,3.0,Yes,tape  measure
872397,ANCHOR_01,52:06:26:03:01:DA,-83,MFG_4C000215FDA50693A4E24FB1AFCFC6EB0764782500010002D8,3.0,Yes,tape  measure
873387,ANCHOR_01,52:06:26:03:01:DA,-84,MFG_4C000215FDA50693A4E24FB1AFCFC6EB0764782500010002D8,3.0,Yes,tape  measure
874407,ANCHOR_01,52:06:26:03:01:DA,-96,MFG_4C000215FDA50693A4E24FB1AFCFC6EB0764782500010002D8,3.0,Yes,tape  measure
875397,ANCHOR_01,52:06:26:03:01:DA,-93,MFG_4C000215FDA50693A4E24FB1AFCFC6EB0764782500010002D8,3.0,Yes,tape  measure
876417,ANCHOR_01,52:06:26:03:01:DA,-80,MFG_4C000215FDA50693A4E24FB1AFCFC6EB0764782500010002D8,3.0,Yes,tape  measure
877407,ANCHOR_01,52:06:26:03:01:DA,-80,MFG_4C000215FDA50693A4E24FB1AFCFC6EB0764782500010002D8,3.0,Yes,tape  measure
878427,ANCHOR_01,52:06:26:03:01:DA,-81,MFG_4C000215FDA50693A4E24FB1AFCFC6EB0764782500010002D8,3.0,Yes,tape  measure
879417,ANCHOR_01,52:06:26:03:01:DA,-83,MFG_4C000215FDA50693A4E24FB1AFCFC6EB0764782500010002D8,3.0,Yes,tape  measure
880437,ANCHOR_01,52:06:26:03:01:DA,-96,MFG_4C000215FDA50693A4E24FB1AFCFC6EB0764782500010002D8,3.0,Yes,tape  measure
881427,ANCHOR_01,52:06:26:03:01:DA,-94,MFG_4C000215FDA50693A4E24FB1AFCFC6EB0764782500010002D8,3.0,Yes,tape  measure
882447,ANCHOR_01,52:06:26:03:01:DA,-80,MFG_4C000215FDA50693A4E24FB1AFCFC6EB0764782500010002D8,3.0,Yes,tape  measure
883437,ANCHOR_01,52:06:26:03:01:DA,-80,MFG_4C000215FDA50693A4E24FB1AFCFC6EB0764782500010002D8,3.0,Yes,tape  measure
885447,ANCHOR_01,52:06:26:03:01:DA,-82,MFG_4C000215FDA50693A4E24FB1AFCFC6EB0764782500010002D8,3.0,Yes,tape  measure
886437,ANCHOR_01,52:06:26:03:01:DA,-82,MFG_4C000215FDA50693A4E24FB1AFCFC6EB0764782500010002D8,3.0,Yes,tape  measure
887457,ANCHOR_01,52:06:26:03:01:DA,-95,MFG_4C000215FDA50693A4E24FB1AFCFC6EB0764782500010002D8,3.0,Yes,tape  measure
888447,ANCHOR_01,52:06:26:03:01:DA,-94,MFG_4C000215FDA50693A4E24FB1AFCFC6EB0764782500010002D8,3.0,Yes,tape  measure
889467,ANCHOR_01,52:06:26:03:01:DA,-80,MFG_4C000215FDA50693A4E24FB1AFCFC6EB0764782500010002D8,3.0,Yes,tape  measure
890457,ANCHOR_01,52:06:26:03:01:DA,-80,MFG_4C000215FDA50693A4E24FB1AFCFC6EB0764782500010002D8,3.0,Yes,tape  measure
891477,ANCHOR_01,52:06:26:03:01:DA,-82,MFG_4C000215FDA50693A4E24FB1AFCFC6EB0764782500010002D8,3.0,Yes,tape  measure
892467,ANCHOR_01,52:06:26:03:01:DA,-82,MFG_4C000215FDA50693A4E24FB1AFCFC6EB0764782500010002D8,3.0,Yes,tape  measure
894477,ANCHOR_01,52:06:26:03:01:DA,-94,MFG_4C000215FDA50693A4E24FB1AFCFC6EB0764782500010002D8,3.0,Yes,tape  measure
896487,ANCHOR_01,52:06:26:03:01:DA,-79,MFG_4C000215FDA50693A4E24FB1AFCFC6EB0764782500010002D8,3.0,Yes,tape  measure
897477,ANCHOR_01,52:06:26:03:01:DA,-80,MFG_4C000215FDA50693A4E24FB1AFCFC6EB0764782500010002D8,3.0,Yes,tape  measure
898497,ANCHOR_01,52:06:26:03:01:DA,-83,MFG_4C000215FDA50693A4E24FB1AFCFC6EB0764782500010002D8,3.0,Yes,tape  measure
899487,ANCHOR_01,52:06:26:03:01:DA,-83,MFG_4C000215FDA50693A4E24FB1AFCFC6EB0764782500010002D8,3.0,Yes,tape  measure
900507,ANCHOR_01,52:06:26:03:01:DA,-93,MFG_4C000215FDA50693A4E24FB1AFCFC6EB0764782500010002D8,3.0,Yes,tape  measure
901497,ANCHOR_01,52:06:26:03:01:DA,-94,MFG_4C000215FDA50693A4E24FB1AFCFC6EB0764782500010002D8,3.0,Yes,tape  measure
902487,ANCHOR_01,52:06:26:03:01:DA,-95,MFG_4C000215FDA50693A4E24FB1AFCFC6EB0764782500010002D8,3.0,Yes,tape  measure
903507,ANCHOR_01,52:06:26:03:01:DA,-79,MFG_4C000215FDA50693A4E24FB1AFCFC6EB0764782500010002D8,3.0,Yes,tape  measure
904497,ANCHOR_01,52:06:26:03:01:DA,-80,MFG_4C000215FDA50693A4E24FB1AFCFC6EB0764782500010002D8,3.0,Yes,tape  measure
905517,ANCHOR_01,52:06:26:03:01:DA,-82,MFG_4C000215FDA50693A4E24FB1AFCFC6EB0764782500010002D8,3.0,Yes,tape  measure
906507,ANCHOR_01,52:06:26:03:01:DA,-83,MFG_4C000215FDA50693A4E24FB1AFCFC6EB0764782500010002D8,3.0,Yes,tape  measure
907527,ANCHOR_01,52:06:26:03:01:DA,-94,MFG_4C000215FDA50693A4E24FB1AFCFC6EB0764782500010002D8,3.0,Yes,tape  measure
908517,ANCHOR_01,52:06:26:03:01:DA,-93,MFG_4C000215FDA50693A4E24FB1AFCFC6EB0764782500010002D8,3.0,Yes,tape  measure
909537,ANCHOR_01,52:06:26:03:01:DA,-79,MFG_4C000215FDA50693A4E24FB1AFCFC6EB0764782500010002D8,3.0,Yes,tape  measure
911547,ANCHOR_01,52:06:26:03:01:DA,-82,MFG_4C000215FDA50693A4E24FB1AFCFC6EB0764782500010002D8,3.0,Yes,tape  measure
912537,ANCHOR_01,52:06:26:03:01:DA,-83,MFG_4C000215FDA50693A4E24FB1AFCFC6EB0764782500010002D8,3.0,Yes,tape  measure
913557,ANCHOR_01,52:06:26:03:01:DA,-95,MFG_4C000215FDA50693A4E24FB1AFCFC6EB0764782500010002D8,3.0,Yes,tape  measure
914547,ANCHOR_01,52:06:26:03:01:DA,-95,MFG_4C000215FDA50693A4E24FB1AFCFC6EB0764782500010002D8,3.0,Yes,tape  measure
915567,ANCHOR_01,52:06:26:03:01:DA,-79,MFG_4C000215FDA50693A4E24FB1AFCFC6EB0764782500010002D8,3.0,Yes,tape  measure
916557,ANCHOR_01,52:06:26:03:01:DA,-80,MFG_4C000215FDA50693A4E24FB1AFCFC6EB0764782500010002D8,3.0,Yes,tape  measure
917577,ANCHOR_01,52:06:26:03:01:DA,-82,MFG_4C000215FDA50693A4E24FB1AFCFC6EB0764782500010002D8,3.0,Yes,tape  measure
918567,ANCHOR_01,52:06:26:03:01:DA,-83,MFG_4C000215FDA50693A4E24FB1AFCFC6EB0764782500010002D8,3.0,Yes,tape  measure
919587,ANCHOR_01,52:06:26:03:01:DA,-94,MFG_4C000215FDA50693A4E24FB1AFCFC6EB0764782500010002D8,3.0,Yes,tape  measure
920577,ANCHOR_01,52:06:26:03:01:DA,-96,MFG_4C000215FDA50693A4E24FB1AFCFC6EB0764782500010002D8,3.0,Yes,tape  measure
921597,ANCHOR_01,52:06:26:03:01:DA,-80,MFG_4C000215FDA50693A4E24FB1AFCFC6EB0764782500010002D8,3.0,Yes,tape  measure
922587,ANCHOR_01,52:06:26:03:01:DA,-80,MFG_4C000215FDA50693A4E24FB1AFCFC6EB0764782500010002D8,3.0,Yes,tape  measure
923577,ANCHOR_01,52:06:26:03:01:DA,-79,MFG_4C000215FDA50693A4E24FB1AFCFC6EB0764782500010002D8,3.0,Yes,tape  measure
924597,ANCHOR_01,52:06:26:03:01:DA,-82,MFG_4C000215FDA50693A4E24FB1AFCFC6EB0764782500010002D8,3.0,Yes,tape  measure
925587,ANCHOR_01,52:06:26:03:01:DA,-82,MFG_4C000215FDA50693A4E24FB1AFCFC6EB0764782500010002D8,3.0,Yes,tape  measure
926607,ANCHOR_01,52:06:26:03:01:DA,-94,MFG_4C000215FDA50693A4E24FB1AFCFC6EB0764782500010002D8,3.0,Yes,tape  measure
928617,ANCHOR_01,52:06:26:03:01:DA,-79,MFG_4C000215FDA50693A4E24FB1AFCFC6EB0764782500010002D8,3.0,Yes,tape  measure
929607,ANCHOR_01,52:06:26:03:01:DA,-80,MFG_4C000215FDA50693A4E24FB1AFCFC6EB0764782500010002D8,3.0,Yes,tape  measure
930627,ANCHOR_01,52:06:26:03:01:DA,-82,MFG_4C000215FDA50693A4E24FB1AFCFC6EB0764782500010002D8,3.0,Yes,tape  measure
931617,ANCHOR_01,52:06:26:03:01:DA,-84,MFG_4C000215FDA50693A4E24FB1AFCFC6EB0764782500010002D8,3.0,Yes,tape  measure
932637,ANCHOR_01,52:06:26:03:01:DA,-95,MFG_4C000215FDA50693A4E24FB1AFCFC6EB0764782500010002D8,3.0,Yes,tape  measure
933627,ANCHOR_01,52:06:26:03:01:DA,-93,MFG_4C000215FDA50693A4E24FB1AFCFC6EB0764782500010002D8,3.0,Yes,tape  measure
934647,ANCHOR_01,52:06:26:03:01:DA,-80,MFG_4C000215FDA50693A4E24FB1AFCFC6EB0764782500010002D8,3.0,Yes,tape  measure
935637,ANCHOR_01,52:06:26:03:01:DA,-80,MFG_4C000215FDA50693A4E24FB1AFCFC6EB0764782500010002D8,3.0,Yes,tape  measure
936657,ANCHOR_01,52:06:26:03:01:DA,-82,MFG_4C000215FDA50693A4E24FB1AFCFC6EB0764782500010002D8,3.0,Yes,tape  measure
937647,ANCHOR_01,52:06:26:03:01:DA,-82,MFG_4C000215FDA50693A4E24FB1AFCFC6EB0764782500010002D8,3.0,Yes,tape  measure
939657,ANCHOR_01,52:06:26:03:01:DA,-93,MFG_4C000215FDA50693A4E24FB1AFCFC6EB0764782500010002D8,3.0,Yes,tape  measure
940647,ANCHOR_01,52:06:26:03:01:DA,-95,MFG_4C000215FDA50693A4E24FB1AFCFC6EB0764782500010002D8,3.0,Yes,tape  measure
941667,ANCHOR_01,52:06:26:03:01:DA,-80,MFG_4C000215FDA50693A4E24FB1AFCFC6EB0764782500010002D8,3.0,Yes,tape  measure
942657,ANCHOR_01,52:06:26:03:01:DA,-80,MFG_4C000215FDA50693A4E24FB1AFCFC6EB0764782500010002D8,3.0,Yes,tape  measure
943677,ANCHOR_01,52:06:26:03:01:DA,-83,MFG_4C000215FDA50693A4E24FB1AFCFC6EB0764782500010002D8,3.0,Yes,tape  measure
944697,ANCHOR_01,52:06:26:03:01:DA,-95,MFG_4C000215FDA50693A4E24FB1AFCFC6EB0764782500010002D8,3.0,Yes,tape  measure
945687,ANCHOR_01,52:06:26:03:01:DA,-94,MFG_4C000215FDA50693A4E24FB1AFCFC6EB0764782500010002D8,3.0,Yes,tape  measure
946707,ANCHOR_01,52:06:26:03:01:DA,-81,MFG_4C000215FDA50693A4E24FB1AFCFC6EB0764782500010002D8,3.0,Yes,tape  measure
947697,ANCHOR_01,52:06:26:03:01:DA,-80,MFG_4C000215FDA50693A4E24FB1AFCFC6EB0764782500010002D8,3.0,Yes,tape  measure
948717,ANCHOR_01,52:06:26:03:01:DA,-83,MFG_4C000215FDA50693A4E24FB1AFCFC6EB0764782500010002D8,3.0,Yes,tape  measure
949707,ANCHOR_01,52:06:26:03:01:DA,-83,MFG_4C000215FDA50693A4E24FB1AFCFC6EB0764782500010002D8,3.0,Yes,tape  measure
950727,ANCHOR_01,52:06:26:03:01:DA,-95,MFG_4C000215FDA50693A4E24FB1AFCFC6EB0764782500010002D8,3.0,Yes,tape  measure
951717,ANCHOR_01,52:06:26:03:01:DA,-95,MFG_4C000215FDA50693A4E24FB1AFCFC6EB0764782500010002D8,3.0,Yes,tape  measure
952737,ANCHOR_01,52:06:26:03:01:DA,-80,MFG_4C000215FDA50693A4E24FB1AFCFC6EB0764782500010002D8,3.0,Yes,tape  measure
953727,ANCHOR_01,52:06:26:03:01:DA,-80,MFG_4C000215FDA50693A4E24FB1AFCFC6EB0764782500010002D8,3.0,Yes,tape  measure
954747,ANCHOR_01,52:06:26:03:01:DA,-83,MFG_4C000215FDA50693A4E24FB1AFCFC6EB0764782500010002D8,3.0,Yes,tape  measure
955737,ANCHOR_01,52:06:26:03:01:DA,-84,MFG_4C000215FDA50693A4E24FB1AFCFC6EB0764782500010002D8,3.0,Yes,tape  measure
957747,ANCHOR_01,52:06:26:03:01:DA,-94,MFG_4C000215FDA50693A4E24FB1AFCFC6EB0764782500010002D8,3.0,Yes,tape  measure
958737,ANCHOR_01,52:06:26:03:01:DA,-95,MFG_4C000215FDA50693A4E24FB1AFCFC6EB0764782500010002D8,3.0,Yes,tape  measure
959757,ANCHOR_01,52:06:26:03:01:DA,-80,MFG_4C000215FDA50693A4E24FB1AFCFC6EB0764782500010002D8,3.0,Yes,tape  measure
960747,ANCHOR_01,52:06:26:03:01:DA,-80,MFG_4C000215FDA50693A4E24FB1AFCFC6EB0764782500010002D8,3.0,Yes,tape  measure
961767,ANCHOR_01,52:06:26:03:01:DA,-82,MFG_4C000215FDA50693A4E24FB1AFCFC6EB0764782500010002D8,3.0,Yes,tape  measure
962757,ANCHOR_01,52:06:26:03:01:DA,-82,MFG_4C000215FDA50693A4E24FB1AFCFC6EB0764782500010002D8,3.0,Yes,tape  measure
964767,ANCHOR_01,52:06:26:03:01:DA,-94,MFG_4C000215FDA50693A4E24FB1AFCFC6EB0764782500010002D8,3.0,Yes,tape  measure
966777,ANCHOR_01,52:06:26:03:01:DA,-80,MFG_4C000215FDA50693A4E24FB1AFCFC6EB0764782500010002D8,3.0,Yes,tape  measure
967797,ANCHOR_01,52:06:26:03:01:DA,-83,MFG_4C000215FDA50693A4E24FB1AFCFC6EB0764782500010002D8,3.0,Yes,tape  measure
968787,ANCHOR_01,52:06:26:03:01:DA,-82,MFG_4C000215FDA50693A4E24FB1AFCFC6EB0764782500010002D8,3.0,Yes,tape  measure
970797,ANCHOR_01,52:06:26:03:01:DA,-95,MFG_4C000215FDA50693A4E24FB1AFCFC6EB0764782500010002D8,3.0,Yes,tape  measure
971787,ANCHOR_01,52:06:26:03:01:DA,-94,MFG_4C000215FDA50693A4E24FB1AFCFC6EB0764782500010002D8,3.0,Yes,tape  measure
972807,ANCHOR_01,52:06:26:03:01:DA,-80,MFG_4C000215FDA50693A4E24FB1AFCFC6EB0764782500010002D8,3.0,Yes,tape  measure
974817,ANCHOR_01,52:06:26:03:01:DA,-82,MFG_4C000215FDA50693A4E24FB1AFCFC6EB0764782500010002D8,3.0,Yes,tape  measure
975807,ANCHOR_01,52:06:26:03:01:DA,-82,MFG_4C000215FDA50693A4E24FB1AFCFC6EB0764782500010002D8,3.0,Yes,tape  measure
976827,ANCHOR_01,52:06:26:03:01:DA,-95,MFG_4C000215FDA50693A4E24FB1AFCFC6EB0764782500010002D8,3.0,Yes,tape  measure
977817,ANCHOR_01,52:06:26:03:01:DA,-94,MFG_4C000215FDA50693A4E24FB1AFCFC6EB0764782500010002D8,3.0,Yes,tape  measure
978837,ANCHOR_01,52:06:26:03:01:DA,-80,MFG_4C000215FDA50693A4E24FB1AFCFC6EB0764782500010002D8,3.0,Yes,tape  measure
979827,ANCHOR_01,52:06:26:03:01:DA,-80,MFG_4C000215FDA50693A4E24FB1AFCFC6EB0764782500010002D8,3.0,Yes,tape  measure
980847,ANCHOR_01,52:06:26:03:01:DA,-83,MFG_4C000215FDA50693A4E24FB1AFCFC6EB0764782500010002D8,3.0,Yes,tape  measure
981867,ANCHOR_01,52:06:26:03:01:DA,-93,MFG_4C000215FDA50693A4E24FB1AFCFC6EB0764782500010002D8,3.0,Yes,tape  measure
982857,ANCHOR_01,52:06:26:03:01:DA,-94,MFG_4C000215FDA50693A4E24FB1AFCFC6EB0764782500010002D8,3.0,Yes,tape  measure
983847,ANCHOR_01,52:06:26:03:01:DA,-93,MFG_4C000215FDA50693A4E24FB1AFCFC6EB0764782500010002D8,3.0,Yes,tape  measure
984867,ANCHOR_01,52:06:26:03:01:DA,-80,MFG_4C000215FDA50693A4E24FB1AFCFC6EB0764782500010002D8,3.0,Yes,tape  measure
986877,ANCHOR_01,52:06:26:03:01:DA,-82,MFG_4C000215FDA50693A4E24FB1AFCFC6EB0764782500010002D8,3.0,Yes,tape  measure
988887,ANCHOR_01,52:06:26:03:01:DA,-95,MFG_4C000215FDA50693A4E24FB1AFCFC6EB0764782500010002D8,3.0,Yes,tape  measure
989877,ANCHOR_01,52:06:26:03:01:DA,-96,MFG_4C000215FDA50693A4E24FB1AFCFC6EB0764782500010002D8,3.0,Yes,tape  measure
991887,ANCHOR_01,52:06:26:03:01:DA,-80,MFG_4C000215FDA50693A4E24FB1AFCFC6EB0764782500010002D8,3.0,Yes,tape  measure
992907,ANCHOR_01,52:06:26:03:01:DA,-82,MFG_4C000215FDA50693A4E24FB1AFCFC6EB0764782500010002D8,3.0,Yes,tape  measure
993897,ANCHOR_01,52:06:26:03:01:DA,-82,MFG_4C000215FDA50693A4E24FB1AFCFC6EB0764782500010002D8,3.0,Yes,tape  measure
995907,ANCHOR_01,52:06:26:03:01:DA,-95,MFG_4C000215FDA50693A4E24FB1AFCFC6EB0764782500010002D8,3.0,Yes,tape  measure
996897,ANCHOR_01,52:06:26:03:01:DA,-97,MFG_4C000215FDA50693A4E24FB1AFCFC6EB0764782500010002D8,3.0,Yes,tape  measure
997917,ANCHOR_01,52:06:26:03:01:DA,-80,MFG_4C000215FDA50693A4E24FB1AFCFC6EB0764782500010002D8,3.0,Yes,tape  measure
998907,ANCHOR_01,52:06:26:03:01:DA,-80,MFG_4C000215FDA50693A4E24FB1AFCFC6EB0764782500010002D8,3.0,Yes,tape  measure
999927,ANCHOR_01,52:06:26:03:01:DA,-82,MFG_4C000215FDA50693A4E24FB1AFCFC6EB0764782500010002D8,3.0,Yes,tape  measure
1000947,ANCHOR_01,52:06:26:03:01:DA,-94,MFG_4C000215FDA50693A4E24FB1AFCFC6EB0764782500010002D8,3.0,Yes,tape  measure
1001937,ANCHOR_01,52:06:26:03:01:DA,-95,MFG_4C000215FDA50693A4E24FB1AFCFC6EB0764782500010002D8,3.0,Yes,tape  measure
1002927,ANCHOR_01,52:06:26:03:01:DA,-95,MFG_4C000215FDA50693A4E24FB1AFCFC6EB0764782500010002D8,3.0,Yes,tape  measure
1003947,ANCHOR_01,52:06:26:03:01:DA,-81,MFG_4C000215FDA50693A4E24FB1AFCFC6EB0764782500010002D8,3.0,Yes,tape  measure
1005957,ANCHOR_01,52:06:26:03:01:DA,-82,MFG_4C000215FDA50693A4E24FB1AFCFC6EB0764782500010002D8,3.0,Yes,tape  measure
1007967,ANCHOR_01,52:06:26:03:01:DA,-95,MFG_4C000215FDA50693A4E24FB1AFCFC6EB0764782500010002D8,3.0,Yes,tape  measure
1008957,ANCHOR_01,52:06:26:03:01:DA,-93,MFG_4C000215FDA50693A4E24FB1AFCFC6EB0764782500010002D8,3.0,Yes,tape  measure
1009977,ANCHOR_01,52:06:26:03:01:DA,-79,MFG_4C000215FDA50693A4E24FB1AFCFC6EB0764782500010002D8,3.0,Yes,tape  measure
1010967,ANCHOR_01,52:06:26:03:01:DA,-79,MFG_4C000215FDA50693A4E24FB1AFCFC6EB0764782500010002D8,3.0,Yes,tape  measure
1011987,ANCHOR_01,52:06:26:03:01:DA,-83,MFG_4C000215FDA50693A4E24FB1AFCFC6EB0764782500010002D8,3.0,Yes,tape  measure
1012977,ANCHOR_01,52:06:26:03:01:DA,-83,MFG_4C000215FDA50693A4E24FB1AFCFC6EB0764782500010002D8,3.0,Yes,tape  measure
1013997,ANCHOR_01,52:06:26:03:01:DA,-94,MFG_4C000215FDA50693A4E24FB1AFCFC6EB0764782500010002D8,3.0,Yes,tape  measure
1014987,ANCHOR_01,52:06:26:03:01:DA,-97,MFG_4C000215FDA50693A4E24FB1AFCFC6EB0764782500010002D8,3.0,Yes,tape  measure
1016007,ANCHOR_01,52:06:26:03:01:DA,-80,MFG_4C000215FDA50693A4E24FB1AFCFC6EB0764782500010002D8,3.0,Yes,tape  measure
1016997,ANCHOR_01,52:06:26:03:01:DA,-80,MFG_4C000215FDA50693A4E24FB1AFCFC6EB0764782500010002D8,3.0,Yes,tape  measure
1018017,ANCHOR_01,52:06:26:03:01:DA,-82,MFG_4C000215FDA50693A4E24FB1AFCFC6EB0764782500010002D8,3.0,Yes,tape  measure
1019007,ANCHOR_01,52:06:26:03:01:DA,-83,MFG_4C000215FDA50693A4E24FB1AFCFC6EB0764782500010002D8,3.0,Yes,tape  measure
1020027,ANCHOR_01,52:06:26:03:01:DA,-96,MFG_4C000215FDA50693A4E24FB1AFCFC6EB0764782500010002D8,3.0,Yes,tape  measure
1021017,ANCHOR_01,52:06:26:03:01:DA,-96,MFG_4C000215FDA50693A4E24FB1AFCFC6EB0764782500010002D8,3.0,Yes,tape  measure
1022037,ANCHOR_01,52:06:26:03:01:DA,-80,MFG_4C000215FDA50693A4E24FB1AFCFC6EB0764782500010002D8,3.0,Yes,tape  measure
1023027,ANCHOR_01,52:06:26:03:01:DA,-80,MFG_4C000215FDA50693A4E24FB1AFCFC6EB0764782500010002D8,3.0,Yes,tape  measure
1024047,ANCHOR_01,52:06:26:03:01:DA,-83,MFG_4C000215FDA50693A4E24FB1AFCFC6EB0764782500010002D8,3.0,Yes,tape  measure
1025037,ANCHOR_01,52:06:26:03:01:DA,-83,MFG_4C000215FDA50693A4E24FB1AFCFC6EB0764782500010002D8,3.0,Yes,tape  measure
1026057,ANCHOR_01,52:06:26:03:01:DA,-97,MFG_4C000215FDA50693A4E24FB1AFCFC6EB0764782500010002D8,3.0,Yes,tape  measure
1027047,ANCHOR_01,52:06:26:03:01:DA,-95,MFG_4C000215FDA50693A4E24FB1AFCFC6EB0764782500010002D8,3.0,Yes,tape  measure
1028067,ANCHOR_01,52:06:26:03:01:DA,-80,MFG_4C000215FDA50693A4E24FB1AFCFC6EB0764782500010002D8,3.0,Yes,tape  measure
1030077,ANCHOR_01,52:06:26:03:01:DA,-82,MFG_4C000215FDA50693A4E24FB1AFCFC6EB0764782500010002D8,3.0,Yes,tape  measure
1031097,ANCHOR_01,52:06:26:03:01:DA,-95,MFG_4C000215FDA50693A4E24FB1AFCFC6EB0764782500010002D8,3.0,Yes,tape  measure
1032087,ANCHOR_01,52:06:26:03:01:DA,-95,MFG_4C000215FDA50693A4E24FB1AFCFC6EB0764782500010002D8,3.0,Yes,tape  measure
1034097,ANCHOR_01,52:06:26:03:01:DA,-81,MFG_4C000215FDA50693A4E24FB1AFCFC6EB0764782500010002D8,3.0,Yes,tape  measure
1035087,ANCHOR_01,52:06:26:03:01:DA,-81,MFG_4C000215FDA50693A4E24FB1AFCFC6EB0764782500010002D8,3.0,Yes,tape  measure
1036107,ANCHOR_01,52:06:26:03:01:DA,-83,MFG_4C000215FDA50693A4E24FB1AFCFC6EB0764782500010002D8,3.0,Yes,tape  measure
1038117,ANCHOR_01,52:06:26:03:01:DA,-95,MFG_4C000215FDA50693A4E24FB1AFCFC6EB0764782500010002D8,3.0,Yes,tape  measure
1039137,ANCHOR_01,52:06:26:03:01:DA,-80,MFG_4C000215FDA50693A4E24FB1AFCFC6EB0764782500010002D8,3.0,Yes,tape  measure
1040127,ANCHOR_01,52:06:26:03:01:DA,-80,MFG_4C000215FDA50693A4E24FB1AFCFC6EB0764782500010002D8,3.0,Yes,tape  measure
1041147,ANCHOR_01,52:06:26:03:01:DA,-82,MFG_4C000215FDA50693A4E24FB1AFCFC6EB0764782500010002D8,3.0,Yes,tape  measure
1042137,ANCHOR_01,52:06:26:03:01:DA,-82,MFG_4C000215FDA50693A4E24FB1AFCFC6EB0764782500010002D8,3.0,Yes,tape  measure
1043157,ANCHOR_01,52:06:26:03:01:DA,-95,MFG_4C000215FDA50693A4E24FB1AFCFC6EB0764782500010002D8,3.0,Yes,tape  measure
1044147,ANCHOR_01,52:06:26:03:01:DA,-96,MFG_4C000215FDA50693A4E24FB1AFCFC6EB0764782500010002D8,3.0,Yes,tape  measure
1045167,ANCHOR_01,52:06:26:03:01:DA,-80,MFG_4C000215FDA50693A4E24FB1AFCFC6EB0764782500010002D8,3.0,Yes,tape  measure
1047177,ANCHOR_01,52:06:26:03:01:DA,-82,MFG_4C000215FDA50693A4E24FB1AFCFC6EB0764782500010002D8,3.0,Yes,tape  measure
1048197,ANCHOR_01,52:06:26:03:01:DA,-94,MFG_4C000215FDA50693A4E24FB1AFCFC6EB0764782500010002D8,3.0,Yes,tape  measure
1049187,ANCHOR_01,52:06:26:03:01:DA,-94,MFG_4C000215FDA50693A4E24FB1AFCFC6EB0764782500010002D8,3.0,Yes,tape  measure
1050207,ANCHOR_01,52:06:26:03:01:DA,-80,MFG_4C000215FDA50693A4E24FB1AFCFC6EB0764782500010002D8,3.0,Yes,tape  measure
1051197,ANCHOR_01,52:06:26:03:01:DA,-80,MFG_4C000215FDA50693A4E24FB1AFCFC6EB0764782500010002D8,3.0,Yes,tape  measure
1052217,ANCHOR_01,52:06:26:03:01:DA,-83,MFG_4C000215FDA50693A4E24FB1AFCFC6EB0764782500010002D8,3.0,Yes,tape  measure
1053207,ANCHOR_01,52:06:26:03:01:DA,-84,MFG_4C000215FDA50693A4E24FB1AFCFC6EB0764782500010002D8,3.0,Yes,tape  measure
1055217,ANCHOR_01,52:06:26:03:01:DA,-94,MFG_4C000215FDA50693A4E24FB1AFCFC6EB0764782500010002D8,3.0,Yes,tape  measure
1056237,ANCHOR_01,52:06:26:03:01:DA,-80,MFG_4C000215FDA50693A4E24FB1AFCFC6EB0764782500010002D8,3.0,Yes,tape  measure
1057227,ANCHOR_01,52:06:26:03:01:DA,-80,MFG_4C000215FDA50693A4E24FB1AFCFC6EB0764782500010002D8,3.0,Yes,tape  measure
1058247,ANCHOR_01,52:06:26:03:01:DA,-82,MFG_4C000215FDA50693A4E24FB1AFCFC6EB0764782500010002D8,3.0,Yes,tape  measure
1059237,ANCHOR_01,52:06:26:03:01:DA,-81,MFG_4C000215FDA50693A4E24FB1AFCFC6EB0764782500010002D8,3.0,Yes,tape  measure
1060227,ANCHOR_01,52:06:26:03:01:DA,-82,MFG_4C000215FDA50693A4E24FB1AFCFC6EB0764782500010002D8,3.0,Yes,tape  measure
1061247,ANCHOR_01,52:06:26:03:01:DA,-94,MFG_4C000215FDA50693A4E24FB1AFCFC6EB0764782500010002D8,3.0,Yes,tape  measure
1062237,ANCHOR_01,52:06:26:03:01:DA,-95,MFG_4C000215FDA50693A4E24FB1AFCFC6EB0764782500010002D8,3.0,Yes,tape  measure
1063257,ANCHOR_01,52:06:26:03:01:DA,-79,MFG_4C000215FDA50693A4E24FB1AFCFC6EB0764782500010002D8,3.0,Yes,tape  measure
1064247,ANCHOR_01,52:06:26:03:01:DA,-80,MFG_4C000215FDA50693A4E24FB1AFCFC6EB0764782500010002D8,3.0,Yes,tape  measure
1066257,ANCHOR_01,52:06:26:03:01:DA,-82,MFG_4C000215FDA50693A4E24FB1AFCFC6EB0764782500010002D8,3.0,Yes,tape  measure
1067247,ANCHOR_01,52:06:26:03:01:DA,-81,MFG_4C000215FDA50693A4E24FB1AFCFC6EB0764782500010002D8,3.0,Yes,tape  measure
1068267,ANCHOR_01,52:06:26:03:01:DA,-94,MFG_4C000215FDA50693A4E24FB1AFCFC6EB0764782500010002D8,3.0,Yes,tape  measure
1069257,ANCHOR_01,52:06:26:03:01:DA,-96,MFG_4C000215FDA50693A4E24FB1AFCFC6EB0764782500010002D8,3.0,Yes,tape  measure
1070277,ANCHOR_01,52:06:26:03:01:DA,-79,MFG_4C000215FDA50693A4E24FB1AFCFC6EB0764782500010002D8,3.0,Yes,tape  measure
1071267,ANCHOR_01,52:06:26:03:01:DA,-80,MFG_4C000215FDA50693A4E24FB1AFCFC6EB0764782500010002D8,3.0,Yes,tape  measure
1072287,ANCHOR_01,52:06:26:03:01:DA,-82,MFG_4C000215FDA50693A4E24FB1AFCFC6EB0764782500010002D8,3.0,Yes,tape  measure
1074297,ANCHOR_01,52:06:26:03:01:DA,-95,MFG_4C000215FDA50693A4E24FB1AFCFC6EB0764782500010002D8,3.0,Yes,tape  measure
1075317,ANCHOR_01,52:06:26:03:01:DA,-81,MFG_4C000215FDA50693A4E24FB1AFCFC6EB0764782500010002D8,3.0,Yes,tape  measure
1076307,ANCHOR_01,52:06:26:03:01:DA,-80,MFG_4C000215FDA50693A4E24FB1AFCFC6EB0764782500010002D8,3.0,Yes,tape  measure
1077327,ANCHOR_01,52:06:26:03:01:DA,-81,MFG_4C000215FDA50693A4E24FB1AFCFC6EB0764782500010002D8,3.0,Yes,tape  measure
1078317,ANCHOR_01,52:06:26:03:01:DA,-83,MFG_4C000215FDA50693A4E24FB1AFCFC6EB0764782500010002D8,3.0,Yes,tape  measure
1079337,ANCHOR_01,52:06:26:03:01:DA,-94,MFG_4C000215FDA50693A4E24FB1AFCFC6EB0764782500010002D8,3.0,Yes,tape  measure
1080327,ANCHOR_01,52:06:26:03:01:DA,-94,MFG_4C000215FDA50693A4E24FB1AFCFC6EB0764782500010002D8,3.0,Yes,tape  measure
1081347,ANCHOR_01,52:06:26:03:01:DA,-80,MFG_4C000215FDA50693A4E24FB1AFCFC6EB0764782500010002D8,3.0,Yes,tape  measure
1082337,ANCHOR_01,52:06:26:03:01:DA,-80,MFG_4C000215FDA50693A4E24FB1AFCFC6EB0764782500010002D8,3.0,Yes,tape  measure
1083357,ANCHOR_01,52:06:26:03:01:DA,-82,MFG_4C000215FDA50693A4E24FB1AFCFC6EB0764782500010002D8,3.0,Yes,tape  measure
1084347,ANCHOR_01,52:06:26:03:01:DA,-83,MFG_4C000215FDA50693A4E24FB1AFCFC6EB0764782500010002D8,3.0,Yes,tape  measure
1086357,ANCHOR_01,52:06:26:03:01:DA,-94,MFG_4C000215FDA50693A4E24FB1AFCFC6EB0764782500010002D8,3.0,Yes,tape  measure
1087347,ANCHOR_01,52:06:26:03:01:DA,-95,MFG_4C000215FDA50693A4E24FB1AFCFC6EB0764782500010002D8,3.0,Yes,tape  measure
1088367,ANCHOR_01,52:06:26:03:01:DA,-81,MFG_4C000215FDA50693A4E24FB1AFCFC6EB0764782500010002D8,3.0,Yes,tape  measure
1089387,ANCHOR_01,52:06:26:03:01:DA,-82,MFG_4C000215FDA50693A4E24FB1AFCFC6EB0764782500010002D8,3.0,Yes,tape  measure
1090377,ANCHOR_01,52:06:26:03:01:DA,-83,MFG_4C000215FDA50693A4E24FB1AFCFC6EB0764782500010002D8,3.0,Yes,tape  measure
1091397,ANCHOR_01,52:06:26:03:01:DA,-95,MFG_4C000215FDA50693A4E24FB1AFCFC6EB0764782500010002D8,3.0,Yes,tape  measure
1092387,ANCHOR_01,52:06:26:03:01:DA,-95,MFG_4C000215FDA50693A4E24FB1AFCFC6EB0764782500010002D8,3.0,Yes,tape  measure
1094397,ANCHOR_01,52:06:26:03:01:DA,-80,MFG_4C000215FDA50693A4E24FB1AFCFC6EB0764782500010002D8,3.0,Yes,tape  measure
1095387,ANCHOR_01,52:06:26:03:01:DA,-80,MFG_4C000215FDA50693A4E24FB1AFCFC6EB0764782500010002D8,3.0,Yes,tape  measure
1096407,ANCHOR_01,52:06:26:03:01:DA,-83,MFG_4C000215FDA50693A4E24FB1AFCFC6EB0764782500010002D8,3.0,Yes,tape  measure
1098417,ANCHOR_01,52:06:26:03:01:DA,-93,MFG_4C000215FDA50693A4E24FB1AFCFC6EB0764782500010002D8,3.0,Yes,tape  measure
1099407,ANCHOR_01,52:06:26:03:01:DA,-95,MFG_4C000215FDA50693A4E24FB1AFCFC6EB0764782500010002D8,3.0,Yes,tape  measure
1100427,ANCHOR_01,52:06:26:03:01:DA,-80,MFG_4C000215FDA50693A4E24FB1AFCFC6EB0764782500010002D8,3.0,Yes,tape  measure
1101417,ANCHOR_01,52:06:26:03:01:DA,-79,MFG_4C000215FDA50693A4E24FB1AFCFC6EB0764782500010002D8,3.0,Yes,tape  measure
1102437,ANCHOR_01,52:06:26:03:01:DA,-82,MFG_4C000215FDA50693A4E24FB1AFCFC6EB0764782500010002D8,3.0,Yes,tape  measure
1103427,ANCHOR_01,52:06:26:03:01:DA,-82,MFG_4C000215FDA50693A4E24FB1AFCFC6EB0764782500010002D8,3.0,Yes,tape  measure
1104447,ANCHOR_01,52:06:26:03:01:DA,-93,MFG_4C000215FDA50693A4E24FB1AFCFC6EB0764782500010002D8,3.0,Yes,tape  measure
1105437,ANCHOR_01,52:06:26:03:01:DA,-95,MFG_4C000215FDA50693A4E24FB1AFCFC6EB0764782500010002D8,3.0,Yes,tape  measure
1106427,ANCHOR_01,52:06:26:03:01:DA,-93,MFG_4C000215FDA50693A4E24FB1AFCFC6EB0764782500010002D8,3.0,Yes,tape  measure
1107447,ANCHOR_01,52:06:26:03:01:DA,-79,MFG_4C000215FDA50693A4E24FB1AFCFC6EB0764782500010002D8,3.0,Yes,tape  measure
1108437,ANCHOR_01,52:06:26:03:01:DA,-81,MFG_4C000215FDA50693A4E24FB1AFCFC6EB0764782500010002D8,3.0,Yes,tape  measure
1109457,ANCHOR_01,52:06:26:03:01:DA,-82,MFG_4C000215FDA50693A4E24FB1AFCFC6EB0764782500010002D8,3.0,Yes,tape  measure
1110447,ANCHOR_01,52:06:26:03:01:DA,-81,MFG_4C000215FDA50693A4E24FB1AFCFC6EB0764782500010002D8,3.0,Yes,tape  measure
1112457,ANCHOR_01,52:06:26:03:01:DA,-93,MFG_4C000215FDA50693A4E24FB1AFCFC6EB0764782500010002D8,3.0,Yes,tape  measure
1113447,ANCHOR_01,52:06:26:03:01:DA,-95,MFG_4C000215FDA50693A4E24FB1AFCFC6EB0764782500010002D8,3.0,Yes,tape  measure
1114467,ANCHOR_01,52:06:26:03:01:DA,-79,MFG_4C000215FDA50693A4E24FB1AFCFC6EB0764782500010002D8,3.0,Yes,tape  measure
1115457,ANCHOR_01,52:06:26:03:01:DA,-80,MFG_4C000215FDA50693A4E24FB1AFCFC6EB0764782500010002D8,3.0,Yes,tape  measure
1116477,ANCHOR_01,52:06:26:03:01:DA,-82,MFG_4C000215FDA50693A4E24FB1AFCFC6EB0764782500010002D8,3.0,Yes,tape  measure
1117467,ANCHOR_01,52:06:26:03:01:DA,-83,MFG_4C000215FDA50693A4E24FB1AFCFC6EB0764782500010002D8,3.0,Yes,tape  measure
1118457,ANCHOR_01,52:06:26:03:01:DA,-83,MFG_4C000215FDA50693A4E24FB1AFCFC6EB0764782500010002D8,3.0,Yes,tape  measure
1119477,ANCHOR_01,52:06:26:03:01:DA,-94,MFG_4C000215FDA50693A4E24FB1AFCFC6EB0764782500010002D8,3.0,Yes,tape  measure
1120467,ANCHOR_01,52:06:26:03:01:DA,-92,MFG_4C000215FDA50693A4E24FB1AFCFC6EB0764782500010002D8,3.0,Yes,tape  measure
1121487,ANCHOR_01,52:06:26:03:01:DA,-80,MFG_4C000215FDA50693A4E24FB1AFCFC6EB0764782500010002D8,3.0,Yes,tape  measure
1122477,ANCHOR_01,52:06:26:03:01:DA,-80,MFG_4C000215FDA50693A4E24FB1AFCFC6EB0764782500010002D8,3.0,Yes,tape  measure
1123497,ANCHOR_01,52:06:26:03:01:DA,-81,MFG_4C000215FDA50693A4E24FB1AFCFC6EB0764782500010002D8,3.0,Yes,tape  measure
1124487,ANCHOR_01,52:06:26:03:01:DA,-81,MFG_4C000215FDA50693A4E24FB1AFCFC6EB0764782500010002D8,3.0,Yes,tape  measure
1125507,ANCHOR_01,52:06:26:03:01:DA,-94,MFG_4C000215FDA50693A4E24FB1AFCFC6EB0764782500010002D8,3.0,Yes,tape  measure
1126497,ANCHOR_01,52:06:26:03:01:DA,-94,MFG_4C000215FDA50693A4E24FB1AFCFC6EB0764782500010002D8,3.0,Yes,tape  measure
1127517,ANCHOR_01,52:06:26:03:01:DA,-80,MFG_4C000215FDA50693A4E24FB1AFCFC6EB0764782500010002D8,3.0,Yes,tape  measure
1128507,ANCHOR_01,52:06:26:03:01:DA,-80,MFG_4C000215FDA50693A4E24FB1AFCFC6EB0764782500010002D8,3.0,Yes,tape  measure
1130517,ANCHOR_01,52:06:26:03:01:DA,-82,MFG_4C000215FDA50693A4E24FB1AFCFC6EB0764782500010002D8,3.0,Yes,tape  measure
1131537,ANCHOR_01,52:06:26:03:01:DA,-95,MFG_4C000215FDA50693A4E24FB1AFCFC6EB0764782500010002D8,3.0,Yes,tape  measure
1132527,ANCHOR_01,52:06:26:03:01:DA,-97,MFG_4C000215FDA50693A4E24FB1AFCFC6EB0764782500010002D8,3.0,Yes,tape  measure
1133547,ANCHOR_01,52:06:26:03:01:DA,-80,MFG_4C000215FDA50693A4E24FB1AFCFC6EB0764782500010002D8,3.0,Yes,tape  measure
1134537,ANCHOR_01,52:06:26:03:01:DA,-79,MFG_4C000215FDA50693A4E24FB1AFCFC6EB0764782500010002D8,3.0,Yes,tape  measure
1135557,ANCHOR_01,52:06:26:03:01:DA,-82,MFG_4C000215FDA50693A4E24FB1AFCFC6EB0764782500010002D8,3.0,Yes,tape  measure
1136547,ANCHOR_01,52:06:26:03:01:DA,-82,MFG_4C000215FDA50693A4E24FB1AFCFC6EB0764782500010002D8,3.0,Yes,tape  measure
1137567,ANCHOR_01,52:06:26:03:01:DA,-93,MFG_4C000215FDA50693A4E24FB1AFCFC6EB0764782500010002D8,3.0,Yes,tape  measure
1138557,ANCHOR_01,52:06:26:03:01:DA,-93,MFG_4C000215FDA50693A4E24FB1AFCFC6EB0764782500010002D8,3.0,Yes,tape  measure
1139577,ANCHOR_01,52:06:26:03:01:DA,-79,MFG_4C000215FDA50693A4E24FB1AFCFC6EB0764782500010002D8,3.0,Yes,tape  measure
1140567,ANCHOR_01,52:06:26:03:01:DA,-79,MFG_4C000215FDA50693A4E24FB1AFCFC6EB0764782500010002D8,3.0,Yes,tape  measure
1141587,ANCHOR_01,52:06:26:03:01:DA,-81,MFG_4C000215FDA50693A4E24FB1AFCFC6EB0764782500010002D8,3.0,Yes,tape  measure
1142577,ANCHOR_01,52:06:26:03:01:DA,-82,MFG_4C000215FDA50693A4E24FB1AFCFC6EB0764782500010002D8,3.0,Yes,tape  measure
1143597,ANCHOR_01,52:06:26:03:01:DA,-92,MFG_4C000215FDA50693A4E24FB1AFCFC6EB0764782500010002D8,3.0,Yes,tape  measure
1144587,ANCHOR_01,52:06:26:03:01:DA,-94,MFG_4C000215FDA50693A4E24FB1AFCFC6EB0764782500010002D8,3.0,Yes,tape  measure
1145607,ANCHOR_01,52:06:26:03:01:DA,-79,MFG_4C000215FDA50693A4E24FB1AFCFC6EB0764782500010002D8,3.0,Yes,tape  measure
1146597,ANCHOR_01,52:06:26:03:01:DA,-80,MFG_4C000215FDA50693A4E24FB1AFCFC6EB0764782500010002D8,3.0,Yes,tape  measure
1147617,ANCHOR_01,52:06:26:03:01:DA,-82,MFG_4C000215FDA50693A4E24FB1AFCFC6EB0764782500010002D8,3.0,Yes,tape  measure
1148607,ANCHOR_01,52:06:26:03:01:DA,-82,MFG_4C000215FDA50693A4E24FB1AFCFC6EB0764782500010002D8,3.0,Yes,tape  measure
1149627,ANCHOR_01,52:06:26:03:01:DA,-94,MFG_4C000215FDA50693A4E24FB1AFCFC6EB0764782500010002D8,3.0,Yes,tape  measure
1150617,ANCHOR_01,52:06:26:03:01:DA,-96,MFG_4C000215FDA50693A4E24FB1AFCFC6EB0764782500010002D8,3.0,Yes,tape  measure
1151637,ANCHOR_01,52:06:26:03:01:DA,-80,MFG_4C000215FDA50693A4E24FB1AFCFC6EB0764782500010002D8,3.0,Yes,tape  measure
1152627,ANCHOR_01,52:06:26:03:01:DA,-80,MFG_4C000215FDA50693A4E24FB1AFCFC6EB0764782500010002D8,3.0,Yes,tape  measure
1153647,ANCHOR_01,52:06:26:03:01:DA,-83,MFG_4C000215FDA50693A4E24FB1AFCFC6EB0764782500010002D8,3.0,Yes,tape  measure
1154637,ANCHOR_01,52:06:26:03:01:DA,-83,MFG_4C000215FDA50693A4E24FB1AFCFC6EB0764782500010002D8,3.0,Yes,tape  measure
1155657,ANCHOR_01,52:06:26:03:01:DA,-93,MFG_4C000215FDA50693A4E24FB1AFCFC6EB0764782500010002D8,3.0,Yes,tape  measure
1156647,ANCHOR_01,52:06:26:03:01:DA,-96,MFG_4C000215FDA50693A4E24FB1AFCFC6EB0764782500010002D8,3.0,Yes,tape  measure
1157667,ANCHOR_01,52:06:26:03:01:DA,-80,MFG_4C000215FDA50693A4E24FB1AFCFC6EB0764782500010002D8,3.0,Yes,tape  measure
1158657,ANCHOR_01,52:06:26:03:01:DA,-80,MFG_4C000215FDA50693A4E24FB1AFCFC6EB0764782500010002D8,3.0,Yes,tape  measure
1159677,ANCHOR_01,52:06:26:03:01:DA,-81,MFG_4C000215FDA50693A4E24FB1AFCFC6EB0764782500010002D8,3.0,Yes,tape  measure
1160667,ANCHOR_01,52:06:26:03:01:DA,-82,MFG_4C000215FDA50693A4E24FB1AFCFC6EB0764782500010002D8,3.0,Yes,tape  measure
1161687,ANCHOR_01,52:06:26:03:01:DA,-95,MFG_4C000215FDA50693A4E24FB1AFCFC6EB0764782500010002D8,3.0,Yes,tape  measure
1162677,ANCHOR_01,52:06:26:03:01:DA,-93,MFG_4C000215FDA50693A4E24FB1AFCFC6EB0764782500010002D8,3.0,Yes,tape  measure
1164687,ANCHOR_01,52:06:26:03:01:DA,-80,MFG_4C000215FDA50693A4E24FB1AFCFC6EB0764782500010002D8,3.0,Yes,tape  measure
1165707,ANCHOR_01,52:06:26:03:01:DA,-82,MFG_4C000215FDA50693A4E24FB1AFCFC6EB0764782500010002D8,3.0,Yes,tape  measure
1166697,ANCHOR_01,52:06:26:03:01:DA,-83,MFG_4C000215FDA50693A4E24FB1AFCFC6EB0764782500010002D8,3.0,Yes,tape  measure
1167717,ANCHOR_01,52:06:26:03:01:DA,-95,MFG_4C000215FDA50693A4E24FB1AFCFC6EB0764782500010002D8,3.0,Yes,tape  measure
1168707,ANCHOR_01,52:06:26:03:01:DA,-93,MFG_4C000215FDA50693A4E24FB1AFCFC6EB0764782500010002D8,3.0,Yes,tape  measure
1169727,ANCHOR_01,52:06:26:03:01:DA,-80,MFG_4C000215FDA50693A4E24FB1AFCFC6EB0764782500010002D8,3.0,Yes,tape  measure
1170717,ANCHOR_01,52:06:26:03:01:DA,-80,MFG_4C000215FDA50693A4E24FB1AFCFC6EB0764782500010002D8,3.0,Yes,tape  measure
1171737,ANCHOR_01,52:06:26:03:01:DA,-82,MFG_4C000215FDA50693A4E24FB1AFCFC6EB0764782500010002D8,3.0,Yes,tape  measure
1172727,ANCHOR_01,52:06:26:03:01:DA,-82,MFG_4C000215FDA50693A4E24FB1AFCFC6EB0764782500010002D8,3.0,Yes,tape  measure
1174737,ANCHOR_01,52:06:26:03:01:DA,-94,MFG_4C000215FDA50693A4E24FB1AFCFC6EB0764782500010002D8,3.0,Yes,tape  measure
1175727,ANCHOR_01,52:06:26:03:01:DA,-93,MFG_4C000215FDA50693A4E24FB1AFCFC6EB0764782500010002D8,3.0,Yes,tape  measure
1176747,ANCHOR_01,52:06:26:03:01:DA,-80,MFG_4C000215FDA50693A4E24FB1AFCFC6EB0764782500010002D8,3.0,Yes,tape  measure
1177737,ANCHOR_01,52:06:26:03:01:DA,-80,MFG_4C000215FDA50693A4E24FB1AFCFC6EB0764782500010002D8,3.0,Yes,tape  measure
1178757,ANCHOR_01,52:06:26:03:01:DA,-83,MFG_4C000215FDA50693A4E24FB1AFCFC6EB0764782500010002D8,3.0,Yes,tape  measure
1179747,ANCHOR_01,52:06:26:03:01:DA,-82,MFG_4C000215FDA50693A4E24FB1AFCFC6EB0764782500010002D8,3.0,Yes,tape  measure
1180767,ANCHOR_01,52:06:26:03:01:DA,-94,MFG_4C000215FDA50693A4E24FB1AFCFC6EB0764782500010002D8,3.0,Yes,tape  measure
1181757,ANCHOR_01,52:06:26:03:01:DA,-94,MFG_4C000215FDA50693A4E24FB1AFCFC6EB0764782500010002D8,3.0,Yes,tape  measure
1182777,ANCHOR_01,52:06:26:03:01:DA,-80,MFG_4C000215FDA50693A4E24FB1AFCFC6EB0764782500010002D8,3.0,Yes,tape  measure
1183767,ANCHOR_01,52:06:26:03:01:DA,-80,MFG_4C000215FDA50693A4E24FB1AFCFC6EB0764782500010002D8,3.0,Yes,tape  measure
1184787,ANCHOR_01,52:06:26:03:01:DA,-82,MFG_4C000215FDA50693A4E24FB1AFCFC6EB0764782500010002D8,3.0,Yes,tape  measure
1185777,ANCHOR_01,52:06:26:03:01:DA,-83,MFG_4C000215FDA50693A4E24FB1AFCFC6EB0764782500010002D8,3.0,Yes,tape  measure
1186797,ANCHOR_01,52:06:26:03:01:DA,-94,MFG_4C000215FDA50693A4E24FB1AFCFC6EB0764782500010002D8,3.0,Yes,tape  measure
1187787,ANCHOR_01,52:06:26:03:01:DA,-95,MFG_4C000215FDA50693A4E24FB1AFCFC6EB0764782500010002D8,3.0,Yes,tape  measure
1188807,ANCHOR_01,52:06:26:03:01:DA,-80,MFG_4C000215FDA50693A4E24FB1AFCFC6EB0764782500010002D8,3.0,Yes,tape  measure
1189797,ANCHOR_01,52:06:26:03:01:DA,-80,MFG_4C000215FDA50693A4E24FB1AFCFC6EB0764782500010002D8,3.0,Yes,tape  measure
1190817,ANCHOR_01,52:06:26:03:01:DA,-83,MFG_4C000215FDA50693A4E24FB1AFCFC6EB0764782500010002D8,3.0,Yes,tape  measure
1191807,ANCHOR_01,52:06:26:03:01:DA,-83,MFG_4C000215FDA50693A4E24FB1AFCFC6EB0764782500010002D8,3.0,Yes,tape  measure
1193817,ANCHOR_01,52:06:26:03:01:DA,-94,MFG_4C000215FDA50693A4E24FB1AFCFC6EB0764782500010002D8,3.0,Yes,tape  measure
1194837,ANCHOR_01,52:06:26:03:01:DA,-81,MFG_4C000215FDA50693A4E24FB1AFCFC6EB0764782500010002D8,3.0,Yes,tape  measure
1195827,ANCHOR_01,52:06:26:03:01:DA,-81,MFG_4C000215FDA50693A4E24FB1AFCFC6EB0764782500010002D8,3.0,Yes,tape  measure
1196847,ANCHOR_01,52:06:26:03:01:DA,-82,MFG_4C000215FDA50693A4E24FB1AFCFC6EB0764782500010002D8,3.0,Yes,tape  measure
1197837,ANCHOR_01,52:06:26:03:01:DA,-82,MFG_4C000215FDA50693A4E24FB1AFCFC6EB0764782500010002D8,3.0,Yes,tape  measure
1198857,ANCHOR_01,52:06:26:03:01:DA,-93,MFG_4C000215FDA50693A4E24FB1AFCFC6EB0764782500010002D8,3.0,Yes,tape  measure
1199847,ANCHOR_01,52:06:26:03:01:DA,-94,MFG_4C000215FDA50693A4E24FB1AFCFC6EB0764782500010002D8,3.0,Yes,tape  measure
1200867,ANCHOR_01,52:06:26:03:01:DA,-81,MFG_4C000215FDA50693A4E24FB1AFCFC6EB0764782500010002D8,3.0,Yes,tape  measure
1201857,ANCHOR_01,52:06:26:03:01:DA,-80,MFG_4C000215FDA50693A4E24FB1AFCFC6EB0764782500010002D8,3.0,Yes,tape  measure
1202877,ANCHOR_01,52:06:26:03:01:DA,-82,MFG_4C000215FDA50693A4E24FB1AFCFC6EB0764782500010002D8,3.0,Yes,tape  measure
1203867,ANCHOR_01,52:06:26:03:01:DA,-83,MFG_4C000215FDA50693A4E24FB1AFCFC6EB0764782500010002D8,3.0,Yes,tape  measure
1204887,ANCHOR_01,52:06:26:03:01:DA,-93,MFG_4C000215FDA50693A4E24FB1AFCFC6EB0764782500010002D8,3.0,Yes,tape  measure
1205877,ANCHOR_01,52:06:26:03:01:DA,-94,MFG_4C000215FDA50693A4E24FB1AFCFC6EB0764782500010002D8,3.0,Yes,tape  measure
1206897,ANCHOR_01,52:06:26:03:01:DA,-80,MFG_4C000215FDA50693A4E24FB1AFCFC6EB0764782500010002D8,3.0,Yes,tape  measure
1207887,ANCHOR_01,52:06:26:03:01:DA,-80,MFG_4C000215FDA50693A4E24FB1AFCFC6EB0764782500010002D8,3.0,Yes,tape  measure
1208907,ANCHOR_01,52:06:26:03:01:DA,-84,MFG_4C000215FDA50693A4E24FB1AFCFC6EB0764782500010002D8,3.0,Yes,tape  measure
1209897,ANCHOR_01,52:06:26:03:01:DA,-82,MFG_4C000215FDA50693A4E24FB1AFCFC6EB0764782500010002D8,3.0,Yes,tape  measure
1210917,ANCHOR_01,52:06:26:03:01:DA,-92,MFG_4C000215FDA50693A4E24FB1AFCFC6EB0764782500010002D8,3.0,Yes,tape  measure
1211907,ANCHOR_01,52:06:26:03:01:DA,-92,MFG_4C000215FDA50693A4E24FB1AFCFC6EB0764782500010002D8,3.0,Yes,tape  measure
1212927,ANCHOR_01,52:06:26:03:01:DA,-81,MFG_4C000215FDA50693A4E24FB1AFCFC6EB0764782500010002D8,3.0,Yes,tape  measure
1213917,ANCHOR_01,52:06:26:03:01:DA,-80,MFG_4C000215FDA50693A4E24FB1AFCFC6EB0764782500010002D8,3.0,Yes,tape  measure
1214937,ANCHOR_01,52:06:26:03:01:DA,-82,MFG_4C000215FDA50693A4E24FB1AFCFC6EB0764782500010002D8,3.0,Yes,tape  measure
1216947,ANCHOR_01,52:06:26:03:01:DA,-93,MFG_4C000215FDA50693A4E24FB1AFCFC6EB0764782500010002D8,3.0,Yes,tape  measure
1218957,ANCHOR_01,52:06:26:03:01:DA,-81,MFG_4C000215FDA50693A4E24FB1AFCFC6EB0764782500010002D8,3.0,Yes,tape  measure
1219947,ANCHOR_01,52:06:26:03:01:DA,-80,MFG_4C000215FDA50693A4E24FB1AFCFC6EB0764782500010002D8,3.0,Yes,tape  measure
1220967,ANCHOR_01,52:06:26:03:01:DA,-82,MFG_4C000215FDA50693A4E24FB1AFCFC6EB0764782500010002D8,3.0,Yes,tape  measure
1221957,ANCHOR_01,52:06:26:03:01:DA,-82,MFG_4C000215FDA50693A4E24FB1AFCFC6EB0764782500010002D8,3.0,Yes,tape  measure
1222977,ANCHOR_01,52:06:26:03:01:DA,-92,MFG_4C000215FDA50693A4E24FB1AFCFC6EB0764782500010002D8,3.0,Yes,tape  measure
1223967,ANCHOR_01,52:06:26:03:01:DA,-94,MFG_4C000215FDA50693A4E24FB1AFCFC6EB0764782500010002D8,3.0,Yes,tape  measure
1224987,ANCHOR_01,52:06:26:03:01:DA,-81,MFG_4C000215FDA50693A4E24FB1AFCFC6EB0764782500010002D8,3.0,Yes,tape  measure
1225977,ANCHOR_01,52:06:26:03:01:DA,-80,MFG_4C000215FDA50693A4E24FB1AFCFC6EB0764782500010002D8,3.0,Yes,tape  measure
1226997,ANCHOR_01,52:06:26:03:01:DA,-82,MFG_4C000215FDA50693A4E24FB1AFCFC6EB0764782500010002D8,3.0,Yes,tape  measure
1228017,ANCHOR_01,52:06:26:03:01:DA,-92,MFG_4C000215FDA50693A4E24FB1AFCFC6EB0764782500010002D8,3.0,Yes,tape  measure
1229007,ANCHOR_01,52:06:26:03:01:DA,-93,MFG_4C000215FDA50693A4E24FB1AFCFC6EB0764782500010002D8,3.0,Yes,tape  measure
1230027,ANCHOR_01,52:06:26:03:01:DA,-80,MFG_4C000215FDA50693A4E24FB1AFCFC6EB0764782500010002D8,3.0,Yes,tape  measure
1231017,ANCHOR_01,52:06:26:03:01:DA,-80,MFG_4C000215FDA50693A4E24FB1AFCFC6EB0764782500010002D8,3.0,Yes,tape  measure
1233027,ANCHOR_01,52:06:26:03:01:DA,-82,MFG_4C000215FDA50693A4E24FB1AFCFC6EB0764782500010002D8,3.0,Yes,tape  measure
1234047,ANCHOR_01,52:06:26:03:01:DA,-94,MFG_4C000215FDA50693A4E24FB1AFCFC6EB0764782500010002D8,3.0,Yes,tape  measure
1235037,ANCHOR_01,52:06:26:03:01:DA,-93,MFG_4C000215FDA50693A4E24FB1AFCFC6EB0764782500010002D8,3.0,Yes,tape  measure
1236057,ANCHOR_01,52:06:26:03:01:DA,-80,MFG_4C000215FDA50693A4E24FB1AFCFC6EB0764782500010002D8,3.0,Yes,tape  measure
1237047,ANCHOR_01,52:06:26:03:01:DA,-80,MFG_4C000215FDA50693A4E24FB1AFCFC6EB0764782500010002D8,3.0,Yes,tape  measure
1238067,ANCHOR_01,52:06:26:03:01:DA,-82,MFG_4C000215FDA50693A4E24FB1AFCFC6EB0764782500010002D8,3.0,Yes,tape  measure
1239057,ANCHOR_01,52:06:26:03:01:DA,-82,MFG_4C000215FDA50693A4E24FB1AFCFC6EB0764782500010002D8,3.0,Yes,tape  measure
1241067,ANCHOR_01,52:06:26:03:01:DA,-92,MFG_4C000215FDA50693A4E24FB1AFCFC6EB0764782500010002D8,3.0,Yes,tape  measure
1242087,ANCHOR_01,52:06:26:03:01:DA,-80,MFG_4C000215FDA50693A4E24FB1AFCFC6EB0764782500010002D8,3.0,Yes,tape  measure
1243077,ANCHOR_01,52:06:26:03:01:DA,-80,MFG_4C000215FDA50693A4E24FB1AFCFC6EB0764782500010002D8,3.0,Yes,tape  measure
1244097,ANCHOR_01,52:06:26:03:01:DA,-83,MFG_4C000215FDA50693A4E24FB1AFCFC6EB0764782500010002D8,3.0,Yes,tape  measure
1245087,ANCHOR_01,52:06:26:03:01:DA,-82,MFG_4C000215FDA50693A4E24FB1AFCFC6EB0764782500010002D8,3.0,Yes,tape  measure
1246107,ANCHOR_01,52:06:26:03:01:DA,-94,MFG_4C000215FDA50693A4E24FB1AFCFC6EB0764782500010002D8,3.0,Yes,tape  measure
1247097,ANCHOR_01,52:06:26:03:01:DA,-95,MFG_4C000215FDA50693A4E24FB1AFCFC6EB0764782500010002D8,3.0,Yes,tape  measure
1248117,ANCHOR_01,52:06:26:03:01:DA,-80,MFG_4C000215FDA50693A4E24FB1AFCFC6EB0764782500010002D8,3.0,Yes,tape  measure
1249107,ANCHOR_01,52:06:26:03:01:DA,-80,MFG_4C000215FDA50693A4E24FB1AFCFC6EB0764782500010002D8,3.0,Yes,tape  measure
1250127,ANCHOR_01,52:06:26:03:01:DA,-82,MFG_4C000215FDA50693A4E24FB1AFCFC6EB0764782500010002D8,3.0,Yes,tape  measure
1251117,ANCHOR_01,52:06:26:03:01:DA,-81,MFG_4C000215FDA50693A4E24FB1AFCFC6EB0764782500010002D8,3.0,Yes,tape  measure
1252137,ANCHOR_01,52:06:26:03:01:DA,-92,MFG_4C000215FDA50693A4E24FB1AFCFC6EB0764782500010002D8,3.0,Yes,tape  measure
1254147,ANCHOR_01,52:06:26:03:01:DA,-81,MFG_4C000215FDA50693A4E24FB1AFCFC6EB0764782500010002D8,3.0,Yes,tape  measure
1255167,ANCHOR_01,52:06:26:03:01:DA,-82,MFG_4C000215FDA50693A4E24FB1AFCFC6EB0764782500010002D8,3.0,Yes,tape  measure
1256157,ANCHOR_01,52:06:26:03:01:DA,-82,MFG_4C000215FDA50693A4E24FB1AFCFC6EB0764782500010002D8,3.0,Yes,tape  measure
1257177,ANCHOR_01,52:06:26:03:01:DA,-94,MFG_4C000215FDA50693A4E24FB1AFCFC6EB0764782500010002D8,3.0,Yes,tape  measure
1258167,ANCHOR_01,52:06:26:03:01:DA,-94,MFG_4C000215FDA50693A4E24FB1AFCFC6EB0764782500010002D8,3.0,Yes,tape  measure
1259187,ANCHOR_01,52:06:26:03:01:DA,-81,MFG_4C000215FDA50693A4E24FB1AFCFC6EB0764782500010002D8,3.0,Yes,tape  measure
1260177,ANCHOR_01,52:06:26:03:01:DA,-81,MFG_4C000215FDA50693A4E24FB1AFCFC6EB0764782500010002D8,3.0,Yes,tape  measure
1261197,ANCHOR_01,52:06:26:03:01:DA,-82,MFG_4C000215FDA50693A4E24FB1AFCFC6EB0764782500010002D8,3.0,Yes,tape  measure
1262187,ANCHOR_01,52:06:26:03:01:DA,-82,MFG_4C000215FDA50693A4E24FB1AFCFC6EB0764782500010002D8,3.0,Yes,tape  measure
1263207,ANCHOR_01,52:06:26:03:01:DA,-93,MFG_4C000215FDA50693A4E24FB1AFCFC6EB0764782500010002D8,3.0,Yes,tape  measure
1264197,ANCHOR_01,52:06:26:03:01:DA,-95,MFG_4C000215FDA50693A4E24FB1AFCFC6EB0764782500010002D8,3.0,Yes,tape  measure
1265217,ANCHOR_01,52:06:26:03:01:DA,-80,MFG_4C000215FDA50693A4E24FB1AFCFC6EB0764782500010002D8,3.0,Yes,tape  measure
1266207,ANCHOR_01,52:06:26:03:01:DA,-80,MFG_4C000215FDA50693A4E24FB1AFCFC6EB0764782500010002D8,3.0,Yes,tape  measure
1267227,ANCHOR_01,52:06:26:03:01:DA,-83,MFG_4C000215FDA50693A4E24FB1AFCFC6EB0764782500010002D8,3.0,Yes,tape  measure
1269237,ANCHOR_01,52:06:26:03:01:DA,-94,MFG_4C000215FDA50693A4E24FB1AFCFC6EB0764782500010002D8,3.0,Yes,tape  measure
1270227,ANCHOR_01,52:06:26:03:01:DA,-94,MFG_4C000215FDA50693A4E24FB1AFCFC6EB0764782500010002D8,3.0,Yes,tape  measure
1271247,ANCHOR_01,52:06:26:03:01:DA,-81,MFG_4C000215FDA50693A4E24FB1AFCFC6EB0764782500010002D8,3.0,Yes,tape  measure
1272237,ANCHOR_01,52:06:26:03:01:DA,-81,MFG_4C000215FDA50693A4E24FB1AFCFC6EB0764782500010002D8,3.0,Yes,tape  measure
1273257,ANCHOR_01,52:06:26:03:01:DA,-83,MFG_4C000215FDA50693A4E24FB1AFCFC6EB0764782500010002D8,3.0,Yes,tape  measure
1274247,ANCHOR_01,52:06:26:03:01:DA,-83,MFG_4C000215FDA50693A4E24FB1AFCFC6EB0764782500010002D8,3.0,Yes,tape  measure
1275267,ANCHOR_01,52:06:26:03:01:DA,-92,MFG_4C000215FDA50693A4E24FB1AFCFC6EB0764782500010002D8,3.0,Yes,tape  measure
1276257,ANCHOR_01,52:06:26:03:01:DA,-95,MFG_4C000215FDA50693A4E24FB1AFCFC6EB0764782500010002D8,3.0,Yes,tape  measure
1277277,ANCHOR_01,52:06:26:03:01:DA,-80,MFG_4C000215FDA50693A4E24FB1AFCFC6EB0764782500010002D8,3.0,Yes,tape  measure
1278297,ANCHOR_01,52:06:26:03:01:DA,-82,MFG_4C000215FDA50693A4E24FB1AFCFC6EB0764782500010002D8,3.0,Yes,tape  measure
1279287,ANCHOR_01,52:06:26:03:01:DA,-81,MFG_4C000215FDA50693A4E24FB1AFCFC6EB0764782500010002D8,3.0,Yes,tape  measure
1280307,ANCHOR_01,52:06:26:03:01:DA,-93,MFG_4C000215FDA50693A4E24FB1AFCFC6EB0764782500010002D8,3.0,Yes,tape  measure
1281297,ANCHOR_01,52:06:26:03:01:DA,-93,MFG_4C000215FDA50693A4E24FB1AFCFC6EB0764782500010002D8,3.0,Yes,tape  measure
1283307,ANCHOR_01,52:06:26:03:01:DA,-80,MFG_4C000215FDA50693A4E24FB1AFCFC6EB0764782500010002D8,3.0,Yes,tape  measure
1284327,ANCHOR_01,52:06:26:03:01:DA,-83,MFG_4C000215FDA50693A4E24FB1AFCFC6EB0764782500010002D8,3.0,Yes,tape  measure
1285317,ANCHOR_01,52:06:26:03:01:DA,-83,MFG_4C000215FDA50693A4E24FB1AFCFC6EB0764782500010002D8,3.0,Yes,tape  measure
1286337,ANCHOR_01,52:06:26:03:01:DA,-93,MFG_4C000215FDA50693A4E24FB1AFCFC6EB0764782500010002D8,3.0,Yes,tape  measure
1287327,ANCHOR_01,52:06:26:03:01:DA,-94,MFG_4C000215FDA50693A4E24FB1AFCFC6EB0764782500010002D8,3.0,Yes,tape  measure
1288347,ANCHOR_01,52:06:26:03:01:DA,-80,MFG_4C000215FDA50693A4E24FB1AFCFC6EB0764782500010002D8,3.0,Yes,tape  measure
1289337,ANCHOR_01,52:06:26:03:01:DA,-80,MFG_4C000215FDA50693A4E24FB1AFCFC6EB0764782500010002D8,3.0,Yes,tape  measure
1290357,ANCHOR_01,52:06:26:03:01:DA,-82,MFG_4C000215FDA50693A4E24FB1AFCFC6EB0764782500010002D8,3.0,Yes,tape  measure
1291347,ANCHOR_01,52:06:26:03:01:DA,-83,MFG_4C000215FDA50693A4E24FB1AFCFC6EB0764782500010002D8,3.0,Yes,tape  measure
1292367,ANCHOR_01,52:06:26:03:01:DA,-94,MFG_4C000215FDA50693A4E24FB1AFCFC6EB0764782500010002D8,3.0,Yes,tape  measure
1294377,ANCHOR_01,52:06:26:03:01:DA,-80,MFG_4C000215FDA50693A4E24FB1AFCFC6EB0764782500010002D8,3.0,Yes,tape  measure
1295397,ANCHOR_01,52:06:26:03:01:DA,-83,MFG_4C000215FDA50693A4E24FB1AFCFC6EB0764782500010002D8,3.0,Yes,tape  measure
1296387,ANCHOR_01,52:06:26:03:01:DA,-82,MFG_4C000215FDA50693A4E24FB1AFCFC6EB0764782500010002D8,3.0,Yes,tape  measure
1298397,ANCHOR_01,52:06:26:03:01:DA,-93,MFG_4C000215FDA50693A4E24FB1AFCFC6EB0764782500010002D8,3.0,Yes,tape  measure
1299387,ANCHOR_01,52:06:26:03:01:DA,-93,MFG_4C000215FDA50693A4E24FB1AFCFC6EB0764782500010002D8,3.0,Yes,tape  measure
1300407,ANCHOR_01,52:06:26:03:01:DA,-81,MFG_4C000215FDA50693A4E24FB1AFCFC6EB0764782500010002D8,3.0,Yes,tape  measure
1302417,ANCHOR_01,52:06:26:03:01:DA,-83,MFG_4C000215FDA50693A4E24FB1AFCFC6EB0764782500010002D8,3.0,Yes,tape  measure
1304427,ANCHOR_01,52:06:26:03:01:DA,-95,MFG_4C000215FDA50693A4E24FB1AFCFC6EB0764782500010002D8,3.0,Yes,tape  measure
1306437,ANCHOR_01,52:06:26:03:01:DA,-81,MFG_4C000215FDA50693A4E24FB1AFCFC6EB0764782500010002D8,3.0,Yes,tape  measure
1307427,ANCHOR_01,52:06:26:03:01:DA,-81,MFG_4C000215FDA50693A4E24FB1AFCFC6EB0764782500010002D8,3.0,Yes,tape  measure
1308447,ANCHOR_01,52:06:26:03:01:DA,-81,MFG_4C000215FDA50693A4E24FB1AFCFC6EB0764782500010002D8,3.0,Yes,tape  measure
1309437,ANCHOR_01,52:06:26:03:01:DA,-84,MFG_4C000215FDA50693A4E24FB1AFCFC6EB0764782500010002D8,3.0,Yes,tape  measure
1311447,ANCHOR_01,52:06:26:03:01:DA,-93,MFG_4C000215FDA50693A4E24FB1AFCFC6EB0764782500010002D8,3.0,Yes,tape  measure
1313457,ANCHOR_01,52:06:26:03:01:DA,-81,MFG_4C000215FDA50693A4E24FB1AFCFC6EB0764782500010002D8,3.0,Yes,tape  measure
1314477,ANCHOR_01,52:06:26:03:01:DA,-82,MFG_4C000215FDA50693A4E24FB1AFCFC6EB0764782500010002D8,3.0,Yes,tape  measure
1315467,ANCHOR_01,52:06:26:03:01:DA,-82,MFG_4C000215FDA50693A4E24FB1AFCFC6EB0764782500010002D8,3.0,Yes,tape  measure
1316457,ANCHOR_01,52:06:26:03:01:DA,-81,MFG_4C000215FDA50693A4E24FB1AFCFC6EB0764782500010002D8,3.0,Yes,tape  measure
1317477,ANCHOR_01,52:06:26:03:01:DA,-94,MFG_4C000215FDA50693A4E24FB1AFCFC6EB0764782500010002D8,3.0,Yes,tape  measure
1318497,ANCHOR_01,52:06:26:03:01:DA,-79,MFG_4C000215FDA50693A4E24FB1AFCFC6EB0764782500010002D8,3.0,Yes,tape  measure
1319487,ANCHOR_01,52:06:26:03:01:DA,-80,MFG_4C000215FDA50693A4E24FB1AFCFC6EB0764782500010002D8,3.0,Yes,tape  measure
1320507,ANCHOR_01,52:06:26:03:01:DA,-83,MFG_4C000215FDA50693A4E24FB1AFCFC6EB0764782500010002D8,3.0,Yes,tape  measure
1321497,ANCHOR_01,52:06:26:03:01:DA,-84,MFG_4C000215FDA50693A4E24FB1AFCFC6EB0764782500010002D8,3.0,Yes,tape  measure
1323507,ANCHOR_01,52:06:26:03:01:DA,-94,MFG_4C000215FDA50693A4E24FB1AFCFC6EB0764782500010002D8,3.0,Yes,tape  measure
1324497,ANCHOR_01,52:06:26:03:01:DA,-94,MFG_4C000215FDA50693A4E24FB1AFCFC6EB0764782500010002D8,3.0,Yes,tape  measure
1325517,ANCHOR_01,52:06:26:03:01:DA,-80,MFG_4C000215FDA50693A4E24FB1AFCFC6EB0764782500010002D8,3.0,Yes,tape  measure
1326507,ANCHOR_01,52:06:26:03:01:DA,-80,MFG_4C000215FDA50693A4E24FB1AFCFC6EB0764782500010002D8,3.0,Yes,tape  measure
1327527,ANCHOR_01,52:06:26:03:01:DA,-82,MFG_4C000215FDA50693A4E24FB1AFCFC6EB0764782500010002D8,3.0,Yes,tape  measure
1328517,ANCHOR_01,52:06:26:03:01:DA,-82,MFG_4C000215FDA50693A4E24FB1AFCFC6EB0764782500010002D8,3.0,Yes,tape  measure
1329537,ANCHOR_01,52:06:26:03:01:DA,-91,MFG_4C000215FDA50693A4E24FB1AFCFC6EB0764782500010002D8,3.0,Yes,tape  measure
1330527,ANCHOR_01,52:06:26:03:01:DA,-91,MFG_4C000215FDA50693A4E24FB1AFCFC6EB0764782500010002D8,3.0,Yes,tape  measure
1331547,ANCHOR_01,52:06:26:03:01:DA,-78,MFG_4C000215FDA50693A4E24FB1AFCFC6EB0764782500010002D8,3.0,Yes,tape  measure
1332537,ANCHOR_01,52:06:26:03:01:DA,-79,MFG_4C000215FDA50693A4E24FB1AFCFC6EB0764782500010002D8,3.0,Yes,tape  measure
1333557,ANCHOR_01,52:06:26:03:01:DA,-82,MFG_4C000215FDA50693A4E24FB1AFCFC6EB0764782500010002D8,3.0,Yes,tape  measure
1334547,ANCHOR_01,52:06:26:03:01:DA,-83,MFG_4C000215FDA50693A4E24FB1AFCFC6EB0764782500010002D8,3.0,Yes,tape  measure
1335567,ANCHOR_01,52:06:26:03:01:DA,-94,MFG_4C000215FDA50693A4E24FB1AFCFC6EB0764782500010002D8,3.0,Yes,tape  measure
1336557,ANCHOR_01,52:06:26:03:01:DA,-95,MFG_4C000215FDA50693A4E24FB1AFCFC6EB0764782500010002D8,3.0,Yes,tape  measure
1337577,ANCHOR_01,52:06:26:03:01:DA,-77,MFG_4C000215FDA50693A4E24FB1AFCFC6EB0764782500010002D8,3.0,Yes,tape  measure
1339587,ANCHOR_01,52:06:26:03:01:DA,-82,MFG_4C000215FDA50693A4E24FB1AFCFC6EB0764782500010002D8,3.0,Yes,tape  measure
1341597,ANCHOR_01,52:06:26:03:01:DA,-92,MFG_4C000215FDA50693A4E24FB1AFCFC6EB0764782500010002D8,3.0,Yes,tape  measure
1343607,ANCHOR_01,52:06:26:03:01:DA,-79,MFG_4C000215FDA50693A4E24FB1AFCFC6EB0764782500010002D8,3.0,Yes,tape  measure
1345617,ANCHOR_01,52:06:26:03:01:DA,-85,MFG_4C000215FDA50693A4E24FB1AFCFC6EB0764782500010002D8,3.0,Yes,tape  measure
1347627,ANCHOR_01,52:06:26:03:01:DA,-95,MFG_4C000215FDA50693A4E24FB1AFCFC6EB0764782500010002D8,3.0,Yes,tape  measure
1348647,ANCHOR_01,52:06:26:03:01:DA,-79,MFG_4C000215FDA50693A4E24FB1AFCFC6EB0764782500010002D8,3.0,Yes,tape  measure
